data;horario;n_da_ocorrencia;tipo_de_ocorrencia;km;trecho;sentido;tipo_de_acidente;automovel;bicicleta;caminhao;moto;onibus;outros;tracao_animal;transporte_de_cargas_especiais;trator_maquinas;utilitarios;ilesos;levemente_feridos;moderadamente_feridos;gravemente_feridos;mortos
"30/04/2022";"02:07:00";"45";"Acidente c";"144.2";"BR-116/SP";"Pista Norte";"Capotamento";1;0;0;0;0;0;0;0;0;0;0;0;2;0;0
"30/04/2022";"02:27:00";"47";"Acidente s";"174";"BR-116/RJ";"Pista Norte";"Colisão traseira";1;0;0;0;0;1;0;0;0;0;2;0;0;0;0
"30/04/2022";"02:58:00";"51";"Acidente s";"228";"BR-116/RJ";"Pista Norte";"Choque em objeto fixo";1;0;0;0;0;0;0;0;0;0;1;0;0;0;0
"30/04/2022";"04:00:00";"68";"Acidente s";"297.3";"BR-116/RJ";"Pista Norte";"Abalroamento longitudinal";1;0;1;0;0;0;0;0;0;0;2;0;0;0;0
"30/04/2022";"04:29:00";"72";"Acidente s";"125";"BR-116/SP";"Pista Sul";"Choque em objeto fixo";1;0;0;0;0;0;0;0;0;0;2;0;0;0;0
"30/04/2022";"06:49:00";"122";"Acidente s";"238.4";"BR-116/RJ";"Pista Norte";"Choque em barreira New Jersey";0;0;1;0;0;0;0;0;0;0;1;0;0;0;0
"30/04/2022";"06:56:00";"125";"Acidente c";"161.5";"BR-116/SP";"Pista Norte";"Abalroamento transversal";1;0;0;1;0;0;0;0;0;0;1;0;0;0;1
"30/04/2022";"07:56:00";"157";"Acidente c";"197.1";"BR-116/RJ";"Pista Norte";"Capotamento";1;0;0;0;0;0;0;0;0;0;0;1;0;0;0
"30/04/2022";"08:06:00";"169";"Acidente s";"148.9";"BR-116/SP";"Pista Sul";"Choque em objeto na pista";0;0;1;0;0;0;0;0;0;0;1;0;0;0;0
"30/04/2022";"08:07:00";"172";"Acidente s";"79.3";"BR-116/SP";"Pista Norte";"Abalroamento longitudinal";1;0;1;0;0;0;0;0;0;0;3;0;0;0;0
"30/04/2022";"08:20:00";"179";"Acidente s";"103.1";"BR-116/SP";"Pista Norte";"Colisão traseira";1;0;0;0;0;1;0;0;0;0;6;0;0;0;0
"30/04/2022";"08:53:00";"193";"Acidente s";"223.5";"BR-116/RJ";"Pista Norte";"Colisão traseira";2;0;0;0;0;0;0;0;0;0;2;0;0;0;0
"30/04/2022";"09:09:00";"200";"Acidente s";"226.4";"BR-116/RJ";"Pista Norte";"Capotamento";1;0;0;0;0;0;0;0;0;0;1;0;0;0;0
"30/04/2022";"09:09:00";"201";"Acidente s";"220.15";"BR-116/SP";"Pista Sul";"Engavetamento";2;0;1;0;0;0;0;0;0;0;4;0;0;0;0
"30/04/2022";"09:47:00";"222";"Acidente s";"104.1";"BR-116/SP";"Pista Norte";"Engavetamento";3;0;0;0;0;0;0;0;0;0;11;0;0;0;0
"30/04/2022";"09:53:00";"227";"Acidente s";"150.1";"BR-116/SP";"Pista Sul";"Choque em objeto na pista";1;0;0;0;0;0;0;0;0;0;1;0;0;0;0
"30/04/2022";"10:32:00";"239";"Acidente s";"145.6";"BR-116/SP";"Pista Norte";"Colisão traseira";2;0;0;0;0;0;0;0;0;0;2;0;0;0;0
"30/04/2022";"10:49:00";"248";"Acidente s";"228";"BR-116/RJ";"Pista Norte";"Choque em barreira New Jersey";1;0;0;0;0;0;0;0;0;0;1;0;0;0;0
"30/04/2022";"11:39:00";"274";"Acidente s";"184.6";"BR-116/RJ";"Pista Sul";"Choque em defensa";1;0;0;0;0;0;0;0;0;0;1;0;0;0;0
"30/04/2022";"12:20:00";"296";"Acidente c";"222.6";"BR-116/RJ";"Pista Norte";"Capotamento";0;0;0;0;0;0;0;0;0;1;0;0;0;1;0
"30/04/2022";"12:47:00";"304";"Acidente s";"229.4";"BR-116/RJ";"Pista Sul";"Choque em defensa";1;0;0;0;0;0;0;0;0;0;1;0;0;0;0
"30/04/2022";"01:11:00";"315";"Acidente s";"168.5";"BR-116/RJ";"Pista Norte";"Colisão traseira";2;0;0;0;0;0;0;0;0;0;2;0;0;0;0
"30/04/2022";"01:41:00";"329";"Acidente s";"185.4";"BR-116/RJ";"Pista Norte";"Choque em defensa";1;0;0;0;0;0;0;0;0;0;1;0;0;0;0
"30/04/2022";"02:56:00";"367";"Acidente c";"99.1";"BR-116/SP";"Pista Norte";"Capotamento";1;0;0;0;0;0;0;0;0;0;0;0;1;0;0
"30/04/2022";"03:45:00";"393";"Acidente s";"318";"BR-116/RJ";"Pista Norte";"Choque em defensa";1;0;0;0;0;0;0;0;0;0;1;0;0;0;0
"30/04/2022";"04:11:00";"406";"Acidente s";"0.8";"BR-116/SP";"Pista Norte";"Choque em barreira New Jersey";1;0;0;0;0;0;0;0;0;0;2;0;0;0;0
"30/04/2022";"04:23:00";"414";"Acidente s";"127.3";"BR-116/SP";"Pista Norte";"Choque em barreira New Jersey";0;0;1;0;0;0;0;0;0;0;1;0;0;0;0
"30/04/2022";"04:33:00";"418";"Acidente c";"212.5";"BR-116/SP";"Pista Sul";"Colisão traseira";1;0;0;0;0;1;0;0;0;0;4;2;0;0;0
"30/04/2022";"04:57:00";"424";"Acidente c";"37";"BR-116/SP";"Pista Norte";"Capotamento";3;0;0;0;0;0;0;0;0;0;1;2;2;0;0
"30/04/2022";"05:47:00";"447";"Acidente s";"157.2";"BR-116/SP";"Pista Sul";"Choque em barreira New Jersey";1;0;0;0;0;0;0;0;0;0;1;0;0;0;0
"30/04/2022";"05:48:00";"448";"Acidente s";"328.3";"BR-116/RJ";"Pista Norte";"Choque em objeto fixo";1;0;0;0;0;0;0;0;0;0;1;0;0;0;0
"30/04/2022";"05:50:00";"450";"Acidente s";"261.6";"BR-116/RJ";"Pista Sul";"Colisão traseira";1;0;0;0;0;1;0;0;0;0;2;0;0;0;0
"30/04/2022";"06:31:00";"460";"Acidente c";"229.7";"BR-116/SP";"Pista Sul";"Abalroamento longitudinal";1;0;0;1;0;0;0;0;0;0;1;1;0;1;0
"30/04/2022";"06:51:00";"471";"Acidente c";"252";"BR-116/RJ";"Pista Norte";"Choque em barreira New Jersey";0;0;1;0;0;0;0;0;0;0;2;1;0;0;0
"30/04/2022";"07:18:00";"481";"Acidente s";"252";"BR-116/RJ";"Pista Sul";"Choque em objeto na pista";1;0;0;0;0;0;0;0;0;0;1;0;0;0;0
"30/04/2022";"07:18:00";"479";"Acidente s";"252";"BR-116/RJ";"Pista Sul";"Choque em objeto na pista";1;0;0;0;0;0;0;0;0;0;1;0;0;0;0
"30/04/2022";"07:18:00";"480";"Acidente s";"252";"BR-116/RJ";"Pista Sul";"Choque em objeto na pista";1;0;0;0;0;0;0;0;0;0;1;0;0;0;0
"30/04/2022";"07:24:00";"487";"Acidente s";"228.8";"BR-116/SP";"Pista Sul";"Colisão traseira";2;0;0;0;0;0;0;0;0;0;4;0;0;0;0
"30/04/2022";"07:50:00";"500";"Acidente s";"178.5";"BR-116/RJ";"Pista Norte";"Colisão traseira";2;0;0;0;0;0;0;0;0;0;3;0;0;0;0
"30/04/2022";"08:31:00";"510";"Acidente c";"117";"BR-116/SP";"Pista Norte";"Queda de moto";0;0;0;1;0;0;0;0;0;0;0;2;0;0;0
"30/04/2022";"10:53:00";"546";"Acidente s";"186.3";"BR-116/SP";"Pista Sul";"Choque em barreira New Jersey";1;0;0;0;0;0;0;0;0;0;3;0;0;0;0
"30/04/2022";"11:04:00";"548";"Acidente c";"146";"BR-116/SP";"Pista Norte";"Engavetamento";4;0;0;0;0;0;0;0;0;0;4;0;1;0;0
"30/04/2022";"11:48:00";"560";"Acidente c";"139.8";"BR-116/SP";"Pista Sul";"Choque em barreira New Jersey";1;0;0;0;0;1;0;0;0;0;2;1;0;0;0
"01/05/2022";"01:12:00";"26";"AC02 - Aci";"131.399";"BR-116/SP";"Pista Sul";"Colisão Traseira";2;0;0;0;0;0;0;0;0;0;2;1;0;0;0
"01/05/2022";"04:11:00";"46";"AC01 - Aci";"47.7999";"BR-116/SP";"Pista Sul";"Queda de moto";0;0;0;1;0;0;0;0;0;0;0;0;0;0;1
"01/05/2022";"04:57:00";"56";"AC03 - Aci";"111";"BR-116/SP";"Pista Norte";"Choque em Barreira New Jersey";1;0;0;0;0;0;0;0;0;0;1;0;0;0;0
"01/05/2022";"05:46:00";"61";"AC02 - Aci";"216.25";"BR-116/SP";"Pista Norte";"Colisão Traseira";0;0;0;1;0;1;0;0;0;0;2;1;0;0;0
"01/05/2022";"06:05:00";"66";"AC03 - Aci";"286.799";"BR-116/RJ";"Pista Sul";"Choque em objeto fixo";1;0;0;0;0;0;0;0;0;0;1;0;0;0;0
"01/05/2022";"06:16:00";"68";"AC04 - Atr";"216.25";"BR-116/SP";"Pista Norte";"Atropelamento de Pedestre Atravessando";1;0;0;0;0;1;0;0;0;0;4;1;0;0;0
"01/05/2022";"06:54:00";"75";"AC02 - Aci";"222.130";"BR-116/SP";"Pista Norte";"Colisão Traseira";0;0;0;0;2;0;0;0;0;0;29;2;0;0;0
"01/05/2022";"08:19:00";"111";"AC03 - Aci";"85.6999";"BR-116/SP";"Pista Norte";"Choque em Barreira New Jersey";1;0;0;0;0;0;0;0;0;0;4;0;0;0;0
"01/05/2022";"09:29:00";"140";"AC03 - Aci";"217.5";"BR-116/SP";"Pista Norte";"Abalroamento Longitudinal";1;0;0;0;1;0;0;0;0;0;52;0;0;0;0
"01/05/2022";"11:47:00";"198";"AC03 - Aci";"123.199";"BR-116/SP";"Pista Sul";"Colisão Traseira";1;0;0;0;0;1;0;0;0;0;5;0;0;0;0
"01/05/2022";"03:20:00";"298";"AC02 - Aci";"219";"BR-116/SP";"Pista Sul";"Choque em Defensa";2;0;0;0;0;0;0;0;0;0;0;3;0;0;0
"01/05/2022";"05:32:00";"370";"AC03 - Aci";"135.800";"BR-116/SP";"Pista Sul";"Engavetamento";3;0;0;0;0;0;0;0;0;0;7;0;0;0;0
"01/05/2022";"06:25:00";"388";"AC02 - Aci";"186";"BR-116/SP";"Pista Sul";"Queda de moto";0;0;0;2;0;0;0;0;0;0;3;1;0;0;0
"01/05/2022";"06:41:00";"397";"AC02 - Aci";"64.9000";"BR-116/SP";"Pista Sul";"Engavetamento";0;0;0;2;0;1;0;0;0;0;1;2;0;0;0
"01/05/2022";"07:28:00";"414";"AC03 - Aci";"155";"BR-116/SP";"Pista Sul";"Choque em objeto fixo";1;0;0;0;0;0;0;0;0;0;1;0;0;0;0
"01/05/2022";"08:50:00";"442";"AC03 - Aci";"95.9000";"BR-116/SP";"Pista Sul";"Choque em objeto na pista";1;0;0;0;0;0;0;0;0;0;1;0;0;0;0
"01/05/2022";"09:26:00";"455";"AC04 - Atr";"317.600";"BR-116/RJ";"Pista Sul";"Atropelamento de Pedestre Atravessando";0;0;0;1;0;0;0;0;0;0;0;2;1;0;0
"01/05/2022";"09:32:00";"460";"AC03 - Aci";"96.5999";"BR-116/SP";"Pista Sul";"Choque em objeto na pista";1;0;0;0;0;0;0;0;0;0;3;0;0;0;0
"02/05/2022";"12:28:00";"21";"AC02 - Aci";"220.199";"BR-116/SP";"Pista Norte";"Choque em Barreira New Jersey";1;0;0;0;0;1;0;0;0;0;1;1;0;0;0
"02/05/2022";"12:50:00";"25";"AC04 - Atr";"166.699";"BR-116/SP";"Pista Sul";"Atropelamento de Pedestre Atravessando";1;0;0;0;0;0;0;0;0;0;1;0;0;1;0
"02/05/2022";"02:34:00";"39";"AC02 - Aci";"185";"BR-116/RJ";"Pista Norte";"Queda de moto";0;0;0;1;0;0;0;0;0;0;0;1;0;0;0
"02/05/2022";"03:36:00";"48";"AC02 - Aci";"41.7999";"BR-116/SP";"Pista Sul";"Colisão Traseira";1;0;1;0;0;0;0;0;0;0;1;1;0;0;0
"02/05/2022";"06:08:00";"72";"AC02 - Aci";"212.100";"BR-116/SP";"Pista Sul";"Colisão Traseira";2;0;0;0;0;0;0;0;0;0;7;2;0;0;0
"02/05/2022";"07:41:00";"145";"AC03 - Aci";"222.199";"BR-116/SP";"Pista Norte";"Engavetamento";3;0;1;0;0;0;0;0;0;0;6;0;0;0;0
"02/05/2022";"07:49:00";"148";"AC03 - Aci";"113";"BR-116/SP";"Pista Norte";"Choque em Barreira New Jersey";0;0;1;0;0;0;0;0;0;0;1;0;0;0;0
"02/05/2022";"08:02:00";"167";"AC02 - Aci";"52";"BR-116/SP";"Pista Norte";"Colisão Traseira";0;0;0;1;0;1;0;0;0;0;1;0;1;0;0
"02/05/2022";"08:32:00";"187";"AC02 - Aci";"219.600";"BR-116/SP";"Pista Sul";"Colisão Traseira";0;0;0;1;0;1;0;0;0;0;1;1;0;0;0
"02/05/2022";"09:19:00";"225";"AC03 - Aci";"221.5";"BR-116/SP";"Pista Sul";"Colisão Traseira";1;0;0;0;0;1;0;0;0;0;2;0;0;0;0
"02/05/2022";"10:04:00";"265";"AC02 - Aci";"218.199";"BR-116/RJ";"Pista Norte";"Tombamento";0;0;1;0;0;0;0;0;0;0;0;0;1;0;0
"02/05/2022";"10:40:00";"286";"AC03 - Aci";"229";"BR-116/SP";"Pista Norte";"Abalroamento Longitudinal";1;0;1;0;0;0;0;0;0;0;3;0;0;0;0
"02/05/2022";"11:07:00";"296";"AC02 - Aci";"230";"BR-116/SP";"Pista Norte";"Colisão Traseira";0;0;0;1;0;1;0;0;0;0;1;1;0;0;0
"02/05/2022";"11:15:00";"301";"AC03 - Aci";"113.25";"BR-116/SP";"Pista Norte";"Colisão Traseira";2;0;0;0;0;0;0;0;0;0;3;0;0;0;0
"02/05/2022";"05:48:00";"514";"AC03 - Aci";"160.899";"BR-116/SP";"Pista Norte";"Colisão Traseira";2;0;0;0;0;0;0;0;0;0;2;0;0;0;0
"02/05/2022";"07:04:00";"555";"AC03 - Aci";"144.800";"BR-116/SP";"Pista Sul";"Choque em objeto fixo";1;0;0;0;0;0;0;0;0;0;2;0;0;0;0
"02/05/2022";"08:29:00";"595";"AC03 - Aci";"246.699";"BR-116/RJ";"Pista Norte";"Colisão Traseira";0;0;1;0;0;1;0;0;0;0;2;0;0;0;0
"02/05/2022";"11:05:00";"642";"AC03 - Aci";"225";"BR-116/SP";"Pista Norte";"Queda de moto";0;0;0;1;0;0;0;0;0;0;2;0;0;0;0
"02/05/2022";"11:40:00";"650";"AC03 - Aci";"203";"BR-116/SP";"Pista Sul";"Choque em Barreira New Jersey";1;0;0;0;0;0;0;0;0;0;1;0;0;0;0
"03/05/2022";"12:50:00";"30";"AC03 - Aci";"323.5";"BR-116/RJ";"Pista Norte";"Choque em objeto fixo";0;0;1;0;0;0;0;0;0;0;1;0;0;0;0
"03/05/2022";"03:40:00";"72";"AC03 - Aci";"78";"BR-116/SP";"Pista Norte";"Choque em objeto na pista";0;0;1;0;0;0;0;0;0;0;1;0;0;0;0
"03/05/2022";"05:07:00";"91";"AC03 - Aci";"69";"BR-116/SP";"Pista Norte";"Choque em Defensa";0;0;1;0;0;0;0;0;0;0;1;0;0;0;0
"03/05/2022";"05:21:00";"94";"AC03 - Aci";"237.5";"BR-116/RJ";"Pista Sul";"Atropelamento de Animal";0;0;1;0;0;0;0;0;0;0;1;0;0;0;0
"03/05/2022";"05:34:00";"98";"AC02 - Aci";"179.300";"BR-116/RJ";"Pista Norte";"Abalroamento Longitudinal";1;0;0;1;0;0;0;0;0;0;1;1;0;0;0
"03/05/2022";"06:00:00";"109";"AC03 - Aci";"205.800";"BR-116/SP";"Pista Sul";"Abalroamento Longitudinal";1;0;0;0;0;0;0;0;0;0;1;0;0;0;0
"03/05/2022";"06:48:00";"136";"AC02 - Aci";"144.449";"BR-116/SP";"Pista Norte";"Queda de moto";0;0;0;1;0;0;0;0;0;0;0;1;0;0;0
"03/05/2022";"07:51:00";"195";"AC03 - Aci";"0.89999";"BR-116/SP";"Pista Sul";"Choque em Barreira New Jersey";1;0;0;0;0;0;0;0;0;0;1;0;0;0;0
"03/05/2022";"10:05:00";"304";"AC02 - Aci";"152.800";"BR-116/SP";"Pista Norte";"Capotamento";1;0;0;0;0;0;0;0;0;0;3;1;0;0;0
"03/05/2022";"10:22:00";"319";"AC03 - Aci";"152.850";"BR-116/SP";"Pista Norte";"Colisão Traseira";0;0;2;0;0;0;0;0;0;0;3;0;0;0;0
"03/05/2022";"12:13:00";"386";"AC03 - Aci";"125.800";"BR-116/SP";"Pista Sul";"Abalroamento Longitudinal";1;0;0;0;1;0;0;0;0;0;73;0;0;0;0
"03/05/2022";"12:54:00";"408";"AC02 - Aci";"70";"BR-116/SP";"Pista Sul";"Queda de moto";0;0;0;1;0;0;0;0;0;0;1;1;0;0;0
"03/05/2022";"01:37:00";"434";"AC03 - Aci";"179";"BR-116/RJ";"Pista Norte";"Colisão Traseira";2;0;0;0;0;0;0;0;0;0;2;0;0;0;0
"03/05/2022";"02:02:00";"451";"AC03 - Aci";"90";"BR-116/SP";"Pista Sul";"Choque em Defensa";0;0;1;0;0;0;0;0;0;0;1;0;0;0;0
"03/05/2022";"03:20:00";"498";"AC02 - Aci";"23.3999";"BR-116/SP";"Pista Norte";"Colisão Traseira";0;0;2;0;0;0;0;0;0;0;1;0;1;0;0
"03/05/2022";"03:40:00";"517";"AC03 - Aci";"270.600";"BR-116/RJ";"Pista Sul";"Choque em objeto fixo";0;0;1;0;0;0;0;0;0;0;1;0;0;0;0
"03/05/2022";"03:41:00";"518";"AC03 - Aci";"292";"BR-116/RJ";"Pista Sul";"Colisão Traseira";2;0;0;0;0;0;0;0;0;0;2;0;0;0;0
"03/05/2022";"03:45:00";"524";"AC03 - Aci";"278";"BR-116/RJ";"Pista Sul";"Colisão Traseira";2;0;0;0;0;0;0;0;0;0;2;0;0;0;0
"03/05/2022";"03:56:00";"528";"AC03 - Aci";"86.9499";"BR-116/SP";"Pista Sul";"Engavetamento";2;0;1;0;0;0;0;0;0;0;4;0;0;0;0
"03/05/2022";"03:57:00";"530";"AC03 - Aci";"92.75";"BR-116/SP";"Pista Norte";"Colisão Traseira";1;0;1;0;0;0;0;0;0;0;2;0;0;0;0
"03/05/2022";"04:40:00";"550";"AC03 - Aci";"103.199";"BR-116/SP";"Pista Norte";"Choque em objeto na pista";1;0;0;0;0;0;0;0;0;0;1;0;0;0;0
"03/05/2022";"06:32:00";"617";"AC02 - Aci";"196";"BR-116/SP";"Pista Sul";"Queda de moto";0;0;0;1;0;0;0;0;0;0;0;2;0;0;0
"03/05/2022";"07:17:00";"640";"AC03 - Aci";"148";"BR-116/SP";"Pista Norte";"Colisão Traseira";2;0;0;0;0;0;0;0;0;0;2;0;0;0;0
"03/05/2022";"08:27:00";"659";"AC03 - Aci";"82.1999";"BR-116/SP";"Pista Sul";"Tombamento";1;0;0;0;0;1;0;0;0;0;2;0;0;0;0
"03/05/2022";"11:17:00";"722";"AC03 - Aci";"308";"BR-116/RJ";"Pista Norte";"Choque em objeto na pista";1;0;0;0;0;0;0;0;0;0;3;0;0;0;0
"04/05/2022";"05:47:00";"81";"AC05 - Atr";"140.820";"BR-116/SP";"Pista Sul";"Atropelamento de Pedestre Atravessando";0;0;1;0;0;0;0;0;0;0;1;0;0;0;1
"04/05/2022";"06:28:00";"99";"AC02 - Aci";"205.800";"BR-116/SP";"Pista Sul";"Colisão Traseira";0;0;1;1;0;0;0;0;0;0;1;0;1;0;0
"04/05/2022";"08:13:00";"182";"AC03 - Aci";"319";"BR-116/RJ";"Pista Sul";"Abalroamento Longitudinal";1;0;1;0;0;1;0;0;0;0;4;0;0;0;0
"04/05/2022";"08:31:00";"202";"AC03 - Aci";"27.1200";"BR-116/SP";"Pista Norte";"Choque em Defensa";1;0;0;0;0;0;0;0;0;0;1;0;0;0;0
"04/05/2022";"09:41:00";"263";"AC03 - Aci";"123.5";"BR-116/SP";"Pista Sul";"Abalroamento Longitudinal";1;0;0;0;0;1;0;0;0;0;2;0;0;0;0
"04/05/2022";"01:25:00";"391";"AC03 - Aci";"180.800";"BR-116/SP";"Pista Sul";"Colisão Traseira";1;0;1;0;0;0;0;0;0;0;3;0;0;0;0
"04/05/2022";"02:32:00";"441";"AC03 - Aci";"241.600";"BR-116/RJ";"Pista Norte";"Choque em objeto fixo";0;0;1;0;0;0;0;0;0;0;1;0;0;0;0
"04/05/2022";"02:59:00";"455";"AC02 - Aci";"175.100";"BR-116/RJ";"Pista Sul";"Colisão Traseira";0;0;0;1;0;1;0;0;0;0;2;1;0;0;0
"04/05/2022";"03:42:00";"475";"AC02 - Aci";"223.600";"BR-116/SP";"Pista Sul";"Engavetamento";2;0;0;0;0;1;0;0;0;0;3;3;0;0;0
"04/05/2022";"04:45:00";"505";"AC03 - Aci";"102.900";"BR-116/SP";"Pista Norte";"Colisão Traseira";2;0;0;0;0;0;0;0;0;0;3;0;0;0;0
"04/05/2022";"05:33:00";"522";"AC02 - Aci";"158";"BR-116/SP";"Pista Norte";"Choque em Barreira New Jersey";1;0;0;0;0;0;0;0;0;0;0;1;0;0;0
"04/05/2022";"05:34:00";"525";"AC03 - Aci";"72.25";"BR-116/SP";"Pista Sul";"Colisão Traseira";1;0;0;0;1;0;0;0;0;0;2;0;0;0;0
"04/05/2022";"07:09:00";"575";"AC05 - Atr";"295.799";"BR-116/RJ";"Pista Sul";"Atropelamento de Pedestre Atravessando";0;1;1;0;0;0;0;0;0;0;0;1;0;0;1
"04/05/2022";"07:11:00";"576";"AC03 - Aci";"127.5";"BR-116/SP";"Pista Sul";"Colisão Traseira";1;0;1;0;0;0;0;0;0;0;2;0;0;0;0
"04/05/2022";"09:35:00";"628";"AC02 - Aci";"146";"BR-116/SP";"Pista Sul";"Colisão Traseira";1;0;0;1;0;0;0;0;0;0;1;1;0;0;0
"04/05/2022";"10:32:00";"638";"AC03 - Aci";"37";"BR-116/SP";"Pista Norte";"Choque em objeto na pista";1;0;0;0;0;0;0;0;0;0;1;0;0;0;0
"05/05/2022";"12:28:00";"21";"AC04 - Atr";"179.800";"BR-116/RJ";"Pista Sul";"Atropelamento de Pedestre Atravessando";1;0;0;0;0;0;0;0;0;0;1;0;1;0;0
"05/05/2022";"12:35:00";"23";"AC03 - Aci";"266.399";"BR-116/RJ";"Pista Sul";"Colisão Traseira";2;0;0;0;0;1;0;0;0;0;3;0;0;0;0
"05/05/2022";"04:51:00";"59";"AC02 - Aci";"235.300";"BR-116/RJ";"Pista Norte";"Abalroamento Longitudinal";1;0;1;0;0;0;0;0;0;0;0;3;0;0;0
"05/05/2022";"09:11:00";"230";"AC02 - Aci";"217.600";"BR-116/SP";"Pista Norte";"Colisão Traseira";1;0;0;1;0;0;0;0;0;0;1;1;0;0;0
"05/05/2022";"09:19:00";"240";"AC03 - Aci";"227.699";"BR-116/SP";"Pista Norte";"Choque em objeto na pista";1;0;0;0;0;0;0;0;0;0;1;0;0;0;0
"05/05/2022";"10:09:00";"269";"AC02 - Aci";"220.300";"BR-116/RJ";"Pista Sul";"Abalroamento Longitudinal";0;0;2;0;0;0;0;0;0;0;1;1;0;0;0
"05/05/2022";"12:15:00";"325";"AC02 - Aci";"51.3499";"BR-116/SP";"Pista Norte";"Choque em objeto fixo";1;0;0;0;0;0;0;0;0;0;0;1;0;0;0
"05/05/2022";"03:07:00";"417";"AC03 - Aci";"207.100";"BR-116/RJ";"Pista Norte";"Colisão Traseira";2;0;0;0;0;0;0;0;0;0;2;0;0;0;0
"05/05/2022";"04:45:00";"473";"AC03 - Aci";"3.59999";"BR-116/SP";"Pista Norte";"Choque em objeto fixo";1;0;0;0;0;0;0;0;0;0;1;0;0;0;0
"05/05/2022";"05:18:00";"486";"AC03 - Aci";"155.949";"BR-116/SP";"Pista Norte";"Abalroamento Longitudinal";1;0;1;0;0;0;0;0;0;0;2;0;0;0;0
"05/05/2022";"06:05:00";"515";"AC02 - Aci";"218.5";"BR-116/SP";"Pista Norte";"Abalroamento Longitudinal";0;0;0;1;0;1;0;0;0;0;1;1;0;0;0
"05/05/2022";"06:17:00";"522";"AC02 - Aci";"223.5";"BR-116/SP";"Pista Sul";"Colisão Traseira";1;0;0;1;0;0;0;0;0;0;1;1;0;0;0
"05/05/2022";"06:38:00";"536";"AC03 - Aci";"43";"BR-116/SP";"Pista Sul";"Engavetamento";2;0;1;0;0;0;0;0;0;0;6;0;0;0;0
"05/05/2022";"06:48:00";"545";"AC03 - Aci";"227.679";"BR-116/SP";"Pista Norte";"Engavetamento";1;0;0;0;0;2;0;0;0;0;3;0;0;0;0
"05/05/2022";"11:44:00";"649";"AC02 - Aci";"137.699";"BR-116/SP";"Pista Sul";"Queda de moto";0;0;0;1;0;0;0;0;0;0;1;1;0;0;0
"06/05/2022";"05:53:00";"74";"AC02 - Aci";"208.399";"BR-116/SP";"Pista Sul";"Queda de moto";0;0;0;1;0;0;0;0;0;0;0;0;1;0;0
"06/05/2022";"06:26:00";"86";"AC03 - Aci";"302";"BR-116/RJ";"Pista Norte";"Colisão Traseira";1;0;1;0;0;0;0;0;0;0;5;0;0;0;0
"06/05/2022";"07:33:00";"141";"AC02 - Aci";"225.5";"BR-116/SP";"Pista Sul";"Queda de moto";0;0;0;1;0;0;0;0;0;0;0;0;1;0;0
"06/05/2022";"09:01:00";"231";"AC03 - Aci";"184.899";"BR-116/RJ";"Pista Norte";"Colisão Traseira";1;0;0;0;0;1;0;0;0;0;2;0;0;0;0
"06/05/2022";"10:09:00";"274";"AC03 - Aci";"315.600";"BR-116/RJ";"Pista Sul";"Queda de Carga";0;0;0;1;0;0;0;0;0;0;2;0;0;0;0
"06/05/2022";"10:30:00";"293";"AC03 - Aci";"190.25";"BR-116/RJ";"Pista Sul";"Capotamento";1;0;0;0;0;0;0;0;0;0;1;0;0;0;0
"06/05/2022";"12:25:00";"355";"AC03 - Aci";"280.950";"BR-116/RJ";"Pista Sul";"Colisão Traseira";1;0;1;0;0;0;0;0;0;0;3;0;0;0;0
"06/05/2022";"02:43:00";"423";"AC03 - Aci";"215";"BR-116/RJ";"Pista Sul";"Capotamento";1;0;0;0;0;0;0;0;0;0;1;0;0;0;0
"06/05/2022";"04:08:00";"467";"AC03 - Aci";"108.099";"BR-116/SP";"Pista Norte";"Abalroamento Longitudinal";1;0;1;0;0;0;0;0;0;0;4;0;0;0;0
"06/05/2022";"05:52:00";"514";"AC02 - Aci";"178";"BR-116/RJ";"Pista Sul";"Abalroamento Longitudinal";1;0;0;1;0;0;0;0;0;0;1;1;0;0;0
"06/05/2022";"06:15:00";"534";"AC02 - Aci";"109.949";"BR-116/SP";"Pista Norte";"Abalroamento Longitudinal";1;0;0;1;0;0;0;0;0;0;1;0;1;0;0
"06/05/2022";"06:37:00";"550";"AC02 - Aci";"131.5";"BR-116/SP";"Pista Sul";"Colisão Frontal";0;2;0;0;0;0;0;0;0;0;0;0;1;1;0
"06/05/2022";"06:40:00";"553";"AC02 - Aci";"258.600";"BR-116/RJ";"Pista Norte";"Colisão Traseira";2;0;0;0;0;0;0;0;0;0;2;1;0;0;0
"06/05/2022";"07:04:00";"568";"AC03 - Aci";"52.2999";"BR-116/SP";"Pista Sul";"Abalroamento Longitudinal";0;0;1;0;0;1;0;0;0;0;2;0;0;0;0
"06/05/2022";"07:40:00";"580";"AC02 - Aci";"246.399";"BR-116/RJ";"Pista Sul";"Colisão Traseira";2;0;0;0;0;0;0;0;0;0;4;0;1;0;0
"06/05/2022";"09:04:00";"610";"AC04 - Atr";"64.3000";"BR-116/SP";"Pista Norte";"Atropelamento de Pedestre Atravessando";1;0;0;0;0;0;0;0;0;0;1;0;1;0;0
"06/05/2022";"10:21:00";"636";"AC03 - Aci";"136.699";"BR-116/SP";"Pista Sul";"Colisão Traseira";1;0;0;1;0;0;0;0;0;0;2;0;0;0;0
"06/05/2022";"10:37:00";"640";"AC03 - Aci";"208";"BR-116/SP";"Pista Norte";"Colisão Traseira";1;0;0;0;0;1;0;0;0;0;2;0;0;0;0
"06/05/2022";"11:03:00";"650";"AC03 - Aci";"274.049";"BR-116/RJ";"Pista Norte";"Colisão Traseira";1;0;3;0;0;0;0;0;0;0;4;0;0;0;0
"07/05/2022";"01:10:00";"31";"AC03 - Aci";"224.850";"BR-116/SP";"Pista Sul";"Colisão Traseira";1;0;1;0;0;0;0;0;0;0;2;0;0;0;0