data;horario;n_da_ocorrencia;tipo_de_ocorrencia;km;trecho;sentido;tipo_de_acidente;automovel;bicicleta;caminhao;moto;onibus;outros;tracao_animal;transporte_de_cargas_especiais;trator_maquinas;utilitarios;ilesos;levemente_feridos;moderadamente_feridos;gravemente_feridos;mortos
"14/05/2022";"09:46:00";"471";"AC02 - Aci";"213.350";"BR-116/SP";"Pista Norte";"Colisão Traseira";0;0;0;1;0;2;0;0;0;0;2;0;1;0;0
"14/05/2022";"10:16:00";"476";"AC03 - Aci";"227.300";"BR-116/SP";"Pista Sul";"Colisão Traseira";2;0;0;0;0;0;0;0;0;0;2;0;0;0;0
"14/05/2022";"10:18:00";"478";"AC02 - Aci";"112.800";"BR-116/SP";"Pista Sul";"Choque em objeto fixo";1;0;0;0;0;0;0;0;0;0;0;1;0;0;0
"14/05/2022";"11:05:00";"491";"AC02 - Aci";"274";"BR-116/RJ";"Pista Norte";"Atropelamento de Animal";1;0;0;0;0;0;0;0;0;0;0;0;1;0;0
"14/05/2022";"11:14:00";"494";"AC02 - Aci";"223.300";"BR-116/SP";"Pista Sul";"Choque em objeto fixo";1;0;0;0;0;0;0;0;0;0;0;1;0;0;0
"15/05/2022";"04:46:00";"61";"AC03 - Aci";"305";"BR-116/RJ";"Pista Norte";"Choque em Barreira New Jersey";1;0;0;0;0;0;0;0;0;0;2;0;0;0;0
"15/05/2022";"05:12:00";"68";"AC03 - Aci";"310.799";"BR-116/RJ";"Pista Norte";"Queda de ribanceira";1;0;0;0;0;0;0;0;0;0;1;0;0;0;0
"15/05/2022";"05:13:00";"69";"AC02 - Aci";"245";"BR-116/RJ";"Pista Norte";"Tombamento";0;0;1;0;0;0;0;0;0;0;0;1;0;0;0
"15/05/2022";"07:18:00";"89";"AC03 - Aci";"214.800";"BR-116/SP";"Pista Norte";"Choque em objeto na pista";1;0;0;0;0;0;0;0;0;0;1;0;0;0;0
"15/05/2022";"08:35:00";"113";"AC02 - Aci";"224.199";"BR-116/RJ";"Pista Sul";"Queda de moto";0;0;0;1;0;0;0;0;0;0;0;1;0;0;0
"15/05/2022";"11:50:00";"178";"AC03 - Aci";"230.300";"BR-116/RJ";"Pista Norte";"Outros";1;0;0;0;0;0;0;0;0;0;1;0;0;0;0
"15/05/2022";"12:38:00";"195";"AC03 - Aci";"227.100";"BR-116/RJ";"Pista Norte";"Choque em objeto fixo";1;0;0;0;0;0;0;0;0;0;1;0;0;0;0
"15/05/2022";"02:00:00";"224";"AC03 - Aci";"170.300";"BR-116/SP";"Pista Norte";"Choque em objeto fixo";1;0;0;0;0;0;0;0;0;0;2;0;0;0;0
"15/05/2022";"03:40:00";"266";"AC03 - Aci";"104.699";"BR-116/SP";"Pista Sul";"Engavetamento";3;0;0;0;0;0;0;0;0;0;9;0;0;0;0
"15/05/2022";"05:33:00";"325";"AC03 - Aci";"300.619";"BR-116/RJ";"Pista Norte";"Colisão Traseira";2;0;0;0;0;0;0;0;0;0;5;0;0;0;0
"15/05/2022";"05:40:00";"327";"AC02 - Aci";"218.800";"BR-116/SP";"Pista Sul";"Colisão Traseira";1;0;0;1;0;0;0;0;0;0;3;0;2;0;0
"15/05/2022";"07:55:00";"374";"AC03 - Aci";"207";"BR-116/SP";"Pista Sul";"Colisão Traseira";2;0;0;0;0;0;0;0;0;0;6;0;0;0;0
"15/05/2022";"09:03:00";"397";"AC03 - Aci";"209.100";"BR-116/SP";"Pista Norte";"Choque em objeto fixo";1;0;0;0;0;0;0;0;0;0;2;0;0;0;0
"15/05/2022";"09:23:00";"404";"AC03 - Aci";"219";"BR-116/SP";"Pista Sul";"Outros";1;0;0;0;0;0;0;0;0;0;3;0;0;0;0
"16/05/2022";"05:45:00";"74";"AC02 - Aci";"177.100";"BR-116/RJ";"Pista Norte";"Abalroamento Longitudinal";1;0;0;1;0;0;0;0;0;0;1;1;1;0;0
"16/05/2022";"05:53:00";"77";"AC03 - Aci";"167";"BR-116/RJ";"Pista Norte";"Colisão Traseira";2;0;0;0;0;0;0;0;0;0;2;0;0;0;0
"16/05/2022";"10:05:00";"289";"AC02 - Aci";"227";"BR-116/SP";"Pista Sul";"Colisão Traseira";1;0;0;1;0;0;0;0;0;0;1;1;0;0;0
"16/05/2022";"10:29:00";"297";"AC03 - Aci";"321.299";"BR-116/RJ";"Pista Norte";"Outros";0;0;1;0;0;0;0;0;0;0;1;0;0;0;0
"16/05/2022";"11:19:00";"333";"AC03 - Aci";"183.399";"BR-116/RJ";"Pista Sul";"Atropelamento de Animal";1;0;0;0;0;0;0;0;0;0;1;0;0;0;0
"16/05/2022";"01:02:00";"380";"AC02 - Aci";"273";"BR-116/RJ";"Pista Norte";"Capotamento";1;0;0;0;0;0;0;0;0;0;0;1;0;0;0
"16/05/2022";"01:03:00";"381";"AC03 - Aci";"188";"BR-116/SP";"Pista Norte";"Engavetamento";4;0;0;0;0;0;0;0;0;0;6;0;0;0;0
"16/05/2022";"01:12:00";"386";"AC02 - Aci";"189.800";"BR-116/SP";"Pista Norte";"Abalroamento Longitudinal";0;0;2;0;0;0;0;0;0;0;0;2;0;0;0
"16/05/2022";"02:21:00";"427";"AC03 - Aci";"275.399";"BR-116/RJ";"Pista Sul";"Abalroamento Longitudinal";1;0;0;0;0;1;0;0;0;0;2;0;0;0;0
"16/05/2022";"03:46:00";"468";"AC03 - Aci";"244.199";"BR-116/RJ";"Pista Sul";"Choque em objeto na pista";1;0;0;0;0;0;0;0;0;0;1;0;0;0;0
"16/05/2022";"03:48:00";"469";"AC03 - Aci";"139";"BR-116/SP";"Pista Norte";"Colisão Traseira";2;0;0;0;0;0;0;0;0;0;2;0;0;0;0
"16/05/2022";"05:52:00";"531";"AC02 - Aci";"170.119";"BR-116/RJ";"Pista Norte";"Engavetamento";5;0;0;0;0;0;0;0;0;0;2;3;0;0;0
"16/05/2022";"06:14:00";"548";"AC03 - Aci";"170.119";"BR-116/RJ";"Pista Norte";"Choque em Barreira New Jersey";1;0;0;0;0;0;0;0;0;0;1;0;0;0;0
"16/05/2022";"06:27:00";"560";"AC05 - Atr";"229.559";"BR-116/SP";"Pista Sul";"Atropelamento de Pedestre Caminhando";1;0;0;0;0;0;0;0;0;0;1;0;0;0;1
"16/05/2022";"06:58:00";"587";"AC02 - Aci";"170.899";"BR-116/SP";"Pista Norte";"Queda de moto";0;0;0;1;0;0;0;0;0;0;0;1;0;0;0
"16/05/2022";"07:10:00";"596";"AC05 - Atr";"125.400";"BR-116/SP";"Pista Sul";"Atropelamento de Pedestre Caminhando";1;0;0;0;0;0;0;0;0;0;1;0;0;0;1
"16/05/2022";"07:38:00";"606";"AC02 - Aci";"223.699";"BR-116/SP";"Pista Sul";"Abalroamento Longitudinal";1;0;1;0;0;0;0;0;0;0;1;1;0;0;0
"16/05/2022";"10:04:00";"650";"AC03 - Aci";"130.75";"BR-116/SP";"Pista Sul";"Choque em objeto na pista";1;0;0;0;0;0;0;0;0;0;1;0;0;0;0
"17/05/2022";"12:41:00";"30";"AC03 - Aci";"86.9499";"BR-116/SP";"Pista Sul";"Colisão Traseira";0;0;1;1;0;0;0;0;0;0;3;0;0;0;0
"17/05/2022";"04:47:00";"99";"AC03 - Aci";"233.199";"BR-116/RJ";"Pista Norte";"Choque em objeto na pista";0;0;0;0;1;0;0;0;0;0;1;0;0;0;0
"17/05/2022";"05:06:00";"102";"AC03 - Aci";"148";"BR-116/SP";"Pista Sul";"Atropelamento de Animal";1;0;0;0;0;0;0;0;0;0;3;0;0;0;0
"17/05/2022";"06:04:00";"117";"AC02 - Aci";"210";"BR-116/SP";"Pista Sul";"Colisão Traseira";2;0;0;0;0;0;0;0;0;0;0;2;0;0;0
"17/05/2022";"08:30:00";"235";"AC02 - Aci";"228.800";"BR-116/SP";"Pista Sul";"Abalroamento Transversal";1;0;0;1;0;0;0;0;0;0;1;1;0;0;0
"17/05/2022";"09:14:00";"275";"AC03 - Aci";"238.899";"BR-116/RJ";"Pista Norte";"Choque em Barreira New Jersey";1;0;0;0;0;0;0;0;0;0;1;0;0;0;0
"17/05/2022";"10:07:00";"315";"AC03 - Aci";"107.099";"BR-116/SP";"Pista Norte";"Abalroamento Longitudinal";1;0;1;0;0;0;0;0;0;0;2;0;0;0;0
"17/05/2022";"10:32:00";"329";"AC02 - Aci";"230.5";"BR-116/SP";"Pista Norte";"Abalroamento Longitudinal";1;0;1;0;0;0;0;0;0;0;1;1;0;0;0
"17/05/2022";"10:44:00";"334";"AC02 - Aci";"231";"BR-116/SP";"Pista Norte";"Colisão Traseira";1;0;0;0;1;0;0;0;0;0;47;1;0;0;0
"17/05/2022";"11:18:00";"351";"AC03 - Aci";"124";"BR-116/SP";"Pista Norte";"Engavetamento";0;0;2;0;1;0;0;0;0;0;27;0;0;0;0
"17/05/2022";"11:25:00";"354";"AC03 - Aci";"107.099";"BR-116/SP";"Pista Norte";"Engavetamento";2;0;0;0;0;0;0;0;0;0;6;0;0;0;0
"17/05/2022";"12:22:00";"375";"AC02 - Aci";"224";"BR-116/SP";"Pista Norte";"Colisão Traseira";0;0;0;1;0;0;0;0;0;0;0;0;1;0;0
"17/05/2022";"02:00:00";"418";"AC02 - Aci";"230.199";"BR-116/SP";"Pista Sul";"Queda de moto";1;0;0;1;0;0;0;0;0;0;1;1;0;0;0
"17/05/2022";"04:48:00";"529";"AC03 - Aci";"258.149";"BR-116/RJ";"Pista Norte";"Colisão Traseira";0;0;2;0;0;0;0;0;0;0;2;0;0;0;0
"17/05/2022";"05:16:00";"542";"AC03 - Aci";"186.100";"BR-116/SP";"Pista Norte";"Choque em Barreira New Jersey";1;0;0;0;0;0;0;0;0;0;1;0;0;0;0
"17/05/2022";"06:16:00";"576";"AC02 - Aci";"145.5";"BR-116/SP";"Pista Norte";"Queda de moto";0;0;0;1;0;1;0;0;0;0;1;0;1;0;0
"17/05/2022";"06:47:00";"594";"AC02 - Aci";"228.899";"BR-116/SP";"Pista Norte";"Abalroamento Longitudinal";1;0;0;1;0;0;0;0;0;0;2;1;0;0;0
"17/05/2022";"07:41:00";"627";"AC04 - Atr";"220.149";"BR-116/SP";"Pista Norte";"Atropelamento de Pedestre Caminhando";0;0;1;0;0;0;0;0;0;0;1;0;0;1;0
"17/05/2022";"08:13:00";"641";"AC02 - Aci";"123.800";"BR-116/SP";"Pista Sul";"Queda de moto";0;0;0;1;0;0;0;0;0;0;0;1;0;0;0
"17/05/2022";"09:28:00";"691";"AC03 - Aci";"195.399";"BR-116/RJ";"Pista Norte";"Choque em objeto na pista";1;0;0;0;0;0;0;0;0;0;1;0;0;0;0
"17/05/2022";"09:41:00";"697";"AC02 - Aci";"145.800";"BR-116/SP";"Pista Sul";"Queda de moto";0;0;0;1;0;0;0;0;0;0;0;1;0;0;0
"17/05/2022";"10:14:00";"713";"AC03 - Aci";"201";"BR-116/SP";"Pista Sul";"Capotamento";1;0;0;0;0;0;0;0;0;0;1;0;0;0;0
"17/05/2022";"10:40:00";"721";"AC03 - Aci";"87.9000";"BR-116/SP";"Pista Norte";"Choque em objeto na pista";0;0;1;0;0;0;0;0;0;0;1;0;0;0;0
"17/05/2022";"11:47:00";"749";"AC02 - Aci";"263.399";"BR-116/RJ";"Pista Norte";"Tombamento";0;0;1;0;0;0;0;0;0;0;0;1;0;0;0
"18/05/2022";"05:03:00";"77";"AC03 - Aci";"211.899";"BR-116/SP";"Pista Sul";"Choque em objeto na pista";2;0;0;0;0;0;0;0;0;0;2;0;0;0;0
"18/05/2022";"05:42:00";"92";"AC03 - Aci";"212";"BR-116/SP";"Pista Sul";"Choque em objeto na pista";1;0;0;0;0;0;0;0;0;0;1;0;0;0;0
"18/05/2022";"08:07:00";"182";"AC02 - Aci";"27.7999";"BR-116/SP";"Pista Sul";"Queda de moto";0;0;0;1;0;0;0;0;0;0;0;0;2;0;0
"18/05/2022";"08:12:00";"191";"AC03 - Aci";"110.400";"BR-116/SP";"Pista Norte";"Engavetamento";1;0;1;0;0;1;0;0;0;0;3;0;0;0;0
"18/05/2022";"02:11:00";"416";"AC03 - Aci";"230";"BR-116/SP";"Pista Sul";"Colisão Traseira";0;0;0;1;0;1;0;0;0;0;2;0;0;0;0
"18/05/2022";"04:20:00";"477";"AC03 - Aci";"140.399";"BR-116/SP";"Pista Sul";"Choque em Defensa";1;0;0;0;0;0;0;0;0;0;1;0;0;0;0
"18/05/2022";"05:07:00";"501";"AC03 - Aci";"316";"BR-116/RJ";"Pista Norte";"Colisão Traseira";1;0;1;0;0;0;0;0;0;0;2;0;0;0;0
"18/05/2022";"06:26:00";"556";"AC02 - Aci";"166.800";"BR-116/RJ";"Pista Sul";"Abalroamento Longitudinal";1;0;0;1;0;0;0;0;0;0;4;1;0;0;0
"18/05/2022";"06:27:00";"558";"AC03 - Aci";"228.5";"BR-116/SP";"Pista Norte";"Engavetamento";6;0;0;0;0;0;0;0;0;0;8;0;0;0;0
"18/05/2022";"10:00:00";"671";"AC02 - Aci";"50.4000";"BR-116/SP";"Pista Norte";"Colisão Traseira";1;0;1;0;0;1;0;0;0;0;2;1;0;0;0
"19/05/2022";"12:11:00";"17";"AC03 - Aci";"111.949";"BR-116/SP";"Pista Norte";"Colisão Traseira";0;0;2;0;0;0;0;0;0;0;2;0;0;0;0
"19/05/2022";"01:05:00";"27";"AC03 - Aci";"196";"BR-116/RJ";"Pista Sul";"Choque em objeto fixo";1;0;0;0;0;0;0;0;0;0;1;0;0;0;0
"19/05/2022";"06:38:00";"88";"AC03 - Aci";"160.100";"BR-116/SP";"Pista Norte";"Abalroamento Longitudinal";1;0;1;0;0;0;0;0;0;0;2;0;0;0;0
"19/05/2022";"07:10:00";"114";"AC02 - Aci";"58";"BR-116/SP";"Pista Norte";"Queda de moto";0;0;0;1;0;0;0;0;0;0;0;1;0;0;0
"19/05/2022";"07:16:00";"121";"AC03 - Aci";"242.559";"BR-116/RJ";"Pista Norte";"Choque em Defensa";1;0;0;0;0;0;0;0;0;0;1;0;0;0;0
"19/05/2022";"08:14:00";"185";"AC03 - Aci";"318.899";"BR-116/RJ";"Pista Norte";"Colisão Traseira";1;0;0;0;0;1;0;0;0;0;2;0;0;0;0
"19/05/2022";"08:58:00";"225";"AC02 - Aci";"223.899";"BR-116/RJ";"Pista Norte";"Choque Talude";0;0;1;0;0;0;0;0;0;0;0;2;0;0;0
"19/05/2022";"11:32:00";"324";"AC02 - Aci";"211.550";"BR-116/SP";"Pista Sul";"Abalroamento Longitudinal";0;0;0;1;0;1;0;0;0;0;1;1;0;0;0
"19/05/2022";"11:48:00";"335";"AC02 - Aci";"213";"BR-116/SP";"Pista Sul";"Queda de moto";0;0;0;1;0;0;0;0;0;0;0;1;0;0;0
"19/05/2022";"12:40:00";"356";"AC03 - Aci";"231";"BR-116/SP";"Pista Norte";"Abalroamento Longitudinal";1;0;1;0;0;0;0;0;0;0;3;0;0;0;0
"19/05/2022";"02:55:00";"426";"AC03 - Aci";"148.300";"BR-116/SP";"Pista Norte";"Choque em Barreira New Jersey";1;0;0;0;0;0;0;0;0;0;2;0;0;0;0
"19/05/2022";"05:08:00";"493";"AC03 - Aci";"304.600";"BR-116/RJ";"Pista Sul";"Choque em objeto na pista";1;0;0;0;0;0;0;0;0;0;3;0;0;0;0
"19/05/2022";"05:41:00";"518";"AC02 - Aci";"154.899";"BR-116/SP";"Pista Norte";"Queda de moto";0;0;0;1;0;0;0;0;0;0;0;1;0;0;0
"19/05/2022";"05:46:00";"521";"AC03 - Aci";"224.5";"BR-116/SP";"Pista Norte";"Colisão Traseira";2;0;0;0;0;0;0;0;0;0;3;0;0;0;0
"19/05/2022";"05:54:00";"531";"AC03 - Aci";"47.6500";"BR-116/SP";"Pista Sul";"Choque em objeto na pista";1;0;1;0;0;0;0;0;0;0;9;0;0;0;0
"19/05/2022";"06:13:00";"554";"AC03 - Aci";"156.899";"BR-116/SP";"Pista Sul";"Colisão Traseira";2;0;0;0;0;0;0;0;0;0;2;0;0;0;0
"19/05/2022";"06:30:00";"563";"AC02 - Aci";"218.100";"BR-116/SP";"Pista Sul";"Engavetamento";3;0;0;0;0;0;0;0;0;0;1;2;0;0;0
"19/05/2022";"07:08:00";"587";"AC03 - Aci";"157";"BR-116/SP";"Pista Norte";"Colisão Traseira";1;0;1;0;0;0;0;0;0;0;2;0;0;0;0
"19/05/2022";"07:49:00";"604";"AC02 - Aci";"148.699";"BR-116/SP";"Pista Norte";"Engavetamento";1;0;2;0;0;0;0;0;0;0;2;0;0;1;0
"19/05/2022";"07:53:00";"605";"AC03 - Aci";"225.600";"BR-116/SP";"Pista Sul";"Colisão Traseira";1;0;0;1;0;0;0;0;0;0;2;0;0;0;0
"19/05/2022";"08:45:00";"620";"AC03 - Aci";"288.600";"BR-116/RJ";"Pista Norte";"Choque em objeto na pista";1;0;0;0;0;0;0;0;0;0;1;0;0;0;0
"20/05/2022";"12:24:00";"19";"AC03 - Aci";"139";"BR-116/SP";"Pista Norte";"Atropelamento de Animal";2;0;1;0;1;0;0;0;0;0;4;0;0;0;0
"20/05/2022";"06:44:00";"99";"AC03 - Aci";"149";"BR-116/SP";"Pista Sul";"Colisão Traseira";1;0;0;0;0;0;0;0;0;0;1;0;0;0;0
"20/05/2022";"07:00:00";"118";"AC03 - Aci";"111.650";"BR-116/SP";"Pista Norte";"Engavetamento";5;0;0;0;0;0;0;0;0;0;8;0;0;0;0
"20/05/2022";"07:55:00";"168";"AC02 - Aci";"148.149";"BR-116/SP";"Pista Norte";"Colisão Traseira";1;0;0;1;0;0;0;0;0;0;1;1;0;0;0
"20/05/2022";"08:08:00";"172";"AC03 - Aci";"112.900";"BR-116/SP";"Pista Norte";"Colisão Traseira";1;0;0;0;0;1;0;0;0;0;2;0;0;0;0
"20/05/2022";"09:09:00";"210";"AC03 - Aci";"117.5";"BR-116/SP";"Pista Norte";"Colisão Traseira";2;0;0;0;0;0;0;0;0;0;2;0;0;0;0
"20/05/2022";"09:09:00";"211";"AC03 - Aci";"222.100";"BR-116/SP";"Pista Norte";"Engavetamento";2;0;0;0;0;1;0;0;0;0;3;0;0;0;0
"20/05/2022";"09:22:00";"220";"AC03 - Aci";"118.400";"BR-116/SP";"Pista Norte";"Colisão Traseira";0;0;1;1;0;0;0;0;0;0;2;0;0;0;0
"20/05/2022";"09:36:00";"233";"AC03 - Aci";"116.300";"BR-116/SP";"Pista Norte";"Engavetamento";1;0;2;0;0;0;0;0;0;0;3;0;0;0;0
"20/05/2022";"09:45:00";"242";"AC02 - Aci";"106.849";"BR-116/SP";"Pista Sul";"Queda de moto";0;0;0;1;0;0;0;0;0;0;0;1;0;0;0
"20/05/2022";"11:40:00";"326";"AC02 - Aci";"153.300";"BR-116/SP";"Pista Norte";"Queda de moto";0;0;0;1;0;0;0;0;0;0;0;1;0;0;0
"20/05/2022";"11:51:00";"336";"AC03 - Aci";"153.300";"BR-116/SP";"Pista Norte";"Colisão Traseira";2;0;0;0;0;0;0;0;0;0;2;0;0;0;0
"20/05/2022";"03:23:00";"438";"AC02 - Aci";"315.799";"BR-116/RJ";"Pista Norte";"Abalroamento Longitudinal";2;0;0;0;0;0;0;0;0;0;1;1;0;0;0
"20/05/2022";"03:27:00";"443";"AC03 - Aci";"286";"BR-116/RJ";"Pista Norte";"Engavetamento";1;0;0;0;0;2;0;0;0;0;3;0;0;0;0
"20/05/2022";"03:44:00";"452";"AC02 - Aci";"230.600";"BR-116/SP";"Pista Sul";"Abalroamento Longitudinal";1;0;0;1;0;0;0;0;0;0;1;1;0;0;0
"20/05/2022";"04:37:00";"485";"AC03 - Aci";"269.299";"BR-116/RJ";"Pista Norte";"Colisão Traseira";2;0;0;0;0;0;0;0;0;0;6;0;0;0;0
"20/05/2022";"04:39:00";"487";"AC02 - Aci";"155.699";"BR-116/SP";"Pista Sul";"Colisão Traseira";1;0;0;1;0;0;0;0;0;0;1;1;0;0;0
"20/05/2022";"04:49:00";"493";"AC01 - Aci";"204.494";"BR-116/RJ";"Pista Norte";"Abalroamento Longitudinal";1;0;0;1;0;0;0;0;0;0;1;0;1;0;1
"20/05/2022";"06:05:00";"539";"AC03 - Aci";"267.75";"BR-116/RJ";"Pista Norte";"Colisão Traseira";2;0;0;0;0;0;0;0;0;0;2;0;0;0;0
"20/05/2022";"07:11:00";"563";"AC03 - Aci";"203";"BR-116/SP";"Pista Norte";"Colisão Traseira";0;0;2;0;0;0;0;0;0;0;2;0;0;0;0
"20/05/2022";"08:46:00";"605";"AC03 - Aci";"41.5";"BR-116/SP";"Pista Sul";"Queda de ribanceira";1;0;0;0;0;0;0;0;0;0;1;0;0;0;0
"20/05/2022";"09:04:00";"612";"AC02 - Aci";"176.199";"BR-116/RJ";"Pista Sul";"Abalroamento Longitudinal";2;0;0;0;0;0;0;0;0;0;2;1;0;0;0
"20/05/2022";"09:48:00";"625";"AC03 - Aci";"105.5";"BR-116/SP";"Pista Sul";"Colisão Traseira";2;0;0;0;0;0;0;0;0;0;6;0;0;0;0
"20/05/2022";"10:29:00";"637";"AC03 - Aci";"152";"BR-116/SP";"Pista Norte";"Engavetamento";3;0;0;0;0;0;0;0;0;0;3;0;0;0;0
"21/05/2022";"02:11:00";"51";"AC05 - Atr";"134.600";"BR-116/SP";"Pista Norte";"Atropelamento de Pedestre Atravessando";0;1;0;0;0;1;0;0;0;0;1;0;0;0;1
"21/05/2022";"03:33:00";"64";"AC02 - Aci";"142.649";"BR-116/SP";"Pista Norte";"Engavetamento";4;0;0;0;0;0;0;0;0;0;2;1;2;0;0
"21/05/2022";"03:57:00";"68";"AC03 - Aci";"88.9000";"BR-116/SP";"Pista Norte";"Atropelamento de Animal";1;0;0;0;0;0;0;0;0;0;1;0;0;0;0
"21/05/2022";"04:35:00";"76";"AC03 - Aci";"76.1999";"BR-116/SP";"Pista Sul";"Choque em Barreira New Jersey";1;0;0;0;0;0;0;0;0;0;2;0;0;0;0
"21/05/2022";"09:51:00";"196";"AC03 - Aci";"223";"BR-116/SP";"Pista Norte";"Abalroamento Longitudinal";1;0;1;0;0;0;0;0;0;0;2;0;0;0;0
"21/05/2022";"10:13:00";"204";"AC02 - Aci";"157.300";"BR-116/SP";"Pista Norte";"Colisão Traseira";1;0;0;1;0;0;0;0;0;0;1;1;0;0;0
"21/05/2022";"10:18:00";"208";"AC02 - Aci";"180.699";"BR-116/RJ";"Pista Norte";"Abalroamento Longitudinal";1;0;0;1;0;0;0;0;0;0;2;1;0;0;0
"21/05/2022";"10:41:00";"220";"AC03 - Aci";"108.199";"BR-116/SP";"Pista Norte";"Choque em objeto na pista";1;0;0;0;0;0;0;0;0;0;1;0;0;0;0
"21/05/2022";"11:08:00";"228";"AC02 - Aci";"216.800";"BR-116/SP";"Pista Sul";"Tombamento";0;0;1;0;0;0;0;0;0;0;0;1;0;0;0
"21/05/2022";"12:24:00";"255";"AC03 - Aci";"142.199";"BR-116/SP";"Pista Norte";"Colisão Traseira";2;0;0;0;0;0;0;0;0;0;2;0;0;0;0
"21/05/2022";"01:00:00";"270";"AC03 - Aci";"216.199";"BR-116/SP";"Pista Sul";"Colisão Traseira";2;0;0;0;0;0;0;0;0;0;9;0;0;0;0
"21/05/2022";"01:05:00";"275";"AC03 - Aci";"330.899";"BR-116/RJ";"Pista Norte";"Choque em objeto fixo";1;0;0;0;0;0;0;0;0;0;3;0;0;0;0
"21/05/2022";"04:47:00";"388";"AC03 - Aci";"197.5";"BR-116/SP";"Pista Sul";"Abalroamento Longitudinal";2;0;0;0;0;0;0;0;0;0;2;0;0;0;0
"21/05/2022";"07:32:00";"469";"AC03 - Aci";"179.75";"BR-116/RJ";"Pista Norte";"Engavetamento";2;0;0;0;0;2;0;0;0;0;4;0;0;0;0
"21/05/2022";"08:17:00";"489";"AC02 - Aci";"183.600";"BR-116/RJ";"Pista Sul";"Colisão Frontal";0;1;0;1;0;0;0;0;0;0;0;0;0;2;0
"21/05/2022";"10:23:00";"532";"AC03 - Aci";"61.7999";"BR-116/SP";"Pista Sul";"Colisão Traseira";2;0;0;0;0;0;0;0;0;0;3;0;0;0;0
"21/05/2022";"10:25:00";"533";"AC03 - Aci";"216.199";"BR-116/SP";"Pista Sul";"Engavetamento";3;0;0;0;1;0;0;0;0;0;8;0;0;0;0
"22/05/2022";"12:22:00";"20";"AC03 - Aci";"165.199";"BR-116/SP";"Pista Norte";"Choque em objeto na pista";1;0;0;0;0;0;0;0;0;0;2;0;0;0;0
"22/05/2022";"01:38:00";"34";"AC02 - Aci";"212.699";"BR-116/SP";"Pista Sul";"Capotamento";1;0;0;0;0;0;0;0;0;0;1;1;0;0;0
"22/05/2022";"02:25:00";"42";"AC02 - Aci";"218.399";"BR-116/SP";"Pista Sul";"Colisão Traseira";1;0;0;0;0;1;0;0;0;0;1;1;0;0;0
"22/05/2022";"03:27:00";"54";"AC02 - Aci";"215.25";"BR-116/SP";"Pista Norte";"Engavetamento";2;0;0;1;0;0;0;0;0;0;2;0;1;0;0
"22/05/2022";"05:25:00";"71";"AC01 - Aci";"214.550";"BR-116/SP";"Pista Norte";"Abalroamento Longitudinal";1;0;0;1;0;0;0;0;0;0;3;0;0;0;1
"22/05/2022";"05:38:00";"74";"AC03 - Aci";"212.300";"BR-116/SP";"Pista Sul";"Choque em Barreira New Jersey";1;0;0;0;0;0;0;0;0;0;1;0;0;0;0
"22/05/2022";"07:20:00";"111";"AC02 - Aci";"148.5";"BR-116/SP";"Pista Norte";"Colisão Traseira";1;0;0;1;0;0;0;0;0;0;4;0;0;1;0
"22/05/2022";"10:28:00";"178";"AC02 - Aci";"264.799";"BR-116/RJ";"Pista Sul";"Queda de moto";0;0;0;1;0;0;0;0;0;0;0;1;0;0;0
"22/05/2022";"12:54:00";"246";"AC02 - Aci";"226.699";"BR-116/RJ";"Pista Norte";"Queda de moto";0;0;0;1;0;0;0;0;0;0;0;0;1;0;0
"22/05/2022";"01:45:00";"264";"AC03 - Aci";"237";"BR-116/RJ";"Pista Sul";"Choque em objeto fixo";0;0;1;0;0;0;0;0;0;0;1;0;0;0;0
"22/05/2022";"03:08:00";"296";"AC04 - Atr";"206.300";"BR-116/SP";"Pista Norte";"Atropelamento de Pedestre Atravessando";1;1;0;0;0;0;0;0;0;0;1;0;1;0;0
"22/05/2022";"05:52:00";"384";"AC03 - Aci";"72.6999";"BR-116/SP";"Pista Sul";"Choque em Barreira New Jersey";1;0;0;0;0;0;0;0;0;0;1;0;0;0;0
"22/05/2022";"07:02:00";"420";"AC03 - Aci";"137.899";"BR-116/SP";"Pista Sul";"Colisão Traseira";2;0;0;0;0;0;0;0;0;0;6;0;0;0;0
"22/05/2022";"07:40:00";"445";"AC03 - Aci";"199.300";"BR-116/SP";"Pista Sul";"Engavetamento";2;0;0;0;0;1;0;0;0;0;7;0;0;0;0
"22/05/2022";"09:53:00";"491";"AC03 - Aci";"309.100";"BR-116/RJ";"Pista Norte";"Atropelamento de Animal";0;0;1;0;0;0;0;0;0;0;1;0;0;0;0
"22/05/2022";"11:27:00";"522";"AC03 - Aci";"265.799";"BR-116/RJ";"Pista Norte";"Choque em objeto fixo";1;0;0;0;0;0;0;0;0;0;1;0;0;0;0
"23/05/2022";"01:18:00";"36";"AC03 - Aci";"278.100";"BR-116/RJ";"Pista Norte";"Colisão Traseira";0;0;2;0;0;0;0;0;0;0;2;0;0;0;0
"23/05/2022";"04:56:00";"115";"AC03 - Aci";"210.850";"BR-116/SP";"Pista Norte";"Choque em Barreira New Jersey";1;0;0;0;0;0;0;0;0;0;1;0;0;0;0
"23/05/2022";"05:37:00";"125";"AC02 - Aci";"17.2000";"BR-116/SP";"Pista Sul";"Choque em objeto fixo";0;0;1;0;0;0;0;0;0;0;0;1;1;0;0
"23/05/2022";"06:32:00";"135";"AC03 - Aci";"182.199";"BR-116/SP";"Pista Norte";"Abalroamento Longitudinal";1;0;1;0;0;0;0;0;0;0;2;0;0;0;0
"23/05/2022";"06:34:00";"137";"AC02 - Aci";"229.25";"BR-116/SP";"Pista Sul";"Colisão Traseira";0;0;0;2;0;0;0;0;0;0;1;0;1;0;0
"23/05/2022";"07:05:00";"159";"AC02 - Aci";"167.800";"BR-116/RJ";"Pista Norte";"Engavetamento";3;0;1;0;0;0;0;0;0;0;16;4;0;0;0