data;horario;n_da_ocorrencia;tipo_de_ocorrencia;km;trecho;sentido;tipo_de_acidente;automovel;bicicleta;caminhao;moto;onibus;outros;tracao_animal;transporte_de_cargas_especiais;trator_maquinas;utilitarios;ilesos;levemente_feridos;moderadamente_feridos;gravemente_feridos;mortos
"23/05/2022";"07:38:00";"192";"AC02 - Aci";"145.199";"BR-116/SP";"Pista Sul";"Queda de moto";0;0;0;1;0;0;0;0;0;0;0;1;0;0;0
"23/05/2022";"09:11:00";"272";"AC03 - Aci";"165";"BR-116/RJ";"Pista Norte";"Colisão Traseira";1;0;0;0;0;1;0;0;0;0;2;0;0;0;0
"23/05/2022";"01:24:00";"419";"AC02 - Aci";"298.899";"BR-116/RJ";"Pista Norte";"Engavetamento";3;0;0;0;0;0;0;0;0;0;8;1;0;0;0
"23/05/2022";"01:33:00";"425";"AC03 - Aci";"121.199";"BR-116/SP";"Pista Norte";"Choque em objeto na pista";1;0;0;0;0;0;0;0;0;0;1;0;0;0;0
"23/05/2022";"02:04:00";"436";"AC03 - Aci";"16.8999";"BR-116/SP";"Pista Sul";"Abalroamento Longitudinal";1;0;1;0;0;0;0;0;0;0;2;0;0;0;0
"23/05/2022";"02:09:00";"444";"AC03 - Aci";"230.600";"BR-116/SP";"Pista Sul";"Abalroamento Longitudinal";1;0;1;0;0;0;0;0;0;0;4;0;0;0;0
"23/05/2022";"03:38:00";"493";"AC02 - Aci";"267";"BR-116/RJ";"Pista Sul";"Capotamento";1;0;0;0;0;0;0;0;0;0;0;1;1;0;0
"23/05/2022";"03:52:00";"500";"AC02 - Aci";"222.399";"BR-116/SP";"Pista Norte";"Colisão Traseira";1;0;0;1;0;0;0;0;0;0;1;1;0;0;0
"23/05/2022";"03:55:00";"502";"AC02 - Aci";"220.350";"BR-116/SP";"Pista Norte";"Abalroamento Longitudinal";1;0;0;1;0;0;0;0;0;0;1;1;0;0;0
"23/05/2022";"04:28:00";"520";"AC02 - Aci";"167.300";"BR-116/RJ";"Pista Sul";"Queda de moto";0;0;0;1;0;1;0;0;0;0;1;1;0;0;0
"23/05/2022";"05:19:00";"550";"AC02 - Aci";"261.5";"BR-116/RJ";"Pista Sul";"Abalroamento Longitudinal";1;0;0;0;0;1;0;0;0;0;2;3;1;0;0
"23/05/2022";"05:30:00";"555";"AC03 - Aci";"165.699";"BR-116/RJ";"Pista Sul";"Colisão Traseira";1;0;0;1;0;0;0;0;0;0;4;0;0;0;0
"23/05/2022";"09:16:00";"653";"AC03 - Aci";"173.199";"BR-116/RJ";"Pista Norte";"Choque em Barreira New Jersey";1;0;0;0;0;0;0;0;0;0;1;0;0;0;0
"23/05/2022";"11:50:00";"700";"AC03 - Aci";"217.699";"BR-116/SP";"Pista Norte";"Engavetamento";3;0;0;0;0;0;0;0;0;0;3;0;0;0;0
"23/05/2022";"11:52:00";"703";"AC03 - Aci";"223.899";"BR-116/SP";"Pista Norte";"Capotamento";1;0;0;0;0;0;0;0;0;0;1;0;0;0;0
"24/05/2022";"05:37:00";"68";"AC03 - Aci";"227.699";"BR-116/SP";"Pista Sul";"Colisão Traseira";2;0;0;0;0;0;0;0;0;0;2;0;0;0;0
"24/05/2022";"09:01:00";"188";"AC02 - Aci";"231.300";"BR-116/SP";"Pista Sul";"Colisão Traseira";1;0;0;1;0;0;0;0;0;0;1;2;0;0;0
"24/05/2022";"10:05:00";"238";"AC03 - Aci";"176.199";"BR-116/RJ";"Pista Sul";"Colisão Traseira";1;0;1;0;0;0;0;0;0;0;2;0;0;0;0
"24/05/2022";"10:05:00";"237";"AC03 - Aci";"131.800";"BR-116/SP";"Pista Sul";"Colisão Traseira";0;0;2;0;0;0;0;0;0;0;2;0;0;0;0
"24/05/2022";"10:10:00";"241";"AC02 - Aci";"184.100";"BR-116/RJ";"Pista Sul";"Colisão Traseira";0;0;1;1;0;0;0;0;0;0;2;1;0;0;0
"24/05/2022";"10:49:00";"263";"AC02 - Aci";"228.300";"BR-116/SP";"Pista Sul";"Abalroamento Longitudinal";2;0;0;0;0;0;0;0;0;0;1;2;0;0;0
"24/05/2022";"11:15:00";"274";"AC02 - Aci";"220.300";"BR-116/SP";"Pista Sul";"Queda de moto";0;0;0;1;0;0;0;0;0;0;0;2;0;0;0
"24/05/2022";"11:19:00";"278";"AC02 - Aci";"312.799";"BR-116/RJ";"Pista Norte";"Capotamento";1;0;0;0;0;0;0;0;0;0;0;0;1;0;0
"24/05/2022";"11:26:00";"281";"AC02 - Aci";"227.800";"BR-116/SP";"Pista Sul";"Abalroamento Longitudinal";1;0;0;1;0;0;0;0;0;0;2;1;0;0;0
"24/05/2022";"01:49:00";"359";"AC03 - Aci";"248.899";"BR-116/RJ";"Pista Sul";"Choque em objeto fixo";0;0;1;0;0;0;0;0;0;0;1;0;0;0;0
"24/05/2022";"01:56:00";"366";"AC02 - Aci";"34";"BR-116/SP";"Pista Norte";"Queda de moto";0;0;0;1;0;0;0;0;0;0;0;1;0;0;0
"24/05/2022";"04:40:00";"448";"AC02 - Aci";"193.100";"BR-116/RJ";"Pista Sul";"Colisão Traseira";1;0;1;0;0;0;0;0;0;0;1;0;1;0;0
"24/05/2022";"06:44:00";"521";"AC02 - Aci";"230";"BR-116/SP";"Pista Norte";"Engavetamento";1;0;0;1;0;1;0;0;0;0;2;1;0;0;0
"24/05/2022";"07:23:00";"535";"AC03 - Aci";"214";"BR-116/SP";"Pista Sul";"Choque em Barreira New Jersey";1;0;0;0;0;0;0;0;0;0;1;0;0;0;0
"24/05/2022";"07:25:00";"536";"AC02 - Aci";"230";"BR-116/SP";"Pista Norte";"Engavetamento";2;0;0;1;0;0;0;0;0;0;2;1;0;0;0
"24/05/2022";"08:26:00";"555";"AC03 - Aci";"213";"BR-116/SP";"Pista Sul";"Engavetamento";1;0;0;0;0;2;0;0;0;0;3;0;0;0;0
"24/05/2022";"11:34:00";"592";"AC03 - Aci";"126";"BR-116/SP";"Pista Sul";"Colisão Traseira";0;0;2;0;0;0;0;0;0;0;2;0;0;0;0
"25/05/2022";"02:31:00";"42";"AC03 - Aci";"105.800";"BR-116/SP";"Pista Sul";"Choque em objeto na pista";0;0;1;0;0;0;0;0;0;0;1;0;0;0;0
"25/05/2022";"05:51:00";"78";"AC03 - Aci";"212.199";"BR-116/SP";"Pista Sul";"Abalroamento Longitudinal";1;0;0;1;0;0;0;0;0;0;2;0;0;0;0
"25/05/2022";"07:15:00";"129";"AC03 - Aci";"65.0500";"BR-116/SP";"Pista Sul";"Engavetamento";2;0;1;0;0;0;0;0;0;0;3;0;0;0;0
"25/05/2022";"08:01:00";"169";"AC03 - Aci";"209.800";"BR-116/SP";"Pista Norte";"Abalroamento Longitudinal";1;0;1;0;0;0;0;0;0;0;2;0;0;0;0
"25/05/2022";"08:17:00";"177";"AC03 - Aci";"157.100";"BR-116/SP";"Pista Norte";"Colisão Traseira";1;0;0;1;0;0;0;0;0;0;3;0;0;0;0
"25/05/2022";"12:10:00";"340";"AC02 - Aci";"236.649";"BR-116/RJ";"Pista Norte";"Abalroamento Longitudinal";0;0;1;1;0;0;0;0;0;0;1;1;0;0;0
"25/05/2022";"02:04:00";"398";"AC02 - Aci";"210.050";"BR-116/SP";"Pista Sul";"Abalroamento Longitudinal";1;0;0;1;0;0;0;0;0;0;1;1;0;0;0
"25/05/2022";"04:45:00";"481";"AC03 - Aci";"166.300";"BR-116/RJ";"Pista Norte";"Colisão Traseira";1;0;0;0;0;1;0;0;0;0;2;0;0;0;0
"25/05/2022";"04:50:00";"484";"AC02 - Aci";"223.699";"BR-116/RJ";"Pista Norte";"Tombamento";0;0;1;0;0;0;0;0;0;0;0;2;0;0;0
"25/05/2022";"05:32:00";"512";"AC02 - Aci";"209.300";"BR-116/SP";"Pista Sul";"Abalroamento Longitudinal";1;0;0;1;0;0;0;0;0;0;1;1;0;0;0
"25/05/2022";"05:43:00";"515";"AC03 - Aci";"126.5";"BR-116/SP";"Pista Sul";"Queda de moto";0;0;0;1;0;0;0;0;0;0;1;0;0;0;0
"25/05/2022";"06:30:00";"550";"AC02 - Aci";"108.900";"BR-116/SP";"Pista Norte";"Abalroamento Longitudinal";0;0;0;1;0;1;0;0;0;0;1;1;0;0;0
"25/05/2022";"07:12:00";"573";"AC03 - Aci";"231.399";"BR-116/SP";"Pista Norte";"Colisão Traseira";1;0;0;0;0;1;0;0;0;0;2;0;0;0;0
"25/05/2022";"08:28:00";"615";"AC03 - Aci";"147.5";"BR-116/SP";"Pista Sul";"Choque em objeto fixo";1;0;0;0;0;0;0;0;0;0;1;0;0;0;0
"25/05/2022";"10:01:00";"654";"AC03 - Aci";"204.100";"BR-116/RJ";"Pista Norte";"Choque em objeto na pista";0;0;0;1;0;0;0;0;0;0;1;0;0;0;0
"26/05/2022";"01:11:00";"40";"AC03 - Aci";"165.199";"BR-116/SP";"Pista Sul";"Colisão Traseira";2;0;0;0;0;0;0;0;0;0;5;0;0;0;0
"26/05/2022";"05:59:00";"111";"AC03 - Aci";"160.899";"BR-116/SP";"Pista Norte";"Choque em objeto na pista";1;0;0;0;0;0;0;0;0;0;3;0;0;0;0
"26/05/2022";"06:03:00";"115";"AC02 - Aci";"169.399";"BR-116/RJ";"Pista Norte";"Abalroamento Longitudinal";1;0;0;1;0;0;0;0;0;0;1;1;0;0;0
"26/05/2022";"06:20:00";"127";"AC03 - Aci";"269.899";"BR-116/RJ";"Pista Norte";"Choque em Barreira New Jersey";1;0;0;0;0;0;0;0;0;0;1;0;0;0;0
"26/05/2022";"07:09:00";"170";"AC03 - Aci";"211";"BR-116/SP";"Pista Sul";"Engavetamento";2;0;1;0;0;0;0;0;0;0;3;0;0;0;0
"26/05/2022";"07:14:00";"176";"AC03 - Aci";"257.100";"BR-116/RJ";"Pista Norte";"Choque em Barreira New Jersey";1;0;0;0;0;0;0;0;0;0;1;0;0;0;0
"26/05/2022";"08:30:00";"252";"AC03 - Aci";"217.800";"BR-116/SP";"Pista Norte";"Colisão Traseira";1;0;0;0;0;1;0;0;0;0;2;0;0;0;0
"26/05/2022";"09:34:00";"299";"AC03 - Aci";"284.779";"BR-116/RJ";"Pista Sul";"Choque em objeto na pista";1;0;0;0;0;0;0;0;0;0;1;0;0;0;0
"26/05/2022";"10:14:00";"329";"AC02 - Aci";"222.300";"BR-116/SP";"Pista Sul";"Queda de moto";0;0;0;1;0;0;0;0;0;0;1;0;1;0;0
"26/05/2022";"10:21:00";"337";"AC03 - Aci";"98";"BR-116/SP";"Pista Sul";"Choque em objeto na pista";1;0;0;0;0;0;0;0;0;0;2;0;0;0;0
"26/05/2022";"10:39:00";"347";"AC03 - Aci";"222.300";"BR-116/SP";"Pista Sul";"Choque em veículo parado na pista";0;0;0;1;0;0;0;0;0;0;1;0;0;0;0
"26/05/2022";"11:23:00";"366";"AC03 - Aci";"165.199";"BR-116/SP";"Pista Sul";"Colisão Traseira";1;0;1;0;0;0;0;0;0;0;2;0;0;0;0
"26/05/2022";"01:24:00";"421";"AC03 - Aci";"213.899";"BR-116/SP";"Pista Sul";"Choque em objeto na pista";1;0;0;0;0;0;0;0;0;0;2;0;0;0;0
"26/05/2022";"02:59:00";"463";"AC02 - Aci";"198.699";"BR-116/RJ";"Pista Sul";"Tombamento";0;0;1;0;0;0;0;0;0;0;0;0;1;0;0
"26/05/2022";"04:13:00";"510";"AC03 - Aci";"86.9499";"BR-116/SP";"Pista Norte";"Colisão Traseira";2;0;0;0;0;0;0;0;0;0;2;0;0;0;0
"26/05/2022";"06:58:00";"604";"AC03 - Aci";"169";"BR-116/RJ";"Pista Norte";"Queda de moto";0;0;1;1;0;1;0;0;0;0;3;0;0;0;0
"26/05/2022";"08:38:00";"639";"AC03 - Aci";"145.699";"BR-116/SP";"Pista Norte";"Colisão Traseira";2;0;0;0;0;0;0;0;0;0;3;0;0;0;0
"26/05/2022";"11:35:00";"713";"AC03 - Aci";"109.699";"BR-116/SP";"Pista Sul";"Choque em Defensa";1;0;0;0;0;0;0;0;0;0;3;0;0;0;0
"27/05/2022";"01:08:00";"35";"AC02 - Aci";"320.649";"BR-116/RJ";"Pista Sul";"Choque em objeto na pista";1;0;0;0;0;0;0;0;0;0;2;2;0;0;0
"27/05/2022";"05:56:00";"99";"AC03 - Aci";"178.300";"BR-116/RJ";"Pista Norte";"Colisão Traseira";2;0;0;0;0;0;0;0;0;0;4;0;0;0;0
"27/05/2022";"06:12:00";"110";"AC03 - Aci";"318.899";"BR-116/RJ";"Pista Norte";"Colisão Traseira";0;0;3;0;0;0;0;0;0;0;3;0;0;0;0
"27/05/2022";"06:45:00";"125";"AC03 - Aci";"220";"BR-116/SP";"Pista Sul";"Abalroamento Longitudinal";1;0;0;1;0;0;0;0;0;0;3;0;0;0;0
"27/05/2022";"07:10:00";"157";"AC02 - Aci";"221.399";"BR-116/SP";"Pista Norte";"Colisão Traseira";1;0;0;1;0;0;0;0;0;0;1;2;0;0;0
"27/05/2022";"07:57:00";"195";"AC02 - Aci";"224.600";"BR-116/SP";"Pista Norte";"Abalroamento Longitudinal";1;0;0;1;0;0;0;0;0;0;1;1;0;0;0
"27/05/2022";"08:08:00";"213";"AC02 - Aci";"217.5";"BR-116/SP";"Pista Sul";"Abalroamento Longitudinal";1;0;0;1;0;0;0;0;0;0;1;1;0;0;0
"27/05/2022";"08:19:00";"232";"AC03 - Aci";"156.300";"BR-116/SP";"Pista Norte";"Colisão Traseira";2;0;0;0;0;0;0;0;0;0;2;0;0;0;0
"27/05/2022";"08:31:00";"238";"AC02 - Aci";"227.5";"BR-116/SP";"Pista Norte";"Colisão Traseira";1;0;0;1;0;0;0;0;0;0;1;0;1;0;0
"27/05/2022";"08:41:00";"249";"AC03 - Aci";"180.949";"BR-116/RJ";"Pista Norte";"Colisão Traseira";2;0;0;0;0;0;0;0;0;0;2;0;0;0;0
"27/05/2022";"08:52:00";"262";"AC03 - Aci";"155";"BR-116/SP";"Pista Norte";"Engavetamento";4;0;0;0;0;0;0;0;0;0;4;0;0;0;0
"27/05/2022";"11:32:00";"350";"AC04 - Atr";"181.399";"BR-116/RJ";"Pista Norte";"Atropelamento de Pedestre Atravessando";0;1;0;0;0;1;0;0;0;0;1;1;0;0;0
"27/05/2022";"04:09:00";"485";"AC03 - Aci";"123.5";"BR-116/SP";"Pista Norte";"Colisão Traseira";0;0;0;1;0;1;0;0;0;0;2;0;0;0;0
"27/05/2022";"05:00:00";"515";"AC03 - Aci";"63";"BR-116/SP";"Pista Sul";"Engavetamento";4;0;0;0;0;0;0;0;0;0;4;0;0;0;0
"27/05/2022";"05:10:00";"520";"AC03 - Aci";"208.800";"BR-116/SP";"Pista Norte";"Abalroamento Longitudinal";1;0;1;0;0;0;0;0;0;0;4;0;0;0;0
"27/05/2022";"05:23:00";"526";"AC02 - Aci";"227.199";"BR-116/SP";"Pista Sul";"Choque em Defensa";0;0;1;0;0;0;0;0;0;0;0;2;0;0;0
"27/05/2022";"05:55:00";"549";"AC03 - Aci";"58.7000";"BR-116/SP";"Pista Sul";"Engavetamento";1;0;0;0;0;2;0;0;0;0;6;0;0;0;0
"27/05/2022";"06:14:00";"564";"AC03 - Aci";"210";"BR-116/SP";"Pista Norte";"Colisão Traseira";1;0;0;0;0;1;0;0;0;0;2;0;0;0;0
"27/05/2022";"06:49:00";"579";"AC03 - Aci";"107.199";"BR-116/SP";"Pista Norte";"Colisão Traseira";1;0;0;0;0;1;0;0;0;0;6;0;0;0;0
"27/05/2022";"07:35:00";"605";"AC02 - Aci";"225";"BR-116/SP";"Pista Sul";"Colisão Traseira";1;0;0;1;0;0;0;0;0;0;1;0;1;0;0
"27/05/2022";"07:48:00";"609";"AC03 - Aci";"221";"BR-116/SP";"Pista Norte";"Choque em objeto na pista";1;0;0;0;0;0;0;0;0;0;2;0;0;0;0
"27/05/2022";"07:51:00";"614";"AC03 - Aci";"217.699";"BR-116/SP";"Pista Norte";"Colisão Traseira";1;0;0;0;0;1;0;0;0;0;2;0;0;0;0
"27/05/2022";"10:29:00";"672";"AC02 - Aci";"238.800";"BR-116/RJ";"Pista Norte";"Choque em Barreira New Jersey";1;0;0;0;0;1;0;0;0;0;1;4;0;0;0
"27/05/2022";"10:49:00";"681";"AC02 - Aci";"224";"BR-116/RJ";"Pista Norte";"Choque em Barreira New Jersey";1;0;0;0;0;0;0;0;0;0;0;0;1;0;0
"27/05/2022";"11:16:00";"692";"AC03 - Aci";"202";"BR-116/RJ";"Pista Sul";"Colisão Traseira";1;0;0;0;0;1;0;0;0;0;2;0;0;0;0
"28/05/2022";"12:31:00";"27";"AC02 - Aci";"174.699";"BR-116/RJ";"Pista Sul";"Choque em Barreira New Jersey";1;0;0;0;0;0;0;0;0;0;0;1;0;0;0
"28/05/2022";"12:45:00";"30";"AC02 - Aci";"98.25";"BR-116/SP";"Pista Sul";"Queda de ribanceira";0;0;1;0;0;0;0;0;0;0;0;0;1;0;0
"28/05/2022";"01:35:00";"38";"AC02 - Aci";"149.600";"BR-116/SP";"Pista Norte";"Engavetamento";3;0;0;1;0;0;0;0;0;0;2;1;1;0;0
"28/05/2022";"03:56:00";"55";"AC05 - Atr";"63.2000";"BR-116/SP";"Pista Norte";"Atropelamento de Pedestre Caminhando";1;0;0;0;0;0;0;0;0;0;1;0;0;0;1
"28/05/2022";"04:34:00";"61";"AC03 - Aci";"185.100";"BR-116/SP";"Pista Norte";"Choque em objeto fixo";0;0;1;0;0;0;0;0;0;0;1;0;0;0;0
"28/05/2022";"05:07:00";"68";"AC03 - Aci";"185.100";"BR-116/SP";"Pista Sul";"Choque em objeto na pista";0;0;1;0;0;0;0;0;0;0;2;0;0;0;0
"28/05/2022";"06:04:00";"75";"AC03 - Aci";"189.699";"BR-116/RJ";"Pista Sul";"Choque em objeto fixo";1;0;0;0;0;0;0;0;0;0;1;0;0;0;0
"28/05/2022";"06:36:00";"82";"AC03 - Aci";"147.949";"BR-116/SP";"Pista Norte";"Choque em Barreira New Jersey";1;0;0;0;0;0;0;0;0;0;2;0;0;0;0
"28/05/2022";"06:46:00";"86";"AC03 - Aci";"67.6999";"BR-116/SP";"Pista Norte";"Choque em objeto fixo";1;0;0;0;0;0;0;0;0;0;1;0;0;0;0
"28/05/2022";"07:53:00";"112";"AC02 - Aci";"217.100";"BR-116/SP";"Pista Norte";"Engavetamento";2;0;0;0;0;1;0;0;0;0;4;1;0;0;0
"28/05/2022";"08:51:00";"139";"AC02 - Aci";"114.099";"BR-116/SP";"Pista Sul";"Choque em Barreira New Jersey";1;0;0;0;0;0;0;0;0;0;0;2;0;0;0
"28/05/2022";"08:57:00";"143";"AC03 - Aci";"131.699";"BR-116/SP";"Pista Norte";"Queda de moto";0;0;0;1;0;0;0;0;0;0;2;0;0;0;0
"28/05/2022";"09:00:00";"145";"AC02 - Aci";"51.3499";"BR-116/SP";"Pista Norte";"Queda de moto";0;0;0;1;0;0;0;0;0;0;0;1;0;0;0
"28/05/2022";"09:06:00";"148";"AC02 - Aci";"180.600";"BR-116/RJ";"Pista Norte";"Engavetamento";2;0;1;0;0;0;0;0;0;0;6;0;1;0;0
"28/05/2022";"09:08:00";"150";"AC03 - Aci";"271.600";"BR-116/RJ";"Pista Sul";"Colisão Traseira";2;0;0;0;0;0;0;0;0;0;3;0;0;0;0
"28/05/2022";"09:29:00";"161";"AC02 - Aci";"204.699";"BR-116/SP";"Pista Norte";"Capotamento";1;0;0;0;0;0;0;0;0;0;0;1;0;0;0
"28/05/2022";"09:48:00";"167";"AC02 - Aci";"120.300";"BR-116/SP";"Pista Norte";"Engavetamento";2;0;0;0;0;1;0;0;0;0;3;1;0;0;0
"28/05/2022";"09:55:00";"171";"AC03 - Aci";"222.699";"BR-116/RJ";"Pista Sul";"Choque em objeto fixo";1;0;0;0;0;0;0;0;0;0;1;0;0;0;0
"28/05/2022";"10:25:00";"188";"AC03 - Aci";"121.5";"BR-116/SP";"Pista Norte";"Engavetamento";3;0;0;0;0;0;0;0;0;0;5;0;0;0;0
"28/05/2022";"11:12:00";"203";"AC03 - Aci";"52.7999";"BR-116/SP";"Pista Sul";"Abalroamento Longitudinal";1;0;1;0;0;0;0;0;0;0;2;0;0;0;0
"28/05/2022";"12:56:00";"236";"AC02 - Aci";"213.199";"BR-116/SP";"Pista Sul";"Abalroamento Longitudinal";0;0;0;1;0;1;0;0;0;0;1;1;0;0;0
"28/05/2022";"02:13:00";"275";"AC02 - Aci";"171.800";"BR-116/RJ";"Pista Norte";"Queda de Carga";0;0;0;1;0;0;0;0;0;0;0;2;0;0;0
"28/05/2022";"07:25:00";"409";"AC02 - Aci";"121.900";"BR-116/SP";"Pista Sul";"Colisão Traseira";1;0;0;1;0;0;0;0;0;0;2;1;0;0;0
"28/05/2022";"07:54:00";"418";"AC02 - Aci";"293";"BR-116/RJ";"Pista Sul";"Choque em Barreira New Jersey";1;0;0;0;0;0;0;0;0;0;0;1;0;0;0
"28/05/2022";"08:30:00";"428";"AC03 - Aci";"180.800";"BR-116/SP";"Pista Sul";"Colisão Traseira";2;0;0;0;0;0;0;0;0;0;2;0;0;0;0
"28/05/2022";"09:08:00";"436";"AC03 - Aci";"157.300";"BR-116/SP";"Pista Sul";"Colisão Traseira";1;0;0;0;0;1;0;0;0;0;2;0;0;0;0
"28/05/2022";"10:52:00";"467";"AC02 - Aci";"204.199";"BR-116/RJ";"Pista Norte";"Capotamento";1;0;0;0;0;0;0;0;0;0;0;2;0;0;0
"28/05/2022";"11:18:00";"475";"AC05 - Atr";"202.380";"BR-116/SP";"Pista Norte";"Atropelamento de Pedestre Caminhando";0;0;0;0;0;1;0;0;0;0;1;0;0;0;1
"28/05/2022";"11:43:00";"481";"AC02 - Aci";"198";"BR-116/RJ";"Pista Sul";"Queda de moto";0;0;0;1;0;0;0;0;0;0;0;1;0;0;0
"29/05/2022";"01:51:00";"28";"AC03 - Aci";"307.899";"BR-116/RJ";"Pista Norte";"Choque em Barreira New Jersey";1;0;0;0;0;0;0;0;0;0;1;0;0;0;0
"29/05/2022";"02:39:00";"38";"AC03 - Aci";"177.399";"BR-116/RJ";"Pista Sul";"Capotamento";1;0;0;0;0;0;0;0;0;0;1;0;0;0;0
"29/05/2022";"03:37:00";"47";"AC03 - Aci";"184.300";"BR-116/RJ";"Pista Norte";"Choque em objeto fixo";1;0;0;0;0;0;0;0;0;0;1;0;0;0;0
"29/05/2022";"05:20:00";"66";"AC03 - Aci";"223";"BR-116/SP";"Pista Norte";"Abalroamento Longitudinal";2;0;0;0;0;0;0;0;0;0;2;0;0;0;0
"29/05/2022";"05:22:00";"67";"AC03 - Aci";"223";"BR-116/SP";"Pista Norte";"Choque em veículo parado na pista";1;0;0;0;0;2;0;0;0;0;3;0;0;0;0
"29/05/2022";"06:57:00";"81";"AC02 - Aci";"165.699";"BR-116/RJ";"Pista Sul";"Abalroamento Longitudinal";0;0;0;2;0;0;0;0;0;0;0;2;0;0;0
"29/05/2022";"07:42:00";"93";"AC02 - Aci";"120.900";"BR-116/SP";"Pista Norte";"Colisão Traseira";1;0;1;0;0;0;0;0;0;0;4;1;1;0;0
"29/05/2022";"08:12:00";"104";"AC02 - Aci";"222.25";"BR-116/SP";"Pista Sul";"Abalroamento Longitudinal";1;0;1;0;0;0;0;0;0;0;1;2;0;0;0
"29/05/2022";"08:30:00";"109";"AC03 - Aci";"116.199";"BR-116/SP";"Pista Norte";"Abalroamento Longitudinal";1;0;1;0;0;0;0;0;0;0;5;0;0;0;0
"29/05/2022";"08:56:00";"121";"AC03 - Aci";"247.300";"BR-116/RJ";"Pista Sul";"Choque em Barreira New Jersey";1;0;0;0;0;0;0;0;0;0;4;0;0;0;0
"29/05/2022";"09:43:00";"144";"AC02 - Aci";"182.699";"BR-116/RJ";"Pista Sul";"Colisão Traseira";2;0;0;0;0;0;0;0;0;0;5;2;0;0;0
"29/05/2022";"11:50:00";"194";"AC03 - Aci";"255";"BR-116/RJ";"Pista Norte";"Abalroamento Longitudinal";1;0;1;0;0;0;0;0;0;0;4;0;0;0;0
"29/05/2022";"12:46:00";"218";"AC03 - Aci";"288.299";"BR-116/RJ";"Pista Norte";"Choque em objeto na pista";1;0;0;0;0;0;0;0;0;0;1;0;0;0;0
"29/05/2022";"03:21:00";"274";"AC04 - Atr";"212.720";"BR-116/SP";"Pista Norte";"Atropelamento de Pedestre Atravessando";1;0;0;0;0;0;0;0;0;0;2;0;0;1;0
"29/05/2022";"04:19:00";"301";"AC02 - Aci";"302.619";"BR-116/RJ";"Pista Norte";"Colisão Traseira";1;0;0;0;0;1;0;0;0;0;2;2;0;0;0
"29/05/2022";"05:19:00";"327";"AC03 - Aci";"113.400";"BR-116/SP";"Pista Norte";"Queda de ribanceira";1;0;0;0;0;0;0;0;0;0;1;0;0;0;0
"29/05/2022";"05:44:00";"346";"AC02 - Aci";"173.75";"BR-116/SP";"Pista Sul";"Queda de moto";0;0;0;1;0;0;0;0;0;0;0;2;0;0;0
"29/05/2022";"06:46:00";"376";"AC02 - Aci";"214.5";"BR-116/SP";"Pista Sul";"Engavetamento";2;0;0;0;0;1;0;0;0;0;7;2;0;0;0
"29/05/2022";"06:48:00";"378";"AC02 - Aci";"166.399";"BR-116/RJ";"Pista Norte";"Queda de moto";0;0;0;1;0;0;0;0;0;0;0;2;0;0;0
"29/05/2022";"06:54:00";"386";"AC03 - Aci";"183.100";"BR-116/SP";"Pista Sul";"Engavetamento";2;0;0;0;0;1;0;0;0;0;5;0;0;0;0
"29/05/2022";"07:39:00";"399";"AC03 - Aci";"64.1999";"BR-116/SP";"Pista Sul";"Colisão Traseira";2;0;0;0;0;0;0;0;0;0;2;0;0;0;0
"29/05/2022";"08:00:00";"403";"AC04 - Atr";"130.5";"BR-116/SP";"Pista Norte";"Atropelamento de Pedestre Atravessando";1;1;0;0;0;0;0;0;0;0;3;1;0;0;0
"29/05/2022";"08:01:00";"405";"AC03 - Aci";"209.300";"BR-116/SP";"Pista Sul";"Colisão Traseira";1;0;0;0;0;1;0;0;0;0;3;0;0;0;0
"29/05/2022";"10:02:00";"440";"AC03 - Aci";"314.600";"BR-116/RJ";"Pista Sul";"Choque em objeto fixo";1;0;0;0;0;0;0;0;0;0;4;0;0;0;0
"30/05/2022";"12:08:00";"19";"AC03 - Aci";"129.699";"BR-116/SP";"Pista Sul";"Capotamento";1;0;0;0;0;0;0;0;0;0;1;0;0;0;0
"30/05/2022";"12:16:00";"23";"AC02 - Aci";"210.300";"BR-116/SP";"Pista Sul";"Choque em Defensa";0;0;0;1;0;0;0;0;0;0;0;0;0;1;0
"30/05/2022";"12:45:00";"31";"AC02 - Aci";"226.399";"BR-116/SP";"Pista Norte";"Tombamento";1;0;0;0;0;0;0;0;0;0;1;0;1;0;0
"30/05/2022";"06:54:00";"114";"AC03 - Aci";"307.899";"BR-116/RJ";"Pista Norte";"Abalroamento Longitudinal";2;0;0;0;0;0;0;0;0;0;2;0;0;0;0
"30/05/2022";"06:59:00";"121";"AC02 - Aci";"198.100";"BR-116/RJ";"Pista Norte";"Choque em Defensa";1;0;0;0;0;0;0;0;0;0;0;0;1;0;0
"30/05/2022";"08:20:00";"203";"AC03 - Aci";"227.5";"BR-116/SP";"Pista Norte";"Queda de moto";0;0;0;1;0;0;0;0;0;0;1;0;0;0;0
"30/05/2022";"08:24:00";"211";"AC03 - Aci";"69";"BR-116/SP";"Pista Sul";"Choque em objeto na pista";1;0;0;0;0;0;0;0;0;0;1;0;0;0;0
"30/05/2022";"11:13:00";"309";"AC03 - Aci";"281";"BR-116/RJ";"Pista Norte";"Outros";1;0;0;0;0;0;0;0;0;0;1;0;0;0;0
"30/05/2022";"05:40:00";"521";"AC03 - Aci";"160.100";"BR-116/SP";"Pista Norte";"Colisão Traseira";1;0;1;0;0;0;0;0;0;0;2;0;0;0;0
"30/05/2022";"09:26:00";"623";"AC03 - Aci";"225.149";"BR-116/SP";"Pista Norte";"Choque em Defensa";1;0;0;0;0;1;0;0;0;0;2;0;0;0;0
"31/05/2022";"01:28:00";"33";"AC03 - Aci";"181.199";"BR-116/RJ";"Pista Norte";"Colisão Traseira";0;0;1;0;0;1;0;0;0;0;2;0;0;0;0
"31/05/2022";"04:27:00";"61";"AC02 - Aci";"113.199";"BR-116/SP";"Pista Norte";"Tombamento";0;0;1;0;0;0;0;0;0;0;0;1;0;0;0
"31/05/2022";"06:57:00";"107";"AC03 - Aci";"207.100";"BR-116/SP";"Pista Sul";"Colisão Traseira";1;0;0;0;0;0;0;0;0;0;1;0;0;0;0