data;horario;n_da_ocorrencia;tipo_de_ocorrencia;km;trecho;sentido;tipo_de_acidente;automovel;bicicleta;caminhao;moto;onibus;outros;tracao_animal;transporte_de_cargas_especiais;trator_maquinas;utilitarios;ilesos;levemente_feridos;moderadamente_feridos;gravemente_feridos;mortos
"25/06/2022";"01:07:00";"31";"Acidente s";"316";"BR-116/RJ";"Pista Norte";"Choque em barreira New Jersey";1;0;0;0;0;0;0;0;0;0;5;0;0;0;0
"25/06/2022";"02:20:00";"43";"Acidente c";"169.65";"BR-116/SP";"Pista Norte";"Queda de ribanceira";1;0;0;0;0;0;0;0;0;0;1;0;2;0;0
"25/06/2022";"03:46:00";"52";"Acidente s";"171";"BR-116/RJ";"Pista Norte";"Colisão traseira";1;0;1;0;0;0;0;0;0;0;2;0;0;0;0
"25/06/2022";"04:42:00";"58";"Acidente c";"64.9";"BR-116/SP";"Pista Norte";"Choque em defensa";1;0;0;0;0;0;0;0;0;0;0;1;0;0;0
"25/06/2022";"04:45:00";"59";"Acidente c";"299";"BR-116/RJ";"Pista Sul";"Choque em defensa";1;0;0;0;0;0;0;0;0;0;0;1;0;0;0
"25/06/2022";"07:00:00";"100";"Acidente c";"171";"BR-116/RJ";"Pista Norte";"Choque em barreira New Jersey";1;0;0;0;0;0;0;0;0;0;0;0;1;0;0
"25/06/2022";"11:11:00";"227";"Acidente s";"298.2";"BR-116/RJ";"Pista Norte";"Choque em objeto na pista";1;0;0;0;0;0;0;0;0;0;1;0;0;0;0
"25/06/2022";"01:20:00";"278";"Acidente s";"270";"BR-116/RJ";"Pista Sul";"Colisão traseira";2;0;0;0;0;0;0;0;0;0;7;0;0;0;0
"25/06/2022";"01:49:00";"292";"Acidente c";"180.6";"BR-116/RJ";"Pista Norte";"Abalroamento longitudinal";0;0;1;1;0;0;0;0;0;0;1;2;0;0;0
"25/06/2022";"02:53:00";"315";"Acidente s";"167.7";"BR-116/RJ";"Pista Norte";"Engavetamento";1;0;0;0;0;0;0;0;0;2;6;0;0;0;0
"25/06/2022";"03:24:00";"333";"Acidente c";"181.8";"BR-116/RJ";"Pista Norte";"Abalroamento longitudinal";1;0;0;1;0;0;0;0;0;0;1;1;0;0;0
"25/06/2022";"04:08:00";"356";"Acidente c";"225.1";"BR-116/SP";"Pista Norte";"Colisão traseira";0;0;0;1;0;1;0;0;0;0;1;1;0;0;0
"25/06/2022";"04:18:00";"358";"Acidente s";"173.7";"BR-116/RJ";"Pista Sul";"Colisão traseira";2;0;0;0;0;0;0;0;0;0;2;0;0;0;0
"25/06/2022";"05:36:00";"387";"Acidente c";"223.5";"BR-116/SP";"Pista Sul";"Abalroamento longitudinal";1;0;0;1;0;0;0;0;0;0;2;0;1;0;0
"25/06/2022";"11:03:00";"468";"Acidente c";"174.9";"BR-116/RJ";"Pista Norte";"Queda de moto";0;0;0;1;0;0;0;0;0;0;0;2;0;0;0
"26/06/2022";"12:00:00";"15";"Acidente s";"186.8";"BR-116/RJ";"Pista Sul";"Colisão traseira";1;0;0;0;0;0;0;0;0;1;2;0;0;0;0
"26/06/2022";"12:53:00";"27";"Acidente s";"163.68";"BR-116/RJ";"Pista Sul";"Colisão traseira";1;0;0;0;0;1;0;0;0;0;2;0;0;0;0
"26/06/2022";"12:59:00";"28";"Acidente s";"98.05";"BR-116/SP";"Pista Norte";"Choque em objeto fixo";1;0;0;0;0;0;0;0;0;0;1;0;0;0;0
"26/06/2022";"02:38:00";"38";"Acidente s";"210";"BR-116/SP";"Pista Sul";"Choque em barreira New Jersey";1;0;0;0;0;0;0;0;0;0;1;0;0;0;0
"26/06/2022";"03:23:00";"46";"Acidente s";"220.8";"BR-116/SP";"Pista Norte";"Colisão traseira";1;0;0;0;0;1;0;0;0;0;3;0;0;0;0
"26/06/2022";"04:50:00";"58";"Acidente c";"95.4";"BR-116/SP";"Pista Norte";"Colisão traseira";2;0;0;0;0;0;0;0;0;0;1;0;2;0;2
"26/06/2022";"05:26:00";"65";"Atropelame";"146";"BR-116/SP";"Pista Sul";"Atropelamento de pedestre atravessando";0;1;0;0;0;0;0;0;0;0;0;1;0;0;0
"26/06/2022";"05:39:00";"67";"Acidente s";"218.7";"BR-116/SP";"Pista Norte";"Choque em objeto na pista";1;0;0;0;0;0;0;0;0;0;1;0;0;0;0
"26/06/2022";"05:52:00";"68";"Acidente c";"227.3";"BR-116/SP";"Pista Norte";"Engavetamento";2;0;0;0;1;0;0;0;0;0;12;3;0;0;0
"26/06/2022";"05:56:00";"70";"Acidente s";"124.6";"BR-116/SP";"Pista Sul";"Colisão traseira";1;0;0;0;0;1;0;0;0;0;2;0;0;0;0
"26/06/2022";"05:59:00";"71";"Acidente c";"177.85";"BR-116/RJ";"Pista Norte";"Colisão traseira";1;0;0;0;0;1;0;0;0;0;1;1;0;0;0
"26/06/2022";"06:01:00";"72";"Acidente s";"177.85";"BR-116/RJ";"Pista Norte";"Colisão traseira";2;0;0;0;0;0;0;0;0;0;2;0;0;0;0
"26/06/2022";"07:33:00";"90";"Acidente c";"139.4";"BR-116/SP";"Pista Norte";"Engavetamento";3;0;0;0;0;0;0;0;0;0;5;1;0;0;0
"26/06/2022";"09:32:00";"127";"Acidente c";"221.3";"BR-116/RJ";"Pista Norte";"Queda de moto";0;0;0;1;0;0;0;0;0;0;0;0;1;0;0
"26/06/2022";"12:56:00";"180";"Acidente s";"222.9";"BR-116/RJ";"Pista Norte";"Choque em objeto fixo";1;0;0;0;0;0;0;0;0;0;1;0;0;0;0
"26/06/2022";"01:02:00";"183";"Acidente s";"188.95";"BR-116/RJ";"Pista Sul";"Choque em objeto fixo";1;0;0;0;0;0;0;0;0;0;2;0;0;0;0
"26/06/2022";"01:34:00";"200";"Acidente s";"227.9";"BR-116/RJ";"Pista Norte";"Choque em barreira New Jersey";1;0;0;0;0;0;0;0;0;0;2;0;0;0;0
"26/06/2022";"04:17:00";"261";"Acidente s";"108.4";"BR-116/SP";"Pista Sul";"Engavetamento";2;0;0;0;0;1;0;0;0;0;4;0;0;0;0
"26/06/2022";"04:30:00";"269";"Acidente c";"106.9";"BR-116/SP";"Pista Sul";"Engavetamento";2;0;0;0;0;0;0;0;0;1;2;1;0;0;0
"26/06/2022";"05:36:00";"290";"Acidente s";"204.5";"BR-116/SP";"Pista Norte";"Colisão traseira";1;0;0;0;0;1;0;0;0;0;2;0;0;0;0
"26/06/2022";"06:26:00";"309";"Acidente s";"209.4";"BR-116/SP";"Pista Sul";"Colisão traseira";2;0;0;0;0;0;0;0;0;0;5;0;0;0;0
"26/06/2022";"06:26:00";"310";"Acidente s";"113.2";"BR-116/SP";"Pista Sul";"Colisão traseira";2;0;0;0;0;0;0;0;0;0;7;0;0;0;0
"26/06/2022";"06:31:00";"311";"Acidente c";"92.1";"BR-116/SP";"Pista Sul";"Abalroamento longitudinal";0;0;0;1;0;1;0;0;0;0;1;1;0;0;0
"26/06/2022";"06:42:00";"316";"Acidente c";"230.4";"BR-116/SP";"Pista Sul";"Engavetamento";4;0;0;0;0;0;0;0;0;0;8;1;0;0;0
"26/06/2022";"07:36:00";"343";"Acidente c";"238.8";"BR-116/RJ";"Pista Norte";"Abalroamento longitudinal";1;0;0;0;0;0;0;0;0;1;5;0;2;0;0
"26/06/2022";"07:52:00";"351";"Atropelame";"190.16";"BR-116/SP";"Pista Norte";"Atropelamento de pedestre caminhando";1;0;0;0;0;0;0;0;0;0;1;0;0;0;1
"26/06/2022";"08:52:00";"363";"Acidente s";"143.5";"BR-116/SP";"Pista Norte";"Choque em objeto na pista";1;0;0;0;0;0;0;0;0;0;3;0;0;0;0
"26/06/2022";"09:24:00";"372";"Acidente c";"177.5";"BR-116/RJ";"Pista Norte";"Colisão traseira";1;0;0;1;0;0;0;0;0;0;1;0;0;1;0
"26/06/2022";"09:27:00";"373";"Acidente s";"85.1";"BR-116/SP";"Pista Norte";"Tombamento";0;0;1;0;0;0;0;0;0;0;1;0;0;0;0
"27/06/2022";"12:56:00";"27";"Acidente s";"223.35";"BR-116/RJ";"Pista Norte";"Choque em objeto fixo";0;0;1;0;0;0;0;0;0;0;1;0;0;0;0
"27/06/2022";"03:47:00";"50";"Acidente s";"169.45";"BR-116/RJ";"Pista Norte";"Choque em barreira New Jersey";1;0;0;0;0;0;0;0;0;0;1;0;0;0;0
"27/06/2022";"04:56:00";"65";"Acidente s";"229.7";"BR-116/SP";"Pista Norte";"Choque em objeto fixo";1;0;0;0;0;0;0;0;0;0;2;0;0;0;0
"27/06/2022";"06:23:00";"92";"Acidente s";"51";"BR-116/SP";"Pista Norte";"Choque em objeto fixo";1;0;0;0;0;0;0;0;0;0;1;0;0;0;0
"27/06/2022";"06:57:00";"116";"Acidente s";"180.4";"BR-116/RJ";"Pista Norte";"Colisão traseira";1;0;0;0;0;1;0;0;0;0;2;0;0;0;0
"27/06/2022";"07:54:00";"170";"Acidente s";"33.5";"BR-116/SP";"Pista Sul";"Choque em barreira New Jersey";1;0;0;0;0;0;0;0;0;0;1;0;0;0;0
"27/06/2022";"08:52:00";"217";"Acidente c";"167.2";"BR-116/RJ";"Pista Norte";"Queda de moto";0;0;0;1;0;0;0;0;0;0;0;1;0;0;0
"27/06/2022";"09:16:00";"235";"Atropelame";"168";"BR-116/RJ";"Pista Sul";"Atropelamento de pedestre atravessando";1;0;0;0;0;0;0;0;0;0;1;1;0;0;0
"27/06/2022";"10:05:00";"270";"Acidente s";"211.7";"BR-116/SP";"Pista Norte";"Choque em veículo parado na pista";2;0;2;0;0;0;0;0;0;0;4;0;0;0;0
"27/06/2022";"11:47:00";"320";"Acidente s";"224.9";"BR-116/SP";"Pista Norte";"Choque em defensa";0;0;0;1;0;0;0;0;0;0;1;0;0;0;0
"27/06/2022";"01:41:00";"372";"Acidente s";"249.9";"BR-116/RJ";"Pista Norte";"Choque em barreira New Jersey";1;0;0;0;0;0;0;0;0;0;2;0;0;0;0
"27/06/2022";"02:47:00";"402";"Acidente c";"162.35";"BR-116/SP";"Pista Norte";"Colisão traseira";0;0;1;1;0;0;0;0;0;0;1;1;0;0;0
"27/06/2022";"03:12:00";"416";"Acidente c";"229.8";"BR-116/RJ";"Pista Sul";"Choque em barreira New Jersey";1;0;0;0;0;0;0;0;0;0;0;0;1;0;0
"27/06/2022";"03:31:00";"425";"Acidente c";"169.7";"BR-116/RJ";"Pista Sul";"Colisão traseira";1;0;0;0;1;0;0;0;0;0;1;1;0;0;0
"27/06/2022";"04:23:00";"452";"Acidente c";"223.8";"BR-116/SP";"Pista Sul";"Queda de moto";0;0;0;1;0;0;0;0;0;0;0;2;0;0;0
"27/06/2022";"05:46:00";"494";"Acidente c";"210.3";"BR-116/SP";"Pista Sul";"Colisão traseira";1;0;0;1;0;0;0;0;0;0;2;0;1;0;0
"27/06/2022";"07:22:00";"536";"Acidente s";"185";"BR-116/RJ";"Pista Sul";"Colisão traseira";1;0;0;1;0;1;0;0;0;0;3;0;0;0;0
"27/06/2022";"11:56:00";"625";"Acidente s";"140";"BR-116/SP";"Pista Sul";"Capotamento";1;0;0;0;0;0;0;0;0;0;1;0;0;0;0
"28/06/2022";"06:05:00";"77";"Acidente s";"190.1";"BR-116/RJ";"Pista Sul";"Colisão traseira";2;0;0;0;0;0;0;0;0;0;3;0;0;0;0
"28/06/2022";"07:19:00";"132";"Acidente s";"90.1";"BR-116/SP";"Pista Sul";"Choque em objeto na pista";0;0;0;1;0;0;0;0;0;0;1;0;0;0;0
"28/06/2022";"08:17:00";"173";"Acidente s";"109";"BR-116/SP";"Pista Sul";"Colisão traseira";2;0;0;0;0;0;0;0;0;0;2;0;0;0;0
"28/06/2022";"08:23:00";"177";"Acidente s";"155.7";"BR-116/SP";"Pista Norte";"Colisão traseira";1;0;0;0;0;1;0;0;0;0;2;0;0;0;0
"28/06/2022";"08:34:00";"183";"Acidente s";"283.3";"BR-116/RJ";"Pista Sul";"Colisão traseira";1;0;0;0;0;1;0;0;0;0;2;0;0;0;0
"28/06/2022";"09:06:00";"206";"Acidente s";"299.3";"BR-116/RJ";"Pista Sul";"Abalroamento longitudinal";1;0;1;0;0;1;0;0;0;0;3;0;0;0;0
"28/06/2022";"10:24:00";"267";"Acidente c";"227.35";"BR-116/SP";"Pista Sul";"Colisão traseira";2;0;0;0;0;0;0;0;0;0;1;1;0;0;0
"28/06/2022";"11:41:00";"308";"Acidente s";"228.2";"BR-116/RJ";"Pista Norte";"Colisão traseira";0;0;2;0;0;0;0;0;0;0;2;0;0;0;0
"28/06/2022";"12:06:00";"322";"Acidente s";"218.4";"BR-116/RJ";"Pista Sul";"Abalroamento longitudinal";1;0;1;0;0;0;0;0;0;0;2;0;0;0;0
"28/06/2022";"12:22:00";"334";"Acidente s";"222.8";"BR-116/SP";"Pista Sul";"Colisão traseira";2;0;0;0;0;0;0;0;0;0;2;0;0;0;0
"28/06/2022";"12:54:00";"363";"Acidente s";"182.3";"BR-116/SP";"Pista Norte";"Colisão traseira";2;0;0;0;0;0;0;0;0;0;2;0;0;0;0
"28/06/2022";"02:21:00";"404";"Acidente s";"58.9";"BR-116/SP";"Pista Norte";"Queda de moto";0;0;0;1;0;0;0;0;0;0;1;0;0;0;0
"28/06/2022";"02:30:00";"407";"Acidente s";"225.5";"BR-116/SP";"Pista Norte";"Queda de moto";0;0;0;1;0;0;0;0;0;0;1;0;0;0;0
"28/06/2022";"04:55:00";"483";"Acidente s";"211";"BR-116/SP";"Pista Sul";"Engavetamento";2;0;0;0;0;0;0;0;0;1;3;0;0;0;0
"28/06/2022";"06:19:00";"537";"Acidente s";"108.6";"BR-116/SP";"Pista Sul";"Engavetamento";2;0;1;0;0;1;0;0;0;0;5;0;0;0;0
"28/06/2022";"07:00:00";"560";"Acidente s";"130.55";"BR-116/SP";"Pista Norte";"Choque em objeto fixo";1;0;0;0;0;0;0;0;0;0;1;0;0;0;0
"28/06/2022";"07:39:00";"579";"Acidente s";"178";"BR-116/SP";"Pista Sul";"Choque em objeto fixo";1;0;0;0;0;0;0;0;0;0;1;0;0;0;0
"28/06/2022";"09:19:00";"615";"Acidente c";"149.4";"BR-116/SP";"Pista Norte";"Colisão traseira";2;0;0;0;0;0;0;0;0;0;1;1;0;0;0
"28/06/2022";"11:11:00";"652";"Acidente c";"219";"BR-116/SP";"Pista Norte";"Queda de moto";0;0;0;1;0;0;0;0;0;0;0;1;0;0;0
"28/06/2022";"11:46:00";"658";"Acidente c";"103.2";"BR-116/SP";"Pista Norte";"Engavetamento";0;0;3;0;0;1;0;0;0;0;3;1;0;0;0
"29/06/2022";"01:14:00";"34";"Acidente c";"290.1";"BR-116/RJ";"Pista Norte";"Tombamento";0;0;1;0;0;0;0;0;0;0;0;1;0;0;0
"29/06/2022";"04:20:00";"62";"Acidente s";"108.3";"BR-116/SP";"Pista Norte";"Choque em objeto fixo";1;0;0;0;0;0;0;0;0;0;1;0;0;0;0
"29/06/2022";"05:02:00";"69";"Acidente c";"103.5";"BR-116/SP";"Pista Norte";"Choque em barreira New Jersey";0;0;1;0;0;0;0;0;0;0;0;0;0;1;0
"29/06/2022";"06:03:00";"86";"Atropelame";"204.7";"BR-116/SP";"Pista Norte";"Atropelamento de pedestre atravessando";0;1;0;1;0;0;0;0;0;0;0;2;0;0;0
"29/06/2022";"06:45:00";"98";"Acidente s";"63";"BR-116/SP";"Pista Sul";"Choque em objeto na pista";1;0;0;0;0;0;0;0;0;0;2;0;0;0;0
"29/06/2022";"06:49:00";"103";"Acidente s";"103";"BR-116/SP";"Pista Sul";"Colisão traseira";2;0;0;0;0;0;0;0;0;0;4;0;0;0;0
"29/06/2022";"07:52:00";"156";"Acidente c";"101.05";"BR-116/SP";"Pista Sul";"Colisão traseira";0;0;1;1;0;0;0;0;0;0;1;0;0;0;1
"29/06/2022";"08:21:00";"178";"Acidente s";"146.9";"BR-116/SP";"Pista Norte";"Colisão traseira";2;0;0;0;0;0;0;0;0;0;2;0;0;0;0
"29/06/2022";"10:40:00";"292";"Acidente c";"218.75";"BR-116/SP";"Pista Sul";"Queda de moto";0;0;0;1;0;0;0;0;0;0;0;2;0;0;0
"29/06/2022";"11:49:00";"330";"Acidente s";"226";"BR-116/SP";"Pista Sul";"Colisão traseira";1;0;0;0;0;1;0;0;0;0;2;0;0;0;0
"29/06/2022";"12:28:00";"345";"Acidente c";"275.2";"BR-116/RJ";"Pista Sul";"Engavetamento";1;0;2;0;0;0;0;0;0;0;2;1;0;0;0
"29/06/2022";"12:41:00";"352";"Acidente c";"172.7";"BR-116/RJ";"Pista Sul";"Colisão traseira";0;0;0;1;0;1;0;0;0;0;1;1;0;0;0
"29/06/2022";"01:00:00";"363";"Acidente c";"213.3";"BR-116/RJ";"Pista Norte";"Queda de moto";0;0;0;1;0;0;0;0;0;0;0;1;0;0;0
"29/06/2022";"01:15:00";"370";"Acidente c";"34";"BR-116/SP";"Pista Norte";"Queda de moto";0;0;0;1;0;0;0;0;0;0;0;1;0;0;0
"29/06/2022";"02:04:00";"389";"Acidente s";"146.5";"BR-116/SP";"Pista Sul";"Colisão traseira";0;0;2;0;0;0;0;0;0;0;2;0;0;0;0
"29/06/2022";"02:59:00";"432";"Acidente s";"226.2";"BR-116/SP";"Pista Norte";"Colisão traseira";1;0;0;0;0;1;0;0;0;0;2;0;0;0;0
"29/06/2022";"05:58:00";"549";"Acidente c";"223";"BR-116/SP";"Pista Sul";"Abalroamento longitudinal";1;0;0;1;0;0;0;0;0;0;1;0;1;0;0
"29/06/2022";"06:34:00";"572";"Acidente c";"170";"BR-116/SP";"Pista Norte";"Choque em objeto na pista";0;0;0;1;0;0;0;0;0;0;0;1;0;0;0
"29/06/2022";"06:51:00";"584";"Acidente s";"106.9";"BR-116/SP";"Pista Sul";"Colisão traseira";2;0;0;0;0;0;0;0;0;0;8;0;0;0;0
"29/06/2022";"08:03:00";"603";"Acidente s";"211.7";"BR-116/SP";"Pista Sul";"Engavetamento";1;0;2;0;0;0;0;0;0;0;3;0;0;0;0
"29/06/2022";"11:39:00";"660";"Acidente s";"167.2";"BR-116/RJ";"Pista Sul";"Abalroamento longitudinal";1;0;0;0;0;1;0;0;0;0;2;0;0;0;0
"30/06/2022";"12:14:00";"21";"Atropelame";"217.4";"BR-116/SP";"Pista Sul";"Atropelamento de pedestre caminhando";0;0;0;0;0;1;0;0;0;0;1;0;0;0;1
"30/06/2022";"01:44:00";"37";"Acidente s";"142";"BR-116/SP";"Pista Norte";"Choque em barreira New Jersey";1;0;0;0;0;0;0;0;0;0;1;0;0;0;0
"30/06/2022";"05:20:00";"70";"Acidente s";"165.2";"BR-116/SP";"Pista Sul";"Choque em barreira New Jersey";0;0;1;0;0;0;0;0;0;0;1;0;0;0;0
"30/06/2022";"08:18:00";"179";"Acidente s";"14.5";"BR-116/SP";"Pista Sul";"Choque em objeto na pista";1;0;0;0;0;0;0;0;0;0;2;0;0;0;0
"30/06/2022";"09:55:00";"248";"Acidente s";"1.9";"BR-116/SP";"Pista Sul";"Choque em objeto fixo";1;0;0;0;0;0;0;0;0;0;1;0;0;0;0
"30/06/2022";"10:02:00";"256";"Acidente s";"99.6";"BR-116/SP";"Pista Norte";"Abalroamento longitudinal";2;0;0;0;0;0;0;0;0;0;2;0;0;0;0
"30/06/2022";"11:55:00";"313";"Acidente c";"59";"BR-116/SP";"Pista Norte";"Choque em objeto fixo";1;0;0;0;0;0;0;0;0;0;0;1;0;0;0
"30/06/2022";"12:36:00";"337";"Acidente s";"172";"BR-116/RJ";"Pista Sul";"Choque em objeto na pista";1;0;0;0;0;0;0;0;0;0;1;0;0;0;0
"30/06/2022";"05:02:00";"469";"Acidente s";"107.85";"BR-116/SP";"Pista Sul";"Colisão traseira";0;0;2;0;0;0;0;0;0;0;2;0;0;0;0
"30/06/2022";"06:30:00";"513";"Atropelame";"183.6";"BR-116/RJ";"Pista Sul";"Atropelamento de pedestre atravessando";0;1;0;0;0;1;0;0;0;0;1;0;0;0;1
"30/06/2022";"08:02:00";"560";"Acidente s";"108.4";"BR-116/SP";"Pista Sul";"Choque em objeto na pista";1;0;0;0;0;0;0;0;0;0;2;0;0;0;0
"30/06/2022";"09:28:00";"582";"Acidente s";"218.6";"BR-116/SP";"Pista Norte";"Choque em objeto na pista";2;0;0;0;0;0;0;0;0;0;2;0;0;0;0
"01/07/2022";"06:01:00";"69";"Acidente c";"166.35";"BR-116/RJ";"Pista Norte";"Engavetamento";3;0;0;0;0;0;0;0;0;0;0;3;0;0;0
"01/07/2022";"06:44:00";"94";"Acidente s";"169.4";"BR-116/RJ";"Pista Norte";"Engavetamento";1;0;2;0;0;0;0;0;0;0;3;0;0;0;0
"01/07/2022";"07:56:00";"157";"Acidente s";"118.11";"BR-116/SP";"Pista Sul";"Queda de moto";0;0;0;1;0;0;0;0;0;0;2;0;0;0;0
"01/07/2022";"08:15:00";"181";"Acidente c";"140.4";"BR-116/SP";"Pista Sul";"Colisão traseira";1;0;0;1;0;0;0;0;0;1;2;1;0;0;0
"01/07/2022";"08:37:00";"197";"Acidente c";"195.1";"BR-116/RJ";"Pista Sul";"Colisão traseira";0;0;1;1;0;0;0;0;0;0;1;0;1;0;0
"01/07/2022";"09:57:00";"270";"Acidente c";"212.9";"BR-116/SP";"Pista Sul";"Colisão traseira";1;0;0;1;0;0;0;0;0;0;2;2;0;0;0
"01/07/2022";"01:18:00";"392";"Acidente c";"229.8";"BR-116/SP";"Pista Sul";"Colisão traseira";1;0;0;1;0;0;0;0;0;0;2;1;0;0;0
"01/07/2022";"03:13:00";"468";"Acidente s";"141.7";"BR-116/SP";"Pista Norte";"Engavetamento";3;0;0;0;0;0;0;0;0;0;3;0;0;0;0
"01/07/2022";"04:12:00";"500";"Acidente s";"148.29";"BR-116/SP";"Pista Norte";"Abalroamento longitudinal";1;0;0;0;0;1;0;0;0;0;2;0;0;0;0
"01/07/2022";"05:33:00";"552";"Acidente c";"225";"BR-116/SP";"Pista Norte";"Engavetamento";3;0;1;1;0;0;0;0;0;0;7;2;0;0;0
"01/07/2022";"05:48:00";"563";"Atropelame";"210.8";"BR-116/SP";"Pista Sul";"Atropelamento de pedestre atravessando";0;1;0;0;1;0;0;0;0;0;1;0;0;1;0
"01/07/2022";"05:57:00";"570";"Acidente s";"203";"BR-116/SP";"Pista Norte";"Colisão traseira";2;0;0;0;0;0;0;0;0;0;2;0;0;0;0
"01/07/2022";"06:06:00";"575";"Acidente c";"149.3";"BR-116/SP";"Pista Norte";"Abalroamento longitudinal";0;0;0;2;0;1;0;0;0;0;1;2;0;0;0
"01/07/2022";"06:44:00";"601";"Acidente s";"240.9";"BR-116/RJ";"Pista Norte";"Choque em objeto na pista";1;0;0;0;0;0;0;0;0;0;2;0;0;0;0
"01/07/2022";"07:10:00";"621";"Acidente s";"308.7";"BR-116/RJ";"Pista Sul";"Choque em barreira New Jersey";1;0;0;0;0;1;0;0;0;0;2;0;0;0;0
"01/07/2022";"07:13:00";"625";"Acidente s";"201";"BR-116/SP";"Pista Sul";"Choque em objeto fixo";1;0;0;0;0;0;0;0;0;0;2;0;0;0;0
"01/07/2022";"07:45:00";"640";"Acidente c";"172.6";"BR-116/RJ";"Pista Norte";"Colisão traseira";1;0;0;0;0;1;0;0;0;0;2;0;1;0;0
"01/07/2022";"08:23:00";"654";"Acidente c";"175.85";"BR-116/RJ";"Pista Sul";"Queda de moto";0;0;0;1;0;0;0;0;0;0;0;2;0;0;0
"01/07/2022";"08:39:00";"662";"Acidente s";"147";"BR-116/SP";"Pista Sul";"Choque em objeto na pista";1;0;0;0;0;0;0;0;0;0;2;0;0;0;0
"02/07/2022";"12:33:00";"20";"Acidente s";"155.55";"BR-116/SP";"Pista Norte";"Choque em defensa";1;0;0;0;0;0;0;0;0;0;1;0;0;0;0
"02/07/2022";"01:13:00";"30";"Acidente c";"218.1";"BR-116/RJ";"Pista Norte";"Tombamento";0;0;1;0;0;0;0;0;0;0;1;1;0;0;0
"02/07/2022";"02:14:00";"40";"Acidente c";"169.4";"BR-116/RJ";"Pista Norte";"Capotamento";1;0;0;0;0;0;0;0;0;0;1;0;0;1;0
"02/07/2022";"02:43:00";"43";"Acidente s";"169.4";"BR-116/RJ";"Pista Norte";"Colisão traseira";0;0;0;1;0;0;0;0;0;1;2;0;0;0;0
"02/07/2022";"03:49:00";"49";"Acidente c";"173.8";"BR-116/RJ";"Pista Sul";"Colisão traseira";1;0;0;1;0;1;0;0;0;0;2;0;0;0;1
"02/07/2022";"04:07:00";"51";"Acidente s";"146.2";"BR-116/SP";"Pista Sul";"Colisão traseira";1;0;0;0;0;1;0;0;0;0;4;0;0;0;0
"02/07/2022";"04:28:00";"54";"Acidente s";"144.6";"BR-116/SP";"Pista Norte";"Choque em defensa";1;0;0;0;0;0;0;0;0;0;1;0;0;0;0
"02/07/2022";"05:31:00";"65";"Acidente s";"187";"BR-116/RJ";"Pista Norte";"Colisão traseira";1;0;0;0;0;1;0;0;0;0;2;0;0;0;0
"02/07/2022";"06:13:00";"73";"Acidente c";"176.2";"BR-116/RJ";"Pista Norte";"Capotamento";1;0;0;0;0;0;0;0;0;0;1;0;1;0;0
"02/07/2022";"08:18:00";"141";"Acidente s";"20.1";"BR-116/SP";"Pista Norte";"Abalroamento longitudinal";1;0;1;0;0;0;0;0;0;0;4;0;0;0;0
"02/07/2022";"09:26:00";"180";"Acidente c";"64.6";"BR-116/SP";"Pista Sul";"Choque em objeto na pista";0;0;0;1;0;1;0;0;0;0;1;0;1;1;0
"02/07/2022";"10:02:00";"202";"Acidente s";"107.3";"BR-116/SP";"Pista Norte";"Colisão traseira";2;0;0;0;0;0;0;0;0;0;3;0;0;0;0
"02/07/2022";"10:13:00";"208";"Acidente s";"109.9";"BR-116/SP";"Pista Norte";"Colisão traseira";2;0;0;0;0;0;0;0;0;0;2;0;0;0;0
"02/07/2022";"11:01:00";"226";"Acidente s";"227.7";"BR-116/SP";"Pista Sul";"Colisão traseira";2;0;0;0;0;0;0;0;0;0;3;0;0;0;0
"02/07/2022";"11:32:00";"238";"Acidente s";"54";"BR-116/SP";"Pista Sul";"Colisão traseira";3;0;0;0;0;0;0;0;0;0;6;0;0;0;0
"02/07/2022";"01:34:00";"291";"Acidente c";"269.2";"BR-116/RJ";"Pista Sul";"Queda de moto";0;0;0;1;0;0;0;0;0;0;0;0;1;0;0
"02/07/2022";"03:03:00";"332";"Acidente c";"167";"BR-116/RJ";"Pista Norte";"Colisão traseira";2;0;0;0;0;0;0;0;0;0;2;0;1;0;0
"02/07/2022";"03:50:00";"359";"Acidente s";"10.9";"BR-116/SP";"Pista Sul";"Choque em objeto na pista";0;0;2;0;0;0;0;0;0;0;2;0;0;0;0
"02/07/2022";"04:22:00";"376";"Acidente c";"290.35";"BR-116/RJ";"Pista Sul";"Choque em barreira New Jersey";1;0;0;0;0;0;0;0;0;0;1;1;0;0;0
"02/07/2022";"04:48:00";"387";"Acidente s";"267.45";"BR-116/RJ";"Pista Sul";"Colisão traseira";0;0;1;0;0;1;0;0;0;0;2;0;0;0;0
"02/07/2022";"06:12:00";"426";"Acidente c";"130";"BR-116/SP";"Pista Sul";"Engavetamento";1;0;2;0;0;0;0;0;0;0;3;1;0;0;0
"02/07/2022";"06:27:00";"438";"Acidente s";"217.5";"BR-116/RJ";"Pista Sul";"Choque em objeto na pista";1;0;0;0;0;0;0;0;0;0;1;0;0;0;0
"02/07/2022";"11:05:00";"537";"Acidente s";"50.3";"BR-116/SP";"Pista Norte";"Queda de ribanceira";1;0;0;0;0;0;0;0;0;0;1;0;0;0;0