data;horario;n_da_ocorrencia;tipo_de_ocorrencia;km;trecho;sentido;tipo_de_acidente;automovel;bicicleta;caminhao;moto;onibus;outros;tracao_animal;transporte_de_cargas_especiais;trator_maquinas;utilitarios;ilesos;levemente_feridos;moderadamente_feridos;gravemente_feridos;mortos
"02/07/2022";"11:55:00";"547";"Acidente s";"278.4";"BR-116/RJ";"Pista Sul";"Atropelamento de animal";1;0;0;0;0;0;0;0;0;0;1;0;0;0;0
"03/07/2022";"12:51:00";"19";"Acidente c";"146.3";"BR-116/SP";"Pista Norte";"Colisão traseira";1;0;0;1;0;0;0;0;0;0;0;2;0;0;0
"03/07/2022";"03:00:00";"35";"Acidente s";"165.2";"BR-116/RJ";"Pista Norte";"Choque em barreira New Jersey";1;0;0;0;0;0;0;0;0;0;1;0;0;0;0
"03/07/2022";"03:24:00";"40";"Acidente c";"224.85";"BR-116/SP";"Pista Norte";"Engavetamento";3;0;0;0;0;0;0;0;0;0;2;0;1;0;0
"03/07/2022";"04:32:00";"48";"Acidente c";"220.8";"BR-116/SP";"Pista Norte";"Abalroamento longitudinal";0;0;1;1;0;0;0;0;0;0;1;1;0;0;0
"03/07/2022";"05:35:00";"53";"Acidente c";"199.5";"BR-116/RJ";"Pista Norte";"Queda de ribanceira";0;0;0;0;0;0;0;0;0;1;14;5;0;0;0
"03/07/2022";"05:47:00";"55";"Acidente s";"98";"BR-116/SP";"Pista Norte";"Outros";1;0;0;0;0;0;0;0;0;0;5;0;0;0;0
"03/07/2022";"06:56:00";"79";"Acidente s";"209.9";"BR-116/SP";"Pista Sul";"Abalroamento longitudinal";1;0;1;0;0;0;0;0;0;0;5;0;0;0;0
"03/07/2022";"08:13:00";"105";"Acidente s";"275.2";"BR-116/RJ";"Pista Norte";"Abalroamento longitudinal";1;0;0;0;0;1;0;0;0;0;2;0;0;0;0
"03/07/2022";"09:31:00";"140";"Acidente c";"173.1";"BR-116/RJ";"Pista Norte";"Queda de moto";0;0;0;1;0;0;0;0;0;0;0;1;0;0;0
"03/07/2022";"09:41:00";"143";"Acidente c";"202.3";"BR-116/SP";"Pista Norte";"Choque em objeto fixo";1;0;0;0;0;0;0;0;0;0;2;1;0;0;0
"03/07/2022";"02:03:00";"260";"Acidente s";"223.6";"BR-116/SP";"Pista Sul";"Engavetamento";5;0;0;0;0;0;0;0;0;0;5;0;0;0;0
"03/07/2022";"03:05:00";"292";"Acidente s";"164.6";"BR-116/RJ";"Pista Norte";"Colisão traseira";1;0;0;0;0;1;0;0;0;0;2;0;0;0;0
"03/07/2022";"03:55:00";"322";"Acidente c";"220.7";"BR-116/SP";"Pista Norte";"Choque em veículo parado na pista";1;0;0;1;0;0;0;0;0;0;2;1;0;0;0
"03/07/2022";"05:23:00";"356";"Acidente s";"229.8";"BR-116/RJ";"Pista Norte";"Colisão traseira";2;0;0;0;0;0;0;0;0;0;2;0;0;0;0
"03/07/2022";"06:43:00";"388";"Acidente s";"207.1";"BR-116/RJ";"Pista Norte";"Engavetamento";2;0;0;0;1;0;0;0;0;0;3;0;0;0;0
"03/07/2022";"08:28:00";"441";"Acidente s";"206";"BR-116/SP";"Pista Sul";"Engavetamento";4;0;0;0;0;0;0;0;0;0;10;0;0;0;0
"03/07/2022";"11:10:00";"485";"Acidente s";"182.6";"BR-116/RJ";"Pista Sul";"Choque em defensa";1;0;0;0;0;0;0;0;0;0;1;0;0;0;0
"03/07/2022";"11:49:00";"496";"Acidente s";"227.9";"BR-116/SP";"Pista Sul";"Colisão traseira";2;0;0;0;0;0;0;0;0;0;2;0;0;0;0
"04/07/2022";"12:26:00";"20";"Acidente c";"227.5";"BR-116/SP";"Pista Sul";"Colisão traseira";1;0;1;0;0;0;0;0;0;0;1;0;0;1;0
"04/07/2022";"03:10:00";"44";"Acidente c";"5.8";"BR-116/SP";"Pista Norte";"Colisão frontal";1;0;0;0;1;0;0;0;0;0;38;0;1;0;0
"04/07/2022";"04:24:00";"54";"Acidente c";"177";"BR-116/RJ";"Pista Sul";"Colisão traseira";2;0;0;0;0;0;0;0;0;0;2;1;0;0;0
"04/07/2022";"08:30:00";"146";"Acidente s";"219.1";"BR-116/SP";"Pista Sul";"Colisão traseira";1;0;1;0;0;0;0;0;0;0;2;0;0;0;0
"04/07/2022";"08:57:00";"159";"Acidente s";"217.85";"BR-116/SP";"Pista Sul";"Colisão traseira";0;0;0;1;0;1;0;0;0;0;2;0;0;0;0
"04/07/2022";"12:37:00";"294";"Acidente c";"212";"BR-116/SP";"Pista Sul";"Tombamento";1;0;0;0;0;0;0;0;0;0;0;1;0;0;0
"04/07/2022";"03:28:00";"387";"Acidente c";"176.2";"BR-116/RJ";"Pista Sul";"Engavetamento";3;0;0;0;0;0;0;0;0;0;4;1;0;0;0
"04/07/2022";"03:32:00";"390";"Acidente s";"176";"BR-116/RJ";"Pista Sul";"Colisão traseira";1;0;1;0;0;0;0;0;0;0;2;0;0;0;0
"04/07/2022";"03:46:00";"397";"Atropelame";"226.9";"BR-116/SP";"Pista Sul";"Atropelamento de pedestre atravessando";1;0;0;0;0;0;0;0;0;0;1;1;0;0;0
"04/07/2022";"05:20:00";"438";"Acidente c";"217.1";"BR-116/SP";"Pista Sul";"Colisão traseira";0;0;0;1;0;1;0;0;0;0;1;0;1;0;0
"04/07/2022";"06:10:00";"470";"Atropelame";"311.9";"BR-116/RJ";"Pista Sul";"Atropelamento de pedestre atravessando";0;0;0;1;0;0;0;0;0;0;0;0;1;0;1
"04/07/2022";"06:41:00";"485";"Acidente s";"7.6";"BR-116/SP";"Pista Sul";"Choque Talude";0;0;1;0;0;1;0;0;0;0;2;0;0;0;0
"04/07/2022";"06:43:00";"488";"Acidente s";"311.8";"BR-116/RJ";"Pista Sul";"Colisão traseira";1;0;0;0;0;1;0;0;0;0;2;0;0;0;0
"04/07/2022";"09:49:00";"552";"Acidente s";"112.9";"BR-116/SP";"Pista Sul";"Capotamento";1;0;0;0;0;0;0;0;0;0;2;0;0;0;0
"04/07/2022";"10:31:00";"564";"Acidente s";"330";"BR-116/RJ";"Pista Norte";"Choque em objeto na pista";1;0;0;0;0;0;0;0;0;0;2;0;0;0;0
"04/07/2022";"10:52:00";"568";"Acidente c";"206.7";"BR-116/SP";"Pista Norte";"Abalroamento longitudinal";1;0;0;0;0;1;0;0;0;0;1;1;0;0;0
"05/07/2022";"01:10:00";"21";"Acidente c";"204.5";"BR-116/SP";"Pista Sul";"Colisão traseira";0;0;2;0;0;0;0;0;0;0;1;1;0;0;0
"05/07/2022";"06:23:00";"67";"Acidente s";"38.2";"BR-116/SP";"Pista Norte";"Choque em objeto na pista";0;0;1;0;0;0;0;0;0;0;1;0;0;0;0
"05/07/2022";"06:34:00";"73";"Acidente c";"169.45";"BR-116/RJ";"Pista Norte";"Colisão traseira";1;0;0;1;0;0;0;0;0;0;1;1;0;0;0
"05/07/2022";"06:42:00";"79";"Acidente s";"245.35";"BR-116/RJ";"Pista Norte";"Choque em objeto fixo";0;0;1;0;0;0;0;0;0;0;1;0;0;0;0
"05/07/2022";"07:03:00";"89";"Acidente s";"211";"BR-116/SP";"Pista Norte";"Colisão traseira";2;0;0;0;0;0;0;0;0;0;2;0;0;0;0
"05/07/2022";"07:07:00";"92";"Acidente s";"174";"BR-116/RJ";"Pista Sul";"Engavetamento";3;0;0;0;0;0;0;0;0;0;3;0;0;0;0
"05/07/2022";"07:28:00";"97";"Acidente c";"178.25";"BR-116/RJ";"Pista Norte";"Abalroamento longitudinal";0;0;0;1;0;1;0;0;0;0;1;0;1;0;0
"05/07/2022";"07:33:00";"102";"Acidente c";"214.6";"BR-116/SP";"Pista Norte";"Choque em barreira New Jersey";1;0;0;0;0;0;0;0;0;0;0;2;0;0;0
"05/07/2022";"08:18:00";"128";"Acidente s";"215.5";"BR-116/SP";"Pista Norte";"Engavetamento";4;0;0;0;0;0;0;0;0;0;4;0;0;0;0
"05/07/2022";"08:26:00";"135";"Acidente c";"50.6";"BR-116/SP";"Pista Norte";"Capotamento";1;0;0;0;0;1;0;0;0;0;3;1;0;0;0
"05/07/2022";"08:54:00";"165";"Acidente c";"227.15";"BR-116/SP";"Pista Sul";"Engavetamento";1;0;0;1;0;2;0;0;0;0;3;1;0;0;0
"05/07/2022";"09:08:00";"174";"Acidente c";"185.4";"BR-116/RJ";"Pista Sul";"Abalroamento longitudinal";1;0;1;0;0;0;0;0;0;0;1;1;0;0;0
"05/07/2022";"09:21:00";"182";"Acidente s";"143";"BR-116/SP";"Pista Norte";"Colisão traseira";2;0;0;0;0;0;0;0;0;0;4;0;0;0;0
"05/07/2022";"09:53:00";"202";"Acidente s";"224.5";"BR-116/RJ";"Pista Norte";"Abalroamento longitudinal";1;0;1;0;0;0;0;0;0;0;3;0;0;0;0
"05/07/2022";"02:17:00";"318";"Acidente c";"207.5";"BR-116/SP";"Pista Norte";"Colisão traseira";1;0;1;0;0;0;0;0;0;0;1;0;1;0;0
"05/07/2022";"03:19:00";"344";"Acidente s";"297.7";"BR-116/RJ";"Pista Sul";"Abalroamento longitudinal";2;0;0;0;0;0;0;0;0;0;2;0;0;0;0
"05/07/2022";"04:08:00";"369";"Acidente s";"201";"BR-116/SP";"Pista Norte";"Choque em objeto fixo";1;0;0;0;0;0;0;0;0;0;1;0;0;0;0
"05/07/2022";"04:24:00";"381";"Acidente s";"222";"BR-116/RJ";"Pista Norte";"Engavetamento";1;0;2;0;0;0;0;0;0;0;7;0;0;0;0
"05/07/2022";"04:51:00";"396";"Acidente c";"186.73";"BR-116/RJ";"Pista Sul";"Queda de moto";0;0;0;1;0;0;0;0;0;0;0;1;0;0;0
"05/07/2022";"05:07:00";"398";"Acidente s";"212";"BR-116/SP";"Pista Norte";"Colisão traseira";1;0;0;0;0;1;0;0;0;0;2;0;0;0;0
"05/07/2022";"06:03:00";"433";"Acidente s";"191.01";"BR-116/RJ";"Pista Sul";"Colisão traseira";0;0;2;0;0;0;0;0;0;0;2;0;0;0;0
"05/07/2022";"06:04:00";"435";"Acidente s";"228.4";"BR-116/SP";"Pista Norte";"Engavetamento";3;0;0;0;0;0;0;0;0;0;3;0;0;0;0
"05/07/2022";"06:27:00";"462";"Acidente s";"160";"BR-116/SP";"Pista Norte";"Abalroamento longitudinal";1;0;1;0;0;0;0;0;0;0;5;0;0;0;0
"05/07/2022";"06:39:00";"470";"Acidente s";"147";"BR-116/SP";"Pista Sul";"Choque em objeto fixo";1;0;0;0;0;0;0;0;0;0;1;0;0;0;0
"05/07/2022";"06:40:00";"471";"Acidente s";"160.5";"BR-116/SP";"Pista Norte";"Abalroamento longitudinal";0;0;1;0;0;0;0;0;0;1;2;0;0;0;0
"05/07/2022";"07:17:00";"492";"Acidente c";"250";"BR-116/RJ";"Pista Norte";"Queda de moto";0;0;0;1;0;0;0;0;0;0;0;1;0;0;0
"05/07/2022";"11:12:00";"570";"Acidente c";"182";"BR-116/RJ";"Pista Sul";"Colisão traseira";2;0;0;0;0;0;0;0;0;0;2;0;1;0;0
"06/07/2022";"05:44:00";"50";"Acidente c";"174.5";"BR-116/RJ";"Pista Norte";"Engavetamento";5;0;1;0;0;0;0;0;0;0;5;2;0;0;0
"06/07/2022";"06:11:00";"61";"Acidente c";"212.7";"BR-116/SP";"Pista Sul";"Colisão traseira";1;0;0;1;0;0;0;0;0;0;1;1;0;0;0
"06/07/2022";"06:11:00";"60";"Acidente s";"224.8";"BR-116/RJ";"Pista Norte";"Abalroamento longitudinal";1;0;0;0;0;1;0;0;0;0;2;0;0;0;0
"06/07/2022";"07:51:00";"128";"Acidente s";"159.1";"BR-116/SP";"Pista Sul";"Colisão traseira";3;0;0;0;0;0;0;0;0;0;3;0;0;0;0
"06/07/2022";"08:56:00";"176";"Acidente s";"117.3";"BR-116/SP";"Pista Norte";"Colisão traseira";0;0;2;0;0;0;0;0;0;0;3;0;0;0;0
"06/07/2022";"09:36:00";"216";"Acidente s";"29";"BR-116/SP";"Pista Sul";"Engavetamento";1;0;3;0;0;0;0;0;0;0;5;0;0;0;0
"06/07/2022";"09:50:00";"225";"Acidente s";"212.6";"BR-116/RJ";"Pista Sul";"Abalroamento longitudinal";0;0;2;0;0;0;0;0;0;0;2;0;0;0;0
"06/07/2022";"10:06:00";"234";"Acidente s";"254.2";"BR-116/RJ";"Pista Norte";"Choque em objeto na pista";0;0;0;0;0;0;0;0;0;1;1;0;0;0;0
"06/07/2022";"10:21:00";"249";"Acidente c";"180.2";"BR-116/RJ";"Pista Sul";"Colisão traseira";0;0;0;1;0;1;0;0;0;0;1;1;0;0;0
"06/07/2022";"10:50:00";"265";"Acidente c";"273.7";"BR-116/RJ";"Pista Sul";"Queda de moto";0;0;0;1;0;0;0;0;0;0;0;0;1;0;0
"06/07/2022";"11:50:00";"297";"Acidente c";"173.7";"BR-116/RJ";"Pista Norte";"Colisão traseira";1;0;0;1;0;0;0;0;0;0;2;0;1;0;0
"06/07/2022";"02:02:00";"377";"Acidente s";"318.95";"BR-116/RJ";"Pista Sul";"Colisão traseira";2;0;0;0;0;0;0;0;0;0;6;0;0;0;0
"06/07/2022";"02:38:00";"402";"Acidente s";"172.8";"BR-116/RJ";"Pista Norte";"Colisão traseira";1;0;0;0;0;1;0;0;0;0;2;0;0;0;0
"06/07/2022";"02:58:00";"415";"Acidente s";"173.2";"BR-116/RJ";"Pista Norte";"Colisão traseira";2;0;0;0;0;0;0;0;0;0;2;0;0;0;0
"06/07/2022";"03:00:00";"417";"Acidente s";"175.45";"BR-116/SP";"Pista Sul";"Choque em objeto na pista";0;0;0;0;1;0;0;0;0;0;20;0;0;0;0
"06/07/2022";"03:13:00";"426";"Acidente s";"172.8";"BR-116/RJ";"Pista Norte";"Colisão traseira";0;0;0;0;0;1;0;0;0;1;2;0;0;0;0
"06/07/2022";"03:54:00";"463";"Acidente c";"46.2";"BR-116/SP";"Pista Norte";"Colisão traseira";0;0;1;0;0;0;0;0;0;1;4;1;0;0;0
"06/07/2022";"05:36:00";"514";"Acidente s";"243.9";"BR-116/RJ";"Pista Norte";"Queda de ribanceira";0;0;1;0;0;0;0;0;0;0;1;0;0;0;0
"06/07/2022";"06:42:00";"557";"Acidente s";"157";"BR-116/SP";"Pista Sul";"Engavetamento";2;0;0;0;0;1;0;0;0;0;5;0;0;0;0
"06/07/2022";"06:44:00";"561";"Acidente s";"222.1";"BR-116/SP";"Pista Norte";"Engavetamento";2;0;1;0;0;0;0;0;0;0;4;0;0;0;0
"06/07/2022";"06:46:00";"562";"Acidente s";"228.5";"BR-116/SP";"Pista Sul";"Choque em objeto na pista";2;0;0;0;0;0;0;0;0;0;2;0;0;0;0
"06/07/2022";"07:57:00";"594";"Acidente s";"204.7";"BR-116/SP";"Pista Norte";"Abalroamento longitudinal";1;0;1;0;0;0;0;0;0;0;2;0;0;0;0
"06/07/2022";"08:12:00";"601";"Acidente s";"204.6";"BR-116/RJ";"Pista Sul";"Choque em objeto na pista";1;0;0;0;0;0;0;0;0;0;2;0;0;0;0
"06/07/2022";"09:23:00";"629";"Acidente c";"273.39";"BR-116/RJ";"Pista Sul";"Tombamento";0;0;1;0;0;0;0;0;0;0;0;1;0;0;0
"06/07/2022";"09:42:00";"635";"Acidente s";"223";"BR-116/SP";"Pista Sul";"Choque em objeto fixo";1;0;0;0;0;0;0;0;0;0;1;0;0;0;0
"07/07/2022";"01:12:00";"31";"Acidente s";"24.75";"BR-116/SP";"Pista Norte";"Colisão traseira";0;0;2;0;0;0;0;0;0;0;2;0;0;0;0
"07/07/2022";"04:05:00";"63";"Acidente s";"220";"BR-116/SP";"Pista Norte";"Colisão traseira";1;0;0;0;0;1;0;0;0;0;2;0;0;0;0
"07/07/2022";"05:05:00";"73";"Acidente c";"136.5";"BR-116/SP";"Pista Sul";"Colisão traseira";0;0;1;0;1;0;0;0;0;0;13;1;0;0;0
"07/07/2022";"08:52:00";"207";"Acidente c";"146.1";"BR-116/SP";"Pista Sul";"Queda de moto";0;0;0;1;0;0;0;0;0;0;0;1;0;0;0
"07/07/2022";"09:25:00";"227";"Acidente s";"144.3";"BR-116/SP";"Pista Sul";"Engavetamento";3;0;0;0;0;0;0;0;0;0;4;0;0;0;0
"07/07/2022";"11:16:00";"278";"Acidente c";"229.95";"BR-116/SP";"Pista Sul";"Colisão traseira";1;0;0;0;0;0;0;0;0;1;1;1;0;0;0
"07/07/2022";"11:32:00";"286";"Acidente s";"220.7";"BR-116/SP";"Pista Norte";"Abalroamento longitudinal";1;0;1;0;0;0;0;0;0;0;2;0;0;0;0
"07/07/2022";"12:29:00";"308";"Acidente c";"129.2";"BR-116/SP";"Pista Sul";"Colisão traseira";0;0;0;1;0;1;0;0;0;0;1;1;0;0;0
"07/07/2022";"02:32:00";"381";"Acidente s";"138.2";"BR-116/SP";"Pista Sul";"Choque em objeto na pista";1;0;1;0;0;0;0;0;0;0;2;0;0;0;0
"07/07/2022";"03:52:00";"430";"Acidente c";"98.5";"BR-116/SP";"Pista Norte";"Choque em objeto fixo";1;0;0;0;0;0;0;0;0;0;3;2;0;0;0
"07/07/2022";"05:00:00";"460";"Acidente c";"178.4";"BR-116/RJ";"Pista Norte";"Queda de moto";0;0;0;1;0;0;0;0;0;0;0;0;1;0;0
"07/07/2022";"07:37:00";"554";"Acidente s";"168.7";"BR-116/RJ";"Pista Sul";"Colisão traseira";1;0;1;0;0;0;0;0;0;0;2;0;0;0;0
"07/07/2022";"09:12:00";"594";"Acidente s";"197.9";"BR-116/RJ";"Pista Sul";"Choque em objeto na pista";1;0;0;0;0;0;0;0;0;0;1;0;0;0;0
"07/07/2022";"10:34:00";"612";"Acidente c";"148";"BR-116/SP";"Pista Sul";"Colisão traseira";2;0;0;0;0;0;0;0;0;0;4;1;0;0;0
"08/07/2022";"12:21:00";"20";"Acidente c";"292.4";"BR-116/RJ";"Pista Norte";"Queda de ribanceira";1;0;0;0;0;0;0;0;0;0;0;0;1;0;0
"08/07/2022";"01:38:00";"43";"Acidente s";"23.8";"BR-116/SP";"Pista Norte";"Colisão traseira";0;0;1;0;0;1;0;0;0;0;2;0;0;0;0
"08/07/2022";"02:17:00";"54";"Acidente s";"319.5";"BR-116/RJ";"Pista Norte";"Choque em objeto na pista";0;0;1;0;0;0;0;0;0;0;1;0;0;0;0
"08/07/2022";"07:05:00";"117";"Acidente c";"217.15";"BR-116/SP";"Pista Norte";"Colisão traseira";1;0;0;1;0;0;0;0;0;0;2;1;0;0;0
"08/07/2022";"07:15:00";"125";"Acidente s";"166.1";"BR-116/RJ";"Pista Sul";"Engavetamento";4;0;0;0;0;0;0;0;0;0;5;0;0;0;0
"08/07/2022";"08:33:00";"203";"Acidente s";"116.8";"BR-116/SP";"Pista Norte";"Colisão traseira";2;0;0;0;0;0;0;0;0;0;2;0;0;0;0
"08/07/2022";"08:38:00";"209";"Acidente c";"143.4";"BR-116/SP";"Pista Norte";"Engavetamento";2;0;1;0;0;0;0;0;0;0;3;1;0;0;0
"08/07/2022";"10:25:00";"291";"Acidente s";"144.1";"BR-116/SP";"Pista Norte";"Colisão traseira";1;0;0;0;0;0;0;0;0;1;2;0;0;0;0
"08/07/2022";"11:29:00";"321";"Acidente s";"109.6";"BR-116/SP";"Pista Sul";"Colisão traseira";1;0;0;0;0;0;0;0;0;1;2;0;0;0;0
"08/07/2022";"11:51:00";"328";"Acidente s";"209.2";"BR-116/SP";"Pista Sul";"Colisão traseira";2;0;0;0;0;0;0;0;0;0;3;0;0;0;0
"08/07/2022";"12:24:00";"341";"Acidente s";"145.1";"BR-116/SP";"Pista Norte";"Choque em objeto fixo";1;0;0;0;0;0;0;0;0;0;1;0;0;0;0
"08/07/2022";"01:13:00";"363";"Acidente c";"221.4";"BR-116/SP";"Pista Sul";"Colisão traseira";0;0;1;1;0;0;0;0;0;0;1;0;1;0;0
"08/07/2022";"03:12:00";"418";"Acidente s";"70";"BR-116/SP";"Pista Sul";"Abalroamento longitudinal";0;0;2;0;0;0;0;0;0;0;2;0;0;0;0
"08/07/2022";"04:33:00";"455";"Acidente s";"145.8";"BR-116/SP";"Pista Norte";"Colisão traseira";2;0;0;0;0;0;0;0;0;0;2;0;0;0;0
"08/07/2022";"04:46:00";"465";"Acidente s";"204.5";"BR-116/SP";"Pista Sul";"Colisão traseira";1;0;1;0;0;0;0;0;0;0;4;0;0;0;0
"08/07/2022";"05:07:00";"474";"Acidente s";"134.4";"BR-116/SP";"Pista Sul";"Colisão traseira";2;0;0;0;0;0;0;0;0;0;2;0;0;0;0
"08/07/2022";"05:56:00";"507";"Acidente c";"162.4";"BR-116/SP";"Pista Norte";"Choque em objeto na pista";0;0;0;1;0;0;0;0;0;0;0;1;0;0;0
"08/07/2022";"06:30:00";"522";"Acidente s";"214.95";"BR-116/SP";"Pista Norte";"Capotamento";1;0;0;0;0;0;0;0;0;0;1;0;0;0;0
"08/07/2022";"07:23:00";"547";"Acidente s";"209.25";"BR-116/SP";"Pista Sul";"Engavetamento";1;0;0;0;0;2;0;0;0;0;3;0;0;0;0
"08/07/2022";"09:42:00";"606";"Acidente s";"177.7";"BR-116/RJ";"Pista Sul";"Choque Talude";1;0;0;0;0;0;0;0;0;0;1;0;0;0;0
"08/07/2022";"09:51:00";"607";"Acidente c";"202.5";"BR-116/RJ";"Pista Norte";"Abalroamento longitudinal";0;0;2;1;0;0;0;0;0;0;1;0;0;2;2
"08/07/2022";"10:15:00";"617";"Acidente s";"211.5";"BR-116/SP";"Pista Norte";"Colisão traseira";2;0;0;0;0;0;0;0;0;0;3;0;0;0;0
"08/07/2022";"11:27:00";"640";"Acidente c";"216.7";"BR-116/SP";"Pista Norte";"Engavetamento";2;0;0;1;0;1;0;0;0;0;7;1;0;0;0
"09/07/2022";"02:13:00";"36";"Acidente c";"224.5";"BR-116/SP";"Pista Sul";"Colisão traseira";2;0;0;0;0;0;0;0;0;0;2;1;0;0;0
"09/07/2022";"02:25:00";"40";"Acidente c";"166.8";"BR-116/RJ";"Pista Norte";"Capotamento";1;0;0;0;0;0;0;0;0;0;0;1;1;0;0
"09/07/2022";"05:06:00";"50";"Acidente c";"73.3";"BR-116/SP";"Pista Sul";"Choque em objeto fixo";1;0;0;0;0;0;0;0;0;0;2;1;0;0;0
"09/07/2022";"05:11:00";"52";"Acidente s";"187.8";"BR-116/RJ";"Pista Sul";"Capotamento";1;0;0;0;0;0;0;0;0;0;3;0;0;0;0
"09/07/2022";"06:30:00";"66";"Acidente c";"171";"BR-116/RJ";"Pista Norte";"Choque em barreira New Jersey";1;0;0;0;0;0;0;0;0;0;2;1;0;0;0
"09/07/2022";"07:57:00";"104";"Acidente s";"101.85";"BR-116/SP";"Pista Norte";"Colisão traseira";2;0;0;0;0;0;0;0;0;0;3;0;0;0;0
"09/07/2022";"08:42:00";"122";"Acidente c";"115.5";"BR-116/SP";"Pista Norte";"Engavetamento";4;0;0;0;0;1;0;0;0;0;13;2;0;0;0
"09/07/2022";"08:52:00";"131";"Acidente s";"135.4";"BR-116/SP";"Pista Norte";"Engavetamento";3;0;0;0;0;1;0;0;0;0;13;0;0;0;0
"09/07/2022";"09:03:00";"135";"Acidente c";"218.95";"BR-116/SP";"Pista Norte";"Engavetamento";1;0;1;1;0;0;0;0;0;0;3;0;1;0;0
"09/07/2022";"09:26:00";"147";"Acidente s";"140.8";"BR-116/SP";"Pista Norte";"Engavetamento";3;0;0;0;0;0;0;0;0;0;3;0;0;0;0
"09/07/2022";"09:39:00";"154";"Acidente s";"185.6";"BR-116/RJ";"Pista Sul";"Colisão traseira";1;0;0;0;1;0;0;0;0;0;26;0;0;0;0
"09/07/2022";"11:14:00";"192";"Acidente s";"121.9";"BR-116/SP";"Pista Norte";"Colisão traseira";0;0;0;1;0;1;0;0;0;0;2;0;0;0;0
"09/07/2022";"11:17:00";"194";"Acidente s";"140.7";"BR-116/SP";"Pista Norte";"Colisão traseira";1;0;0;0;0;1;0;0;0;0;2;0;0;0;0
"09/07/2022";"11:28:00";"200";"Acidente s";"117.85";"BR-116/SP";"Pista Norte";"Colisão traseira";2;0;0;0;0;0;0;0;0;0;3;0;0;0;0
"09/07/2022";"11:46:00";"206";"Acidente s";"117.85";"BR-116/SP";"Pista Norte";"Engavetamento";3;0;0;0;0;0;0;0;0;0;6;0;0;0;0
"09/07/2022";"12:33:00";"226";"Acidente c";"112.8";"BR-116/SP";"Pista Sul";"Abalroamento longitudinal";1;0;1;0;0;0;0;0;0;0;2;1;0;0;0
"09/07/2022";"12:55:00";"234";"Acidente s";"206.7";"BR-116/SP";"Pista Norte";"Colisão traseira";2;0;0;0;0;0;0;0;0;0;2;0;0;0;0
"09/07/2022";"01:32:00";"244";"Acidente s";"155.7";"BR-116/SP";"Pista Sul";"Choque em objeto na pista";1;0;0;0;0;0;0;0;0;0;1;0;0;0;0
"09/07/2022";"02:29:00";"260";"Acidente s";"160.8";"BR-116/SP";"Pista Norte";"Choque em defensa";1;0;0;0;0;0;0;0;0;0;3;0;0;0;0
"09/07/2022";"03:13:00";"287";"Acidente c";"107.1";"BR-116/SP";"Pista Sul";"Engavetamento";8;0;0;0;0;0;0;0;0;0;24;1;1;0;0
"09/07/2022";"03:47:00";"302";"Acidente s";"101.1";"BR-116/SP";"Pista Sul";"Choque em objeto fixo";0;0;1;0;0;0;0;0;0;0;1;0;0;0;0
"09/07/2022";"04:59:00";"333";"Acidente c";"121";"BR-116/SP";"Pista Sul";"Engavetamento";3;0;0;1;0;0;0;0;0;0;2;0;4;0;0
"09/07/2022";"06:46:00";"375";"Acidente c";"168.2";"BR-116/RJ";"Pista Norte";"Colisão traseira";2;0;0;0;0;0;0;0;0;0;7;1;1;0;0
"09/07/2022";"08:11:00";"412";"Acidente s";"316.2";"BR-116/RJ";"Pista Norte";"Choque em barreira New Jersey";1;0;0;0;0;0;0;0;0;0;1;0;0;0;0
"09/07/2022";"08:34:00";"421";"Acidente s";"256.7";"BR-116/RJ";"Pista Norte";"Choque em objeto fixo";0;0;0;0;0;0;0;0;0;1;1;0;0;0;0
"09/07/2022";"08:59:00";"429";"Acidente c";"211.5";"BR-116/SP";"Pista Sul";"Queda de moto";0;0;0;1;0;0;0;0;0;0;0;0;1;0;0
"09/07/2022";"10:41:00";"451";"Acidente s";"146";"BR-116/SP";"Pista Sul";"Choque em objeto fixo";1;0;0;0;0;0;0;0;0;0;2;0;0;0;0
"09/07/2022";"11:21:00";"462";"Acidente s";"217";"BR-116/RJ";"Pista Sul";"Choque em objeto na pista";1;0;0;0;0;0;0;0;0;0;1;0;0;0;0
"10/07/2022";"02:48:00";"50";"Acidente s";"226.5";"BR-116/SP";"Pista Norte";"Colisão traseira";2;0;0;0;0;0;0;0;0;0;4;0;0;0;0
"10/07/2022";"03:06:00";"57";"Acidente c";"206.5";"BR-116/SP";"Pista Sul";"Choque em objeto fixo";1;0;0;0;0;0;0;0;0;0;0;1;0;0;0
"10/07/2022";"03:14:00";"59";"Acidente c";"179";"BR-116/RJ";"Pista Sul";"Colisão traseira";2;0;0;0;0;0;0;0;0;0;1;0;1;0;0
"10/07/2022";"04:42:00";"72";"Acidente s";"281";"BR-116/RJ";"Pista Norte";"Choque em objeto fixo";1;0;0;0;0;0;0;0;0;0;1;0;0;0;0
"10/07/2022";"05:00:00";"74";"Acidente s";"56.5";"BR-116/SP";"Pista Norte";"Colisão traseira";1;0;1;0;0;0;0;0;0;0;2;0;0;0;0
"10/07/2022";"06:53:00";"103";"Acidente c";"168";"BR-116/RJ";"Pista Sul";"Colisão traseira";1;0;0;1;0;0;0;0;0;0;2;1;0;0;0
"10/07/2022";"06:53:00";"102";"Acidente s";"291.6";"BR-116/RJ";"Pista Sul";"Choque em barreira New Jersey";1;0;0;0;0;0;0;0;0;0;1;0;0;0;0