data;horario;n_da_ocorrencia;tipo_de_ocorrencia;km;trecho;sentido;tipo_de_acidente;automovel;bicicleta;caminhao;moto;onibus;outros;tracao_animal;transporte_de_cargas_especiais;trator_maquinas;utilitarios;ilesos;levemente_feridos;moderadamente_feridos;gravemente_feridos;mortos
"10/07/2022";"11:45:00";"229";"Acidente c";"103.15";"BR-116/SP";"Pista Sul";"Abalroamento longitudinal";1;0;0;1;0;0;0;0;0;0;1;2;0;0;0
"10/07/2022";"01:40:00";"267";"Acidente c";"195.1";"BR-116/RJ";"Pista Sul";"Queda de moto";0;0;0;1;0;0;0;0;0;0;0;0;1;0;0
"10/07/2022";"03:11:00";"314";"Acidente s";"96.6";"BR-116/SP";"Pista Sul";"Engavetamento";3;0;0;0;0;1;0;0;0;0;11;0;0;0;0
"10/07/2022";"06:19:00";"414";"Acidente s";"230.62";"BR-116/SP";"Pista Norte";"Abalroamento longitudinal";1;0;1;0;0;0;0;0;0;0;5;0;0;0;0
"10/07/2022";"08:00:00";"459";"Acidente s";"172.2";"BR-116/SP";"Pista Norte";"Abalroamento longitudinal";1;0;0;0;0;1;0;0;0;0;4;0;0;0;0
"10/07/2022";"08:44:00";"473";"Acidente s";"156.7";"BR-116/SP";"Pista Sul";"Colisão traseira";1;0;1;0;0;0;0;0;0;0;2;0;0;0;0
"10/07/2022";"08:58:00";"479";"Acidente s";"219.93";"BR-116/SP";"Pista Norte";"Colisão traseira";1;0;0;0;0;1;0;0;0;0;4;0;0;0;0
"10/07/2022";"09:24:00";"485";"Acidente c";"170.5";"BR-116/SP";"Pista Norte";"Abalroamento longitudinal";1;0;1;0;0;0;0;0;0;0;44;4;0;0;0
"10/07/2022";"11:27:00";"520";"Acidente s";"161.5";"BR-116/SP";"Pista Sul";"Capotamento";1;0;0;0;0;0;0;0;0;0;1;0;0;0;0
"10/07/2022";"11:45:00";"523";"Acidente c";"179.25";"BR-116/RJ";"Pista Norte";"Choque em defensa";1;0;0;0;0;0;0;0;0;0;0;1;1;0;0
"11/07/2022";"12:42:00";"23";"Acidente c";"178.5";"BR-116/RJ";"Pista Norte";"Queda de moto";0;0;0;1;0;0;0;0;0;0;0;1;0;0;0
"11/07/2022";"03:19:00";"39";"Acidente s";"183.65";"BR-116/RJ";"Pista Norte";"Choque em objeto fixo";1;0;0;0;0;0;0;0;0;0;1;0;0;0;0
"11/07/2022";"04:49:00";"50";"Acidente s";"171";"BR-116/SP";"Pista Sul";"Choque em objeto na pista";1;0;0;0;0;0;0;0;0;0;1;0;0;0;0
"11/07/2022";"05:42:00";"64";"Acidente c";"214.4";"BR-116/SP";"Pista Sul";"Colisão traseira";1;0;0;0;1;0;0;0;0;0;12;1;0;0;0
"11/07/2022";"08:34:00";"179";"Acidente c";"210.8";"BR-116/SP";"Pista Sul";"Engavetamento";1;0;2;0;0;0;0;0;0;1;3;2;0;0;0
"11/07/2022";"09:18:00";"209";"Acidente c";"122.5";"BR-116/SP";"Pista Norte";"Colisão traseira";1;0;0;0;0;0;0;0;0;1;4;1;0;0;0
"11/07/2022";"11:55:00";"318";"Acidente s";"201.6";"BR-116/SP";"Pista Sul";"Abalroamento longitudinal";0;0;2;0;0;0;0;0;0;0;3;0;0;0;0
"11/07/2022";"12:41:00";"342";"Atropelame";"255.6";"BR-116/RJ";"Pista Sul";"Atropelamento de pedestre atravessando";1;0;2;0;0;0;0;0;0;0;0;2;0;0;1
"11/07/2022";"01:44:00";"370";"Acidente c";"228.8";"BR-116/SP";"Pista Norte";"Colisão traseira";1;0;1;1;0;0;0;0;0;0;3;2;0;0;0
"11/07/2022";"02:44:00";"407";"Acidente c";"164.5";"BR-116/RJ";"Pista Sul";"Engavetamento";2;0;1;0;1;0;0;0;0;0;3;1;0;0;0
"11/07/2022";"02:52:00";"413";"Acidente c";"109.9";"BR-116/SP";"Pista Norte";"Queda de moto";0;0;0;1;0;0;0;0;0;0;0;1;0;0;0
"11/07/2022";"03:15:00";"426";"Acidente s";"189.8";"BR-116/RJ";"Pista Norte";"Colisão traseira";2;0;0;0;0;0;0;0;0;0;4;0;0;0;0
"11/07/2022";"03:31:00";"437";"Acidente s";"176.3";"BR-116/RJ";"Pista Sul";"Colisão traseira";1;0;1;0;0;0;0;0;0;0;2;0;0;0;0
"11/07/2022";"04:16:00";"464";"Acidente c";"223.6";"BR-116/SP";"Pista Norte";"Colisão traseira";0;0;0;1;0;1;0;0;0;0;1;1;0;0;0
"11/07/2022";"05:52:00";"516";"Acidente c";"183.65";"BR-116/RJ";"Pista Norte";"Capotamento";1;0;0;0;0;0;0;0;0;0;0;2;0;0;0
"11/07/2022";"06:07:00";"520";"Atropelame";"258.6";"BR-116/RJ";"Pista Norte";"Atropelamento de pedestre caminhando";1;0;0;0;0;0;0;0;0;0;1;0;0;0;1
"11/07/2022";"06:21:00";"528";"Acidente c";"263.5";"BR-116/RJ";"Pista Sul";"Abalroamento longitudinal";1;0;1;0;0;0;0;0;0;0;1;0;2;0;0
"11/07/2022";"06:54:00";"544";"Acidente s";"179.2";"BR-116/RJ";"Pista Norte";"Colisão traseira";2;0;0;0;0;0;0;0;0;0;2;0;0;0;0
"11/07/2022";"10:54:00";"637";"Acidente c";"65.6";"BR-116/SP";"Pista Sul";"Choque em defensa";1;0;0;0;0;1;0;0;0;0;1;1;0;0;0
"12/07/2022";"03:03:00";"45";"Acidente s";"116.4";"BR-116/SP";"Pista Sul";"Choque em objeto na pista";1;0;0;0;0;0;0;0;0;0;1;0;0;0;0
"12/07/2022";"03:40:00";"57";"Acidente c";"178.2";"BR-116/RJ";"Pista Norte";"Queda de moto";0;0;0;1;0;0;0;0;0;0;0;1;0;1;0
"12/07/2022";"05:01:00";"77";"Acidente c";"174";"BR-116/RJ";"Pista Sul";"Colisão traseira";1;0;1;0;0;0;0;0;0;0;1;0;1;0;0
"12/07/2022";"06:20:00";"94";"Acidente c";"168.5";"BR-116/RJ";"Pista Norte";"Colisão traseira";2;0;0;0;0;0;0;0;0;0;1;1;0;0;0
"12/07/2022";"06:44:00";"109";"Acidente s";"331";"BR-116/RJ";"Pista Norte";"Choque em objeto fixo";1;0;0;0;0;0;0;0;0;0;5;0;0;0;0
"12/07/2022";"08:08:00";"180";"Acidente s";"225.4";"BR-116/SP";"Pista Sul";"Colisão traseira";2;0;0;0;0;0;0;0;0;0;2;0;0;0;0
"12/07/2022";"08:25:00";"192";"Acidente s";"135.9";"BR-116/SP";"Pista Norte";"Engavetamento";3;0;0;0;0;0;0;0;0;0;9;0;0;0;0
"12/07/2022";"01:46:00";"388";"Acidente c";"218";"BR-116/SP";"Pista Norte";"Choque em defensa";1;0;0;0;0;0;0;0;0;0;1;1;0;0;0
"12/07/2022";"04:47:00";"505";"Acidente s";"167.6";"BR-116/RJ";"Pista Sul";"Engavetamento";3;0;0;0;0;0;0;0;0;0;3;0;0;0;0
"12/07/2022";"05:46:00";"539";"Acidente s";"203";"BR-116/SP";"Pista Norte";"Colisão traseira";1;0;0;1;0;0;0;0;0;0;2;0;0;0;0
"12/07/2022";"07:09:00";"596";"Acidente s";"145";"BR-116/SP";"Pista Sul";"Abalroamento longitudinal";1;0;1;0;0;0;0;0;0;0;5;0;0;0;0
"12/07/2022";"09:28:00";"648";"Acidente s";"115.8";"BR-116/SP";"Pista Sul";"Choque em objeto na pista";1;0;0;0;0;0;0;0;0;0;2;0;0;0;0
"12/07/2022";"10:13:00";"662";"Acidente c";"274.25";"BR-116/RJ";"Pista Norte";"Colisão traseira";0;0;1;1;0;0;0;0;0;0;1;0;0;0;1
"13/07/2022";"04:06:00";"63";"Acidente c";"62.2";"BR-116/SP";"Pista Norte";"Colisão traseira";0;0;3;0;0;0;0;0;0;0;2;0;1;0;0
"13/07/2022";"05:38:00";"92";"Acidente c";"34.8";"BR-116/SP";"Pista Sul";"Abalroamento longitudinal";1;0;0;0;0;1;0;0;0;0;1;1;0;0;0
"13/07/2022";"07:33:00";"158";"Acidente s";"38.5";"BR-116/SP";"Pista Norte";"Choque em objeto fixo";1;0;0;0;0;0;0;0;0;0;3;0;0;0;0
"13/07/2022";"07:51:00";"180";"Acidente c";"227.9";"BR-116/SP";"Pista Sul";"Abalroamento longitudinal";1;0;0;1;0;0;0;0;0;0;3;1;0;0;0
"13/07/2022";"10:08:00";"267";"Acidente s";"230.3";"BR-116/SP";"Pista Sul";"Colisão traseira";1;0;1;0;0;0;0;0;0;0;4;0;0;0;0
"13/07/2022";"10:30:00";"281";"Acidente s";"124.2";"BR-116/SP";"Pista Norte";"Colisão traseira";2;0;0;0;0;0;0;0;0;0;2;0;0;0;0
"13/07/2022";"10:44:00";"291";"Acidente c";"226.45";"BR-116/SP";"Pista Sul";"Engavetamento";2;0;0;0;0;0;0;0;0;1;3;1;0;1;0
"13/07/2022";"12:33:00";"341";"Acidente s";"306.1";"BR-116/RJ";"Pista Sul";"Abalroamento longitudinal";1;0;0;0;0;1;0;0;0;0;2;0;0;0;0
"13/07/2022";"02:22:00";"400";"Atropelame";"290.27";"BR-116/RJ";"Pista Norte";"Atropelamento de pedestre caminhando";1;0;0;0;0;0;0;0;0;0;1;0;0;1;0
"13/07/2022";"05:42:00";"510";"Acidente c";"79";"BR-116/SP";"Pista Sul";"Capotamento";0;0;0;0;0;0;0;0;0;1;0;0;1;0;0
"13/07/2022";"05:59:00";"518";"Acidente s";"209.7";"BR-116/SP";"Pista Norte";"Colisão traseira";2;0;0;0;0;0;0;0;0;0;4;0;0;0;0
"13/07/2022";"06:42:00";"539";"Acidente s";"148.5";"BR-116/SP";"Pista Norte";"Queda de moto";0;0;0;1;0;1;0;0;0;0;3;0;0;0;0
"13/07/2022";"08:20:00";"577";"Acidente s";"176.5";"BR-116/RJ";"Pista Sul";"Abalroamento longitudinal";1;0;1;0;0;0;0;0;0;0;2;0;0;0;0
"13/07/2022";"08:53:00";"591";"Acidente s";"217.7";"BR-116/SP";"Pista Sul";"Colisão traseira";1;0;0;0;0;1;0;0;0;0;3;0;0;0;0
"13/07/2022";"08:58:00";"592";"Acidente c";"197.4";"BR-116/SP";"Pista Sul";"Colisão traseira";0;0;2;0;0;0;0;0;0;0;1;1;0;0;0
"13/07/2022";"10:08:00";"605";"Acidente s";"218.1";"BR-116/SP";"Pista Sul";"Choque em defensa";1;0;0;0;0;1;0;0;0;0;1;0;0;0;0
"14/07/2022";"12:49:00";"20";"Acidente s";"5";"BR-116/SP";"Pista Sul";"Choque em objeto na pista";1;0;0;0;0;0;0;0;0;0;1;0;0;0;0
"14/07/2022";"02:25:00";"43";"Acidente c";"203";"BR-116/SP";"Pista Sul";"Capotamento";1;0;0;0;0;0;0;0;0;0;0;1;0;0;0
"14/07/2022";"04:28:00";"63";"Acidente s";"214";"BR-116/SP";"Pista Sul";"Choque em barreira New Jersey";1;0;0;0;0;0;0;0;0;0;1;0;0;0;0
"14/07/2022";"04:41:00";"64";"Atropelame";"227.4";"BR-116/SP";"Pista Sul";"Atropelamento de pedestre caminhando";0;0;0;0;0;1;0;0;0;0;1;0;0;0;1
"14/07/2022";"05:52:00";"80";"Acidente s";"207.6";"BR-116/SP";"Pista Sul";"Choque em objeto na pista";1;0;0;0;0;0;0;0;0;0;1;0;0;0;0
"14/07/2022";"06:40:00";"100";"Acidente c";"167.65";"BR-116/RJ";"Pista Norte";"Abalroamento longitudinal";1;0;0;1;0;0;0;0;0;0;1;1;0;0;0
"14/07/2022";"07:57:00";"173";"Acidente s";"229";"BR-116/SP";"Pista Norte";"Queda de moto";0;0;0;1;0;0;0;0;0;0;1;0;0;0;0
"14/07/2022";"08:36:00";"202";"Acidente s";"107";"BR-116/SP";"Pista Sul";"Colisão traseira";1;0;0;0;1;1;0;0;0;0;41;0;0;0;0
"14/07/2022";"08:39:00";"204";"Acidente s";"304.9";"BR-116/RJ";"Pista Norte";"Choque em objeto fixo";1;0;0;0;0;0;0;0;0;0;1;0;0;0;0
"14/07/2022";"11:45:00";"328";"Acidente s";"226.3";"BR-116/SP";"Pista Sul";"Engavetamento";1;0;0;1;0;1;0;0;0;0;3;0;0;0;0
"14/07/2022";"07:22:00";"575";"Acidente s";"201";"BR-116/RJ";"Pista Sul";"Colisão traseira";1;0;0;0;0;1;0;0;0;0;2;0;0;0;0
"14/07/2022";"11:43:00";"674";"Atropelame";"130.4";"BR-116/SP";"Pista Norte";"Atropelamento de pedestre atravessando";1;0;0;0;0;0;0;0;0;0;2;1;0;0;0
"15/07/2022";"12:05:00";"16";"Acidente s";"45.2";"BR-116/SP";"Pista Norte";"Colisão traseira";1;0;1;0;0;0;0;0;0;0;2;0;0;0;0
"15/07/2022";"02:46:00";"50";"Acidente s";"313";"BR-116/RJ";"Pista Norte";"Atropelamento de animal";0;0;1;0;0;0;0;0;0;0;1;0;0;0;0
"15/07/2022";"05:23:00";"86";"Acidente s";"174.2";"BR-116/RJ";"Pista Norte";"Engavetamento";1;0;0;0;0;3;0;0;0;0;4;0;0;0;0
"15/07/2022";"07:26:00";"150";"Acidente c";"147.1";"BR-116/SP";"Pista Norte";"Colisão traseira";2;0;0;0;0;0;0;0;0;0;0;4;0;0;0
"15/07/2022";"07:40:00";"168";"Acidente s";"21.3";"BR-116/SP";"Pista Norte";"Choque em objeto fixo";1;0;0;0;0;0;0;0;0;0;1;0;0;0;0
"15/07/2022";"08:05:00";"194";"Acidente c";"223.2";"BR-116/SP";"Pista Norte";"Colisão traseira";0;0;1;1;0;0;0;0;0;0;2;0;1;0;0
"15/07/2022";"08:50:00";"233";"Acidente s";"158.2";"BR-116/SP";"Pista Sul";"Engavetamento";3;0;0;0;0;0;0;0;0;0;4;0;0;0;0
"15/07/2022";"09:10:00";"247";"Acidente s";"229.2";"BR-116/SP";"Pista Sul";"Colisão traseira";1;0;0;0;0;1;0;0;0;0;2;0;0;0;0
"15/07/2022";"09:25:00";"260";"Acidente s";"159.2";"BR-116/SP";"Pista Sul";"Engavetamento";2;0;1;0;0;0;0;0;0;0;3;0;0;0;0
"15/07/2022";"09:39:00";"265";"Acidente s";"221.1";"BR-116/SP";"Pista Norte";"Colisão traseira";1;0;1;0;0;0;0;0;0;0;2;0;0;0;0
"15/07/2022";"10:09:00";"288";"Acidente c";"216.4";"BR-116/SP";"Pista Norte";"Choque em barreira New Jersey";1;0;0;0;0;0;0;0;0;0;0;1;0;0;0
"15/07/2022";"01:05:00";"370";"Acidente s";"220.3";"BR-116/RJ";"Pista Sul";"Tombamento";0;0;1;0;0;0;0;0;0;0;1;0;0;0;0
"15/07/2022";"01:54:00";"402";"Acidente s";"188.5";"BR-116/RJ";"Pista Sul";"Choque em objeto na pista";1;0;0;0;0;0;0;0;0;0;1;0;0;0;0
"15/07/2022";"02:46:00";"436";"Acidente s";"174.8";"BR-116/RJ";"Pista Sul";"Abalroamento longitudinal";0;0;1;0;0;0;0;0;0;1;2;0;0;0;0
"15/07/2022";"03:29:00";"458";"Acidente s";"106.45";"BR-116/SP";"Pista Sul";"Colisão traseira";2;0;0;0;0;0;0;0;0;0;5;0;0;0;0
"15/07/2022";"04:01:00";"476";"Acidente c";"185.7";"BR-116/RJ";"Pista Sul";"Colisão traseira";2;0;0;0;0;0;0;0;0;0;1;1;0;0;0
"15/07/2022";"04:28:00";"498";"Acidente s";"139.8";"BR-116/SP";"Pista Sul";"Colisão traseira";1;0;0;1;0;0;0;0;0;0;2;0;0;0;0
"15/07/2022";"04:39:00";"501";"Acidente s";"104.8";"BR-116/SP";"Pista Sul";"Colisão traseira";3;0;0;0;0;0;0;0;0;0;5;0;0;0;0
"15/07/2022";"04:58:00";"515";"Acidente s";"124.2";"BR-116/SP";"Pista Norte";"Colisão traseira";2;0;0;0;0;0;0;0;0;0;2;0;0;0;0
"15/07/2022";"05:04:00";"520";"Acidente c";"167";"BR-116/RJ";"Pista Sul";"Colisão traseira";0;0;0;1;0;1;0;0;0;0;1;1;0;0;0
"15/07/2022";"05:40:00";"543";"Acidente s";"270.7";"BR-116/RJ";"Pista Sul";"Choque em barreira New Jersey";1;0;0;0;0;0;0;0;0;0;1;0;0;0;0
"15/07/2022";"05:47:00";"547";"Acidente s";"163.5";"BR-116/RJ";"Pista Sul";"Colisão traseira";1;0;0;0;0;1;0;0;0;0;2;0;0;0;0
"15/07/2022";"06:13:00";"574";"Acidente c";"205.9";"BR-116/SP";"Pista Sul";"Abalroamento longitudinal";1;0;0;1;0;0;0;0;0;0;1;1;0;0;0
"15/07/2022";"06:50:00";"601";"Acidente s";"284.9";"BR-116/RJ";"Pista Sul";"Engavetamento";1;0;0;0;0;2;0;0;0;0;3;0;0;0;0
"15/07/2022";"07:13:00";"616";"Acidente s";"150";"BR-116/SP";"Pista Norte";"Colisão traseira";2;0;0;0;0;0;0;0;0;0;2;0;0;0;0
"15/07/2022";"08:43:00";"651";"Acidente s";"314.5";"BR-116/RJ";"Pista Sul";"Choque em barreira New Jersey";1;0;0;0;0;0;0;0;0;0;1;0;0;0;0
"15/07/2022";"09:55:00";"669";"Acidente s";"205.8";"BR-116/RJ";"Pista Sul";"Colisão traseira";1;0;1;0;0;0;0;0;0;0;2;0;0;0;0
"16/07/2022";"12:17:00";"20";"Acidente s";"268.1";"BR-116/RJ";"Pista Sul";"Choque em objeto na pista";1;0;0;0;0;0;0;0;0;0;1;0;0;0;0
"16/07/2022";"02:20:00";"50";"Acidente s";"225.4";"BR-116/SP";"Pista Norte";"Abalroamento longitudinal";1;0;0;0;1;0;0;0;0;0;3;0;0;0;0
"16/07/2022";"02:36:00";"52";"Acidente c";"169.1";"BR-116/RJ";"Pista Sul";"Choque em barreira New Jersey";1;0;0;0;0;0;0;0;0;0;0;1;0;0;0
"16/07/2022";"04:02:00";"67";"Acidente c";"176.45";"BR-116/RJ";"Pista Norte";"Choque em barreira New Jersey";1;0;0;0;0;0;0;0;0;0;0;3;1;0;0
"16/07/2022";"04:10:00";"71";"Acidente s";"52";"BR-116/SP";"Pista Sul";"Colisão traseira";1;0;1;0;0;0;0;0;0;0;2;0;0;0;0
"16/07/2022";"05:11:00";"85";"Acidente s";"305.8";"BR-116/RJ";"Pista Sul";"Choque em objeto fixo";1;0;0;0;0;0;0;0;0;0;1;0;0;0;0
"16/07/2022";"05:12:00";"86";"Acidente c";"152.3";"BR-116/SP";"Pista Norte";"Colisão traseira";1;0;0;0;0;1;0;0;0;0;1;1;0;0;0
"16/07/2022";"05:32:00";"89";"Acidente s";"228.55";"BR-116/RJ";"Pista Norte";"Choque em objeto fixo";0;0;1;0;0;0;0;0;0;0;1;0;0;0;0
"16/07/2022";"06:07:00";"97";"Atropelame";"55";"BR-116/SP";"Pista Norte";"Atropelamento de pedestre atravessando";0;1;1;0;0;0;0;0;0;0;1;1;0;0;0
"16/07/2022";"06:52:00";"115";"Acidente c";"134.3";"BR-116/SP";"Pista Norte";"Colisão traseira";2;0;0;0;0;0;0;0;0;0;1;0;1;0;0
"16/07/2022";"07:39:00";"147";"Acidente c";"104.5";"BR-116/SP";"Pista Norte";"Engavetamento";3;0;0;0;0;0;0;0;0;0;6;0;4;0;0
"16/07/2022";"07:52:00";"152";"Acidente s";"134.4";"BR-116/SP";"Pista Norte";"Colisão traseira";1;0;0;0;0;1;0;0;0;0;5;0;0;0;0
"16/07/2022";"08:54:00";"183";"Acidente c";"230.6";"BR-116/SP";"Pista Sul";"Queda de moto";0;0;0;1;0;0;0;0;0;0;0;1;0;0;0
"16/07/2022";"11:10:00";"258";"Acidente s";"203.3";"BR-116/SP";"Pista Norte";"Colisão traseira";2;0;0;0;0;0;0;0;0;0;9;0;0;0;0
"16/07/2022";"11:17:00";"261";"Acidente s";"109.6";"BR-116/SP";"Pista Norte";"Engavetamento";5;0;0;0;0;0;0;0;0;0;14;0;0;0;0
"16/07/2022";"11:48:00";"280";"Acidente s";"60.6";"BR-116/SP";"Pista Sul";"Choque em barreira New Jersey";1;0;0;0;0;0;0;0;0;0;3;0;0;0;0
"16/07/2022";"11:54:00";"281";"Acidente c";"60.05";"BR-116/SP";"Pista Sul";"Engavetamento";2;0;0;1;0;0;0;0;0;0;4;0;1;0;0
"16/07/2022";"12:04:00";"290";"Atropelame";"140.8";"BR-116/SP";"Pista Sul";"Atropelamento de pedestre atravessando";0;0;1;0;0;0;0;0;0;1;4;1;0;0;0
"16/07/2022";"01:28:00";"325";"Acidente c";"110";"BR-116/SP";"Pista Sul";"Colisão traseira";0;0;0;1;0;0;0;0;0;1;1;0;0;1;0
"16/07/2022";"02:50:00";"356";"Acidente s";"177.8";"BR-116/RJ";"Pista Sul";"Engavetamento";2;0;0;0;0;1;0;0;0;0;3;0;0;0;0
"16/07/2022";"03:05:00";"370";"Acidente s";"200.6";"BR-116/SP";"Pista Norte";"Choque em objeto na pista";0;0;1;0;0;0;0;0;0;0;1;0;0;0;0
"16/07/2022";"03:09:00";"372";"Acidente s";"168.1";"BR-116/RJ";"Pista Norte";"Engavetamento";4;0;0;0;0;0;0;0;0;0;4;0;0;0;0
"16/07/2022";"06:31:00";"487";"Atropelame";"193.35";"BR-116/RJ";"Pista Norte";"Atropelamento de pedestre atravessando";1;0;0;0;0;0;0;0;0;0;1;0;0;1;0
"16/07/2022";"06:54:00";"493";"Atropelame";"164.16";"BR-116/RJ";"Pista Norte";"Atropelamento de pedestre atravessando";0;0;0;0;0;1;0;0;0;0;1;0;1;0;0
"16/07/2022";"07:10:00";"506";"Acidente s";"183.7";"BR-116/RJ";"Pista Sul";"Abalroamento longitudinal";2;0;0;0;0;1;0;0;0;0;3;0;0;0;0
"16/07/2022";"09:33:00";"558";"Acidente s";"54.6";"BR-116/SP";"Pista Norte";"Colisão traseira";2;0;0;0;0;0;0;0;0;0;3;0;0;0;0
"16/07/2022";"10:41:00";"575";"Acidente s";"57.1";"BR-116/SP";"Pista Sul";"Colisão traseira";1;0;0;0;0;1;0;0;0;0;2;0;0;0;0
"16/07/2022";"11:56:00";"594";"Acidente c";"147.8";"BR-116/SP";"Pista Sul";"Queda de moto";0;0;0;1;0;0;0;0;0;0;0;0;1;0;0
"17/07/2022";"12:24:00";"21";"Acidente s";"201";"BR-116/SP";"Pista Sul";"Abalroamento longitudinal";1;0;0;0;0;1;0;0;0;0;6;0;0;0;0
"17/07/2022";"03:45:00";"61";"Acidente s";"53";"BR-116/SP";"Pista Norte";"Choque em objeto fixo";1;0;0;0;0;0;0;0;0;0;1;0;0;0;0
"17/07/2022";"04:32:00";"70";"Acidente c";"59.5";"BR-116/SP";"Pista Sul";"Capotamento";1;0;0;0;0;0;0;0;0;0;0;0;1;0;0
"17/07/2022";"04:43:00";"71";"Acidente c";"216.8";"BR-116/SP";"Pista Norte";"Abalroamento longitudinal";2;0;0;0;0;0;0;0;0;0;3;0;1;0;0
"17/07/2022";"06:29:00";"89";"Acidente c";"55.79";"BR-116/SP";"Pista Sul";"Capotamento";1;0;0;0;0;0;0;0;0;0;1;0;1;0;0
"17/07/2022";"07:21:00";"113";"Acidente s";"127.55";"BR-116/SP";"Pista Norte";"Choque em barreira New Jersey";1;0;0;0;0;0;0;0;0;0;1;0;0;0;0
"17/07/2022";"08:14:00";"137";"Acidente c";"227.5";"BR-116/SP";"Pista Norte";"Colisão traseira";1;0;0;1;0;0;0;0;0;0;1;1;0;0;0
"17/07/2022";"09:01:00";"145";"Acidente s";"188.8";"BR-116/SP";"Pista Norte";"Choque em defensa";1;0;0;0;0;0;0;0;0;0;2;0;0;0;0
"17/07/2022";"09:19:00";"150";"Acidente c";"179.7";"BR-116/RJ";"Pista Sul";"Abalroamento longitudinal";1;0;1;0;0;0;0;0;0;0;1;1;0;0;0
"17/07/2022";"11:05:00";"197";"Acidente c";"270.3";"BR-116/RJ";"Pista Norte";"Colisão frontal";2;0;0;0;0;0;0;0;0;0;0;2;1;0;0
"17/07/2022";"11:48:00";"214";"Acidente s";"156.2";"BR-116/SP";"Pista Sul";"Colisão traseira";1;0;1;0;0;0;0;0;0;0;2;0;0;0;0
"17/07/2022";"12:31:00";"237";"Acidente c";"167.5";"BR-116/RJ";"Pista Norte";"Colisão traseira";2;0;0;0;0;0;0;0;0;0;3;0;1;0;0
"17/07/2022";"02:47:00";"305";"Acidente s";"86";"BR-116/SP";"Pista Sul";"Choque em barreira New Jersey";0;0;0;1;0;0;0;0;0;0;2;0;0;0;0
"17/07/2022";"02:51:00";"309";"Acidente c";"186.3";"BR-116/RJ";"Pista Norte";"Queda de moto";0;0;0;0;0;1;0;0;0;0;0;0;1;0;0
"17/07/2022";"03:15:00";"325";"Acidente c";"227.6";"BR-116/RJ";"Pista Norte";"Queda de moto";0;0;0;1;0;0;0;0;0;0;0;1;0;0;0
"17/07/2022";"04:51:00";"379";"Acidente s";"209.3";"BR-116/RJ";"Pista Norte";"Engavetamento";2;0;0;0;0;2;0;0;0;0;6;0;0;0;0
"17/07/2022";"06:02:00";"417";"Acidente c";"85.05";"BR-116/SP";"Pista Sul";"Colisão traseira";1;0;0;0;0;1;0;0;0;0;1;2;0;0;0
"17/07/2022";"06:12:00";"423";"Acidente c";"316.8";"BR-116/RJ";"Pista Sul";"Queda de moto";0;0;0;1;0;0;0;0;0;0;0;1;0;0;0
"17/07/2022";"06:35:00";"440";"Acidente c";"105.2";"BR-116/SP";"Pista Sul";"Queda de moto";0;0;0;1;0;0;0;0;0;0;1;0;1;0;0
"17/07/2022";"07:05:00";"456";"Acidente s";"189.7";"BR-116/RJ";"Pista Norte";"Abalroamento longitudinal";2;0;0;0;0;0;0;0;0;0;2;0;0;0;0
"17/07/2022";"07:43:00";"477";"Atropelame";"199";"BR-116/SP";"Pista Norte";"Atropelamento de pedestre caminhando";0;0;0;0;0;1;0;0;0;0;1;1;0;0;0
"17/07/2022";"07:52:00";"480";"Acidente s";"165.8";"BR-116/RJ";"Pista Norte";"Colisão traseira";1;0;1;0;0;0;0;0;0;0;2;0;0;0;0
"17/07/2022";"08:49:00";"501";"Acidente s";"154";"BR-116/SP";"Pista Sul";"Engavetamento";3;0;0;0;0;0;0;0;0;0;3;0;0;0;0
"17/07/2022";"08:59:00";"506";"Acidente c";"155.3";"BR-116/SP";"Pista Norte";"Queda de moto";0;0;0;1;0;0;0;0;0;0;0;0;1;0;0
"17/07/2022";"09:46:00";"519";"Acidente c";"65";"BR-116/SP";"Pista Norte";"Colisão frontal";1;0;0;1;0;0;0;0;0;0;1;2;0;0;0
"17/07/2022";"10:37:00";"534";"Acidente c";"214.6";"BR-116/SP";"Pista Sul";"Queda de moto";0;0;0;1;0;0;0;0;0;0;0;0;1;0;0
"17/07/2022";"10:49:00";"537";"Acidente s";"73.5";"BR-116/SP";"Pista Sul";"Choque em objeto na pista";1;0;0;0;0;0;0;0;0;0;1;0;0;0;0
"17/07/2022";"11:25:00";"547";"Acidente s";"131.5";"BR-116/SP";"Pista Norte";"Colisão traseira";0;0;2;0;0;0;0;0;0;0;2;0;0;0;0
"17/07/2022";"11:29:00";"548";"Acidente s";"187.7";"BR-116/RJ";"Pista Norte";"Choque em objeto fixo";1;0;0;0;0;0;0;0;0;0;1;0;0;0;0
"17/07/2022";"11:45:00";"554";"Acidente s";"157";"BR-116/SP";"Pista Norte";"Abalroamento longitudinal";1;0;0;0;0;1;0;0;0;0;3;0;0;0;0
"18/07/2022";"12:14:00";"17";"Acidente c";"154";"BR-116/SP";"Pista Norte";"Choque em objeto fixo";1;0;0;0;0;1;0;0;0;0;1;1;0;0;0
"18/07/2022";"04:14:00";"53";"Acidente s";"178.3";"BR-116/SP";"Pista Sul";"Atropelamento de animal";0;0;1;0;0;0;0;0;0;0;1;0;0;0;0