data;horario;n_da_ocorrencia;tipo_de_ocorrencia;km;trecho;sentido;tipo_de_acidente;automovel;bicicleta;caminhao;moto;onibus;outros;tracao_animal;transporte_de_cargas_especiais;trator_maquinas;utilitarios;ilesos;levemente_feridos;moderadamente_feridos;gravemente_feridos;mortos
"24/07/2022";"08:59:00";"469";"Acidente c";"53.2";"BR-116/SP";"Pista Sul";"Colisão traseira";1;0;0;1;0;0;0;0;0;0;2;1;0;0;0
"25/07/2022";"01:51:00";"29";"Acidente c";"180.8";"BR-116/SP";"Pista Norte";"Choque em barreira New Jersey";1;0;0;0;0;0;0;0;0;0;0;1;0;0;0
"25/07/2022";"06:28:00";"92";"Acidente c";"167";"BR-116/RJ";"Pista Norte";"Queda de moto";0;0;0;1;0;0;0;0;0;0;0;1;0;0;0
"25/07/2022";"07:19:00";"131";"Acidente c";"169.3";"BR-116/RJ";"Pista Norte";"Abalroamento longitudinal";1;0;0;1;0;0;0;0;0;0;1;1;0;0;0
"25/07/2022";"07:29:00";"138";"Acidente s";"146";"BR-116/SP";"Pista Sul";"Colisão traseira";2;0;0;0;0;0;0;0;0;0;2;0;0;0;0
"25/07/2022";"07:56:00";"171";"Acidente s";"135.8";"BR-116/SP";"Pista Sul";"Colisão traseira";1;0;0;0;0;1;0;0;0;0;3;0;0;0;0
"25/07/2022";"08:30:00";"204";"Acidente s";"143";"BR-116/SP";"Pista Sul";"Colisão traseira";1;0;0;0;0;0;0;0;0;0;2;0;0;0;0
"25/07/2022";"10:00:00";"277";"Acidente s";"315.9";"BR-116/RJ";"Pista Norte";"Atropelamento de animal";1;0;0;0;0;0;0;0;0;0;4;0;0;0;0
"25/07/2022";"11:25:00";"333";"Acidente s";"278.5";"BR-116/RJ";"Pista Norte";"Colisão traseira";2;0;0;0;0;0;0;0;0;0;7;0;0;0;0
"25/07/2022";"11:41:00";"340";"Acidente c";"124.15";"BR-116/SP";"Pista Norte";"Colisão traseira";2;0;1;0;0;1;0;0;0;0;7;1;0;0;0
"25/07/2022";"12:40:00";"362";"Acidente c";"210";"BR-116/SP";"Pista Norte";"Abalroamento longitudinal";1;0;0;1;0;0;0;0;0;0;1;1;0;0;0
"25/07/2022";"12:48:00";"364";"Acidente s";"175.8";"BR-116/RJ";"Pista Sul";"Colisão traseira";2;0;0;0;0;0;0;0;0;0;2;0;0;0;0
"25/07/2022";"01:39:00";"404";"Acidente s";"281.5";"BR-116/RJ";"Pista Norte";"Engavetamento";3;0;0;0;0;0;0;0;0;0;3;0;0;0;0
"25/07/2022";"02:05:00";"419";"Acidente s";"311";"BR-116/RJ";"Pista Norte";"Abalroamento longitudinal";1;0;0;0;0;1;0;0;0;0;2;0;0;0;0
"25/07/2022";"04:17:00";"487";"Acidente c";"168.5";"BR-116/RJ";"Pista Sul";"Colisão traseira";1;0;0;1;0;0;0;0;0;0;1;0;1;0;0
"25/07/2022";"05:10:00";"515";"Acidente s";"222.5";"BR-116/RJ";"Pista Sul";"Choque em defensa";0;0;1;0;0;0;0;0;0;0;1;0;0;0;0
"25/07/2022";"05:59:00";"544";"Acidente s";"142";"BR-116/SP";"Pista Norte";"Colisão traseira";2;0;0;0;0;0;0;0;0;0;2;0;0;0;0
"25/07/2022";"06:15:00";"559";"Acidente c";"210.5";"BR-116/SP";"Pista Sul";"Outros";0;0;0;0;0;0;0;0;0;0;0;0;1;0;0
"25/07/2022";"06:24:00";"566";"Acidente s";"318.9";"BR-116/RJ";"Pista Norte";"Atropelamento de animal";1;0;0;0;0;0;0;0;0;0;1;0;0;0;0
"25/07/2022";"07:01:00";"588";"Acidente s";"165.6";"BR-116/RJ";"Pista Sul";"Colisão traseira";2;0;0;0;0;0;0;0;0;0;7;0;0;0;0
"25/07/2022";"07:36:00";"603";"Acidente s";"331";"BR-116/RJ";"Pista Norte";"Choque em objeto na pista";1;0;0;0;0;0;0;0;0;0;2;0;0;0;0
"25/07/2022";"07:49:00";"605";"Acidente s";"137";"BR-116/SP";"Pista Sul";"Engavetamento";3;0;0;0;0;0;0;0;0;0;4;0;0;0;0
"25/07/2022";"08:41:00";"620";"Acidente s";"251.6";"BR-116/RJ";"Pista Norte";"Choque em barreira New Jersey";1;0;0;0;0;0;0;0;0;0;1;0;0;0;0
"26/07/2022";"12:07:00";"14";"Acidente c";"46.6";"BR-116/SP";"Pista Norte";"Colisão traseira";0;0;2;0;0;0;0;0;0;0;1;2;0;0;0
"26/07/2022";"02:00:00";"26";"Acidente s";"145.35";"BR-116/SP";"Pista Norte";"Capotamento";1;0;0;0;0;1;0;0;0;0;2;0;0;0;0
"26/07/2022";"05:20:00";"55";"Acidente c";"175.75";"BR-116/RJ";"Pista Norte";"Engavetamento";3;0;0;0;0;0;0;0;0;0;4;1;0;0;0
"26/07/2022";"06:20:00";"67";"Acidente s";"197";"BR-116/SP";"Pista Norte";"Choque em objeto na pista";1;0;0;0;0;0;0;0;0;0;1;0;0;0;0
"26/07/2022";"08:00:00";"153";"Acidente s";"107.95";"BR-116/SP";"Pista Sul";"Colisão traseira";0;0;2;0;0;0;0;0;0;0;2;0;0;0;0
"26/07/2022";"08:20:00";"173";"Acidente s";"161.5";"BR-116/SP";"Pista Norte";"Colisão traseira";0;0;2;0;0;0;0;0;0;0;2;0;0;0;0
"26/07/2022";"08:40:00";"198";"Acidente s";"108.7";"BR-116/SP";"Pista Sul";"Engavetamento";3;0;0;0;0;2;0;0;0;0;5;0;0;0;0
"26/07/2022";"12:23:00";"355";"Acidente c";"144.7";"BR-116/SP";"Pista Sul";"Colisão traseira";1;0;2;0;0;0;0;0;0;0;2;1;0;0;0
"26/07/2022";"02:11:00";"415";"Acidente s";"165.2";"BR-116/SP";"Pista Sul";"Colisão traseira";0;0;2;0;0;0;0;0;0;0;2;0;0;0;0
"26/07/2022";"03:45:00";"486";"Acidente s";"288";"BR-116/RJ";"Pista Norte";"Abalroamento longitudinal";1;0;1;0;0;0;0;0;0;0;6;0;0;0;0
"26/07/2022";"04:29:00";"513";"Acidente s";"167.7";"BR-116/RJ";"Pista Sul";"Engavetamento";3;0;0;0;0;0;0;0;0;0;3;0;0;0;0
"26/07/2022";"06:32:00";"592";"Acidente c";"173.2";"BR-116/RJ";"Pista Sul";"Abalroamento longitudinal";1;0;0;0;0;1;0;0;0;0;1;1;0;0;0
"26/07/2022";"06:38:00";"599";"Acidente c";"164.65";"BR-116/RJ";"Pista Sul";"Abalroamento longitudinal";0;0;1;1;0;0;0;0;0;0;3;1;0;0;0
"26/07/2022";"06:54:00";"611";"Acidente c";"104.25";"BR-116/SP";"Pista Sul";"Engavetamento";3;0;0;1;0;0;0;0;0;0;3;2;0;0;0
"26/07/2022";"07:04:00";"616";"Acidente s";"146";"BR-116/SP";"Pista Norte";"Colisão traseira";1;0;1;0;0;0;0;0;0;0;2;0;0;0;0
"26/07/2022";"07:23:00";"621";"Acidente s";"35";"BR-116/SP";"Pista Sul";"Choque em objeto na pista";1;0;0;0;0;0;0;0;0;0;2;0;0;0;0
"26/07/2022";"08:10:00";"641";"Acidente s";"207.35";"BR-116/SP";"Pista Norte";"Capotamento";1;0;0;0;0;0;0;0;0;0;1;0;0;0;0
"27/07/2022";"05:10:00";"43";"Acidente c";"55.9";"BR-116/SP";"Pista Sul";"Atropelamento de animal";0;0;0;1;0;0;0;0;0;0;0;0;0;1;0
"27/07/2022";"05:52:00";"58";"Acidente c";"56";"BR-116/SP";"Pista Sul";"Queda de moto";0;0;0;1;0;0;0;0;0;0;0;0;1;0;0
"27/07/2022";"06:09:00";"66";"Acidente s";"56";"BR-116/SP";"Pista Sul";"Atropelamento de animal";0;0;1;0;0;0;0;0;0;0;2;0;0;0;0
"27/07/2022";"07:02:00";"95";"Acidente c";"274.2";"BR-116/RJ";"Pista Norte";"Queda de moto";0;0;0;1;0;0;0;0;0;0;0;1;0;0;0
"27/07/2022";"07:17:00";"104";"Acidente s";"187.5";"BR-116/SP";"Pista Sul";"Choque em defensa";0;0;1;0;0;0;0;0;0;0;1;0;0;0;0
"27/07/2022";"08:02:00";"149";"Acidente s";"124.85";"BR-116/SP";"Pista Sul";"Abalroamento longitudinal";1;0;0;0;0;1;0;0;0;0;2;0;0;0;0
"27/07/2022";"08:16:00";"162";"Acidente c";"211.7";"BR-116/SP";"Pista Sul";"Abalroamento longitudinal";0;0;0;1;0;1;0;0;0;0;1;1;0;0;0
"27/07/2022";"09:47:00";"236";"Acidente s";"16.25";"BR-116/SP";"Pista Sul";"Choque em objeto na pista";1;0;0;0;0;0;0;0;0;0;3;0;0;0;0
"27/07/2022";"10:00:00";"248";"Acidente s";"64";"BR-116/SP";"Pista Sul";"Choque em objeto na pista";1;0;0;0;0;0;0;0;0;0;1;0;0;0;0
"27/07/2022";"11:39:00";"305";"Acidente s";"217.6";"BR-116/RJ";"Pista Norte";"Colisão traseira";0;0;0;0;0;1;0;0;0;1;3;0;0;0;0
"27/07/2022";"05:29:00";"498";"Acidente s";"53.9";"BR-116/SP";"Pista Sul";"Atropelamento de animal";1;0;0;0;0;0;0;0;0;0;1;0;0;0;0
"27/07/2022";"05:32:00";"502";"Acidente c";"239.6";"BR-116/RJ";"Pista Norte";"Abalroamento longitudinal";0;0;1;1;0;0;0;0;0;0;2;0;0;1;0
"27/07/2022";"05:58:00";"520";"Acidente c";"217";"BR-116/SP";"Pista Norte";"Abalroamento longitudinal";1;0;0;1;0;0;0;0;0;0;2;1;0;0;0
"27/07/2022";"06:28:00";"537";"Acidente s";"205.9";"BR-116/SP";"Pista Sul";"Colisão traseira";2;0;0;0;0;0;0;0;0;0;2;0;0;0;0
"27/07/2022";"10:39:00";"634";"Acidente c";"185";"BR-116/RJ";"Pista Norte";"Choque em barreira New Jersey";1;0;0;0;0;1;0;0;0;0;2;1;0;0;0
"27/07/2022";"11:36:00";"645";"Acidente s";"164.6";"BR-116/RJ";"Pista Norte";"Choque em objeto na pista";1;0;0;0;0;0;0;0;0;0;1;0;0;0;0
"28/07/2022";"12:10:00";"19";"Acidente c";"222";"BR-116/SP";"Pista Norte";"Abalroamento longitudinal";1;0;0;1;0;0;0;0;0;0;1;0;1;0;0
"28/07/2022";"01:34:00";"50";"Atropelame";"149.3";"BR-116/SP";"Pista Sul";"Atropelamento de pedestre atravessando";0;1;0;0;0;1;0;0;0;0;1;1;0;0;0
"28/07/2022";"02:56:00";"72";"Acidente c";"177.8";"BR-116/RJ";"Pista Norte";"Capotamento";1;0;0;0;0;0;0;0;0;0;2;2;0;0;0
"28/07/2022";"05:12:00";"89";"Acidente s";"313.26";"BR-116/RJ";"Pista Sul";"Choque em objeto na pista";1;0;0;0;0;0;0;0;0;0;2;0;0;0;0
"28/07/2022";"06:29:00";"112";"Acidente c";"271.5";"BR-116/RJ";"Pista Sul";"Abalroamento longitudinal";1;0;1;0;0;0;0;0;0;0;1;1;0;0;0
"28/07/2022";"07:26:00";"162";"Acidente s";"227.9";"BR-116/SP";"Pista Sul";"Colisão traseira";0;0;0;1;0;1;0;0;0;0;2;0;0;0;0
"28/07/2022";"08:19:00";"208";"Acidente s";"165.2";"BR-116/SP";"Pista Sul";"Choque em objeto na pista";1;0;0;0;0;0;0;0;0;0;1;0;0;0;0
"28/07/2022";"08:59:00";"242";"Acidente s";"160";"BR-116/SP";"Pista Norte";"Colisão traseira";2;0;0;0;0;0;0;0;0;0;2;0;0;0;0
"28/07/2022";"02:01:00";"441";"Acidente s";"42.2";"BR-116/SP";"Pista Sul";"Choque em objeto na pista";1;0;0;0;0;0;0;0;0;0;2;0;0;0;0
"28/07/2022";"02:02:00";"444";"Acidente s";"274.4";"BR-116/RJ";"Pista Sul";"Abalroamento longitudinal";1;0;1;0;0;0;0;0;0;0;3;0;0;0;0
"28/07/2022";"05:06:00";"534";"Acidente s";"271.7";"BR-116/RJ";"Pista Sul";"Engavetamento";2;0;0;0;0;1;0;0;0;0;3;0;0;0;0
"28/07/2022";"05:13:00";"540";"Acidente s";"145.5";"BR-116/SP";"Pista Sul";"Colisão traseira";1;0;1;0;0;0;0;0;0;0;4;0;0;0;0
"28/07/2022";"06:04:00";"569";"Acidente s";"14.2";"BR-116/SP";"Pista Norte";"Colisão traseira";1;0;0;0;0;1;0;0;0;0;2;0;0;0;0
"28/07/2022";"08:25:00";"646";"Acidente s";"127.8";"BR-116/SP";"Pista Sul";"Colisão traseira";1;0;0;0;0;1;0;0;0;0;2;0;0;0;0
"28/07/2022";"09:26:00";"674";"Acidente c";"155.5";"BR-116/SP";"Pista Norte";"Abalroamento longitudinal";0;0;0;1;0;1;0;0;0;0;1;0;1;0;0
"28/07/2022";"09:53:00";"684";"Acidente c";"167.1";"BR-116/RJ";"Pista Sul";"Colisão traseira";1;0;0;1;0;0;0;0;0;0;1;0;1;0;0
"28/07/2022";"11:57:00";"718";"Acidente s";"155.4";"BR-116/SP";"Pista Sul";"Abalroamento longitudinal";1;0;1;0;0;1;0;0;0;0;4;0;0;0;0
"29/07/2022";"02:38:00";"41";"Acidente c";"159";"BR-116/SP";"Pista Norte";"Colisão traseira";0;0;2;0;0;0;0;0;0;0;1;1;0;0;0
"29/07/2022";"08:27:00";"224";"Acidente c";"286.8";"BR-116/RJ";"Pista Norte";"Engavetamento";1;0;1;0;0;1;0;0;0;0;2;1;0;0;0
"29/07/2022";"08:28:00";"225";"Acidente c";"222.1";"BR-116/RJ";"Pista Norte";"Tombamento";0;0;1;0;0;0;0;0;0;0;0;0;1;0;0
"29/07/2022";"08:51:00";"246";"Acidente c";"86.91";"BR-116/SP";"Pista Norte";"Colisão traseira";1;0;0;0;0;0;0;0;0;1;4;2;0;0;0
"29/07/2022";"08:58:00";"255";"Acidente s";"226";"BR-116/RJ";"Pista Sul";"Engavetamento";4;0;0;0;0;0;0;0;0;0;9;0;0;0;0
"29/07/2022";"09:45:00";"281";"Acidente s";"178.9";"BR-116/RJ";"Pista Norte";"Engavetamento";3;0;0;0;0;0;0;0;0;0;3;0;0;0;0
"29/07/2022";"11:40:00";"368";"Acidente s";"328.7";"BR-116/RJ";"Pista Sul";"Abalroamento longitudinal";1;0;1;0;0;0;0;0;0;0;4;0;0;0;0
"29/07/2022";"12:14:00";"381";"Acidente s";"166.7";"BR-116/RJ";"Pista Norte";"Engavetamento";2;0;0;0;0;1;0;0;0;0;3;0;0;0;0
"29/07/2022";"02:18:00";"454";"Acidente s";"176.4";"BR-116/RJ";"Pista Sul";"Colisão traseira";1;0;1;0;0;0;0;0;0;0;3;0;0;0;0
"29/07/2022";"03:00:00";"478";"Acidente c";"165";"BR-116/RJ";"Pista Sul";"Abalroamento longitudinal";0;0;1;1;0;0;0;0;0;0;6;0;1;0;0
"29/07/2022";"03:09:00";"482";"Acidente s";"143.15";"BR-116/SP";"Pista Norte";"Queda de moto";0;0;0;1;0;0;0;0;0;0;1;0;0;0;0
"29/07/2022";"03:29:00";"490";"Acidente s";"212.28";"BR-116/SP";"Pista Sul";"Tombamento";0;0;1;0;0;0;0;0;0;0;2;0;0;0;0
"29/07/2022";"04:09:00";"519";"Acidente c";"147";"BR-116/SP";"Pista Norte";"Colisão traseira";1;0;1;0;0;0;0;0;0;0;2;1;0;0;0
"29/07/2022";"05:00:00";"549";"Acidente c";"217.3";"BR-116/SP";"Pista Norte";"Colisão traseira";0;0;1;1;0;0;0;0;0;0;1;0;0;1;0
"29/07/2022";"05:49:00";"578";"Acidente s";"220.3";"BR-116/RJ";"Pista Sul";"Choque em defensa";1;0;0;0;0;0;0;0;0;0;1;0;0;0;0
"29/07/2022";"05:58:00";"586";"Acidente s";"214.6";"BR-116/RJ";"Pista Sul";"Choque em objeto fixo";1;0;0;0;0;0;0;0;0;0;1;0;0;0;0
"29/07/2022";"06:01:00";"588";"Acidente s";"221.2";"BR-116/RJ";"Pista Norte";"Capotamento";1;0;0;0;0;0;0;0;0;0;1;0;0;0;0
"29/07/2022";"06:09:00";"593";"Acidente s";"39";"BR-116/SP";"Pista Sul";"Capotamento";0;0;0;0;0;0;0;0;0;1;1;0;0;0;0
"29/07/2022";"06:55:00";"614";"Acidente c";"225.6";"BR-116/SP";"Pista Norte";"Abalroamento longitudinal";0;0;0;1;0;1;0;0;0;0;1;2;0;0;0
"29/07/2022";"07:47:00";"639";"Acidente c";"221.3";"BR-116/SP";"Pista Norte";"Colisão traseira";1;0;0;1;0;0;0;0;0;0;0;2;0;0;0
"29/07/2022";"08:01:00";"649";"Acidente s";"134";"BR-116/SP";"Pista Norte";"Engavetamento";2;0;0;0;0;1;0;0;0;0;3;0;0;0;0
"29/07/2022";"08:42:00";"668";"Acidente s";"224";"BR-116/SP";"Pista Sul";"Colisão traseira";1;0;0;0;0;1;0;0;0;0;2;0;0;0;0
"29/07/2022";"09:11:00";"681";"Atropelame";"303.75";"BR-116/RJ";"Pista Sul";"Atropelamento de pedestre atravessando";1;0;0;0;0;0;0;0;0;0;3;0;0;0;1
"29/07/2022";"10:45:00";"708";"Acidente s";"181.9";"BR-116/SP";"Pista Sul";"Abalroamento longitudinal";1;0;1;0;0;0;0;0;0;0;2;0;0;0;0
"29/07/2022";"10:48:00";"710";"Atropelame";"166.8";"BR-116/SP";"Pista Sul";"Atropelamento de pedestre atravessando";0;0;0;0;0;1;0;0;0;0;1;0;1;0;0
"30/07/2022";"01:25:00";"27";"Acidente s";"257.9";"BR-116/RJ";"Pista Norte";"Choque em objeto fixo";1;0;0;0;0;0;0;0;0;0;1;0;0;0;0
"30/07/2022";"02:58:00";"39";"Acidente c";"226.55";"BR-116/RJ";"Pista Norte";"Choque em objeto fixo";1;0;0;0;0;0;0;0;0;0;0;1;0;0;0
"30/07/2022";"03:14:00";"41";"Acidente s";"196";"BR-116/SP";"Pista Norte";"Choque em barreira New Jersey";0;0;1;0;0;1;0;0;0;0;2;0;0;0;0
"30/07/2022";"04:13:00";"53";"Acidente c";"164.13";"BR-116/RJ";"Pista Sul";"Choque em objeto fixo";1;0;0;0;0;0;0;0;0;0;1;1;0;0;0
"30/07/2022";"04:50:00";"55";"Acidente s";"109.3";"BR-116/SP";"Pista Sul";"Colisão traseira";1;0;1;0;0;0;0;0;0;0;3;0;0;0;0
"30/07/2022";"05:22:00";"58";"Acidente s";"212.7";"BR-116/SP";"Pista Sul";"Colisão traseira";1;0;1;0;0;0;0;0;0;0;3;0;0;0;0
"30/07/2022";"06:06:00";"68";"Acidente s";"330.71";"BR-116/RJ";"Pista Norte";"Choque em objeto na pista";1;0;0;0;0;0;0;0;0;0;1;0;0;0;0
"30/07/2022";"06:21:00";"72";"Acidente s";"330.71";"BR-116/RJ";"Pista Norte";"Choque em objeto na pista";1;0;0;0;0;0;0;0;0;0;1;0;0;0;0
"30/07/2022";"11:34:00";"191";"Acidente c";"222.2";"BR-116/RJ";"Pista Sul";"Colisão traseira";2;0;0;0;0;0;0;0;0;0;0;3;0;0;0
"30/07/2022";"01:29:00";"232";"Acidente c";"316";"BR-116/RJ";"Pista Sul";"Queda de moto";0;0;0;1;0;0;0;0;0;0;0;2;0;0;0
"30/07/2022";"02:38:00";"251";"Acidente s";"279.57";"BR-116/RJ";"Pista Sul";"Colisão traseira";1;0;1;0;0;0;0;0;0;0;2;0;0;0;0
"30/07/2022";"03:51:00";"276";"Acidente s";"128.6";"BR-116/SP";"Pista Sul";"Queda de moto";0;0;0;1;0;0;0;0;0;0;1;0;0;0;0
"30/07/2022";"05:25:00";"308";"Acidente c";"128.3";"BR-116/SP";"Pista Norte";"Capotamento";1;0;0;0;0;0;0;0;0;0;1;2;0;0;0
"30/07/2022";"06:01:00";"322";"Acidente c";"180.4";"BR-116/RJ";"Pista Norte";"Engavetamento";3;0;0;0;0;0;0;0;0;0;6;2;0;0;0
"30/07/2022";"08:06:00";"364";"Acidente c";"223";"BR-116/SP";"Pista Norte";"Engavetamento";3;0;0;0;0;0;0;0;0;0;5;1;0;0;0
"30/07/2022";"08:55:00";"378";"Acidente s";"227";"BR-116/SP";"Pista Norte";"Colisão traseira";2;0;0;0;0;0;0;0;0;0;2;0;0;0;0
"30/07/2022";"09:32:00";"387";"Acidente s";"218";"BR-116/SP";"Pista Norte";"Engavetamento";3;0;0;0;0;1;0;0;0;0;5;0;0;0;0
"30/07/2022";"10:18:00";"398";"Acidente s";"166.1";"BR-116/RJ";"Pista Norte";"Choque em barreira New Jersey";1;0;0;0;0;0;0;0;0;0;3;0;0;0;0
"31/07/2022";"12:19:00";"18";"Acidente c";"172.1";"BR-116/RJ";"Pista Sul";"Colisão traseira";1;0;0;0;0;1;0;0;0;0;4;1;1;0;0
"31/07/2022";"01:08:00";"27";"Acidente s";"215.6";"BR-116/SP";"Pista Sul";"Choque em barreira New Jersey";1;0;0;0;0;1;0;0;0;0;3;0;0;0;0
"31/07/2022";"01:29:00";"33";"Acidente s";"156.8";"BR-116/SP";"Pista Sul";"Choque em objeto na pista";1;0;0;0;0;0;0;0;0;0;1;0;0;0;0
"31/07/2022";"01:40:00";"35";"Acidente s";"126.2";"BR-116/SP";"Pista Norte";"Capotamento";1;0;0;0;0;0;0;0;0;0;2;0;0;0;0
"31/07/2022";"02:38:00";"41";"Acidente s";"184.9";"BR-116/RJ";"Pista Sul";"Abalroamento longitudinal";1;0;1;0;0;0;0;0;0;0;2;0;0;0;0
"31/07/2022";"03:41:00";"47";"Acidente c";"184.9";"BR-116/RJ";"Pista Sul";"Colisão traseira";1;0;1;0;0;0;0;0;0;0;1;0;0;1;0
"31/07/2022";"07:31:00";"93";"Acidente s";"158.8";"BR-116/SP";"Pista Sul";"Abalroamento longitudinal";1;0;0;0;0;1;0;0;0;0;2;0;0;0;0
"31/07/2022";"09:02:00";"136";"Acidente s";"212.85";"BR-116/SP";"Pista Sul";"Abalroamento longitudinal";0;0;0;0;0;0;0;0;0;1;1;0;0;0;0
"31/07/2022";"11:07:00";"184";"Acidente s";"40.7";"BR-116/SP";"Pista Sul";"Colisão traseira";2;0;0;0;0;0;0;0;0;0;6;0;0;0;0
"31/07/2022";"11:13:00";"186";"Acidente s";"44.5";"BR-116/SP";"Pista Sul";"Colisão traseira";1;0;0;0;0;0;0;0;0;1;2;0;0;0;0
"31/07/2022";"12:27:00";"209";"Acidente s";"62.2";"BR-116/SP";"Pista Sul";"Colisão traseira";2;0;0;0;0;0;0;0;0;0;7;0;0;0;0
"31/07/2022";"12:43:00";"217";"Acidente s";"64.75";"BR-116/SP";"Pista Sul";"Engavetamento";3;0;0;0;0;0;0;0;0;0;7;0;0;0;0
"31/07/2022";"01:05:00";"226";"Acidente c";"108.6";"BR-116/SP";"Pista Sul";"Colisão traseira";1;0;0;1;0;0;0;0;0;0;2;1;0;0;0
"31/07/2022";"01:37:00";"239";"Acidente c";"146.42";"BR-116/SP";"Pista Norte";"Capotamento";1;0;0;0;0;0;0;0;0;0;0;1;0;0;0
"31/07/2022";"03:31:00";"288";"Acidente s";"90.3";"BR-116/SP";"Pista Sul";"Colisão traseira";2;0;0;0;0;0;0;0;0;0;5;0;0;0;0
"31/07/2022";"04:02:00";"308";"Acidente s";"101.6";"BR-116/SP";"Pista Sul";"Colisão traseira";1;0;0;0;0;1;0;0;0;0;5;0;0;0;0
"31/07/2022";"04:22:00";"311";"Acidente c";"225.5";"BR-116/SP";"Pista Sul";"Queda de moto";0;0;0;1;0;0;0;0;0;0;0;2;0;0;0
"31/07/2022";"05:39:00";"344";"Acidente s";"42.7";"BR-116/SP";"Pista Sul";"Colisão traseira";1;0;0;0;0;0;0;0;0;1;2;0;0;0;0
"31/07/2022";"05:47:00";"349";"Acidente c";"229.2";"BR-116/SP";"Pista Sul";"Queda de moto";0;0;0;1;0;0;0;0;0;0;1;1;0;0;0
"31/07/2022";"06:23:00";"364";"Acidente s";"229.1";"BR-116/SP";"Pista Sul";"Engavetamento";3;0;0;0;0;0;0;0;0;0;9;0;0;0;0
"31/07/2022";"06:37:00";"371";"Acidente s";"145";"BR-116/SP";"Pista Norte";"Colisão traseira";2;0;0;0;0;0;0;0;0;0;5;0;0;0;0
"31/07/2022";"06:40:00";"375";"Acidente s";"73";"BR-116/SP";"Pista Sul";"Atropelamento de animal";1;0;0;0;0;0;0;0;0;0;2;0;0;0;0
"31/07/2022";"07:43:00";"399";"Acidente s";"152";"BR-116/SP";"Pista Norte";"Colisão traseira";2;0;0;0;0;0;0;0;0;0;4;0;0;0;0
"31/07/2022";"07:45:00";"400";"Acidente c";"177.6";"BR-116/RJ";"Pista Sul";"Colisão traseira";0;0;0;1;0;1;0;0;0;0;1;1;0;0;0
"31/07/2022";"08:59:00";"437";"Acidente s";"22";"BR-116/SP";"Pista Sul";"Choque em objeto na pista";3;0;0;0;0;0;0;0;0;0;3;0;0;0;0
"01/08/2022";"01:24:00";"22";"Acidente c";"36";"BR-116/SP";"Pista Norte";"Queda de moto";0;0;0;1;0;0;0;0;0;0;0;1;0;0;0
"01/08/2022";"06:53:00";"97";"Acidente s";"146.6";"BR-116/SP";"Pista Norte";"Engavetamento";2;0;1;0;0;0;0;0;0;0;6;0;0;0;0
"01/08/2022";"07:31:00";"141";"Acidente s";"220.45";"BR-116/SP";"Pista Sul";"Colisão traseira";1;0;0;1;0;0;0;0;0;0;2;0;0;0;0
"01/08/2022";"07:44:00";"152";"Acidente s";"155";"BR-116/SP";"Pista Norte";"Abalroamento longitudinal";1;0;0;0;0;1;0;0;0;0;2;0;0;0;0
"01/08/2022";"07:49:00";"158";"Acidente c";"138.9";"BR-116/SP";"Pista Sul";"Engavetamento";1;0;0;2;0;0;0;0;0;0;1;2;0;0;0
"01/08/2022";"08:27:00";"188";"Acidente c";"180.9";"BR-116/RJ";"Pista Norte";"Engavetamento";3;0;1;0;0;0;0;0;0;0;5;1;0;0;0
"01/08/2022";"08:45:00";"198";"Acidente s";"193.95";"BR-116/RJ";"Pista Sul";"Choque em objeto na pista";0;0;0;0;0;0;0;0;0;1;1;0;0;0;0
"01/08/2022";"09:48:00";"254";"Acidente c";"164.2";"BR-116/RJ";"Pista Norte";"Queda de Carga";0;0;0;1;0;0;0;0;0;0;0;0;1;1;0
"01/08/2022";"09:53:00";"258";"Acidente c";"46";"BR-116/SP";"Pista Sul";"Capotamento";1;0;0;0;0;0;0;0;0;0;2;2;0;0;0
"01/08/2022";"10:37:00";"297";"Acidente c";"205";"BR-116/SP";"Pista Sul";"Colisão traseira";1;0;0;1;0;0;0;0;0;0;1;0;1;0;0
"01/08/2022";"11:10:00";"324";"Acidente s";"209.7";"BR-116/SP";"Pista Sul";"Colisão traseira";1;0;0;0;0;0;0;0;0;1;2;0;0;0;0
"01/08/2022";"12:46:00";"376";"Acidente c";"208.8";"BR-116/SP";"Pista Sul";"Choque em barreira New Jersey";1;0;0;0;0;0;0;0;0;0;0;1;0;0;0
"01/08/2022";"01:52:00";"411";"Acidente s";"147.5";"BR-116/SP";"Pista Sul";"Colisão traseira";1;0;0;0;0;1;0;0;0;0;2;0;0;0;0
"01/08/2022";"02:22:00";"422";"Acidente s";"170.5";"BR-116/RJ";"Pista Sul";"Abalroamento longitudinal";1;0;1;0;0;0;0;0;0;0;2;0;0;0;0
"01/08/2022";"02:33:00";"427";"Acidente c";"169.2";"BR-116/RJ";"Pista Sul";"Colisão traseira";1;0;0;1;0;0;0;0;0;0;1;0;0;1;0
"01/08/2022";"03:07:00";"447";"Acidente c";"300";"BR-116/RJ";"Pista Sul";"Engavetamento";1;0;0;1;0;1;0;0;0;0;2;1;0;0;0
"01/08/2022";"03:52:00";"469";"Acidente s";"200.9";"BR-116/SP";"Pista Norte";"Tombamento";0;0;1;0;0;0;0;0;0;0;1;0;0;0;0