data;horario;n_da_ocorrencia;tipo_de_ocorrencia;km;trecho;sentido;tipo_de_acidente;automovel;bicicleta;caminhao;moto;onibus;outros;tracao_animal;transporte_de_cargas_especiais;trator_maquinas;utilitarios;ilesos;levemente_feridos;moderadamente_feridos;gravemente_feridos;mortos
"18/08/2022";"12:45:00";"25";"Acidente c";"217.3";"BR-116/SP";"Pista Norte";"Abalroamento longitudinal";2;0;0;0;0;0;0;0;0;0;0;3;0;0;0
"18/08/2022";"03:32:00";"54";"Acidente s";"60.15";"BR-116/SP";"Pista Norte";"Choque em defensa";0;0;1;0;0;0;0;0;0;0;1;0;0;0;0
"18/08/2022";"07:08:00";"142";"Acidente c";"230.6";"BR-116/SP";"Pista Sul";"Engavetamento";1;0;0;3;0;0;0;0;0;0;1;3;0;0;0
"18/08/2022";"07:10:00";"146";"Acidente s";"265.55";"BR-116/RJ";"Pista Norte";"Abalroamento longitudinal";1;0;1;0;0;0;0;0;0;0;3;0;0;0;0
"18/08/2022";"09:22:00";"292";"Acidente c";"170";"BR-116/RJ";"Pista Norte";"Abalroamento longitudinal";1;0;0;1;0;0;0;0;0;0;1;0;1;0;0
"18/08/2022";"10:04:00";"332";"Acidente s";"137";"BR-116/SP";"Pista Norte";"Colisão traseira";1;0;0;0;0;0;0;0;0;1;3;0;0;0;0
"18/08/2022";"10:34:00";"359";"Acidente s";"53.6";"BR-116/SP";"Pista Sul";"Abalroamento longitudinal";0;0;2;0;0;0;0;0;0;0;2;0;0;0;0
"18/08/2022";"10:59:00";"383";"Acidente c";"228";"BR-116/SP";"Pista Sul";"Colisão traseira";1;0;0;1;0;0;0;0;0;0;1;1;0;0;0
"18/08/2022";"11:46:00";"413";"Acidente c";"201.1";"BR-116/SP";"Pista Norte";"Queda de moto";0;0;0;1;0;0;0;0;0;0;0;2;0;0;0
"18/08/2022";"12:20:00";"431";"Acidente s";"149.8";"BR-116/SP";"Pista Sul";"Engavetamento";3;0;0;0;0;0;0;0;0;0;6;0;0;0;0
"18/08/2022";"12:46:00";"445";"Acidente c";"149.4";"BR-116/SP";"Pista Norte";"Abalroamento longitudinal";1;1;0;0;0;0;0;0;0;0;1;0;0;1;0
"18/08/2022";"01:16:00";"454";"Acidente c";"188.65";"BR-116/RJ";"Pista Sul";"Choque em objeto fixo";1;0;0;0;0;0;0;0;0;0;0;1;0;0;0
"18/08/2022";"01:48:00";"474";"Acidente c";"213.1";"BR-116/SP";"Pista Norte";"Colisão traseira";1;0;0;1;0;1;0;0;0;0;0;2;1;0;0
"18/08/2022";"02:10:00";"486";"Acidente s";"166";"BR-116/RJ";"Pista Norte";"Abalroamento longitudinal";1;0;0;1;0;0;0;0;0;0;2;0;0;0;0
"18/08/2022";"03:50:00";"546";"Acidente s";"199.1";"BR-116/RJ";"Pista Norte";"Colisão traseira";2;0;0;0;0;0;0;0;0;0;2;0;0;0;0
"18/08/2022";"05:01:00";"580";"Acidente s";"158";"BR-116/SP";"Pista Norte";"Colisão traseira";1;0;1;0;0;0;0;0;0;0;2;0;0;0;0
"18/08/2022";"06:03:00";"619";"Acidente c";"208";"BR-116/SP";"Pista Norte";"Abalroamento longitudinal";0;0;1;1;0;0;0;0;0;0;1;0;1;0;0
"18/08/2022";"06:55:00";"653";"Acidente s";"195";"BR-116/RJ";"Pista Norte";"Atropelamento de animal";1;0;1;0;0;0;0;0;0;0;2;0;0;0;0
"18/08/2022";"07:35:00";"672";"Acidente s";"100";"BR-116/SP";"Pista Norte";"Queda de moto";0;0;0;1;0;0;0;0;0;0;1;0;0;0;0
"18/08/2022";"08:10:00";"690";"Acidente c";"30.5";"BR-116/SP";"Pista Sul";"Colisão traseira";1;0;1;0;0;0;0;0;0;0;1;1;0;0;0
"18/08/2022";"08:49:00";"708";"Acidente c";"146.4";"BR-116/SP";"Pista Norte";"Engavetamento";4;0;0;0;0;0;0;0;0;0;7;2;0;0;0
"18/08/2022";"09:30:00";"720";"Acidente c";"84.9";"BR-116/SP";"Pista Sul";"Queda de moto";0;0;0;1;0;0;0;0;0;0;0;1;0;0;0
"18/08/2022";"11:03:00";"745";"Acidente c";"293.15";"BR-116/RJ";"Pista Norte";"Colisão traseira";0;0;1;0;1;0;0;0;0;0;1;26;6;1;0
"18/08/2022";"11:51:00";"757";"Acidente c";"294.2";"BR-116/RJ";"Pista Norte";"Colisão traseira";1;0;1;0;0;0;0;0;0;0;1;2;1;0;0
"19/08/2022";"03:19:00";"41";"Acidente s";"199";"BR-116/SP";"Pista Sul";"Abalroamento longitudinal";1;0;1;0;0;0;0;0;0;0;2;0;0;0;0
"19/08/2022";"03:39:00";"44";"Acidente c";"216";"BR-116/SP";"Pista Sul";"Colisão traseira";0;0;0;1;0;1;0;0;0;0;1;1;0;0;0
"19/08/2022";"05:48:00";"72";"Acidente c";"5.3";"BR-116/SP";"Pista Norte";"Tombamento";0;0;1;0;0;0;0;0;0;0;1;1;0;0;0
"19/08/2022";"07:07:00";"125";"Acidente s";"200.4";"BR-116/SP";"Pista Norte";"Choque em objeto na pista";0;0;1;0;0;0;0;0;0;0;1;0;0;0;0
"19/08/2022";"07:48:00";"184";"Acidente s";"170.7";"BR-116/RJ";"Pista Norte";"Colisão traseira";1;0;0;1;0;0;0;0;0;0;3;0;0;0;0
"19/08/2022";"07:53:00";"189";"Acidente c";"288.1";"BR-116/RJ";"Pista Sul";"Capotamento";1;0;0;0;0;0;0;0;0;0;0;1;0;0;0
"19/08/2022";"09:39:00";"298";"Acidente s";"20";"BR-116/SP";"Pista Norte";"Choque em barreira New Jersey";1;0;0;0;0;0;0;0;0;0;1;0;0;0;0
"19/08/2022";"10:11:00";"319";"Acidente c";"318.3";"BR-116/RJ";"Pista Norte";"Choque em barreira New Jersey";1;0;0;0;0;0;0;0;0;0;0;2;0;0;0
"19/08/2022";"10:56:00";"343";"Acidente s";"218";"BR-116/SP";"Pista Sul";"Engavetamento";2;0;1;0;0;0;0;0;0;0;3;0;0;0;0
"19/08/2022";"12:18:00";"384";"Acidente s";"173.3";"BR-116/RJ";"Pista Sul";"Colisão traseira";1;0;1;0;0;0;0;0;0;0;2;0;0;0;0
"19/08/2022";"12:45:00";"397";"Acidente s";"178.05";"BR-116/RJ";"Pista Sul";"Colisão traseira";1;0;1;0;0;0;0;0;0;0;2;0;0;0;0
"19/08/2022";"12:55:00";"404";"Acidente c";"279.05";"BR-116/RJ";"Pista Sul";"Capotamento";1;0;0;0;0;0;0;0;0;0;0;1;0;0;0
"19/08/2022";"01:19:00";"416";"Acidente c";"279";"BR-116/RJ";"Pista Sul";"Colisão traseira";1;0;1;0;0;0;0;0;0;0;1;2;0;0;0
"19/08/2022";"01:33:00";"423";"Acidente s";"278";"BR-116/RJ";"Pista Sul";"Colisão traseira";1;0;0;0;0;1;0;0;0;0;2;0;0;0;0
"19/08/2022";"01:41:00";"430";"Acidente s";"226.6";"BR-116/RJ";"Pista Norte";"Choque em objeto fixo";1;0;0;0;0;0;0;0;0;0;1;0;0;0;0
"19/08/2022";"04:04:00";"515";"Acidente s";"226.6";"BR-116/RJ";"Pista Norte";"Choque em objeto fixo";1;0;0;0;0;0;0;0;0;0;2;0;0;0;0
"19/08/2022";"05:23:00";"558";"Acidente c";"181.8";"BR-116/RJ";"Pista Norte";"Queda de moto";0;0;0;1;0;0;0;0;0;0;0;1;0;0;0
"19/08/2022";"05:41:00";"573";"Acidente s";"180.7";"BR-116/RJ";"Pista Norte";"Abalroamento longitudinal";0;0;1;0;0;1;0;0;0;1;3;0;0;0;0
"19/08/2022";"05:48:00";"576";"Acidente c";"290.1";"BR-116/RJ";"Pista Sul";"Abalroamento longitudinal";0;0;1;1;0;0;0;0;0;0;1;1;1;0;0
"19/08/2022";"08:57:00";"655";"Acidente s";"273.2";"BR-116/RJ";"Pista Sul";"Choque em objeto na pista";0;0;2;0;0;0;0;0;0;1;8;0;0;0;0
"19/08/2022";"10:33:00";"680";"Acidente c";"147.9";"BR-116/SP";"Pista Sul";"Queda de moto";0;0;0;1;0;0;0;0;0;0;0;0;1;0;0
"19/08/2022";"11:46:00";"699";"Acidente c";"222.3";"BR-116/SP";"Pista Norte";"Colisão traseira";1;0;0;0;0;0;0;0;0;1;1;1;0;0;0
"20/08/2022";"12:11:00";"16";"Acidente s";"37.1";"BR-116/SP";"Pista Sul";"Choque em objeto fixo";0;0;1;0;0;0;0;0;0;0;1;0;0;0;0
"20/08/2022";"12:29:00";"17";"Acidente s";"188";"BR-116/RJ";"Pista Norte";"Colisão traseira";0;0;1;0;0;1;0;0;0;0;2;0;0;0;0
"20/08/2022";"01:21:00";"27";"Acidente s";"228";"BR-116/SP";"Pista Norte";"Capotamento";3;0;0;0;0;0;0;0;0;0;3;0;0;0;0
"20/08/2022";"02:20:00";"41";"Acidente s";"177.8";"BR-116/RJ";"Pista Sul";"Abalroamento longitudinal";3;0;0;0;0;0;0;0;0;0;3;0;0;0;0
"20/08/2022";"02:28:00";"45";"Acidente c";"230";"BR-116/SP";"Pista Norte";"Capotamento";1;0;0;1;0;0;0;0;0;0;1;2;0;0;0
"20/08/2022";"02:42:00";"47";"Acidente s";"222.9";"BR-116/SP";"Pista Norte";"Choque em objeto fixo";1;0;0;0;0;0;0;0;0;0;1;0;0;0;0
"20/08/2022";"07:50:00";"129";"Acidente s";"211.75";"BR-116/RJ";"Pista Norte";"Choque em objeto fixo";1;0;0;0;0;0;0;0;0;0;1;0;0;0;0
"20/08/2022";"08:58:00";"168";"Acidente s";"227.2";"BR-116/RJ";"Pista Norte";"Tombamento";0;0;1;0;0;0;0;0;0;0;1;0;0;0;0
"20/08/2022";"09:15:00";"173";"Acidente s";"245.4";"BR-116/RJ";"Pista Sul";"Choque em objeto fixo";1;0;0;0;0;0;0;0;0;0;1;0;0;0;0
"20/08/2022";"11:27:00";"231";"Acidente s";"111.6";"BR-116/SP";"Pista Norte";"Colisão traseira";2;0;0;0;0;0;0;0;0;0;2;0;0;0;0
"20/08/2022";"12:18:00";"251";"Acidente s";"318.9";"BR-116/RJ";"Pista Sul";"Colisão traseira";1;0;1;0;0;0;0;0;0;0;2;0;0;0;0
"20/08/2022";"12:48:00";"266";"Acidente c";"176";"BR-116/RJ";"Pista Sul";"Abalroamento longitudinal";0;0;0;1;0;1;0;0;0;0;1;1;0;0;0
"20/08/2022";"02:16:00";"309";"Acidente s";"218.2";"BR-116/SP";"Pista Norte";"Colisão traseira";2;0;0;0;0;0;0;0;0;0;2;0;0;0;0
"20/08/2022";"06:38:00";"402";"Acidente c";"197.53";"BR-116/SP";"Pista Sul";"Colisão traseira";0;0;0;1;0;1;0;0;0;0;1;0;0;1;0
"20/08/2022";"07:56:00";"422";"Acidente c";"208.5";"BR-116/SP";"Pista Sul";"Engavetamento";1;0;0;0;3;0;0;0;0;0;146;0;0;1;0
"20/08/2022";"08:24:00";"431";"Acidente s";"227.8";"BR-116/SP";"Pista Norte";"Colisão traseira";1;0;0;0;0;1;0;0;0;0;2;0;0;0;0
"20/08/2022";"10:20:00";"457";"Acidente c";"180.6";"BR-116/RJ";"Pista Norte";"Colisão traseira";1;0;0;1;0;0;0;0;0;0;2;1;0;0;0
"20/08/2022";"11:15:00";"470";"Acidente s";"191";"BR-116/SP";"Pista Sul";"Choque em objeto na pista";0;0;1;0;0;0;0;0;0;0;1;0;0;0;0
"20/08/2022";"11:51:00";"477";"Acidente s";"275.9";"BR-116/RJ";"Pista Sul";"Colisão frontal";1;0;0;1;0;0;0;0;0;0;2;0;0;0;0
"21/08/2022";"12:23:00";"17";"Acidente s";"157.4";"BR-116/SP";"Pista Sul";"Capotamento";1;0;0;0;0;0;0;0;0;0;1;0;0;0;0
"21/08/2022";"02:48:00";"35";"Acidente c";"163";"BR-116/RJ";"Pista Sul";"Queda de moto";0;0;0;1;0;0;0;0;0;0;0;2;0;0;0
"21/08/2022";"04:13:00";"46";"Atropelame";"228";"BR-116/SP";"Pista Norte";"Atropelamento de pedestre caminhando";0;0;0;0;0;1;0;0;0;0;1;0;0;0;1
"21/08/2022";"04:34:00";"48";"Acidente s";"42.25";"BR-116/SP";"Pista Norte";"Queda de ribanceira";1;0;0;0;0;0;0;0;0;0;1;0;0;0;0
"21/08/2022";"04:40:00";"49";"Acidente s";"188";"BR-116/RJ";"Pista Sul";"Capotamento";1;0;0;0;0;0;0;0;0;0;1;0;0;0;0
"21/08/2022";"06:27:00";"73";"Acidente s";"218.1";"BR-116/SP";"Pista Norte";"Choque em barreira New Jersey";1;0;0;0;0;0;0;0;0;0;1;0;0;0;0
"21/08/2022";"08:11:00";"123";"Acidente s";"37.65";"BR-116/SP";"Pista Norte";"Atropelamento de animal";1;0;0;0;0;0;0;0;0;0;1;0;0;0;0
"21/08/2022";"08:26:00";"135";"Acidente c";"218.5";"BR-116/SP";"Pista Sul";"Queda de moto";0;0;0;1;0;0;0;0;0;0;0;2;0;0;0
"21/08/2022";"09:21:00";"174";"Acidente s";"229.9";"BR-116/SP";"Pista Sul";"Colisão traseira";1;0;0;0;0;1;0;0;0;0;2;0;0;0;0
"21/08/2022";"09:32:00";"177";"Acidente s";"204.3";"BR-116/RJ";"Pista Sul";"Choque em defensa";1;0;0;0;0;0;0;0;0;0;5;0;0;0;0
"21/08/2022";"11:16:00";"220";"Acidente s";"101.5";"BR-116/SP";"Pista Sul";"Atropelamento de animal";1;0;0;0;0;0;0;0;0;0;2;0;0;0;0
"21/08/2022";"12:40:00";"246";"Acidente s";"212.5";"BR-116/SP";"Pista Norte";"Engavetamento";2;0;1;0;0;0;0;0;0;0;4;0;0;0;0
"21/08/2022";"04:23:00";"327";"Acidente s";"108.2";"BR-116/SP";"Pista Sul";"Colisão traseira";0;0;0;0;2;0;0;0;0;0;92;0;0;0;0
"21/08/2022";"05:16:00";"346";"Acidente s";"86.95";"BR-116/SP";"Pista Sul";"Choque em veículo parado na pista";2;0;0;0;0;0;0;0;0;0;3;0;0;0;0
"21/08/2022";"06:39:00";"390";"Acidente s";"137.3";"BR-116/SP";"Pista Sul";"Colisão traseira";2;0;0;0;0;0;0;0;0;0;6;0;0;0;0
"21/08/2022";"08:04:00";"428";"Acidente s";"134.8";"BR-116/SP";"Pista Sul";"Engavetamento";3;0;0;0;0;0;0;0;0;0;6;0;0;0;0
"21/08/2022";"08:08:00";"430";"Atropelame";"190";"BR-116/RJ";"Pista Sul";"Atropelamento de pedestre atravessando";0;0;0;0;0;1;0;0;0;0;1;1;0;0;0
"21/08/2022";"09:22:00";"445";"Acidente s";"15.4";"BR-116/SP";"Pista Sul";"Atropelamento de animal";1;0;0;0;0;0;0;0;0;0;1;0;0;0;0
"21/08/2022";"09:50:00";"453";"Acidente s";"58.5";"BR-116/SP";"Pista Sul";"Colisão traseira";2;0;0;0;0;0;0;0;0;0;7;0;0;0;0
"21/08/2022";"10:13:00";"462";"Acidente s";"238";"BR-116/RJ";"Pista Norte";"Atropelamento de animal";0;0;1;0;0;0;0;0;0;0;1;0;0;0;0
"21/08/2022";"10:24:00";"467";"Acidente c";"22";"BR-116/SP";"Pista Norte";"Colisão traseira";2;0;0;0;0;0;0;0;0;0;3;1;0;0;0
"21/08/2022";"10:43:00";"474";"Acidente s";"200.9";"BR-116/SP";"Pista Sul";"Capotamento";1;0;0;0;0;0;0;0;0;0;1;0;0;0;0
"21/08/2022";"11:02:00";"479";"Acidente s";"172.2";"BR-116/RJ";"Pista Norte";"Atropelamento de animal";1;0;0;0;0;0;0;0;0;0;1;0;0;0;0
"21/08/2022";"11:17:00";"484";"Acidente c";"184";"BR-116/RJ";"Pista Norte";"Colisão traseira";2;0;0;0;0;0;0;0;0;0;1;2;0;1;0
"21/08/2022";"11:30:00";"494";"Acidente c";"216.25";"BR-116/SP";"Pista Norte";"Capotamento";1;0;0;0;0;0;0;0;0;0;0;0;0;4;0
"21/08/2022";"11:50:00";"498";"Acidente s";"124.8";"BR-116/SP";"Pista Sul";"Colisão traseira";2;0;0;0;0;0;0;0;0;0;4;0;0;0;0
"22/08/2022";"01:05:00";"19";"Acidente c";"214";"BR-116/SP";"Pista Sul";"Colisão traseira";1;0;0;1;0;0;0;0;0;0;4;0;0;1;0
"22/08/2022";"05:38:00";"57";"Acidente s";"214.2";"BR-116/SP";"Pista Sul";"Colisão traseira";1;0;0;0;0;1;0;0;0;0;2;0;0;0;0
"22/08/2022";"06:01:00";"67";"Acidente s";"210.8";"BR-116/SP";"Pista Sul";"Engavetamento";2;0;0;0;0;0;0;0;0;2;4;0;0;0;0
"22/08/2022";"06:01:00";"66";"Acidente s";"211";"BR-116/SP";"Pista Sul";"Engavetamento";3;0;0;0;0;0;0;0;0;0;5;0;0;0;0
"22/08/2022";"06:19:00";"75";"Acidente s";"78.78";"BR-116/SP";"Pista Sul";"Abalroamento longitudinal";2;0;0;0;0;0;0;0;0;0;5;0;0;0;0
"22/08/2022";"06:42:00";"81";"Acidente c";"223.3";"BR-116/SP";"Pista Sul";"Abalroamento longitudinal";1;0;0;1;0;0;0;0;0;0;1;1;0;0;0
"22/08/2022";"07:41:00";"152";"Acidente c";"219";"BR-116/SP";"Pista Sul";"Abalroamento longitudinal";0;0;0;1;0;1;0;0;0;0;2;1;0;0;0
"22/08/2022";"08:05:00";"172";"Acidente s";"227.5";"BR-116/SP";"Pista Norte";"Choque em defensa";1;0;0;0;0;0;0;0;0;0;1;0;0;0;0
"22/08/2022";"08:32:00";"210";"Acidente s";"156.2";"BR-116/SP";"Pista Norte";"Colisão traseira";1;0;0;0;0;0;0;0;0;1;2;0;0;0;0
"22/08/2022";"09:09:00";"244";"Acidente s";"174.6";"BR-116/RJ";"Pista Norte";"Choque em barreira New Jersey";1;0;0;0;0;0;0;0;0;0;1;0;0;0;0
"22/08/2022";"09:20:00";"251";"Acidente s";"174.6";"BR-116/RJ";"Pista Norte";"Colisão traseira";1;0;0;0;0;1;0;0;0;0;2;0;0;0;0
"22/08/2022";"09:52:00";"273";"Acidente c";"214.4";"BR-116/SP";"Pista Norte";"Colisão traseira";1;0;0;0;0;1;0;0;0;0;1;1;0;0;0
"22/08/2022";"11:37:00";"323";"Acidente s";"224";"BR-116/RJ";"Pista Norte";"Choque em objeto fixo";0;0;1;0;0;0;0;0;0;0;1;0;0;0;0
"22/08/2022";"03:10:00";"417";"Acidente s";"78";"BR-116/SP";"Pista Sul";"Choque em barreira New Jersey";1;0;0;0;0;0;0;0;0;0;2;0;0;0;0
"22/08/2022";"03:22:00";"427";"Acidente s";"299";"BR-116/RJ";"Pista Norte";"Engavetamento";2;0;1;0;0;0;0;0;0;0;3;0;0;0;0
"22/08/2022";"04:41:00";"472";"Acidente c";"212";"BR-116/RJ";"Pista Norte";"Queda de ribanceira";1;0;0;0;0;0;0;0;0;0;0;1;0;0;0
"22/08/2022";"05:16:00";"491";"Acidente s";"201";"BR-116/SP";"Pista Norte";"Choque em barreira New Jersey";1;0;0;0;0;0;0;0;0;0;1;0;0;0;0
"22/08/2022";"06:06:00";"526";"Acidente c";"218";"BR-116/SP";"Pista Sul";"Colisão traseira";1;0;0;1;0;0;0;0;0;0;1;0;1;0;0
"22/08/2022";"06:34:00";"549";"Acidente s";"222";"BR-116/RJ";"Pista Norte";"Choque em objeto fixo";1;0;0;0;0;0;0;0;0;0;1;0;0;0;0
"22/08/2022";"07:09:00";"565";"Acidente s";"316.55";"BR-116/RJ";"Pista Sul";"Choque em objeto na pista";1;0;0;0;0;0;0;0;0;0;1;0;0;0;0
"22/08/2022";"07:37:00";"578";"Acidente c";"166.3";"BR-116/RJ";"Pista Norte";"Colisão traseira";2;0;0;0;0;0;0;0;0;0;0;2;0;0;0
"22/08/2022";"08:36:00";"598";"Acidente s";"219.4";"BR-116/SP";"Pista Norte";"Colisão traseira";2;0;0;0;0;0;0;0;0;0;3;0;0;0;0
"22/08/2022";"08:58:00";"606";"Acidente s";"42";"BR-116/SP";"Pista Norte";"Colisão traseira";0;0;2;0;0;0;0;0;0;0;2;0;0;0;0
"22/08/2022";"11:32:00";"656";"Acidente s";"201.9";"BR-116/RJ";"Pista Norte";"Atropelamento de animal";1;0;0;0;0;0;0;0;0;0;1;0;0;0;0
"23/08/2022";"01:09:00";"21";"Acidente c";"221.2";"BR-116/RJ";"Pista Norte";"Capotamento";1;0;0;0;0;0;0;0;0;0;0;1;0;0;0
"23/08/2022";"04:44:00";"50";"Acidente s";"221.7";"BR-116/RJ";"Pista Norte";"Colisão traseira";0;0;1;0;0;1;0;0;0;0;2;0;0;0;0
"23/08/2022";"05:04:00";"54";"Acidente c";"117.2";"BR-116/SP";"Pista Sul";"Colisão traseira";0;0;1;0;1;0;0;0;0;0;43;3;0;0;0
"23/08/2022";"07:16:00";"135";"Acidente c";"182.8";"BR-116/RJ";"Pista Norte";"Queda de moto";0;0;0;1;0;0;0;0;0;0;0;1;0;0;0
"23/08/2022";"07:32:00";"157";"Acidente c";"35.3";"BR-116/SP";"Pista Norte";"Capotamento";1;0;0;0;0;0;0;0;0;0;0;1;0;0;0
"23/08/2022";"11:04:00";"337";"Acidente s";"220";"BR-116/SP";"Pista Norte";"Engavetamento";5;0;1;0;0;0;0;0;0;0;9;0;0;0;0
"23/08/2022";"11:47:00";"358";"Acidente c";"210.4";"BR-116/SP";"Pista Sul";"Engavetamento";1;0;2;0;0;0;0;0;0;0;3;1;0;0;0
"23/08/2022";"12:24:00";"373";"Acidente c";"312.5";"BR-116/RJ";"Pista Norte";"Colisão traseira";2;0;0;0;0;0;0;0;0;0;1;1;2;0;0
"23/08/2022";"01:01:00";"387";"Acidente s";"318.9";"BR-116/RJ";"Pista Norte";"Colisão traseira";0;0;1;0;0;0;0;0;0;1;2;0;0;0;0
"23/08/2022";"05:32:00";"521";"Acidente c";"155";"BR-116/SP";"Pista Norte";"Colisão traseira";1;0;0;2;0;0;0;0;0;0;1;2;0;0;0
"23/08/2022";"05:55:00";"547";"Acidente c";"217.7";"BR-116/SP";"Pista Sul";"Colisão traseira";1;0;0;1;0;0;0;0;0;0;1;1;0;0;0
"23/08/2022";"06:27:00";"568";"Acidente c";"198.3";"BR-116/RJ";"Pista Norte";"Colisão traseira";1;0;1;0;0;0;0;0;0;0;3;0;1;0;0
"23/08/2022";"06:28:00";"570";"Acidente s";"220.35";"BR-116/RJ";"Pista Norte";"Tombamento";0;0;1;0;0;0;0;0;0;0;1;0;0;0;0
"23/08/2022";"07:42:00";"602";"Acidente s";"176.7";"BR-116/RJ";"Pista Sul";"Colisão traseira";2;0;0;0;0;0;0;0;0;0;5;0;0;0;0
"24/08/2022";"12:22:00";"18";"Acidente s";"35";"BR-116/SP";"Pista Sul";"Choque em objeto na pista";1;0;0;0;0;0;0;0;0;0;2;0;0;0;0
"24/08/2022";"12:40:00";"21";"Acidente c";"176";"BR-116/SP";"Pista Norte";"Colisão traseira";0;0;2;0;0;0;0;0;0;0;0;2;0;0;0
"24/08/2022";"01:10:00";"24";"Acidente s";"35";"BR-116/SP";"Pista Sul";"Choque em objeto na pista";1;0;0;0;0;0;0;0;0;0;1;0;0;0;0
"24/08/2022";"06:26:00";"86";"Acidente c";"212.6";"BR-116/RJ";"Pista Norte";"Capotamento";1;0;0;0;0;0;0;0;0;0;0;2;1;0;0
"24/08/2022";"07:47:00";"189";"Acidente s";"184.8";"BR-116/RJ";"Pista Sul";"Atropelamento de animal";1;0;0;0;0;0;0;0;0;0;1;0;0;0;0
"24/08/2022";"09:06:00";"298";"Acidente s";"232.2";"BR-116/RJ";"Pista Norte";"Colisão traseira";1;0;1;0;0;0;0;0;0;0;2;0;0;0;0
"24/08/2022";"09:15:00";"307";"Acidente c";"228.4";"BR-116/SP";"Pista Sul";"Abalroamento longitudinal";1;0;0;1;0;0;0;0;0;0;1;1;0;0;0
"24/08/2022";"09:33:00";"332";"Acidente c";"146.4";"BR-116/SP";"Pista Norte";"Colisão traseira";0;0;0;1;0;1;0;0;0;0;0;2;0;0;0
"24/08/2022";"09:54:00";"350";"Acidente s";"146.4";"BR-116/SP";"Pista Norte";"Engavetamento";2;0;0;0;0;2;0;0;0;0;4;0;0;0;0
"24/08/2022";"10:19:00";"369";"Acidente s";"204.5";"BR-116/SP";"Pista Norte";"Colisão traseira";2;0;0;0;0;0;0;0;0;0;3;0;0;0;0
"24/08/2022";"10:45:00";"387";"Acidente s";"154";"BR-116/SP";"Pista Sul";"Engavetamento";2;0;1;0;0;0;0;0;0;0;3;0;0;0;0
"24/08/2022";"11:55:00";"434";"Acidente s";"290.8";"BR-116/RJ";"Pista Sul";"Engavetamento";0;0;1;0;0;1;0;0;0;1;4;0;0;0;0
"24/08/2022";"01:51:00";"490";"Acidente c";"298.5";"BR-116/RJ";"Pista Sul";"Abalroamento longitudinal";0;0;2;0;0;0;0;0;0;0;0;2;0;0;0
"24/08/2022";"02:17:00";"506";"Acidente c";"112.6";"BR-116/SP";"Pista Sul";"Colisão traseira";1;0;0;1;0;0;0;0;0;0;1;1;0;0;0
"24/08/2022";"02:33:00";"513";"Acidente c";"22.2";"BR-116/SP";"Pista Norte";"Abalroamento longitudinal";0;0;2;0;0;0;0;0;0;0;2;0;1;0;0
"24/08/2022";"04:29:00";"595";"Acidente s";"185.75";"BR-116/RJ";"Pista Norte";"Colisão traseira";2;0;0;0;0;0;0;0;0;0;2;0;0;0;0
"24/08/2022";"04:30:00";"598";"Acidente s";"318.9";"BR-116/RJ";"Pista Sul";"Colisão traseira";1;0;1;0;0;0;0;0;0;0;2;0;0;0;0
"24/08/2022";"05:12:00";"624";"Acidente c";"218.4";"BR-116/SP";"Pista Sul";"Abalroamento longitudinal";1;0;0;1;0;0;0;0;0;0;1;1;0;0;0
"24/08/2022";"05:48:00";"640";"Acidente c";"100";"BR-116/SP";"Pista Norte";"Queda de moto";0;0;0;1;0;0;0;0;0;0;0;0;1;0;0
"25/08/2022";"12:21:00";"19";"Acidente c";"59.6";"BR-116/SP";"Pista Sul";"Capotamento";1;0;0;0;0;0;0;0;0;0;1;1;0;0;0
"25/08/2022";"01:54:00";"41";"Acidente s";"299";"BR-116/RJ";"Pista Norte";"Colisão traseira";1;0;0;0;0;1;0;0;0;0;2;0;0;0;0
"25/08/2022";"01:58:00";"42";"Acidente s";"16.6";"BR-116/SP";"Pista Sul";"Choque em objeto fixo";1;0;0;0;0;0;0;0;0;0;1;0;0;0;0
"25/08/2022";"05:51:00";"85";"Acidente c";"184";"BR-116/RJ";"Pista Norte";"Abalroamento longitudinal";0;0;0;1;0;1;0;0;0;0;1;1;0;0;0
"25/08/2022";"06:26:00";"101";"Acidente c";"211";"BR-116/SP";"Pista Sul";"Colisão traseira";2;0;0;0;0;0;0;0;0;0;2;2;0;0;0
"25/08/2022";"06:35:00";"106";"Acidente s";"168.4";"BR-116/RJ";"Pista Sul";"Choque em barreira New Jersey";1;0;0;0;0;0;0;0;0;0;1;0;0;0;0
"25/08/2022";"06:39:00";"113";"Acidente c";"209.85";"BR-116/SP";"Pista Sul";"Colisão traseira";1;0;0;1;0;0;0;0;0;0;2;1;0;0;0
"25/08/2022";"07:28:00";"185";"Acidente c";"227.65";"BR-116/SP";"Pista Sul";"Colisão traseira";1;0;0;1;0;0;0;0;0;0;1;1;0;0;0
"25/08/2022";"07:57:00";"228";"Acidente c";"317";"BR-116/RJ";"Pista Sul";"Colisão traseira";1;0;0;1;0;0;0;0;0;0;2;1;0;0;0
"25/08/2022";"07:59:00";"231";"Acidente s";"276.4";"BR-116/RJ";"Pista Sul";"Atropelamento de animal";1;0;0;0;0;0;0;0;0;0;1;0;0;0;0
"25/08/2022";"09:39:00";"346";"Acidente s";"294.1";"BR-116/RJ";"Pista Sul";"Abalroamento longitudinal";1;0;1;0;0;0;0;0;0;0;2;0;0;0;0