data;horario;n_da_ocorrencia;tipo_de_ocorrencia;km;trecho;sentido;tipo_de_acidente;automovel;bicicleta;caminhao;moto;onibus;outros;tracao_animal;transporte_de_cargas_especiais;trator_maquinas;utilitarios;ilesos;levemente_feridos;moderadamente_feridos;gravemente_feridos;mortos
"08/09/2022";"12:55:00";"468";"Acidente c";"108.65";"BR-116/SP";"Pista Norte";"Choque em veículo parado na pista";1;0;1;0;0;0;0;0;0;0;1;0;1;0;0
"08/09/2022";"12:58:00";"471";"Acidente c";"420.5";"BR-101/RJ";"Pista Norte";"Colisão traseira";1;0;0;1;0;0;0;0;0;0;1;0;1;0;0
"08/09/2022";"01:46:00";"501";"Acidente c";"42.6";"BR-101/SP";"Pista Sul";"Queda de moto";0;0;0;1;0;0;0;0;0;0;0;0;1;0;0
"08/09/2022";"03:05:00";"552";"Acidente c";"26.2";"BR-101/SP";"Pista Sul";"Tombamento";0;0;1;0;0;0;0;0;0;0;0;0;2;0;0
"08/09/2022";"05:17:00";"644";"Acidente s";"130.9";"BR-116/SP";"Pista Sul";"Colisão traseira";2;0;0;0;0;0;0;0;0;0;5;0;0;0;0
"08/09/2022";"05:56:00";"668";"Acidente s";"413";"BR-101/RJ";"Pista Norte";"Choque em barreira New Jersey";1;0;0;0;0;0;0;0;0;0;1;0;0;0;0
"08/09/2022";"06:53:00";"702";"Acidente c";"46";"BR-101/SP";"Pista Sul";"Atropelamento de pedestre atravessando";0;1;0;1;0;0;0;0;0;0;0;0;2;0;0
"08/09/2022";"08:12:00";"748";"Acidente s";"329.5";"BR-116/RJ";"Pista Norte";"Choque em objeto na pista";4;0;0;0;0;1;0;0;0;0;7;0;0;0;0
"08/09/2022";"08:32:00";"756";"Acidente s";"491";"BR-101/RJ";"Pista Sul";"Choque em objeto fixo";1;0;0;0;0;0;0;0;0;0;1;0;0;0;0
"08/09/2022";"10:06:00";"790";"Acidente s";"224";"BR-116/SP";"Pista Sul";"Abalroamento longitudinal";0;0;1;0;0;1;0;0;0;0;2;0;0;0;0
"08/09/2022";"10:37:00";"798";"Acidente c";"57";"BR-116/SP";"Pista Sul";"Queda de moto";0;0;0;1;0;0;0;0;0;0;0;0;1;0;0
"09/09/2022";"12:22:00";"21";"Acidente s";"195.28";"BR-116/RJ";"Pista Sul";"Choque em objeto na pista";0;0;1;0;0;0;0;0;0;0;1;0;0;0;0
"09/09/2022";"01:09:00";"34";"Acidente s";"103.2";"BR-116/SP";"Pista Sul";"Colisão traseira";1;0;0;0;0;1;0;0;0;0;2;0;0;0;0
"09/09/2022";"05:04:00";"94";"Acidente c";"205.8";"BR-116/SP";"Pista Sul";"Capotamento";1;0;0;0;0;0;0;0;0;0;0;0;1;0;0
"09/09/2022";"08:18:00";"262";"Acidente s";"214.2";"BR-116/SP";"Pista Sul";"Abalroamento longitudinal";0;0;2;0;0;0;0;0;0;0;2;0;0;0;0
"09/09/2022";"08:20:00";"263";"Acidente s";"491";"BR-101/RJ";"Pista Norte";"Choque em objeto fixo";1;0;0;0;0;0;0;0;0;0;1;0;0;0;0
"09/09/2022";"08:45:00";"284";"Acidente s";"146.1";"BR-116/SP";"Pista Sul";"Colisão traseira";2;0;0;0;0;0;0;0;0;0;2;0;0;0;0
"09/09/2022";"09:00:00";"302";"Acidente s";"139.8";"BR-116/SP";"Pista Sul";"Engavetamento";1;0;2;0;0;0;0;0;0;0;4;0;0;0;0
"09/09/2022";"11:28:00";"419";"Acidente s";"214";"BR-116/SP";"Pista Norte";"Capotamento";1;0;0;0;0;0;0;0;0;0;2;0;0;0;0
"09/09/2022";"11:57:00";"436";"Acidente s";"47";"BR-116/SP";"Pista Sul";"Colisão traseira";1;0;0;0;0;1;0;0;0;0;2;0;0;0;0
"09/09/2022";"01:24:00";"494";"Acidente s";"145.7";"BR-116/SP";"Pista Norte";"Colisão traseira";2;0;0;0;0;0;0;0;0;0;4;0;0;0;0
"09/09/2022";"01:37:00";"504";"Acidente c";"221.2";"BR-116/SP";"Pista Norte";"Colisão traseira";0;0;0;2;0;0;0;0;0;0;0;1;1;0;0
"09/09/2022";"01:45:00";"512";"Acidente s";"382";"BR-101/RJ";"Pista Norte";"Colisão traseira";2;0;0;0;0;0;0;0;0;0;2;0;0;0;0
"09/09/2022";"02:08:00";"529";"Acidente c";"164";"BR-116/RJ";"Pista Sul";"Engavetamento";0;0;0;1;0;2;0;0;0;0;2;1;0;0;0
"09/09/2022";"02:09:00";"531";"Acidente s";"81.52";"BR-116/SP";"Pista Norte";"Colisão traseira";1;0;0;0;0;1;0;0;0;0;2;0;0;0;0
"09/09/2022";"03:37:00";"601";"Acidente c";"229";"BR-116/SP";"Pista Norte";"Colisão traseira";2;0;0;0;0;0;0;0;0;0;1;4;0;0;0
"09/09/2022";"04:33:00";"652";"Acidente s";"435";"BR-101/RJ";"Pista Norte";"Capotamento";1;0;0;0;0;0;0;0;0;0;1;0;0;0;0
"09/09/2022";"05:37:00";"701";"Acidente s";"276.1";"BR-116/RJ";"Pista Norte";"Colisão traseira";1;0;0;0;0;1;0;0;0;0;2;0;0;0;0
"09/09/2022";"05:41:00";"704";"Acidente c";"54";"BR-116/SP";"Pista Sul";"Colisão traseira";2;0;0;0;0;0;0;0;0;0;3;1;0;0;0
"09/09/2022";"05:58:00";"727";"Acidente c";"221";"BR-116/SP";"Pista Norte";"Colisão traseira";0;0;1;1;0;0;0;0;0;0;2;1;1;0;0
"09/09/2022";"06:03:00";"731";"Acidente c";"31";"BR-101/SP";"Pista Norte";"Colisão frontal";0;0;0;1;0;1;0;0;0;0;2;0;1;0;0
"09/09/2022";"06:24:00";"750";"Acidente c";"140.6";"BR-116/SP";"Pista Sul";"Colisão traseira";0;0;1;1;0;0;0;0;0;0;1;0;0;1;0
"09/09/2022";"06:49:00";"767";"Acidente c";"51";"BR-101/SP";"Pista Sul";"Colisão traseira";2;0;0;0;0;0;0;0;0;0;0;2;0;0;0
"09/09/2022";"08:02:00";"812";"Atropelame";"207.5";"BR-116/SP";"Pista Sul";"Atropelamento de pedestre caminhando";1;0;0;0;0;0;0;0;0;0;1;0;0;0;1
"09/09/2022";"09:34:00";"860";"Acidente c";"45.3";"BR-116/SP";"Pista Norte";"Colisão traseira";1;0;1;0;0;0;0;0;0;0;0;0;0;2;0
"09/09/2022";"09:43:00";"865";"Acidente c";"274.9";"BR-116/RJ";"Pista Norte";"Tombamento";0;0;1;0;0;0;0;0;0;0;0;1;0;0;0
"09/09/2022";"10:35:00";"879";"Acidente s";"311";"BR-116/RJ";"Pista Norte";"Queda de ribanceira";0;0;1;0;0;0;0;0;0;0;1;0;0;0;0
"09/09/2022";"10:55:00";"885";"Acidente c";"207.7";"BR-116/SP";"Pista Norte";"Abalroamento longitudinal";1;0;0;0;0;1;0;0;0;0;1;1;0;0;0
"10/09/2022";"02:54:00";"50";"Acidente s";"64.2";"BR-116/SP";"Pista Norte";"Choque em objeto na pista";4;0;7;0;0;2;0;0;0;2;40;0;0;0;0
"10/09/2022";"03:17:00";"53";"Acidente c";"525";"BR-101/RJ";"Pista Norte";"Queda de ribanceira";0;0;0;0;1;0;0;0;0;0;14;30;0;1;0
"10/09/2022";"06:00:00";"82";"Acidente s";"126.1";"BR-116/SP";"Pista Sul";"Choque em defensa";1;0;0;0;0;0;0;0;0;0;1;0;0;0;0
"10/09/2022";"07:13:00";"123";"Acidente s";"113.62";"BR-116/SP";"Pista Norte";"Engavetamento";3;0;0;0;0;1;0;0;0;0;7;0;0;0;0
"10/09/2022";"07:41:00";"147";"Acidente c";"388";"BR-101/RJ";"Pista Sul";"Capotamento";1;0;0;0;0;0;0;0;0;0;0;2;0;0;0
"10/09/2022";"08:24:00";"177";"Acidente s";"116.4";"BR-116/SP";"Pista Norte";"Colisão traseira";1;0;0;0;0;1;0;0;0;0;3;0;0;0;0
"10/09/2022";"08:36:00";"185";"Acidente s";"414";"BR-101/RJ";"Pista Norte";"Abalroamento longitudinal";2;0;0;0;0;0;0;0;0;0;2;0;0;0;0
"10/09/2022";"09:12:00";"203";"Acidente s";"108.2";"BR-116/SP";"Pista Sul";"Tombamento";1;0;0;0;0;1;0;0;0;0;5;0;0;0;0
"10/09/2022";"09:25:00";"208";"Acidente s";"208.3";"BR-116/SP";"Pista Sul";"Abalroamento longitudinal";2;0;0;0;0;0;0;0;0;0;2;0;0;0;0
"10/09/2022";"10:05:00";"230";"Acidente c";"117.8";"BR-116/SP";"Pista Norte";"Colisão traseira";0;0;0;1;1;0;0;0;0;0;18;0;1;0;0
"10/09/2022";"10:19:00";"237";"Acidente s";"416";"BR-101/RJ";"Pista Norte";"Engavetamento";4;0;0;0;0;0;0;0;0;0;6;0;0;0;0
"10/09/2022";"10:31:00";"246";"Atropelame";"323";"BR-116/RJ";"Pista Sul";"Atropelamento de pedestre caminhando";0;0;0;0;0;1;0;0;0;0;1;0;1;0;0
"10/09/2022";"10:48:00";"258";"Acidente s";"46.5";"BR-101/SP";"Pista Norte";"Colisão traseira";1;0;0;0;0;1;0;0;0;0;2;0;0;0;0
"10/09/2022";"11:34:00";"283";"Atropelame";"518";"BR-101/RJ";"Pista Sul";"Atropelamento de pedestre atravessando";0;1;0;1;0;0;0;0;0;0;0;2;0;0;0
"10/09/2022";"12:55:00";"330";"Acidente c";"448";"BR-101/RJ";"Pista Sul";"Choque em objeto fixo";0;0;0;0;1;0;0;0;0;0;14;3;1;0;0
"10/09/2022";"01:28:00";"351";"Acidente c";"51";"BR-101/SP";"Pista Sul";"Colisão traseira";1;0;0;1;0;0;0;0;0;0;1;1;0;0;0
"10/09/2022";"01:45:00";"365";"Acidente s";"180.9";"BR-116/RJ";"Pista Norte";"Engavetamento";2;0;0;0;0;1;0;0;0;0;3;0;0;0;0
"10/09/2022";"01:54:00";"374";"Acidente c";"217.1";"BR-116/SP";"Pista Norte";"Queda de moto";0;0;0;1;0;0;0;0;0;0;0;2;0;0;0
"10/09/2022";"02:10:00";"382";"Acidente c";"495.8";"BR-101/RJ";"Pista Norte";"Colisão frontal";1;0;0;1;0;0;0;0;0;0;2;0;0;1;0
"10/09/2022";"02:47:00";"402";"Acidente s";"136.3";"BR-116/SP";"Pista Sul";"Colisão traseira";1;0;0;0;0;1;0;0;0;0;3;0;0;0;0
"10/09/2022";"03:10:00";"415";"Acidente s";"283";"BR-116/RJ";"Pista Norte";"Abalroamento longitudinal";1;0;1;0;0;0;0;0;0;0;2;0;0;0;0
"10/09/2022";"03:38:00";"435";"Acidente c";"211.1";"BR-116/SP";"Pista Sul";"Abalroamento longitudinal";1;0;0;1;0;0;0;0;0;0;5;1;0;0;0
"10/09/2022";"03:52:00";"447";"Acidente s";"281.4";"BR-116/RJ";"Pista Norte";"Engavetamento";3;0;0;0;0;0;0;0;0;0;11;0;0;0;0
"10/09/2022";"04:28:00";"478";"Acidente s";"104";"BR-116/SP";"Pista Sul";"Engavetamento";5;0;0;0;0;1;0;0;0;0;22;0;0;0;0
"10/09/2022";"04:44:00";"485";"Acidente c";"195.5";"BR-116/SP";"Pista Sul";"Queda de moto";0;0;0;1;0;0;0;0;0;0;0;2;0;0;0
"10/09/2022";"04:53:00";"492";"Acidente s";"109.8";"BR-116/SP";"Pista Norte";"Choque em barreira New Jersey";1;0;0;0;0;0;0;0;0;0;1;0;0;0;0
"10/09/2022";"05:46:00";"523";"Acidente c";"397";"BR-101/RJ";"Pista Norte";"Engavetamento";3;0;0;0;0;0;0;0;0;0;2;1;0;0;0
"10/09/2022";"07:56:00";"589";"Acidente c";"176.6";"BR-116/RJ";"Pista Sul";"Engavetamento";3;0;0;0;0;0;0;0;0;0;7;3;0;0;0
"10/09/2022";"08:54:00";"605";"Acidente c";"147";"BR-116/SP";"Pista Sul";"Colisão traseira";1;0;0;0;1;0;0;0;0;0;26;1;0;0;0
"10/09/2022";"09:17:00";"614";"Acidente c";"92.7";"BR-116/SP";"Pista Sul";"Queda de moto";0;0;0;1;0;0;0;0;0;0;0;0;2;0;0
"10/09/2022";"11:41:00";"655";"Acidente c";"529";"BR-101/RJ";"Pista Sul";"Choque em objeto fixo";1;0;0;0;0;0;0;0;0;0;0;2;0;0;0
"10/09/2022";"11:53:00";"660";"Acidente c";"189";"BR-116/RJ";"Pista Sul";"Colisão traseira";1;0;0;0;1;0;0;0;0;0;46;0;1;0;0
"11/09/2022";"02:38:00";"43";"Acidente s";"127.4";"BR-116/SP";"Pista Sul";"Colisão traseira";1;0;0;0;0;0;0;0;0;1;16;0;0;0;0
"11/09/2022";"02:41:00";"44";"Acidente c";"48.3";"BR-116/SP";"Pista Norte";"Choque em defensa";1;0;0;0;0;0;0;0;0;0;0;2;0;0;0
"11/09/2022";"03:39:00";"58";"Acidente c";"221.1";"BR-116/SP";"Pista Norte";"Capotamento";2;0;0;0;0;0;0;0;0;0;1;3;0;0;0
"11/09/2022";"07:03:00";"117";"Acidente s";"274";"BR-116/RJ";"Pista Sul";"Choque em barreira New Jersey";1;0;0;0;0;0;0;0;0;0;1;0;0;0;0
"11/09/2022";"08:46:00";"168";"Acidente s";"75";"BR-116/SP";"Pista Norte";"Colisão traseira";0;0;0;1;0;1;0;0;0;0;1;1;0;0;0
"11/09/2022";"10:16:00";"217";"Acidente c";"26.3";"BR-116/SP";"Pista Sul";"Capotamento";1;0;0;0;0;0;0;0;0;0;2;0;2;1;0
"11/09/2022";"10:50:00";"236";"Acidente c";"219.8";"BR-116/SP";"Pista Norte";"Colisão traseira";0;0;0;1;1;0;0;0;0;0;1;0;1;0;0
"11/09/2022";"10:51:00";"237";"Atropelame";"397";"BR-101/RJ";"Pista Sul";"Atropelamento de pedestre atravessando";1;1;0;0;0;0;0;0;0;0;1;0;0;0;1
"11/09/2022";"02:23:00";"321";"Acidente s";"140.3";"BR-116/SP";"Pista Sul";"Engavetamento";1;0;0;0;0;2;0;0;0;0;6;0;0;0;0
"11/09/2022";"02:35:00";"325";"Acidente s";"104.85";"BR-116/SP";"Pista Sul";"Colisão traseira";2;0;0;0;0;0;0;0;0;0;5;0;0;0;0
"11/09/2022";"03:54:00";"375";"Acidente c";"67.8";"BR-116/SP";"Pista Sul";"Engavetamento";3;0;0;0;0;0;0;0;0;0;2;0;2;0;0
"11/09/2022";"04:02:00";"382";"Acidente s";"92.3";"BR-116/SP";"Pista Sul";"Colisão traseira";1;0;0;0;1;0;0;0;0;0;43;0;0;0;0
"11/09/2022";"04:06:00";"384";"Acidente s";"60.2";"BR-116/SP";"Pista Sul";"Engavetamento";1;0;0;0;0;3;0;0;0;0;5;0;0;0;0
"11/09/2022";"04:08:00";"385";"Acidente c";"303";"BR-116/RJ";"Pista Sul";"Colisão frontal";1;0;0;1;0;0;0;0;0;0;1;1;0;0;0
"11/09/2022";"04:45:00";"410";"Acidente c";"421.4";"BR-101/RJ";"Pista Norte";"Colisão frontal";2;0;0;0;0;0;0;0;0;0;0;5;0;0;0
"11/09/2022";"05:13:00";"424";"Acidente s";"556.8";"BR-101/RJ";"Pista Sul";"Capotamento";1;0;0;0;0;0;0;0;0;0;1;0;0;0;0
"11/09/2022";"05:45:00";"437";"Acidente c";"527";"BR-101/RJ";"Pista Norte";"Choque em objeto fixo";1;0;0;0;0;0;0;0;0;0;0;1;0;0;0
"11/09/2022";"05:57:00";"443";"Acidente c";"265";"BR-116/RJ";"Pista Sul";"Capotamento";1;0;0;0;0;0;0;0;0;0;0;0;1;0;0
"11/09/2022";"06:15:00";"451";"Acidente s";"61.2";"BR-116/SP";"Pista Sul";"Engavetamento";4;0;0;0;0;1;0;0;0;0;11;0;0;0;0
"11/09/2022";"06:50:00";"467";"Acidente s";"482";"BR-101/RJ";"Pista Sul";"Colisão traseira";1;0;0;0;1;0;0;0;0;0;2;0;0;0;0
"11/09/2022";"07:02:00";"478";"Acidente c";"387";"BR-101/RJ";"Pista Sul";"Capotamento";1;0;0;0;0;0;0;0;0;0;0;1;0;0;0
"11/09/2022";"07:13:00";"484";"Atropelame";"503";"BR-101/RJ";"Pista Sul";"Atropelamento de pedestre atravessando";0;0;0;0;0;1;0;0;0;0;1;1;0;0;0
"11/09/2022";"07:16:00";"486";"Acidente s";"61.3";"BR-116/SP";"Pista Sul";"Engavetamento";3;0;0;0;0;0;0;0;0;0;10;0;0;0;0
"11/09/2022";"08:53:00";"530";"Acidente s";"433";"BR-101/RJ";"Pista Norte";"Choque em objeto fixo";1;0;0;0;0;0;0;0;0;0;1;0;0;0;0
"11/09/2022";"09:39:00";"551";"Acidente c";"165";"BR-116/RJ";"Pista Sul";"Abalroamento longitudinal";1;0;1;0;0;0;0;0;0;0;1;1;0;0;0
"11/09/2022";"09:45:00";"556";"Acidente s";"11.2";"BR-116/SP";"Pista Sul";"Atropelamento de animal";1;0;0;0;0;0;0;0;0;0;2;0;0;0;0
"11/09/2022";"09:59:00";"561";"Acidente s";"431";"BR-101/RJ";"Pista Norte";"Choque em objeto fixo";1;0;0;0;0;0;0;0;0;0;1;0;0;0;0
"12/09/2022";"01:20:00";"27";"Acidente c";"165";"BR-116/RJ";"Pista Sul";"Colisão traseira";0;0;0;1;0;1;0;0;0;0;1;0;0;1;0
"12/09/2022";"02:50:00";"37";"Acidente s";"228";"BR-116/SP";"Pista Sul";"Choque em objeto na pista";1;0;0;0;0;0;0;0;0;0;1;0;0;0;0
"12/09/2022";"05:06:00";"59";"Acidente s";"256.1";"BR-116/RJ";"Pista Sul";"Colisão traseira";0;0;1;0;0;0;0;0;0;1;2;0;0;0;0
"12/09/2022";"05:49:00";"83";"Acidente s";"177.5";"BR-116/RJ";"Pista Sul";"Capotamento";1;0;0;0;0;0;0;0;0;0;1;0;0;0;0
"12/09/2022";"08:15:00";"244";"Acidente s";"495";"BR-101/RJ";"Pista Sul";"Choque em objeto fixo";1;0;0;0;0;0;0;0;0;0;4;0;0;0;0
"12/09/2022";"09:53:00";"341";"Acidente s";"227.2";"BR-116/SP";"Pista Norte";"Colisão traseira";1;0;1;0;0;0;0;0;0;0;2;0;0;0;0
"12/09/2022";"11:00:00";"394";"Atropelame";"405.6";"BR-101/RJ";"Pista Sul";"Atropelamento de pedestre atravessando";0;0;0;0;0;1;0;0;0;0;1;1;0;0;0
"12/09/2022";"01:51:00";"494";"Acidente s";"182.1";"BR-116/RJ";"Pista Sul";"Colisão traseira";2;0;0;0;0;0;0;0;0;0;2;0;0;0;0
"12/09/2022";"02:22:00";"509";"Acidente s";"24.6";"BR-116/SP";"Pista Sul";"Engavetamento";0;0;3;0;0;0;0;0;0;0;3;0;0;0;0
"12/09/2022";"02:25:00";"513";"Acidente c";"219.65";"BR-116/SP";"Pista Sul";"Colisão traseira";0;0;0;1;0;1;0;0;0;0;1;1;0;0;0
"12/09/2022";"02:42:00";"518";"Acidente c";"208.8";"BR-116/RJ";"Pista Sul";"Tombamento";0;0;1;0;0;0;0;0;0;0;0;2;0;0;0
"12/09/2022";"02:58:00";"526";"Acidente s";"200";"BR-116/RJ";"Pista Sul";"Choque em defensa";0;0;1;0;0;0;0;0;0;0;1;0;0;0;0
"12/09/2022";"04:18:00";"581";"Acidente c";"145";"BR-116/SP";"Pista Sul";"Abalroamento longitudinal";1;0;0;1;0;0;0;0;0;0;1;1;0;0;0
"12/09/2022";"04:25:00";"586";"Acidente s";"433";"BR-101/RJ";"Pista Sul";"Choque em objeto fixo";2;0;0;0;0;0;0;0;0;0;2;0;0;0;0
"12/09/2022";"05:35:00";"625";"Acidente s";"434";"BR-101/RJ";"Pista Sul";"Choque em objeto fixo";1;0;0;0;0;0;0;0;0;0;1;0;0;0;0
"12/09/2022";"05:39:00";"627";"Acidente s";"427.99";"BR-101/RJ";"Pista Norte";"Colisão frontal";2;0;0;0;0;0;0;0;0;0;2;0;0;0;0
"12/09/2022";"06:29:00";"671";"Acidente c";"228.2";"BR-116/SP";"Pista Sul";"Abalroamento longitudinal";1;0;0;1;0;0;0;0;0;0;1;1;1;0;0
"12/09/2022";"07:35:00";"708";"Acidente s";"97.65";"BR-116/SP";"Pista Sul";"Abalroamento transversal";1;0;1;0;0;0;0;0;0;0;2;0;0;0;0
"12/09/2022";"11:39:00";"795";"Acidente s";"85.8";"BR-116/SP";"Pista Sul";"Choque em objeto fixo";1;0;0;0;0;0;0;0;0;0;1;0;0;0;0
"12/09/2022";"11:45:00";"799";"Acidente s";"37.8";"BR-116/SP";"Pista Sul";"Colisão traseira";0;0;2;0;0;0;0;0;0;0;2;0;0;0;0
"13/09/2022";"01:59:00";"35";"Acidente s";"224.7";"BR-116/SP";"Pista Sul";"Abalroamento longitudinal";0;0;1;0;0;0;0;0;0;1;5;0;0;0;0
"13/09/2022";"02:03:00";"36";"Acidente c";"315.35";"BR-116/RJ";"Pista Sul";"Choque em barreira New Jersey";1;0;0;0;0;0;0;0;0;0;0;1;1;0;0
"13/09/2022";"03:01:00";"50";"Acidente s";"403";"BR-101/RJ";"Pista Sul";"Choque em barreira New Jersey";1;0;0;0;0;0;0;0;0;0;5;0;0;0;0
"13/09/2022";"04:54:00";"78";"Acidente s";"241.1";"BR-116/RJ";"Pista Norte";"Choque em objeto fixo";1;0;0;0;0;0;0;0;0;0;1;0;0;0;0
"13/09/2022";"05:13:00";"80";"Acidente s";"183.6";"BR-116/SP";"Pista Sul";"Colisão traseira";0;0;2;0;0;0;0;0;0;0;2;0;0;0;0
"13/09/2022";"07:16:00";"170";"Acidente c";"219.55";"BR-116/SP";"Pista Sul";"Abalroamento longitudinal";1;0;0;1;0;0;0;0;0;0;2;1;0;0;0
"13/09/2022";"08:58:00";"295";"Acidente s";"103";"BR-116/SP";"Pista Norte";"Abalroamento longitudinal";0;0;3;0;0;0;0;0;0;0;4;0;0;0;0
"13/09/2022";"12:51:00";"446";"Acidente s";"43";"BR-116/SP";"Pista Sul";"Tombamento";0;0;1;0;0;0;0;0;0;0;1;0;0;0;0
"13/09/2022";"01:25:00";"463";"Acidente c";"430";"BR-101/RJ";"Pista Sul";"Choque em objeto fixo";1;0;0;0;0;0;0;0;0;0;0;1;0;0;0
"13/09/2022";"02:32:00";"501";"Acidente s";"275";"BR-116/RJ";"Pista Norte";"Choque em objeto na pista";1;0;0;0;0;0;0;0;0;0;1;0;0;0;0
"13/09/2022";"03:14:00";"532";"Acidente s";"116";"BR-116/SP";"Pista Norte";"Abalroamento longitudinal";1;0;1;0;0;0;0;0;0;0;2;0;0;0;0
"13/09/2022";"03:57:00";"557";"Acidente c";"419.1";"BR-101/RJ";"Pista Norte";"Engavetamento";2;0;0;0;0;0;0;0;0;1;2;1;0;0;0
"13/09/2022";"05:30:00";"606";"Acidente s";"176";"BR-116/RJ";"Pista Sul";"Abalroamento longitudinal";1;0;0;0;0;1;0;0;0;0;3;0;0;0;0
"13/09/2022";"05:33:00";"609";"Acidente s";"483";"BR-101/RJ";"Pista Norte";"Choque em objeto fixo";1;0;0;0;0;0;0;0;0;0;3;0;0;0;0
"13/09/2022";"05:43:00";"614";"Acidente c";"223";"BR-116/SP";"Pista Norte";"Queda de moto";0;0;0;1;0;0;0;0;0;0;0;2;0;0;0
"13/09/2022";"05:46:00";"621";"Acidente s";"198.9";"BR-116/RJ";"Pista Sul";"Choque em objeto na pista";1;0;0;0;0;0;0;0;0;0;1;0;0;0;0
"13/09/2022";"05:56:00";"630";"Acidente c";"481";"BR-101/RJ";"Pista Norte";"Colisão frontal";1;0;0;1;0;0;0;0;0;0;1;0;1;0;0
"13/09/2022";"06:09:00";"637";"Acidente s";"32.5";"BR-116/SP";"Pista Sul";"Engavetamento";1;0;2;0;0;0;0;0;0;0;3;0;0;0;0
"13/09/2022";"06:17:00";"643";"Acidente s";"166";"BR-116/RJ";"Pista Norte";"Colisão traseira";1;0;0;0;0;1;0;0;0;0;2;0;0;0;0
"13/09/2022";"10:05:00";"736";"Acidente s";"206";"BR-116/RJ";"Pista Norte";"Choque em objeto na pista";1;0;0;0;0;0;0;0;0;0;1;0;0;0;0
"14/09/2022";"12:01:00";"14";"Acidente c";"222.8";"BR-116/RJ";"Pista Norte";"Tombamento";0;0;1;0;0;0;0;0;0;0;0;1;0;0;0
"14/09/2022";"01:17:00";"27";"Acidente s";"238.9";"BR-116/RJ";"Pista Sul";"Choque em objeto na pista";1;0;0;0;0;0;0;0;0;0;1;0;0;0;0
"14/09/2022";"02:50:00";"43";"Acidente s";"143.1";"BR-116/SP";"Pista Norte";"Capotamento";1;0;0;0;0;0;0;0;0;0;1;0;0;0;0
"14/09/2022";"05:52:00";"79";"Acidente c";"36.6";"BR-116/SP";"Pista Sul";"Colisão traseira";1;0;0;0;0;1;0;0;0;0;2;0;1;0;0
"14/09/2022";"06:02:00";"81";"Acidente c";"215.1";"BR-116/SP";"Pista Sul";"Colisão traseira";0;0;0;1;0;1;0;0;0;0;1;1;0;0;0
"14/09/2022";"07:25:00";"155";"Acidente c";"238";"BR-116/RJ";"Pista Norte";"Engavetamento";0;0;5;0;0;1;0;0;0;0;4;3;0;0;0
"14/09/2022";"08:18:00";"203";"Acidente s";"215.2";"BR-116/SP";"Pista Norte";"Colisão traseira";1;0;1;0;0;0;0;0;0;0;2;0;0;0;0
"14/09/2022";"08:26:00";"212";"Acidente c";"216.8";"BR-116/SP";"Pista Sul";"Colisão traseira";1;0;0;2;0;0;0;0;0;0;1;3;0;0;0
"14/09/2022";"10:21:00";"306";"Acidente s";"191";"BR-116/RJ";"Pista Sul";"Abalroamento longitudinal";1;0;1;0;0;0;0;0;0;0;2;0;0;0;0
"14/09/2022";"12:06:00";"372";"Atropelame";"199.9";"BR-116/SP";"Pista Norte";"Atropelamento de pedestre atravessando";1;0;0;0;0;0;0;0;0;0;1;0;1;0;0
"14/09/2022";"12:36:00";"387";"Acidente s";"221.2";"BR-116/SP";"Pista Norte";"Colisão traseira";1;0;1;0;0;0;0;0;0;0;4;0;0;0;0
"14/09/2022";"01:27:00";"409";"Acidente s";"218";"BR-116/RJ";"Pista Sul";"Engavetamento";1;0;0;0;0;2;0;0;0;0;3;0;0;0;0
"14/09/2022";"02:31:00";"448";"Acidente s";"48.1";"BR-101/SP";"Pista Sul";"Colisão traseira";2;0;0;0;0;0;0;0;0;0;6;0;0;0;0
"14/09/2022";"03:55:00";"505";"Acidente s";"269";"BR-116/RJ";"Pista Norte";"Colisão traseira";1;0;1;0;0;0;0;0;0;0;2;0;0;0;0
"14/09/2022";"04:05:00";"513";"Acidente s";"439";"BR-101/RJ";"Pista Sul";"Colisão traseira";1;0;1;0;0;0;0;0;0;0;2;0;0;0;0
"14/09/2022";"05:10:00";"549";"Acidente c";"216.7";"BR-116/SP";"Pista Norte";"Abalroamento longitudinal";1;0;0;1;0;0;0;0;0;0;1;1;0;0;0
"14/09/2022";"06:31:00";"610";"Acidente c";"182.3";"BR-116/RJ";"Pista Sul";"Colisão traseira";1;0;1;0;0;0;0;0;0;0;1;0;1;0;0
"14/09/2022";"06:33:00";"611";"Acidente s";"161.2";"BR-116/SP";"Pista Norte";"Engavetamento";5;0;1;0;0;0;0;0;0;0;6;0;0;0;0
"14/09/2022";"06:49:00";"624";"Acidente s";"177";"BR-116/RJ";"Pista Sul";"Engavetamento";1;0;1;0;1;0;0;0;0;0;3;0;0;0;0
"14/09/2022";"07:56:00";"643";"Acidente c";"224";"BR-116/SP";"Pista Norte";"Queda de moto";1;0;0;1;0;0;0;0;0;0;2;1;0;0;0
"14/09/2022";"07:57:00";"644";"Acidente c";"170";"BR-116/SP";"Pista Norte";"Colisão traseira";0;0;0;1;0;1;0;0;0;0;1;0;1;0;0