data;horario;n_da_ocorrencia;tipo_de_ocorrencia;km;trecho;sentido;tipo_de_acidente;automovel;bicicleta;caminhao;moto;onibus;outros;tracao_animal;transporte_de_cargas_especiais;trator_maquinas;utilitarios;ilesos;levemente_feridos;moderadamente_feridos;gravemente_feridos;mortos
"13/10/2022";"01:28:00";"40";"Acidente c";"102.7";"BR-116/SP";"Pista Norte";"Abalroamento longitudinal";1;0;0;0;0;1;0;0;0;0;5;1;0;0;0
"13/10/2022";"02:28:00";"53";"Acidente c";"179";"BR-116/RJ";"Pista Sul";"Colisão traseira";1;0;0;1;0;0;0;0;0;0;1;0;2;0;0
"13/10/2022";"06:37:00";"122";"Atropelame";"133.2";"BR-116/SP";"Pista Norte";"Atropelamento de pedestre atravessando";0;1;1;0;0;0;0;0;0;0;2;0;0;0;1
"13/10/2022";"06:44:00";"136";"Acidente s";"226.1";"BR-116/SP";"Pista Sul";"Engavetamento";3;0;0;0;0;0;0;0;0;0;3;0;0;0;0
"13/10/2022";"07:01:00";"164";"Acidente c";"305";"BR-116/RJ";"Pista Sul";"Queda de moto";0;0;0;1;0;0;0;0;0;0;0;0;2;0;0
"13/10/2022";"07:39:00";"210";"Acidente s";"288.8";"BR-116/RJ";"Pista Norte";"Colisão traseira";1;0;1;0;0;0;0;0;0;0;2;0;0;0;0
"13/10/2022";"08:21:00";"258";"Acidente c";"221.4";"BR-116/SP";"Pista Sul";"Colisão traseira";0;0;0;1;0;1;0;0;0;0;1;1;0;0;0
"13/10/2022";"08:24:00";"264";"Acidente s";"168.3";"BR-116/RJ";"Pista Norte";"Engavetamento";4;0;0;0;0;0;0;0;0;0;5;0;0;0;0
"13/10/2022";"09:52:00";"361";"Acidente s";"183";"BR-116/RJ";"Pista Sul";"Colisão traseira";2;0;0;0;0;0;0;0;0;0;2;0;0;0;0
"13/10/2022";"10:24:00";"395";"Acidente c";"226.8";"BR-116/SP";"Pista Sul";"Colisão traseira";1;0;0;1;0;0;0;0;0;0;2;1;0;0;0
"13/10/2022";"12:56:00";"480";"Acidente s";"250.4";"BR-116/RJ";"Pista Norte";"Colisão traseira";1;0;1;0;0;0;0;0;0;0;2;0;0;0;0
"13/10/2022";"02:09:00";"533";"Acidente c";"142.1";"BR-116/SP";"Pista Norte";"Abalroamento longitudinal";1;0;0;1;0;0;0;0;0;0;1;1;0;0;0
"13/10/2022";"02:19:00";"537";"Acidente c";"166.6";"BR-116/RJ";"Pista Sul";"Abalroamento longitudinal";1;0;0;1;0;0;0;0;0;0;1;1;0;0;0
"13/10/2022";"02:44:00";"553";"Acidente c";"223.05";"BR-116/SP";"Pista Norte";"Colisão traseira";1;0;0;1;0;0;0;0;0;0;2;0;1;0;0
"13/10/2022";"03:43:00";"594";"Acidente c";"71.1";"BR-116/SP";"Pista Norte";"Queda de moto";0;0;0;1;0;0;0;0;0;0;0;1;0;0;0
"13/10/2022";"05:33:00";"676";"Acidente c";"202.8";"BR-116/SP";"Pista Norte";"Engavetamento";2;0;0;1;0;0;0;0;0;0;5;1;0;0;0
"13/10/2022";"05:41:00";"683";"Acidente c";"54.25";"BR-116/SP";"Pista Norte";"Queda de moto";0;0;0;1;0;0;0;0;0;0;0;1;0;0;0
"13/10/2022";"06:14:00";"704";"Acidente s";"215.1";"BR-116/SP";"Pista Norte";"Outros";0;0;1;0;0;0;0;0;0;0;1;0;0;0;0
"13/10/2022";"06:34:00";"717";"Acidente c";"139.1";"BR-116/SP";"Pista Sul";"Abalroamento longitudinal";1;0;0;1;0;0;0;0;0;0;1;1;0;0;0
"13/10/2022";"07:04:00";"737";"Acidente s";"31";"BR-101/SP";"Pista Sul";"Colisão traseira";2;0;0;0;0;0;0;0;0;0;6;0;0;0;0
"13/10/2022";"07:26:00";"760";"Acidente c";"305.8";"BR-116/RJ";"Pista Sul";"Colisão traseira";0;0;2;0;0;0;0;0;0;0;1;0;1;0;0
"13/10/2022";"08:12:00";"779";"Acidente s";"176.7";"BR-116/RJ";"Pista Sul";"Engavetamento";3;0;0;0;0;0;0;0;0;0;3;0;0;0;0
"13/10/2022";"08:44:00";"791";"Acidente c";"410";"BR-101/RJ";"Pista Sul";"Choque em veículo parado na pista";0;0;0;2;0;1;0;0;0;0;3;0;0;1;0
"13/10/2022";"11:01:00";"843";"Acidente s";"202";"BR-116/SP";"Pista Norte";"Choque em objeto na pista";1;0;0;0;0;0;0;0;0;0;1;0;0;0;0
"13/10/2022";"11:52:00";"853";"Acidente s";"94.1";"BR-116/SP";"Pista Norte";"Colisão traseira";0;0;2;0;0;0;0;0;0;0;2;0;0;0;0
"14/10/2022";"12:57:00";"26";"Acidente s";"48.1";"BR-116/SP";"Pista Sul";"Colisão traseira";1;0;1;0;0;0;0;0;0;0;4;0;0;0;0
"14/10/2022";"01:33:00";"31";"Acidente s";"23.7";"BR-116/SP";"Pista Norte";"Abalroamento longitudinal";0;0;2;0;0;0;0;0;0;0;2;0;0;0;0
"14/10/2022";"02:40:00";"46";"Acidente c";"260.58";"BR-116/RJ";"Pista Norte";"Colisão traseira";1;0;1;0;0;0;0;0;0;0;1;0;0;0;2
"14/10/2022";"03:06:00";"51";"Acidente s";"59";"BR-116/SP";"Pista Norte";"Choque em objeto na pista";0;0;1;0;0;0;0;0;0;0;1;0;0;0;0
"14/10/2022";"05:41:00";"68";"Acidente s";"170.8";"BR-116/SP";"Pista Norte";"Abalroamento longitudinal";1;0;1;0;0;0;0;0;0;0;2;0;0;0;0
"14/10/2022";"06:43:00";"113";"Acidente s";"395";"BR-101/RJ";"Pista Norte";"Choque em objeto fixo";1;0;0;0;0;0;0;0;0;0;1;0;0;0;0
"14/10/2022";"08:03:00";"229";"Acidente s";"387";"BR-101/RJ";"Pista Sul";"Colisão traseira";1;0;0;1;0;0;0;0;0;0;2;0;0;0;0
"14/10/2022";"08:04:00";"230";"Acidente s";"223.1";"BR-116/SP";"Pista Sul";"Queda de moto";0;0;0;1;0;0;0;0;0;0;1;0;0;0;0
"14/10/2022";"08:19:00";"251";"Acidente s";"145.7";"BR-116/SP";"Pista Sul";"Abalroamento longitudinal";0;0;0;1;0;1;0;0;0;0;2;0;0;0;0
"14/10/2022";"08:23:00";"255";"Acidente c";"213.3";"BR-116/SP";"Pista Sul";"Colisão traseira";1;0;0;2;0;0;0;0;0;0;3;2;0;0;0
"14/10/2022";"09:57:00";"340";"Acidente s";"189.1";"BR-116/SP";"Pista Norte";"Choque em objeto na pista";1;0;0;0;0;0;0;0;0;0;2;0;0;0;0
"14/10/2022";"10:47:00";"384";"Acidente s";"67.8";"BR-116/SP";"Pista Sul";"Colisão traseira";1;0;1;0;0;0;0;0;0;0;4;0;0;0;0
"14/10/2022";"10:55:00";"390";"Acidente c";"228.1";"BR-116/SP";"Pista Norte";"Queda de moto";0;0;0;1;0;0;0;0;0;0;0;0;1;0;0
"14/10/2022";"12:40:00";"445";"Acidente s";"276";"BR-116/RJ";"Pista Norte";"Abalroamento longitudinal";0;0;2;0;0;0;0;0;0;0;2;0;0;0;0
"14/10/2022";"02:39:00";"527";"Acidente s";"226.5";"BR-116/SP";"Pista Sul";"Colisão traseira";1;0;1;0;0;0;0;0;0;0;3;0;0;0;0
"14/10/2022";"02:44:00";"530";"Acidente c";"2.5";"BR-116/SP";"Pista Sul";"Capotamento";1;0;0;0;0;0;0;0;0;0;2;3;0;0;0
"14/10/2022";"03:29:00";"557";"Acidente c";"142.8";"BR-116/SP";"Pista Norte";"Colisão traseira";1;0;0;1;0;0;0;0;0;0;1;0;1;0;0
"14/10/2022";"03:29:00";"556";"Acidente s";"275.5";"BR-116/RJ";"Pista Sul";"Engavetamento";3;0;1;0;0;0;0;0;0;0;6;0;0;0;0
"14/10/2022";"04:17:00";"580";"Acidente s";"272";"BR-116/RJ";"Pista Sul";"Engavetamento";4;0;1;0;0;0;0;0;0;0;5;0;0;0;0
"14/10/2022";"05:13:00";"616";"Acidente c";"422";"BR-101/RJ";"Pista Sul";"Abalroamento longitudinal";2;0;0;0;0;0;0;0;0;0;1;2;0;0;0
"14/10/2022";"06:02:00";"638";"Acidente s";"302.3";"BR-116/RJ";"Pista Sul";"Colisão traseira";1;0;0;0;0;1;0;0;0;0;2;0;0;0;0
"14/10/2022";"06:08:00";"643";"Acidente s";"423";"BR-101/RJ";"Pista Norte";"Choque em objeto fixo";1;0;0;0;0;0;0;0;0;0;1;0;0;0;0
"14/10/2022";"06:44:00";"676";"Acidente c";"168.7";"BR-116/RJ";"Pista Sul";"Colisão traseira";1;0;0;1;0;0;0;0;0;0;1;1;0;0;0
"14/10/2022";"07:55:00";"717";"Acidente s";"151";"BR-116/SP";"Pista Sul";"Choque em barreira New Jersey";1;0;0;0;0;0;0;0;0;0;3;0;0;0;0
"14/10/2022";"11:14:00";"795";"Acidente c";"293.4";"BR-116/RJ";"Pista Sul";"Choque em objeto fixo";1;0;0;0;0;0;0;0;0;0;0;1;0;3;2
"15/10/2022";"01:52:00";"34";"Acidente s";"292.17";"BR-116/RJ";"Pista Norte";"Colisão traseira";0;0;2;0;0;0;0;0;0;0;2;0;0;0;0
"15/10/2022";"01:56:00";"35";"Acidente s";"130";"BR-116/SP";"Pista Norte";"Choque em objeto fixo";1;0;0;0;0;0;0;0;0;0;1;0;0;0;0
"15/10/2022";"03:32:00";"54";"Acidente s";"163.4";"BR-116/SP";"Pista Norte";"Choque em objeto na pista";1;0;0;0;0;0;0;0;0;0;4;0;0;0;0
"15/10/2022";"05:10:00";"72";"Acidente s";"214";"BR-116/SP";"Pista Sul";"Choque em barreira New Jersey";1;0;0;0;0;0;0;0;0;0;1;0;0;0;0
"15/10/2022";"06:20:00";"101";"Acidente s";"419";"BR-101/RJ";"Pista Sul";"Choque em objeto fixo";1;0;0;0;0;0;0;0;0;0;1;0;0;0;0
"15/10/2022";"07:37:00";"181";"Acidente s";"204.5";"BR-116/SP";"Pista Norte";"Colisão traseira";2;0;0;0;0;0;0;0;0;0;2;0;0;0;0
"15/10/2022";"07:39:00";"184";"Acidente s";"86.95";"BR-116/SP";"Pista Norte";"Colisão traseira";2;0;0;0;0;0;0;0;0;0;2;0;0;0;0
"15/10/2022";"07:59:00";"203";"Acidente s";"168";"BR-116/RJ";"Pista Norte";"Engavetamento";3;0;0;0;0;0;0;0;0;0;3;0;0;0;0
"15/10/2022";"08:06:00";"210";"Acidente s";"229.05";"BR-116/SP";"Pista Sul";"Engavetamento";4;0;0;0;0;0;0;0;0;0;4;0;0;0;0
"15/10/2022";"08:30:00";"234";"Acidente c";"201";"BR-116/SP";"Pista Sul";"Queda de moto";0;0;0;1;0;0;0;0;0;0;0;1;0;0;0
"15/10/2022";"08:41:00";"250";"Acidente c";"18.5";"BR-101/SP";"Pista Norte";"Choque em objeto fixo";1;0;0;0;0;0;0;0;0;0;0;0;1;0;0
"15/10/2022";"09:13:00";"272";"Acidente c";"86.8";"BR-116/SP";"Pista Norte";"Queda de moto";0;0;0;1;0;0;0;0;0;0;0;2;0;0;0
"15/10/2022";"10:10:00";"313";"Acidente c";"207.1";"BR-116/RJ";"Pista Sul";"Colisão traseira";1;0;0;0;0;1;0;0;0;0;4;1;0;0;0
"15/10/2022";"10:25:00";"327";"Acidente c";"228";"BR-116/SP";"Pista Norte";"Abalroamento longitudinal";1;0;0;1;0;0;0;0;0;0;1;1;0;0;0
"15/10/2022";"10:35:00";"331";"Acidente s";"184.1";"BR-116/RJ";"Pista Norte";"Abalroamento longitudinal";0;0;1;0;1;0;0;0;0;0;2;0;0;0;0
"15/10/2022";"10:47:00";"338";"Acidente s";"102.2";"BR-116/SP";"Pista Norte";"Colisão traseira";2;0;0;0;0;0;0;0;0;0;4;0;0;0;0
"15/10/2022";"10:59:00";"344";"Acidente s";"420";"BR-101/RJ";"Pista Norte";"Abalroamento longitudinal";0;0;1;0;0;1;0;0;0;0;2;0;0;0;0
"15/10/2022";"12:06:00";"380";"Acidente c";"287.5";"BR-116/RJ";"Pista Sul";"Choque em barreira New Jersey";1;0;0;0;0;0;0;0;0;0;0;1;0;0;0
"15/10/2022";"12:58:00";"406";"Acidente s";"212.9";"BR-116/SP";"Pista Sul";"Colisão traseira";1;0;0;1;0;0;0;0;0;0;2;0;0;0;0
"15/10/2022";"01:15:00";"413";"Acidente s";"230.2";"BR-116/SP";"Pista Norte";"Engavetamento";2;0;0;0;0;0;0;0;0;1;3;0;0;0;0
"15/10/2022";"01:44:00";"427";"Acidente s";"169.8";"BR-116/RJ";"Pista Norte";"Engavetamento";6;0;0;0;0;2;0;0;0;0;8;0;0;0;0
"15/10/2022";"01:45:00";"428";"Acidente c";"181.7";"BR-116/RJ";"Pista Norte";"Choque em defensa";1;0;0;0;0;0;0;0;0;0;2;1;0;0;0
"15/10/2022";"02:12:00";"443";"Acidente c";"182.6";"BR-116/RJ";"Pista Sul";"Queda de moto";0;0;0;1;0;0;0;0;0;0;1;1;0;0;0
"15/10/2022";"03:03:00";"473";"Acidente s";"183";"BR-116/RJ";"Pista Norte";"Engavetamento";1;0;0;0;0;3;0;0;0;0;4;0;0;0;0
"15/10/2022";"03:33:00";"497";"Acidente s";"178.3";"BR-116/RJ";"Pista Norte";"Engavetamento";3;0;0;0;0;0;0;0;0;0;6;0;0;0;0
"15/10/2022";"03:42:00";"504";"Acidente c";"182.5";"BR-116/RJ";"Pista Norte";"Colisão traseira";2;0;0;0;0;0;0;0;0;0;4;0;1;0;0
"15/10/2022";"04:07:00";"527";"Acidente c";"138.5";"BR-116/SP";"Pista Norte";"Queda de moto";0;0;0;1;0;0;0;0;0;0;0;2;0;0;0
"15/10/2022";"04:40:00";"542";"Acidente s";"83";"BR-116/SP";"Pista Sul";"Choque em objeto na pista";0;0;1;0;0;0;0;0;0;0;1;0;0;0;0
"15/10/2022";"05:42:00";"570";"Acidente s";"228";"BR-116/SP";"Pista Norte";"Colisão traseira";1;0;0;1;0;0;0;0;0;0;2;0;0;0;0
"15/10/2022";"07:04:00";"601";"Acidente s";"170";"BR-116/SP";"Pista Sul";"Abalroamento longitudinal";1;0;0;0;1;0;0;0;0;0;2;0;0;0;0
"15/10/2022";"07:04:00";"600";"Acidente c";"577";"BR-101/RJ";"Pista Sul";"Colisão frontal";0;0;0;2;0;0;0;0;0;0;1;0;1;0;0
"15/10/2022";"09:04:00";"658";"Atropelame";"230.5";"BR-116/SP";"Pista Norte";"Atropelamento de pedestre atravessando";0;0;1;0;0;0;0;0;0;0;1;0;0;1;0
"15/10/2022";"10:21:00";"695";"Atropelame";"145";"BR-116/SP";"Pista Norte";"Atropelamento de pedestre atravessando";1;0;0;0;0;0;0;0;0;0;0;1;0;0;1
"16/10/2022";"01:05:00";"15";"Acidente s";"21.7";"BR-101/SP";"Pista Norte";"Atropelamento de animal";1;0;0;0;0;0;0;0;0;0;1;0;0;0;0
"16/10/2022";"01:10:00";"19";"Atropelame";"93.75";"BR-116/SP";"Pista Norte";"Atropelamento de pedestre atravessando";1;0;0;0;0;0;0;0;0;0;1;1;0;0;0
"16/10/2022";"01:43:00";"45";"Acidente c";"194";"BR-116/RJ";"Pista Norte";"Queda de moto";0;0;0;1;0;0;0;0;0;0;0;0;1;0;0
"16/10/2022";"01:51:00";"32";"Acidente c";"170.8";"BR-116/RJ";"Pista Norte";"Colisão traseira";2;0;0;0;0;0;0;0;0;0;1;1;0;0;0
"16/10/2022";"02:22:00";"57";"Acidente c";"472";"BR-101/RJ";"Pista Norte";"Abalroamento longitudinal";1;0;1;0;0;0;0;0;0;0;1;0;2;0;0
"16/10/2022";"04:53:00";"88";"Acidente c";"210.1";"BR-116/SP";"Pista Norte";"Colisão traseira";1;0;0;0;0;1;0;0;0;0;2;0;1;0;0
"16/10/2022";"05:03:00";"94";"Acidente s";"53.3";"BR-116/SP";"Pista Norte";"Choque em barreira New Jersey";1;0;0;0;0;0;0;0;0;0;1;0;0;0;0
"16/10/2022";"06:42:00";"125";"Acidente c";"294";"BR-116/RJ";"Pista Sul";"Choque em barreira New Jersey";1;0;0;0;0;0;0;0;0;0;0;1;0;0;0
"16/10/2022";"07:39:00";"166";"Acidente c";"220.9";"BR-116/SP";"Pista Norte";"Queda de moto";0;0;0;1;0;0;0;0;0;0;0;0;1;0;0
"16/10/2022";"08:00:00";"182";"Acidente s";"274";"BR-116/RJ";"Pista Sul";"Choque em objeto na pista";1;0;0;0;0;0;0;0;0;0;1;0;0;0;0
"16/10/2022";"08:08:00";"190";"Acidente c";"161";"BR-116/SP";"Pista Sul";"Capotamento";1;0;0;0;0;0;0;0;0;0;0;2;0;0;0
"16/10/2022";"08:10:00";"191";"Acidente s";"204.5";"BR-116/SP";"Pista Norte";"Choque em objeto na pista";1;0;1;0;0;0;0;0;0;0;2;0;0;0;0
"16/10/2022";"08:44:00";"211";"Acidente c";"170.6";"BR-116/RJ";"Pista Norte";"Colisão traseira";1;0;0;1;0;1;0;0;0;0;2;1;0;0;0
"16/10/2022";"10:44:00";"267";"Acidente s";"495";"BR-101/RJ";"Pista Norte";"Choque Talude";1;0;0;0;0;0;0;0;0;0;1;0;0;0;0
"16/10/2022";"01:15:00";"354";"Acidente s";"212";"BR-116/SP";"Pista Sul";"Engavetamento";3;0;0;0;0;0;0;0;0;0;3;0;0;0;0
"16/10/2022";"03:38:00";"435";"Acidente s";"103.5";"BR-116/SP";"Pista Sul";"Não Def";0;0;0;0;0;2;0;0;0;0;2;0;0;0;0
"16/10/2022";"03:45:00";"438";"Acidente s";"194";"BR-116/RJ";"Pista Norte";"Abalroamento longitudinal";0;0;0;0;0;2;0;0;0;0;2;0;0;0;0
"16/10/2022";"03:45:00";"439";"Atropelame";"225.15";"BR-116/SP";"Pista Norte";"Atropelamento de pedestre caminhando";0;0;1;0;0;0;0;0;0;0;1;0;1;0;0
"16/10/2022";"04:11:00";"455";"Acidente c";"286";"BR-116/RJ";"Pista Norte";"Choque em barreira New Jersey";0;0;0;1;0;1;0;0;0;0;2;0;1;0;0
"16/10/2022";"04:14:00";"457";"Acidente s";"180";"BR-116/SP";"Pista Sul";"Abalroamento longitudinal";1;0;0;0;0;0;0;0;0;0;3;0;0;0;0
"16/10/2022";"04:33:00";"467";"Acidente c";"418.3";"BR-101/RJ";"Pista Sul";"Colisão frontal";1;0;0;1;0;0;0;0;0;0;1;1;1;0;0
"16/10/2022";"04:43:00";"475";"Acidente s";"167.2";"BR-116/RJ";"Pista Norte";"Choque em barreira New Jersey";1;0;0;0;0;0;0;0;0;0;1;0;0;0;0
"16/10/2022";"04:46:00";"477";"Acidente s";"165.2";"BR-116/SP";"Pista Norte";"Choque em objeto na pista";0;0;0;1;0;0;0;0;0;0;2;0;0;0;0
"16/10/2022";"05:22:00";"500";"Acidente s";"182.4";"BR-116/RJ";"Pista Norte";"Colisão traseira";2;0;0;0;0;0;0;0;0;0;2;0;0;0;0
"16/10/2022";"05:52:00";"518";"Acidente c";"214";"BR-116/SP";"Pista Sul";"Engavetamento";3;0;0;0;0;0;0;0;0;0;6;1;0;0;0
"16/10/2022";"05:56:00";"521";"Acidente c";"198.1";"BR-116/SP";"Pista Norte";"Choque em defensa";1;0;0;0;0;0;0;0;0;0;0;1;0;0;0
"16/10/2022";"06:23:00";"540";"Acidente s";"101.7";"BR-116/SP";"Pista Sul";"Engavetamento";2;0;0;0;0;0;0;0;0;2;22;0;0;0;0
"16/10/2022";"06:39:00";"551";"Acidente c";"131.5";"BR-116/SP";"Pista Sul";"Colisão traseira";1;0;0;0;0;1;0;0;0;0;1;1;0;0;0
"16/10/2022";"06:55:00";"561";"Acidente s";"175";"BR-116/RJ";"Pista Sul";"Colisão traseira";2;0;0;0;0;0;0;0;0;0;2;0;0;0;0
"16/10/2022";"07:07:00";"565";"Acidente s";"223.6";"BR-116/SP";"Pista Sul";"Choque em defensa";1;0;0;0;0;0;0;0;0;0;2;0;0;0;0
"16/10/2022";"08:16:00";"606";"Acidente c";"65";"BR-116/SP";"Pista Norte";"Abalroamento longitudinal";1;0;0;1;0;0;0;0;0;0;1;1;0;0;0
"16/10/2022";"08:57:00";"615";"Acidente c";"398";"BR-101/RJ";"Pista Norte";"Colisão traseira";2;0;0;0;0;0;0;0;0;0;7;1;1;0;0
"16/10/2022";"10:04:00";"642";"Acidente c";"170.7";"BR-116/RJ";"Pista Norte";"Colisão traseira";2;0;0;0;0;0;0;0;0;0;1;1;0;0;0
"16/10/2022";"11:25:00";"669";"Acidente s";"176.55";"BR-116/RJ";"Pista Norte";"Capotamento";1;0;0;0;0;0;0;0;0;0;1;0;0;0;0
"17/10/2022";"01:41:00";"46";"Acidente s";"206.1";"BR-116/RJ";"Pista Sul";"Atropelamento de animal";1;0;0;0;0;0;0;0;0;0;1;0;0;0;0
"17/10/2022";"03:17:00";"66";"Acidente c";"186.6";"BR-116/SP";"Pista Sul";"Queda de moto";0;0;0;1;0;0;0;0;0;0;0;0;2;0;0
"17/10/2022";"06:20:00";"111";"Acidente s";"108.6";"BR-116/SP";"Pista Sul";"Choque em barreira New Jersey";1;0;0;0;0;1;0;0;0;0;2;0;0;0;0
"17/10/2022";"07:13:00";"197";"Acidente c";"216.4";"BR-116/SP";"Pista Norte";"Abalroamento longitudinal";0;0;0;2;0;0;0;0;0;0;0;2;0;0;0
"17/10/2022";"07:15:00";"201";"Acidente s";"126.8";"BR-116/SP";"Pista Norte";"Choque em veículo parado na pista";0;0;2;0;0;0;0;0;0;0;2;0;0;0;0
"17/10/2022";"07:32:00";"222";"Acidente s";"154.6";"BR-116/SP";"Pista Norte";"Colisão traseira";2;0;0;0;0;0;0;0;0;0;2;0;0;0;0
"17/10/2022";"07:59:00";"260";"Acidente c";"206";"BR-116/SP";"Pista Sul";"Colisão traseira";0;0;0;2;0;0;0;0;0;0;1;1;0;0;0
"17/10/2022";"09:09:00";"335";"Acidente c";"420";"BR-101/RJ";"Pista Sul";"Queda de moto";0;0;0;1;0;0;0;0;0;0;0;1;1;0;0
"17/10/2022";"09:32:00";"349";"Acidente c";"305";"BR-116/RJ";"Pista Sul";"Abalroamento longitudinal";2;0;0;0;0;0;0;0;0;0;0;4;0;0;0
"17/10/2022";"11:58:00";"474";"Acidente s";"54.5";"BR-116/SP";"Pista Norte";"Choque em objeto na pista";1;0;0;0;0;0;0;0;0;0;5;0;0;0;0
"17/10/2022";"12:05:00";"479";"Acidente s";"38.55";"BR-116/SP";"Pista Norte";"Abalroamento longitudinal";2;0;0;0;0;0;0;0;0;0;6;0;0;0;0
"17/10/2022";"12:59:00";"511";"Acidente s";"167.2";"BR-116/RJ";"Pista Norte";"Engavetamento";3;0;0;0;0;0;0;0;0;3;6;0;0;0;0
"17/10/2022";"01:10:00";"516";"Acidente s";"180.8";"BR-116/SP";"Pista Sul";"Colisão traseira";0;0;2;0;0;0;0;0;0;0;2;0;0;0;0
"17/10/2022";"01:43:00";"537";"Acidente s";"177.6";"BR-116/RJ";"Pista Norte";"Engavetamento";3;0;0;0;0;0;0;0;0;0;3;0;0;0;0
"17/10/2022";"02:39:00";"567";"Acidente s";"223.1";"BR-116/SP";"Pista Norte";"Colisão traseira";1;0;1;0;0;0;0;0;0;0;2;0;0;0;0
"17/10/2022";"04:12:00";"633";"Acidente c";"216";"BR-116/SP";"Pista Norte";"Abalroamento longitudinal";1;0;0;1;0;0;0;0;0;0;3;1;0;0;0
"17/10/2022";"05:24:00";"676";"Acidente c";"178.2";"BR-116/RJ";"Pista Norte";"Abalroamento longitudinal";1;0;0;1;0;0;0;0;0;0;1;1;0;0;0
"17/10/2022";"05:47:00";"691";"Acidente s";"117.4";"BR-116/SP";"Pista Norte";"Colisão traseira";3;0;0;0;0;0;0;0;0;0;4;0;0;0;0
"17/10/2022";"06:16:00";"721";"Acidente s";"398";"BR-101/RJ";"Pista Sul";"Colisão traseira";2;0;0;0;0;0;0;0;0;0;2;0;0;0;0
"17/10/2022";"06:19:00";"724";"Acidente s";"157.5";"BR-116/SP";"Pista Norte";"Engavetamento";2;0;0;0;0;0;0;0;0;1;3;0;0;0;0
"17/10/2022";"06:20:00";"725";"Acidente s";"219";"BR-116/SP";"Pista Sul";"Colisão traseira";2;0;0;0;0;0;0;0;0;0;2;0;0;0;0
"17/10/2022";"06:42:00";"735";"Acidente s";"155.6";"BR-116/SP";"Pista Sul";"Choque em objeto na pista";1;0;0;0;0;0;0;0;0;0;2;0;0;0;0
"17/10/2022";"07:18:00";"749";"Acidente s";"224";"BR-116/SP";"Pista Norte";"Engavetamento";2;0;0;1;0;0;0;0;0;0;4;0;0;0;0
"17/10/2022";"07:33:00";"757";"Acidente c";"157";"BR-116/SP";"Pista Sul";"Engavetamento";3;0;0;0;0;0;0;0;0;0;3;1;0;0;0
"17/10/2022";"08:47:00";"792";"Acidente c";"219.45";"BR-116/SP";"Pista Sul";"Engavetamento";3;0;1;0;0;0;0;0;0;0;3;1;1;0;0
"17/10/2022";"09:44:00";"817";"Acidente c";"223.2";"BR-116/SP";"Pista Sul";"Capotamento";1;0;0;0;0;0;0;0;0;0;3;2;0;0;0
"17/10/2022";"10:19:00";"837";"Acidente c";"56";"BR-116/SP";"Pista Norte";"Colisão traseira";0;0;0;1;0;1;0;0;0;0;1;1;0;0;0
"18/10/2022";"12:08:00";"16";"Acidente c";"301";"BR-116/RJ";"Pista Norte";"Colisão traseira";2;0;0;0;0;0;0;0;0;0;1;2;0;0;0
"18/10/2022";"04:26:00";"54";"Acidente s";"209.2";"BR-116/SP";"Pista Sul";"Colisão traseira";2;0;0;0;0;0;0;0;0;0;2;0;0;0;0
"18/10/2022";"07:33:00";"189";"Acidente s";"285";"BR-116/RJ";"Pista Sul";"Colisão traseira";2;0;0;0;0;0;0;0;0;0;3;0;0;0;0
"18/10/2022";"08:40:00";"280";"Acidente s";"285.4";"BR-116/RJ";"Pista Sul";"Engavetamento";2;0;0;0;0;1;0;0;0;0;3;0;0;0;0
"18/10/2022";"08:48:00";"292";"Acidente s";"34";"BR-116/SP";"Pista Sul";"Choque em objeto na pista";1;0;0;0;0;0;0;0;0;0;2;0;0;0;0
"18/10/2022";"09:33:00";"340";"Acidente s";"148";"BR-116/SP";"Pista Sul";"Choque em objeto na pista";1;0;0;0;0;0;0;0;0;0;1;0;0;0;0
"18/10/2022";"10:04:00";"369";"Acidente s";"220.1";"BR-116/SP";"Pista Sul";"Colisão traseira";1;0;0;1;0;0;0;0;0;0;2;0;0;0;0
"18/10/2022";"10:47:00";"413";"Acidente s";"147.3";"BR-116/SP";"Pista Sul";"Choque em barreira New Jersey";1;0;0;0;0;0;0;0;0;0;1;0;0;0;0
"18/10/2022";"11:02:00";"422";"Acidente c";"177";"BR-116/RJ";"Pista Sul";"Colisão traseira";1;0;0;1;0;0;0;0;0;0;1;0;1;0;0
"18/10/2022";"11:45:00";"453";"Acidente s";"213.6";"BR-116/SP";"Pista Sul";"Colisão traseira";1;0;1;0;0;0;0;0;0;0;2;0;0;0;0
"18/10/2022";"12:32:00";"485";"Acidente c";"51";"BR-101/SP";"Pista Sul";"Queda de moto";0;0;0;1;0;0;0;0;0;0;0;1;0;0;0
"18/10/2022";"03:03:00";"570";"Acidente c";"176.15";"BR-116/RJ";"Pista Sul";"Engavetamento";3;0;0;0;0;0;0;0;0;0;2;1;0;0;0
"18/10/2022";"03:46:00";"586";"Acidente s";"84.35";"BR-116/SP";"Pista Sul";"Choque em objeto fixo";1;0;0;0;0;0;0;0;0;0;2;0;0;0;0