data;horario;n_da_ocorrencia;tipo_de_ocorrencia;km;trecho;sentido;tipo_de_acidente;automovel;bicicleta;caminhao;moto;onibus;outros;tracao_animal;transporte_de_cargas_especiais;trator_maquinas;utilitarios;ilesos;levemente_feridos;moderadamente_feridos;gravemente_feridos;mortos
"24/10/2022";"04:18:00";"610";"Acidente c";"174.3";"BR-116/SP";"Pista Norte";"Queda de moto";0;0;0;1;0;0;0;0;0;0;0;1;0;0;0
"24/10/2022";"05:43:00";"645";"Acidente s";"245.1";"BR-116/RJ";"Pista Norte";"Choque em objeto fixo";1;0;0;0;0;0;0;0;0;0;1;0;0;0;0
"24/10/2022";"06:27:00";"675";"Acidente s";"478";"BR-101/RJ";"Pista Sul";"Choque em objeto fixo";1;0;0;0;0;0;0;0;0;0;1;0;0;0;0
"24/10/2022";"08:07:00";"716";"Acidente s";"31.2";"BR-116/SP";"Pista Sul";"Colisão traseira";1;0;1;0;0;0;0;0;0;0;3;0;0;0;0
"25/10/2022";"12:42:00";"20";"Acidente c";"198.1";"BR-116/SP";"Pista Sul";"Colisão traseira";0;0;2;0;0;0;0;0;0;0;1;0;0;1;0
"25/10/2022";"01:10:00";"24";"Acidente c";"46";"BR-101/SP";"Pista Norte";"Colisão traseira";1;0;0;0;1;0;0;0;0;0;1;0;1;0;0
"25/10/2022";"05:58:00";"69";"Acidente s";"227";"BR-116/RJ";"Pista Sul";"Choque em objeto na pista";0;0;0;0;0;0;0;0;0;1;1;0;0;0;0
"25/10/2022";"06:04:00";"73";"Acidente c";"213.2";"BR-116/SP";"Pista Sul";"Colisão traseira";1;0;2;0;0;0;0;0;0;0;2;1;0;0;0
"25/10/2022";"07:18:00";"196";"Acidente c";"262.95";"BR-116/RJ";"Pista Sul";"Colisão traseira";0;0;1;1;0;0;0;0;0;0;1;1;0;0;0
"25/10/2022";"07:34:00";"216";"Acidente c";"389";"BR-101/RJ";"Pista Sul";"Colisão traseira";0;0;1;1;0;0;0;0;0;0;1;1;0;0;0
"25/10/2022";"08:08:00";"269";"Acidente s";"476.5";"BR-101/RJ";"Pista Norte";"Choque em objeto fixo";1;0;0;0;0;0;0;0;0;0;1;0;0;0;0
"25/10/2022";"08:09:00";"270";"Acidente s";"174.2";"BR-116/RJ";"Pista Sul";"Colisão traseira";2;0;0;0;0;0;0;0;0;0;2;0;0;0;0
"25/10/2022";"08:19:00";"283";"Acidente s";"172.6";"BR-116/RJ";"Pista Sul";"Engavetamento";2;0;0;0;0;1;0;0;0;0;3;0;0;0;0
"25/10/2022";"10:24:00";"431";"Acidente c";"38.9";"BR-116/SP";"Pista Sul";"Queda de moto";0;0;0;1;0;0;0;0;0;0;0;1;0;0;0
"25/10/2022";"11:15:00";"468";"Acidente s";"419";"BR-101/RJ";"Pista Sul";"Choque em objeto fixo";0;0;1;0;0;0;0;0;0;0;1;0;0;0;0
"25/10/2022";"11:43:00";"487";"Acidente s";"219.1";"BR-116/SP";"Pista Sul";"Queda de moto";0;0;0;1;0;0;0;0;0;0;1;0;0;0;0
"25/10/2022";"12:06:00";"500";"Acidente s";"217";"BR-116/SP";"Pista Norte";"Abalroamento longitudinal";2;0;0;0;0;0;0;0;0;0;2;0;0;0;0
"25/10/2022";"12:14:00";"505";"Acidente s";"69.6";"BR-116/SP";"Pista Sul";"Choque em objeto na pista";1;0;0;0;0;0;0;0;0;0;1;0;0;0;0
"25/10/2022";"12:45:00";"521";"Acidente s";"204.5";"BR-116/SP";"Pista Sul";"Choque em objeto fixo";0;0;1;0;0;0;0;0;0;0;1;0;0;0;0
"25/10/2022";"12:48:00";"522";"Acidente c";"107";"BR-116/SP";"Pista Norte";"Colisão traseira";1;0;1;0;0;0;0;0;0;0;1;0;0;0;1
"25/10/2022";"01:45:00";"552";"Acidente s";"44.7";"BR-116/SP";"Pista Sul";"Choque em objeto na pista";1;0;0;0;0;0;0;0;0;0;1;0;0;0;0
"25/10/2022";"02:38:00";"586";"Acidente c";"138.7";"BR-116/SP";"Pista Sul";"Tombamento";0;0;1;0;0;0;0;0;0;0;0;1;0;0;0
"25/10/2022";"03:02:00";"606";"Acidente s";"217.2";"BR-116/SP";"Pista Sul";"Abalroamento longitudinal";0;1;0;1;0;0;0;0;0;0;2;0;0;0;0
"25/10/2022";"03:14:00";"615";"Acidente s";"313";"BR-116/RJ";"Pista Norte";"Abalroamento longitudinal";1;0;1;0;0;0;0;0;0;0;2;0;0;0;0
"25/10/2022";"03:21:00";"619";"Acidente s";"501.5";"BR-101/RJ";"Pista Norte";"Choque em objeto fixo";1;0;0;0;0;0;0;0;0;0;1;0;0;0;0
"25/10/2022";"06:41:00";"734";"Acidente s";"159.2";"BR-116/SP";"Pista Norte";"Abalroamento longitudinal";0;0;2;0;0;0;0;0;0;0;2;0;0;0;0
"25/10/2022";"06:52:00";"742";"Acidente c";"51";"BR-101/SP";"Pista Norte";"Atropelamento de pedestre atravessando";0;1;0;1;0;0;0;0;0;0;1;1;0;0;0
"25/10/2022";"07:02:00";"755";"Acidente s";"211.8";"BR-116/RJ";"Pista Sul";"Abalroamento longitudinal";1;0;0;0;0;1;0;0;0;0;2;0;0;0;0
"25/10/2022";"07:12:00";"760";"Acidente s";"230";"BR-116/RJ";"Pista Sul";"Colisão traseira";0;0;2;0;0;0;0;0;0;0;2;0;0;0;0
"25/10/2022";"08:56:00";"799";"Acidente s";"44.5";"BR-101/SP";"Pista Sul";"Atropelamento de animal";1;0;0;0;0;0;0;0;0;0;1;0;0;0;0
"25/10/2022";"09:23:00";"815";"Acidente s";"231";"BR-116/SP";"Pista Sul";"Abalroamento longitudinal";0;0;2;0;0;0;0;0;0;0;2;0;0;0;0
"25/10/2022";"11:26:00";"863";"Acidente c";"230.1";"BR-116/SP";"Pista Norte";"Colisão traseira";2;0;0;0;0;0;0;0;0;0;1;1;0;0;0
"25/10/2022";"11:51:00";"875";"Acidente s";"213.1";"BR-116/RJ";"Pista Sul";"Atropelamento de animal";1;0;0;0;0;0;0;0;0;0;1;0;0;0;0
"26/10/2022";"02:16:00";"48";"Acidente s";"129";"BR-116/SP";"Pista Norte";"Atropelamento de animal";1;0;0;0;0;0;0;0;0;0;5;0;0;0;0
"26/10/2022";"03:02:00";"54";"Acidente s";"259.3";"BR-116/RJ";"Pista Sul";"Queda de ribanceira";1;0;0;0;0;0;0;0;0;0;1;0;0;0;0
"26/10/2022";"03:28:00";"61";"Acidente s";"202.3";"BR-116/RJ";"Pista Norte";"Tombamento";0;0;1;0;0;0;0;0;0;0;1;0;0;0;0
"26/10/2022";"07:06:00";"193";"Acidente c";"140";"BR-116/SP";"Pista Sul";"Abalroamento longitudinal";0;0;0;2;0;0;0;0;0;1;1;2;0;0;0
"26/10/2022";"07:41:00";"259";"Acidente s";"434";"BR-101/RJ";"Pista Sul";"Choque em objeto fixo";1;0;0;0;0;0;0;0;0;0;1;0;0;0;0
"26/10/2022";"08:07:00";"289";"Acidente s";"219.3";"BR-116/SP";"Pista Norte";"Capotamento";1;0;0;0;0;0;0;0;0;0;1;0;0;0;0
"26/10/2022";"08:28:00";"313";"Acidente c";"145";"BR-116/SP";"Pista Sul";"Abalroamento longitudinal";1;0;0;1;0;0;0;0;0;0;2;1;0;0;0
"26/10/2022";"08:57:00";"349";"Acidente c";"96.1";"BR-116/SP";"Pista Norte";"Queda de moto";0;0;0;1;0;0;0;0;0;0;0;1;0;0;0
"26/10/2022";"09:42:00";"401";"Acidente c";"119.7";"BR-116/SP";"Pista Sul";"Queda de moto";0;0;0;1;0;0;0;0;0;1;2;0;1;0;0
"26/10/2022";"09:59:00";"417";"Acidente s";"316.7";"BR-116/RJ";"Pista Sul";"Choque em objeto fixo";0;0;1;0;0;0;0;0;0;0;1;0;0;0;0
"26/10/2022";"11:46:00";"492";"Acidente s";"264.1";"BR-116/RJ";"Pista Norte";"Abalroamento longitudinal";1;0;0;1;0;0;0;0;0;0;3;0;0;0;0
"26/10/2022";"11:53:00";"495";"Acidente s";"179.9";"BR-116/RJ";"Pista Norte";"Colisão traseira";1;0;0;0;0;1;0;0;0;0;2;0;0;0;0
"26/10/2022";"12:32:00";"517";"Acidente c";"264";"BR-116/RJ";"Pista Norte";"Choque em objeto fixo";1;0;0;0;0;0;0;0;0;0;2;1;0;0;0
"26/10/2022";"03:22:00";"628";"Acidente s";"202.8";"BR-116/RJ";"Pista Sul";"Engavetamento";3;0;0;0;0;0;0;0;0;0;3;0;0;0;0
"26/10/2022";"10:20:00";"880";"Acidente s";"210";"BR-116/SP";"Pista Sul";"Capotamento";1;0;0;0;0;0;0;0;0;0;1;0;0;0;0
"27/10/2022";"02:30:00";"58";"Acidente c";"40";"BR-116/SP";"Pista Norte";"Choque em defensa";0;0;0;0;0;0;0;0;0;1;0;1;0;0;0
"27/10/2022";"03:50:00";"84";"Acidente s";"245.5";"BR-116/RJ";"Pista Norte";"Abalroamento longitudinal";0;0;2;0;0;0;0;0;0;0;2;0;0;0;0
"27/10/2022";"03:59:00";"85";"Acidente s";"203.5";"BR-116/RJ";"Pista Norte";"Choque em defensa";0;0;1;0;0;0;0;0;0;0;1;0;0;0;0
"27/10/2022";"04:54:00";"88";"Acidente c";"135.4";"BR-116/SP";"Pista Sul";"Queda de moto";0;0;0;1;0;0;0;0;0;0;0;1;0;0;0
"27/10/2022";"05:40:00";"99";"Acidente s";"176.3";"BR-116/RJ";"Pista Norte";"Colisão traseira";1;0;1;0;0;0;0;0;0;0;3;0;0;0;0
"27/10/2022";"05:50:00";"100";"Acidente s";"229";"BR-116/RJ";"Pista Norte";"Tombamento";0;0;1;0;0;0;0;0;0;0;2;0;0;0;0
"27/10/2022";"07:02:00";"173";"Acidente c";"207.7";"BR-116/SP";"Pista Sul";"Abalroamento longitudinal";0;0;2;1;0;0;0;0;0;0;2;1;0;0;0
"27/10/2022";"07:07:00";"181";"Acidente s";"170.5";"BR-116/RJ";"Pista Norte";"Abalroamento longitudinal";2;0;0;0;0;0;0;0;0;0;2;0;0;0;0
"27/10/2022";"07:11:00";"189";"Acidente c";"196";"BR-116/RJ";"Pista Sul";"Abalroamento longitudinal";1;0;1;0;0;0;0;0;0;0;2;1;0;0;0
"27/10/2022";"07:17:00";"198";"Acidente c";"201.2";"BR-116/SP";"Pista Sul";"Engavetamento";2;0;0;0;1;0;0;0;0;0;57;2;0;0;0
"27/10/2022";"08:22:00";"279";"Acidente c";"222";"BR-116/SP";"Pista Norte";"Engavetamento";3;0;0;1;0;0;0;0;0;0;3;0;1;0;0
"27/10/2022";"09:13:00";"341";"Acidente s";"152.25";"BR-116/SP";"Pista Sul";"Choque em barreira New Jersey";1;0;0;0;0;0;0;0;0;0;1;0;0;0;0
"27/10/2022";"10:46:00";"435";"Acidente c";"145";"BR-116/SP";"Pista Sul";"Colisão traseira";2;0;0;0;0;0;0;0;0;0;2;1;0;0;0
"27/10/2022";"10:58:00";"443";"Acidente s";"169.9";"BR-116/RJ";"Pista Norte";"Colisão traseira";1;0;1;0;0;0;0;0;0;0;2;0;0;0;0
"27/10/2022";"12:45:00";"504";"Acidente s";"226";"BR-116/SP";"Pista Sul";"Abalroamento longitudinal";0;0;1;0;0;0;0;0;0;1;2;0;0;0;0
"27/10/2022";"02:10:00";"566";"Acidente c";"158.8";"BR-116/SP";"Pista Norte";"Queda de moto";0;0;0;1;0;0;0;0;0;0;0;1;0;0;0
"27/10/2022";"02:46:00";"597";"Acidente s";"307";"BR-116/RJ";"Pista Norte";"Engavetamento";3;0;0;0;0;0;0;0;0;0;4;0;0;0;0
"27/10/2022";"03:25:00";"631";"Atropelame";"51";"BR-101/SP";"Pista Norte";"Atropelamento de pedestre atravessando";1;0;0;0;0;0;0;0;0;0;1;0;1;0;0
"27/10/2022";"04:05:00";"657";"Acidente s";"380.8";"BR-101/RJ";"Pista Sul";"Choque em objeto fixo";0;0;1;0;0;0;0;0;0;0;1;0;0;0;0
"27/10/2022";"04:31:00";"675";"Acidente s";"496";"BR-101/RJ";"Pista Sul";"Choque em objeto fixo";0;0;1;0;0;0;0;0;0;0;1;0;0;0;0
"27/10/2022";"05:06:00";"703";"Acidente s";"70.1";"BR-116/SP";"Pista Norte";"Engavetamento";0;0;3;0;0;0;0;0;0;0;3;0;0;0;0
"27/10/2022";"05:31:00";"720";"Acidente s";"220";"BR-116/SP";"Pista Norte";"Abalroamento longitudinal";1;0;1;0;0;0;0;0;0;0;2;0;0;0;0
"27/10/2022";"06:47:00";"778";"Acidente s";"155";"BR-116/SP";"Pista Sul";"Colisão traseira";2;0;0;0;0;0;0;0;0;0;2;0;0;0;0
"27/10/2022";"09:10:00";"854";"Acidente s";"86.95";"BR-116/SP";"Pista Norte";"Choque em objeto na pista";2;0;0;0;0;0;0;0;0;0;4;0;0;0;0
"27/10/2022";"09:32:00";"863";"Acidente s";"159";"BR-116/SP";"Pista Norte";"Colisão traseira";1;0;1;0;0;0;0;0;0;0;6;0;0;0;0
"27/10/2022";"09:40:00";"868";"Acidente c";"318.1";"BR-116/RJ";"Pista Sul";"Queda de moto";0;0;0;1;0;0;0;0;0;0;0;0;1;0;0
"27/10/2022";"11:55:00";"914";"Acidente s";"282.1";"BR-116/RJ";"Pista Sul";"Choque em objeto na pista";1;0;0;0;0;0;0;0;0;0;2;0;0;0;0
"28/10/2022";"01:01:00";"30";"Acidente s";"410";"BR-101/RJ";"Pista Norte";"Colisão frontal";1;0;0;1;0;0;0;0;0;0;2;0;0;0;0
"28/10/2022";"02:11:00";"44";"Acidente s";"17.1";"BR-116/SP";"Pista Norte";"Abalroamento longitudinal";0;0;0;0;1;1;0;0;0;0;16;0;0;0;0
"28/10/2022";"02:35:00";"47";"Acidente c";"175";"BR-116/RJ";"Pista Sul";"Capotamento";1;0;2;0;0;0;0;0;0;0;4;2;0;0;0
"28/10/2022";"04:32:00";"63";"Acidente s";"189";"BR-116/RJ";"Pista Norte";"Choque em barreira New Jersey";1;0;0;0;0;0;0;0;0;0;1;0;0;0;0
"28/10/2022";"05:01:00";"67";"Acidente s";"200.1";"BR-116/SP";"Pista Sul";"Atropelamento de animal";1;0;0;0;0;0;0;0;0;0;1;0;0;0;0
"28/10/2022";"05:25:00";"75";"Acidente s";"16.6";"BR-116/SP";"Pista Sul";"Choque em defensa";0;0;0;0;0;0;0;0;0;1;1;0;0;0;0
"28/10/2022";"06:47:00";"146";"Acidente c";"210.9";"BR-116/SP";"Pista Sul";"Abalroamento longitudinal";0;0;1;1;0;0;0;0;0;0;1;1;0;0;0
"28/10/2022";"07:31:00";"230";"Acidente s";"204.5";"BR-116/SP";"Pista Norte";"Colisão traseira";0;0;1;0;0;1;0;0;0;0;2;0;0;0;0
"28/10/2022";"07:32:00";"232";"Acidente s";"258";"BR-116/RJ";"Pista Norte";"Queda de ribanceira";1;0;0;0;0;0;0;0;0;0;1;0;0;0;0
"28/10/2022";"07:47:00";"246";"Acidente s";"331";"BR-116/RJ";"Pista Norte";"Choque em objeto fixo";0;0;1;0;0;0;0;0;0;0;2;0;0;0;0
"28/10/2022";"08:18:00";"281";"Acidente s";"140";"BR-116/SP";"Pista Sul";"Engavetamento";3;0;0;0;0;0;0;0;0;0;3;0;0;0;0
"28/10/2022";"09:48:00";"372";"Acidente s";"264.9";"BR-116/RJ";"Pista Sul";"Choque em objeto na pista";1;0;0;0;0;0;0;0;0;0;1;0;0;0;0
"28/10/2022";"10:08:00";"389";"Acidente s";"50.3";"BR-101/SP";"Pista Norte";"Queda de moto";0;0;0;1;0;0;0;0;0;0;1;0;0;0;0
"28/10/2022";"10:51:00";"426";"Acidente c";"47";"BR-101/SP";"Pista Norte";"Queda de moto";0;0;0;1;0;0;0;0;0;0;0;1;0;0;0
"28/10/2022";"10:58:00";"430";"Acidente s";"463.7";"BR-101/RJ";"Pista Norte";"Colisão traseira";2;0;0;0;0;0;0;0;0;0;2;0;0;0;0
"28/10/2022";"12:46:00";"486";"Acidente s";"207";"BR-116/SP";"Pista Sul";"Engavetamento";4;0;0;0;0;0;0;0;0;0;9;0;0;0;0
"28/10/2022";"01:40:00";"520";"Acidente s";"158";"BR-116/SP";"Pista Sul";"Choque em barreira New Jersey";1;0;0;0;0;0;0;0;0;0;1;0;0;0;0
"28/10/2022";"01:45:00";"523";"Acidente c";"180.4";"BR-116/RJ";"Pista Norte";"Abalroamento longitudinal";1;0;0;1;0;0;0;0;0;0;1;1;0;0;0
"28/10/2022";"02:05:00";"534";"Acidente s";"519";"BR-101/RJ";"Pista Sul";"Choque em objeto fixo";1;0;0;0;0;0;0;0;0;0;1;0;0;0;0
"28/10/2022";"02:17:00";"544";"Acidente c";"453";"BR-101/RJ";"Pista Sul";"Abalroamento longitudinal";0;0;0;1;0;0;0;0;0;1;9;2;0;0;0
"28/10/2022";"03:04:00";"566";"Acidente s";"55.55";"BR-116/SP";"Pista Norte";"Colisão traseira";1;0;0;0;0;1;0;0;0;0;3;0;0;0;0
"28/10/2022";"03:17:00";"576";"Acidente s";"230";"BR-116/RJ";"Pista Sul";"Colisão traseira";1;0;0;0;0;0;0;0;0;1;2;0;0;0;0
"28/10/2022";"03:24:00";"577";"Acidente s";"19";"BR-101/SP";"Pista Sul";"Abalroamento longitudinal";2;0;0;0;0;0;0;0;0;0;4;0;0;0;0
"28/10/2022";"04:26:00";"615";"Acidente s";"264.3";"BR-116/RJ";"Pista Norte";"Choque em objeto fixo";1;0;0;0;0;0;0;0;0;0;1;0;0;0;0
"28/10/2022";"04:48:00";"632";"Acidente s";"251.4";"BR-116/RJ";"Pista Norte";"Queda de ribanceira";1;0;0;0;0;0;0;0;0;0;1;0;0;0;0
"28/10/2022";"05:08:00";"650";"Acidente c";"115.4";"BR-116/SP";"Pista Norte";"Abalroamento longitudinal";1;0;0;1;0;0;0;0;0;0;2;1;0;0;0
"28/10/2022";"05:57:00";"685";"Acidente c";"223";"BR-116/SP";"Pista Norte";"Abalroamento longitudinal";1;0;0;1;0;0;0;0;0;0;1;1;0;0;0
"28/10/2022";"06:15:00";"697";"Acidente s";"78";"BR-116/SP";"Pista Norte";"Atropelamento de animal";1;0;0;0;0;0;0;0;0;0;4;0;0;0;0
"28/10/2022";"06:37:00";"716";"Acidente c";"203.2";"BR-116/SP";"Pista Norte";"Abalroamento longitudinal";0;0;0;1;0;1;0;0;0;0;1;1;0;0;0
"28/10/2022";"07:17:00";"741";"Acidente s";"158";"BR-116/SP";"Pista Norte";"Engavetamento";1;0;0;0;0;3;0;0;0;0;4;0;0;0;0
"28/10/2022";"08:35:00";"794";"Acidente s";"491.5";"BR-101/RJ";"Pista Sul";"Colisão traseira";2;0;0;0;0;0;0;0;0;0;2;0;0;0;0
"28/10/2022";"08:53:00";"804";"Acidente s";"67.6";"BR-116/SP";"Pista Norte";"Choque em barreira New Jersey";1;0;0;0;0;0;0;0;0;0;1;0;0;0;0
"28/10/2022";"09:04:00";"812";"Acidente s";"392";"BR-101/RJ";"Pista Norte";"Queda de ribanceira";1;0;0;0;0;0;0;0;0;0;1;0;0;0;0
"28/10/2022";"10:43:00";"852";"Acidente c";"213";"BR-116/SP";"Pista Sul";"Choque em barreira New Jersey";1;0;0;0;0;0;0;0;0;0;0;1;0;0;0
"29/10/2022";"01:41:00";"33";"Acidente c";"38.65";"BR-116/SP";"Pista Norte";"Tombamento";0;0;1;0;0;0;0;0;0;0;0;1;0;0;0
"29/10/2022";"02:16:00";"38";"Acidente c";"142";"BR-116/SP";"Pista Norte";"Colisão traseira";1;0;0;0;0;1;0;0;0;0;1;0;0;1;0
"29/10/2022";"05:52:00";"73";"Acidente s";"296.5";"BR-116/RJ";"Pista Sul";"Choque em objeto fixo";1;0;0;0;0;0;0;0;0;0;1;0;0;0;0
"29/10/2022";"06:11:00";"77";"Acidente s";"82.2";"BR-116/SP";"Pista Sul";"Colisão traseira";1;0;0;0;0;1;0;0;0;0;2;0;0;0;0
"29/10/2022";"06:26:00";"84";"Acidente c";"87.8";"BR-116/SP";"Pista Sul";"Capotamento";1;0;0;0;0;0;0;0;0;0;1;0;1;0;0
"29/10/2022";"06:47:00";"99";"Acidente s";"201";"BR-116/SP";"Pista Norte";"Choque em objeto fixo";1;0;0;0;0;0;0;0;0;0;1;0;0;0;0
"29/10/2022";"06:56:00";"107";"Acidente c";"134.8";"BR-116/SP";"Pista Norte";"Colisão traseira";2;0;0;0;0;0;0;0;0;0;1;0;1;0;0
"29/10/2022";"07:12:00";"122";"Acidente s";"245";"BR-116/RJ";"Pista Norte";"Choque em barreira New Jersey";1;0;0;0;0;0;0;0;0;0;1;0;0;0;0
"29/10/2022";"07:44:00";"155";"Acidente c";"330.25";"BR-116/RJ";"Pista Sul";"Choque em objeto fixo";0;0;1;0;0;0;0;0;0;0;0;0;2;0;0
"29/10/2022";"10:43:00";"308";"Acidente c";"221.55";"BR-116/RJ";"Pista Norte";"Abalroamento longitudinal";1;0;1;0;0;0;0;0;0;0;1;4;0;0;0
"29/10/2022";"11:02:00";"318";"Acidente s";"167";"BR-116/RJ";"Pista Norte";"Engavetamento";4;0;0;0;0;0;0;0;0;0;4;0;0;0;0
"29/10/2022";"11:33:00";"334";"Acidente s";"420.3";"BR-101/RJ";"Pista Norte";"Choque em barreira New Jersey";1;0;0;0;0;0;0;0;0;0;1;0;0;0;0
"29/10/2022";"12:01:00";"349";"Acidente s";"191";"BR-116/RJ";"Pista Norte";"Choque em objeto na pista";1;0;0;0;0;0;0;0;0;0;1;0;0;0;0
"29/10/2022";"12:45:00";"374";"Acidente c";"286";"BR-116/RJ";"Pista Sul";"Queda de moto";0;0;0;1;0;0;0;0;0;0;0;2;0;0;0
"29/10/2022";"01:07:00";"387";"Acidente s";"216.6";"BR-116/SP";"Pista Norte";"Colisão traseira";2;0;0;0;0;0;0;0;0;0;7;0;0;0;0
"29/10/2022";"03:31:00";"480";"Acidente s";"170.7";"BR-116/RJ";"Pista Sul";"Engavetamento";2;0;0;0;0;1;0;0;0;0;3;0;0;0;0
"29/10/2022";"05:06:00";"538";"Acidente s";"75.1";"BR-116/SP";"Pista Norte";"Choque em objeto fixo";1;0;0;0;0;1;0;0;0;0;2;0;0;0;0
"29/10/2022";"05:12:00";"543";"Acidente s";"418";"BR-101/RJ";"Pista Norte";"Choque em objeto fixo";1;0;0;0;0;0;0;0;0;0;1;0;0;0;0
"29/10/2022";"06:15:00";"562";"Acidente c";"193.05";"BR-116/RJ";"Pista Norte";"Queda de moto";0;0;0;1;0;0;0;0;0;0;0;1;0;1;0
"29/10/2022";"08:17:00";"622";"Acidente c";"578";"BR-101/RJ";"Pista Norte";"Atropelamento de animal";1;0;0;0;0;0;0;0;0;0;2;0;0;1;0
"29/10/2022";"09:11:00";"652";"Acidente s";"22.2";"BR-116/SP";"Pista Norte";"Choque em objeto fixo";0;0;1;0;0;0;0;0;0;0;1;0;0;0;0
"29/10/2022";"09:36:00";"660";"Acidente s";"212.9";"BR-116/SP";"Pista Norte";"Choque em barreira New Jersey";1;0;0;0;0;0;0;0;0;0;4;0;0;0;0
"29/10/2022";"09:41:00";"663";"Acidente s";"33.4";"BR-116/SP";"Pista Sul";"Choque em objeto na pista";0;0;0;0;1;0;0;0;0;0;31;0;0;0;0
"29/10/2022";"09:52:00";"667";"Acidente s";"529";"BR-101/RJ";"Pista Sul";"Choque em objeto fixo";1;0;0;0;0;0;0;0;0;0;1;0;0;0;0
"29/10/2022";"10:04:00";"672";"Acidente s";"194.8";"BR-116/SP";"Pista Sul";"Abalroamento longitudinal";2;0;0;0;0;0;0;0;0;0;3;0;0;0;0
"29/10/2022";"10:14:00";"674";"Acidente c";"85.15";"BR-116/SP";"Pista Sul";"Colisão traseira";0;0;0;1;0;1;0;0;0;0;1;1;0;0;0
"29/10/2022";"10:26:00";"680";"Atropelame";"400";"BR-101/RJ";"Pista Sul";"Atropelamento de pedestre atravessando";0;0;0;0;0;1;0;0;0;0;1;0;0;1;0
"30/10/2022";"12:54:00";"24";"Acidente s";"264";"BR-116/RJ";"Pista Norte";"Choque em objeto fixo";1;0;0;0;0;0;0;0;0;0;1;0;0;0;0
"30/10/2022";"01:13:00";"29";"Acidente s";"89.95";"BR-116/SP";"Pista Norte";"Abalroamento longitudinal";1;0;1;0;0;0;0;0;0;0;2;0;0;0;0
"30/10/2022";"02:21:00";"45";"Acidente s";"222.5";"BR-116/SP";"Pista Sul";"Colisão traseira";2;0;0;0;0;0;0;0;0;0;2;0;0;0;0
"30/10/2022";"03:14:00";"56";"Acidente c";"37.75";"BR-116/SP";"Pista Norte";"Abalroamento longitudinal";2;0;0;0;0;0;0;0;0;0;3;2;0;0;0
"30/10/2022";"04:16:00";"65";"Acidente c";"0.8";"BR-116/SP";"Pista Norte";"Colisão traseira";2;0;0;0;0;0;0;0;0;0;4;1;0;0;0
"30/10/2022";"05:06:00";"69";"Atropelame";"72.5";"BR-116/SP";"Pista Sul";"Atropelamento de pedestre atravessando";0;0;0;0;0;1;0;0;0;0;1;0;0;0;1
"30/10/2022";"05:35:00";"74";"Acidente s";"165.2";"BR-116/SP";"Pista Norte";"Choque em objeto fixo";0;0;1;0;0;0;0;0;0;0;1;0;0;0;0
"30/10/2022";"05:45:00";"78";"Acidente s";"212.9";"BR-116/SP";"Pista Norte";"Colisão traseira";1;0;0;0;1;0;0;0;0;0;3;0;0;0;0
"30/10/2022";"06:24:00";"88";"Acidente s";"226";"BR-116/RJ";"Pista Norte";"Choque em barreira New Jersey";1;0;0;0;0;0;0;0;0;0;3;0;0;0;0
"30/10/2022";"08:53:00";"145";"Acidente s";"94.2";"BR-116/SP";"Pista Sul";"Abalroamento longitudinal";0;0;2;0;0;0;0;0;0;0;2;0;0;0;0
"30/10/2022";"10:28:00";"192";"Acidente c";"192.8";"BR-116/RJ";"Pista Sul";"Queda de moto";0;0;0;1;0;0;0;0;0;0;0;1;0;0;0
"30/10/2022";"10:41:00";"201";"Acidente c";"192.5";"BR-116/RJ";"Pista Norte";"Colisão traseira";2;0;0;0;0;0;0;0;0;0;5;1;0;0;0
"30/10/2022";"11:22:00";"220";"Acidente s";"194.4";"BR-116/RJ";"Pista Norte";"Engavetamento";3;0;0;0;0;0;0;0;0;0;3;0;0;0;0
"30/10/2022";"12:12:00";"255";"Acidente c";"269.5";"BR-116/RJ";"Pista Norte";"Choque em barreira New Jersey";1;0;0;0;0;0;0;0;0;0;0;2;2;1;0
"30/10/2022";"01:07:00";"288";"Acidente s";"215.9";"BR-116/SP";"Pista Sul";"Abalroamento longitudinal";2;0;0;0;0;0;0;0;0;0;2;0;0;0;0
"30/10/2022";"01:46:00";"313";"Acidente c";"168.2";"BR-116/RJ";"Pista Sul";"Engavetamento";4;0;0;0;0;0;0;0;0;0;3;1;1;0;0
"30/10/2022";"02:16:00";"327";"Acidente s";"192.1";"BR-116/RJ";"Pista Norte";"Choque em defensa";1;0;0;0;0;0;0;0;0;0;1;0;0;0;0
"30/10/2022";"02:40:00";"340";"Acidente s";"208.1";"BR-116/SP";"Pista Norte";"Abalroamento longitudinal";1;0;1;0;0;0;0;0;0;0;2;0;0;0;0
"30/10/2022";"02:58:00";"353";"Acidente c";"234";"BR-116/RJ";"Pista Norte";"Colisão traseira";1;0;0;0;0;1;0;0;0;0;1;1;0;0;0
"30/10/2022";"03:34:00";"380";"Acidente c";"145.9";"BR-116/SP";"Pista Sul";"Colisão traseira";1;0;0;0;1;0;0;0;0;0;46;1;0;0;0
"30/10/2022";"04:23:00";"400";"Acidente c";"190";"BR-116/RJ";"Pista Norte";"Engavetamento";4;0;1;0;0;0;0;0;0;0;4;2;1;0;0