data;horario;n_da_ocorrencia;tipo_de_ocorrencia;km;trecho;sentido;tipo_de_acidente;automovel;bicicleta;caminhao;moto;onibus;outros;tracao_animal;transporte_de_cargas_especiais;trator_maquinas;utilitarios;ilesos;levemente_feridos;moderadamente_feridos;gravemente_feridos;mortos
"23/11/2022";"08:10:00";"830";"Acidente s";"289";"BR-116/RJ";"Pista Sul";"Choque em objeto na pista";1;0;0;0;0;0;0;0;0;0;1;0;0;0;0
"23/11/2022";"08:30:00";"838";"Acidente s";"217.1";"BR-116/SP";"Pista Norte";"Abalroamento longitudinal";1;0;0;0;0;1;0;0;0;0;1;0;0;0;0
"23/11/2022";"09:25:00";"867";"Acidente s";"208.1";"BR-116/SP";"Pista Norte";"Choque em barreira New Jersey";1;0;0;0;0;0;0;0;0;0;1;0;0;0;0
"23/11/2022";"11:09:00";"891";"Acidente s";"16.6";"BR-116/SP";"Pista Sul";"Choque em objeto fixo";0;0;1;0;0;0;0;0;0;0;1;0;0;0;0
"23/11/2022";"11:10:00";"892";"Acidente c";"115.4";"BR-116/SP";"Pista Sul";"Choque em objeto fixo";1;0;0;0;0;0;0;0;0;0;0;1;0;0;0
"23/11/2022";"11:31:00";"907";"Acidente c";"223.2";"BR-116/SP";"Pista Norte";"Colisão traseira";1;0;0;1;0;0;0;0;0;0;0;0;2;0;0
"24/11/2022";"06:08:00";"95";"Acidente s";"205";"BR-116/SP";"Pista Norte";"Colisão traseira";0;0;1;0;0;0;0;0;0;1;2;0;0;0;0
"24/11/2022";"06:10:00";"96";"Acidente s";"421.5";"BR-101/RJ";"Pista Sul";"Choque em defensa";1;0;0;0;0;0;0;0;0;0;1;0;0;0;0
"24/11/2022";"07:37:00";"219";"Acidente s";"145.1";"BR-116/SP";"Pista Sul";"Abalroamento longitudinal";1;0;1;0;0;0;0;0;0;0;2;0;0;0;0
"24/11/2022";"08:08:00";"269";"Acidente c";"189.8";"BR-116/RJ";"Pista Norte";"Colisão traseira";0;0;1;1;0;0;0;0;0;0;1;1;0;0;0
"24/11/2022";"08:10:00";"270";"Acidente s";"169";"BR-116/RJ";"Pista Sul";"Choque em barreira New Jersey";1;0;0;0;0;0;0;0;0;0;1;0;0;0;0
"24/11/2022";"08:57:00";"343";"Acidente c";"275.6";"BR-116/RJ";"Pista Sul";"Engavetamento";3;0;0;0;0;0;0;0;0;0;1;4;1;0;0
"24/11/2022";"12:57:00";"536";"Acidente s";"120.5";"BR-116/SP";"Pista Norte";"Engavetamento";1;0;2;0;0;0;0;0;0;0;4;0;0;0;0
"24/11/2022";"01:37:00";"566";"Acidente c";"227.9";"BR-116/SP";"Pista Sul";"Colisão traseira";1;0;1;0;0;0;0;0;0;0;2;1;0;0;0
"24/11/2022";"02:53:00";"612";"Acidente c";"213";"BR-116/SP";"Pista Norte";"Queda de moto";0;0;0;1;0;1;0;0;0;0;1;1;0;0;0
"24/11/2022";"03:05:00";"623";"Acidente c";"468";"BR-101/RJ";"Pista Sul";"Queda de moto";0;0;0;1;0;0;0;0;0;0;0;1;0;0;0
"24/11/2022";"03:31:00";"636";"Acidente c";"218.7";"BR-116/SP";"Pista Norte";"Queda de moto";0;0;0;1;0;0;0;0;0;0;0;0;1;0;0
"24/11/2022";"04:27:00";"669";"Acidente s";"187.85";"BR-116/SP";"Pista Sul";"Choque em barreira New Jersey";1;0;0;0;0;0;0;0;0;0;1;0;0;0;0
"24/11/2022";"04:33:00";"670";"Acidente c";"316";"BR-116/RJ";"Pista Norte";"Queda de moto";0;0;0;1;0;0;0;0;0;0;0;1;1;0;0
"24/11/2022";"04:38:00";"674";"Acidente s";"33";"BR-116/SP";"Pista Sul";"Choque em barreira New Jersey";0;0;1;0;0;0;0;0;0;0;1;0;0;0;0
"24/11/2022";"05:54:00";"705";"Acidente c";"265.5";"BR-116/RJ";"Pista Norte";"Queda de ribanceira";1;0;0;0;0;0;0;0;0;0;0;0;1;0;0
"24/11/2022";"07:08:00";"730";"Acidente s";"320.8";"BR-116/RJ";"Pista Sul";"Choque em objeto na pista";0;0;1;0;0;0;0;0;0;0;1;0;0;0;0
"24/11/2022";"07:14:00";"733";"Acidente s";"113";"BR-116/SP";"Pista Norte";"Choque em objeto na pista";0;0;1;0;0;0;0;0;0;0;1;0;0;0;0
"24/11/2022";"07:24:00";"737";"Acidente s";"256.4";"BR-116/RJ";"Pista Norte";"Choque em objeto na pista";1;0;0;0;0;0;0;0;0;0;1;0;0;0;0
"24/11/2022";"07:32:00";"743";"Acidente c";"149";"BR-116/SP";"Pista Norte";"Queda de moto";0;0;0;1;0;0;0;0;0;0;0;1;0;0;0
"24/11/2022";"07:40:00";"744";"Acidente s";"228.5";"BR-116/SP";"Pista Sul";"Choque em objeto na pista";1;0;0;0;0;0;0;0;0;0;1;0;0;0;0
"24/11/2022";"07:44:00";"746";"Acidente s";"257.3";"BR-116/RJ";"Pista Norte";"Choque em objeto fixo";1;0;0;0;0;0;0;0;0;0;1;0;0;0;0
"24/11/2022";"08:58:00";"770";"Acidente c";"145.2";"BR-116/SP";"Pista Norte";"Colisão traseira";2;0;0;0;0;0;0;0;0;0;0;3;0;0;0
"24/11/2022";"10:44:00";"806";"Acidente c";"46.4";"BR-116/SP";"Pista Sul";"Queda de moto";0;0;0;1;0;0;0;0;0;0;1;1;0;0;0
"24/11/2022";"11:31:00";"815";"Atropelame";"49";"BR-101/SP";"Pista Sul";"Atropelamento de pedestre atravessando";1;1;0;0;0;0;0;0;0;0;0;2;0;0;0
"25/11/2022";"12:50:00";"16";"Acidente s";"498";"BR-101/RJ";"Pista Sul";"Atropelamento de animal";1;0;0;0;0;0;0;0;0;0;4;0;0;0;0
"25/11/2022";"01:14:00";"24";"Acidente s";"227";"BR-116/SP";"Pista Sul";"Choque em defensa";1;0;0;0;0;0;0;0;0;0;1;0;0;0;0
"25/11/2022";"03:49:00";"50";"Acidente c";"171.8";"BR-116/RJ";"Pista Norte";"Tombamento";0;0;1;0;0;0;0;0;0;0;0;1;0;0;0
"25/11/2022";"04:46:00";"65";"Acidente c";"210";"BR-116/RJ";"Pista Sul";"Colisão traseira";0;0;2;0;0;0;0;0;0;0;1;0;1;0;0
"25/11/2022";"06:13:00";"91";"Acidente c";"173";"BR-116/RJ";"Pista Norte";"Abalroamento longitudinal";1;0;0;1;0;0;0;0;0;0;1;2;0;0;0
"25/11/2022";"06:20:00";"96";"Acidente s";"165.4";"BR-116/SP";"Pista Sul";"Choque em objeto na pista";1;0;0;0;0;0;0;0;0;0;1;0;0;0;0
"25/11/2022";"07:06:00";"169";"Acidente s";"158.4";"BR-116/SP";"Pista Norte";"Choque em objeto fixo";1;0;0;0;0;0;0;0;0;0;2;0;0;0;0
"25/11/2022";"07:24:00";"197";"Acidente c";"228";"BR-116/SP";"Pista Sul";"Choque em barreira New Jersey";1;0;0;0;0;0;0;0;0;0;1;0;1;0;0
"25/11/2022";"08:25:00";"282";"Acidente s";"138";"BR-116/SP";"Pista Norte";"Abalroamento longitudinal";2;0;1;0;0;0;0;0;0;0;3;0;0;0;0
"25/11/2022";"09:39:00";"368";"Acidente c";"176";"BR-116/RJ";"Pista Sul";"Abalroamento longitudinal";1;0;0;0;1;0;0;0;0;0;8;1;0;0;0
"25/11/2022";"09:50:00";"379";"Acidente c";"479.3";"BR-101/RJ";"Pista Norte";"Colisão traseira";1;0;1;0;0;0;0;0;0;0;3;1;0;0;0
"25/11/2022";"10:39:00";"412";"Acidente s";"101.6";"BR-116/SP";"Pista Sul";"Choque em barreira New Jersey";1;0;0;0;0;0;0;0;0;0;1;0;0;0;0
"25/11/2022";"11:20:00";"432";"Acidente c";"172";"BR-116/RJ";"Pista Sul";"Colisão traseira";0;0;0;0;2;0;0;0;0;0;14;2;0;0;0
"25/11/2022";"11:37:00";"446";"Acidente s";"38.9";"BR-116/SP";"Pista Norte";"Choque em objeto na pista";1;0;0;0;0;0;0;0;0;0;2;0;0;0;0
"25/11/2022";"01:16:00";"501";"Acidente c";"149.6";"BR-116/SP";"Pista Sul";"Capotamento";2;0;0;0;0;0;0;0;0;0;3;2;0;0;0
"25/11/2022";"01:18:00";"504";"Acidente s";"183.7";"BR-116/RJ";"Pista Norte";"Colisão traseira";1;0;0;0;0;1;0;0;0;0;2;0;0;0;0
"25/11/2022";"01:37:00";"514";"Acidente c";"545";"BR-101/RJ";"Pista Sul";"Abalroamento longitudinal";1;0;0;0;1;0;0;0;0;0;2;1;0;0;0
"25/11/2022";"01:42:00";"516";"Acidente s";"233";"BR-116/RJ";"Pista Norte";"Choque em barreira New Jersey";0;0;1;0;0;0;0;0;0;0;1;0;0;0;0
"25/11/2022";"01:44:00";"519";"Acidente s";"23";"BR-116/SP";"Pista Sul";"Choque em barreira New Jersey";1;0;0;0;0;0;0;0;0;0;1;0;0;0;0
"25/11/2022";"01:55:00";"526";"Acidente s";"23";"BR-116/SP";"Pista Norte";"Choque em objeto fixo";1;0;0;0;0;0;0;0;0;0;5;0;0;0;0
"25/11/2022";"02:46:00";"559";"Acidente s";"37.2";"BR-116/SP";"Pista Norte";"Abalroamento longitudinal";1;0;1;0;0;1;0;0;0;0;3;0;0;0;0
"25/11/2022";"04:32:00";"617";"Acidente s";"49";"BR-101/SP";"Pista Sul";"Engavetamento";5;0;0;0;0;0;0;0;0;0;5;0;0;0;0
"25/11/2022";"05:20:00";"637";"Acidente s";"149";"BR-116/SP";"Pista Norte";"Abalroamento longitudinal";1;0;1;0;0;0;0;0;0;0;2;0;0;0;0
"25/11/2022";"05:33:00";"643";"Acidente c";"55.9";"BR-116/SP";"Pista Norte";"Engavetamento";2;0;0;2;0;1;0;0;0;0;4;2;0;0;0
"25/11/2022";"06:13:00";"663";"Acidente s";"172";"BR-116/RJ";"Pista Norte";"Colisão traseira";2;0;0;0;0;0;0;0;0;0;4;0;0;0;0
"25/11/2022";"07:24:00";"709";"Acidente s";"205.45";"BR-116/SP";"Pista Sul";"Abalroamento longitudinal";1;0;1;0;0;0;0;0;0;0;2;0;0;0;0
"25/11/2022";"08:20:00";"744";"Acidente c";"231";"BR-116/SP";"Pista Norte";"Colisão traseira";1;0;0;1;0;0;0;0;0;0;1;1;0;0;0
"25/11/2022";"08:34:00";"754";"Acidente s";"186.9";"BR-116/RJ";"Pista Norte";"Capotamento";1;0;0;0;0;0;0;0;0;0;3;0;0;0;0
"25/11/2022";"09:54:00";"786";"Acidente c";"177";"BR-116/RJ";"Pista Norte";"Colisão traseira";0;0;0;1;0;1;0;0;0;0;1;1;0;0;0
"25/11/2022";"10:03:00";"792";"Acidente c";"211";"BR-116/SP";"Pista Norte";"Colisão traseira";1;0;0;1;0;0;0;0;0;0;3;1;0;0;0
"25/11/2022";"11:45:00";"825";"Acidente c";"158";"BR-116/SP";"Pista Norte";"Colisão traseira";1;0;1;0;0;0;0;0;0;0;1;1;0;0;0
"26/11/2022";"12:09:00";"14";"Acidente s";"123.6";"BR-116/SP";"Pista Sul";"Colisão traseira";0;0;2;0;0;0;0;0;0;0;2;0;0;0;0
"26/11/2022";"01:30:00";"35";"Acidente s";"265";"BR-116/RJ";"Pista Norte";"Abalroamento longitudinal";1;0;0;0;0;1;0;0;0;0;2;0;0;0;0
"26/11/2022";"01:42:00";"36";"Acidente s";"22";"BR-116/SP";"Pista Norte";"Colisão traseira";1;0;1;0;0;0;0;0;0;0;6;0;0;0;0
"26/11/2022";"05:29:00";"71";"Acidente s";"37.4";"BR-101/SP";"Pista Sul";"Queda de ribanceira";1;0;0;0;0;0;0;0;0;0;1;0;0;0;0
"26/11/2022";"07:31:00";"187";"Acidente s";"81";"BR-116/SP";"Pista Norte";"Atropelamento de animal";1;0;0;0;0;0;0;0;0;0;1;0;0;0;0
"26/11/2022";"10:21:00";"332";"Acidente c";"513";"BR-101/RJ";"Pista Norte";"Abalroamento longitudinal";1;0;0;1;0;0;0;0;0;0;1;1;0;0;0
"26/11/2022";"10:40:00";"343";"Acidente s";"109.4";"BR-116/SP";"Pista Norte";"Engavetamento";2;0;0;0;0;1;0;0;0;0;7;0;0;0;0
"26/11/2022";"11:24:00";"368";"Acidente s";"230.5";"BR-116/SP";"Pista Sul";"Colisão traseira";1;0;0;1;0;0;0;0;0;0;3;0;0;0;0
"26/11/2022";"11:27:00";"370";"Acidente c";"218.3";"BR-116/SP";"Pista Norte";"Queda de moto";0;0;0;1;0;0;0;0;0;0;0;1;0;0;0
"26/11/2022";"03:24:00";"500";"Acidente s";"17.4";"BR-116/SP";"Pista Sul";"Tombamento";0;0;1;0;0;0;0;0;0;0;1;0;0;0;0
"26/11/2022";"03:36:00";"504";"Acidente s";"320.6";"BR-116/RJ";"Pista Norte";"Abalroamento longitudinal";1;0;1;0;0;0;0;0;0;0;2;0;0;0;0
"26/11/2022";"04:10:00";"526";"Acidente s";"27";"BR-116/SP";"Pista Sul";"Choque em objeto fixo";1;0;0;0;0;0;0;0;0;0;1;0;0;0;0
"26/11/2022";"04:25:00";"534";"Acidente c";"215";"BR-116/SP";"Pista Norte";"Choque em veículo parado na pista";0;0;0;0;0;0;0;0;0;2;1;6;1;1;2
"26/11/2022";"04:48:00";"550";"Acidente s";"542";"BR-101/RJ";"Pista Sul";"Choque em objeto fixo";1;0;0;0;0;0;0;0;0;0;2;0;0;0;0
"26/11/2022";"04:57:00";"551";"Acidente s";"203.1";"BR-116/RJ";"Pista Norte";"Outros";1;0;0;0;0;0;0;0;0;0;1;0;0;0;0
"26/11/2022";"06:11:00";"579";"Acidente s";"320";"BR-116/RJ";"Pista Norte";"Abalroamento longitudinal";2;0;0;0;0;0;0;0;0;0;2;0;0;0;0
"26/11/2022";"06:52:00";"599";"Acidente c";"45.9";"BR-101/SP";"Pista Sul";"Abalroamento longitudinal";1;0;0;1;0;0;0;0;0;0;1;1;0;0;0
"26/11/2022";"06:58:00";"601";"Acidente s";"216.5";"BR-116/SP";"Pista Norte";"Colisão traseira";2;0;0;0;0;0;0;0;0;0;2;0;0;0;0
"26/11/2022";"07:37:00";"616";"Acidente s";"152.9";"BR-116/SP";"Pista Norte";"Engavetamento";3;0;0;0;0;0;0;0;0;0;3;0;0;0;0
"26/11/2022";"07:38:00";"618";"Acidente s";"277";"BR-116/RJ";"Pista Sul";"Colisão traseira";2;0;0;0;0;0;0;0;0;0;5;0;0;0;0
"26/11/2022";"08:25:00";"645";"Acidente c";"145.9";"BR-116/SP";"Pista Norte";"Colisão traseira";1;0;0;1;0;0;0;0;0;0;2;0;1;0;0
"26/11/2022";"09:10:00";"655";"Acidente c";"539";"BR-101/RJ";"Pista Norte";"Capotamento";1;0;0;0;0;0;0;0;0;0;0;1;0;0;0
"26/11/2022";"09:46:00";"666";"Acidente c";"201";"BR-116/SP";"Pista Norte";"Colisão traseira";1;0;1;0;0;0;0;0;0;0;4;1;0;0;0
"26/11/2022";"11:53:00";"694";"Acidente s";"388";"BR-101/RJ";"Pista Norte";"Choque em objeto fixo";1;0;0;0;0;0;0;0;0;0;1;0;0;0;0
"27/11/2022";"01:45:00";"30";"Acidente s";"216.5";"BR-116/SP";"Pista Norte";"Atropelamento de animal";1;0;0;0;0;0;0;0;0;0;4;0;0;0;0
"27/11/2022";"01:56:00";"34";"Acidente c";"176.2";"BR-116/RJ";"Pista Norte";"Choque em barreira New Jersey";1;0;0;0;0;0;0;0;0;0;0;1;0;0;0
"27/11/2022";"02:50:00";"41";"Acidente s";"181.65";"BR-116/SP";"Pista Sul";"Atropelamento de animal";1;0;0;0;0;0;0;0;0;0;3;0;0;0;0
"27/11/2022";"05:05:00";"55";"Acidente s";"312";"BR-116/RJ";"Pista Norte";"Choque em barreira New Jersey";1;0;0;0;0;0;0;0;0;0;1;0;0;0;0
"27/11/2022";"05:06:00";"56";"Acidente c";"67.7";"BR-116/SP";"Pista Sul";"Choque em barreira New Jersey";0;0;0;1;0;0;0;0;0;0;0;0;0;0;1
"27/11/2022";"05:15:00";"59";"Acidente s";"43.4";"BR-101/SP";"Pista Norte";"Choque em objeto fixo";1;0;0;0;0;0;0;0;0;0;1;0;0;0;0
"27/11/2022";"05:43:00";"66";"Acidente c";"508";"BR-101/RJ";"Pista Norte";"Choque em objeto fixo";1;0;0;0;0;0;0;0;0;0;2;1;0;0;0
"27/11/2022";"08:37:00";"142";"Acidente c";"114.8";"BR-116/SP";"Pista Norte";"Abalroamento longitudinal";2;0;0;1;0;0;0;0;0;0;9;1;0;0;0
"27/11/2022";"09:10:00";"164";"Acidente c";"115.6";"BR-116/SP";"Pista Norte";"Abalroamento longitudinal";2;0;0;0;0;0;0;0;0;0;4;2;0;0;0
"27/11/2022";"11:46:00";"259";"Acidente s";"182.3";"BR-116/SP";"Pista Norte";"Queda de moto";0;0;0;1;0;0;0;0;0;0;1;0;0;0;0
"27/11/2022";"01:20:00";"300";"Acidente s";"213.8";"BR-116/SP";"Pista Norte";"Abalroamento longitudinal";2;0;0;0;0;0;0;0;0;0;2;0;0;0;0
"27/11/2022";"01:25:00";"302";"Acidente s";"86.95";"BR-116/SP";"Pista Sul";"Colisão traseira";1;0;1;0;0;0;0;0;0;0;2;0;0;0;0
"27/11/2022";"01:45:00";"311";"Acidente s";"186";"BR-116/RJ";"Pista Norte";"Colisão traseira";2;0;0;0;0;0;0;0;0;0;2;0;0;0;0
"27/11/2022";"02:59:00";"346";"Acidente s";"239.7";"BR-116/RJ";"Pista Sul";"Choque em objeto fixo";1;0;0;0;0;0;0;0;0;0;1;0;0;0;0
"27/11/2022";"03:34:00";"369";"Acidente s";"229.5";"BR-116/RJ";"Pista Norte";"Abalroamento longitudinal";1;0;1;0;0;0;0;0;0;0;3;0;0;0;0
"27/11/2022";"07:42:00";"483";"Acidente s";"310";"BR-116/RJ";"Pista Sul";"Engavetamento";3;0;1;0;0;1;0;0;0;0;5;0;0;0;0
"27/11/2022";"07:45:00";"485";"Acidente s";"189.1";"BR-116/RJ";"Pista Norte";"Colisão traseira";1;0;0;0;0;1;0;0;0;0;2;0;0;0;0
"27/11/2022";"08:07:00";"491";"Acidente c";"228";"BR-116/SP";"Pista Sul";"Colisão traseira";2;0;0;0;0;0;0;0;0;0;0;1;1;0;0
"27/11/2022";"08:23:00";"498";"Acidente s";"182.8";"BR-116/SP";"Pista Sul";"Atropelamento de animal";1;0;0;0;0;0;0;0;0;0;4;0;0;0;0
"28/11/2022";"03:55:00";"62";"Acidente c";"186.3";"BR-116/RJ";"Pista Norte";"Choque Talude";1;0;0;0;0;0;0;0;0;0;0;1;0;0;0
"28/11/2022";"05:48:00";"97";"Acidente c";"194.5";"BR-116/SP";"Pista Norte";"Colisão traseira";0;0;2;0;0;0;0;0;0;0;1;1;0;0;0
"28/11/2022";"05:59:00";"104";"Acidente s";"175";"BR-116/RJ";"Pista Norte";"Colisão traseira";2;0;0;0;0;0;0;0;0;0;2;0;0;0;0
"28/11/2022";"06:02:00";"106";"Acidente c";"193.9";"BR-116/SP";"Pista Sul";"Tombamento";0;0;1;0;0;0;0;0;0;0;0;1;0;0;0
"28/11/2022";"06:30:00";"122";"Acidente s";"139.1";"BR-116/SP";"Pista Sul";"Colisão traseira";1;0;1;0;0;0;0;0;0;0;3;0;0;0;0
"28/11/2022";"07:03:00";"169";"Acidente s";"210";"BR-116/SP";"Pista Sul";"Engavetamento";2;0;2;0;0;0;0;0;0;0;4;0;0;0;0
"28/11/2022";"07:10:00";"181";"Acidente s";"57";"BR-116/SP";"Pista Norte";"Abalroamento longitudinal";1;0;1;0;0;0;0;0;0;0;5;0;0;0;0
"28/11/2022";"08:17:00";"259";"Acidente s";"209.6";"BR-116/SP";"Pista Sul";"Engavetamento";4;0;0;0;0;0;0;0;0;0;4;0;0;0;0
"28/11/2022";"09:07:00";"314";"Acidente c";"171";"BR-116/RJ";"Pista Norte";"Choque em barreira New Jersey";0;0;1;0;0;0;0;0;0;0;0;3;0;0;0
"28/11/2022";"10:20:00";"384";"Acidente s";"171";"BR-116/RJ";"Pista Norte";"Choque em barreira New Jersey";1;0;0;0;0;0;0;0;0;0;1;0;0;0;0
"28/11/2022";"11:23:00";"427";"Acidente s";"50.1";"BR-101/SP";"Pista Norte";"Colisão traseira";1;0;0;0;0;1;0;0;0;0;2;0;0;0;0
"28/11/2022";"11:44:00";"445";"Acidente s";"227.8";"BR-116/RJ";"Pista Norte";"Choque em objeto fixo";1;0;0;0;0;0;0;0;0;0;4;0;0;0;0
"28/11/2022";"12:11:00";"466";"Acidente c";"165";"BR-116/SP";"Pista Sul";"Choque em objeto fixo";1;0;0;0;0;0;0;0;0;0;0;1;0;0;0
"28/11/2022";"12:27:00";"473";"Acidente c";"222.95";"BR-116/SP";"Pista Sul";"Engavetamento";2;0;1;0;1;0;0;0;0;0;31;2;0;0;0
"28/11/2022";"12:46:00";"478";"Acidente c";"186";"BR-116/RJ";"Pista Norte";"Abalroamento longitudinal";1;0;0;1;0;0;0;0;0;0;2;0;1;0;0
"28/11/2022";"12:55:00";"484";"Acidente c";"59.6";"BR-116/SP";"Pista Norte";"Engavetamento";3;0;0;1;0;0;0;0;0;0;4;1;0;0;0
"28/11/2022";"03:19:00";"561";"Acidente c";"147.4";"BR-116/SP";"Pista Sul";"Capotamento";1;0;0;0;0;0;0;0;0;0;0;1;0;0;0
"28/11/2022";"03:54:00";"577";"Acidente s";"165.2";"BR-116/SP";"Pista Norte";"Choque em objeto fixo";0;0;1;0;0;0;0;0;0;0;1;0;0;0;0
"28/11/2022";"04:10:00";"588";"Atropelame";"185.5";"BR-116/RJ";"Pista Sul";"Atropelamento de pedestre atravessando";0;1;0;0;0;1;0;0;0;0;1;1;0;0;0
"28/11/2022";"04:27:00";"594";"Acidente s";"211";"BR-116/SP";"Pista Sul";"Abalroamento longitudinal";1;0;0;1;0;1;0;0;0;0;4;0;0;0;0
"28/11/2022";"04:34:00";"598";"Acidente s";"155";"BR-116/SP";"Pista Norte";"Choque em barreira New Jersey";1;0;0;0;0;0;0;0;0;0;1;0;0;0;0
"28/11/2022";"05:05:00";"611";"Acidente c";"207.4";"BR-116/SP";"Pista Norte";"Abalroamento longitudinal";2;0;0;0;0;0;0;0;0;0;1;0;1;0;0
"28/11/2022";"05:49:00";"632";"Acidente s";"409.1";"BR-101/RJ";"Pista Norte";"Outros";1;0;0;0;0;0;0;0;0;0;1;0;0;0;0
"28/11/2022";"06:15:00";"639";"Acidente s";"308";"BR-116/RJ";"Pista Norte";"Choque em objeto fixo";1;0;0;0;0;0;0;0;0;0;1;0;0;0;0
"28/11/2022";"09:02:00";"712";"Acidente s";"174";"BR-116/SP";"Pista Norte";"Atropelamento de animal";1;0;0;0;0;0;0;0;0;0;1;0;0;0;0
"28/11/2022";"10:11:00";"740";"Acidente s";"573.5";"BR-101/RJ";"Pista Sul";"Colisão traseira";0;0;0;1;0;1;0;0;0;0;2;0;0;0;0
"28/11/2022";"10:16:00";"741";"Acidente c";"157.2";"BR-116/SP";"Pista Sul";"Atropelamento de animal";0;0;0;1;0;0;0;0;0;0;0;0;1;0;0
"28/11/2022";"11:12:00";"761";"Acidente s";"479";"BR-101/RJ";"Pista Sul";"Abalroamento longitudinal";1;0;0;0;1;0;0;0;0;0;2;0;0;0;0
"28/11/2022";"11:42:00";"770";"Acidente c";"381";"BR-101/RJ";"Pista Norte";"Colisão traseira";0;0;1;1;0;0;0;0;0;0;1;0;0;0;1
"29/11/2022";"02:28:00";"48";"Acidente s";"214";"BR-116/SP";"Pista Sul";"Choque em barreira New Jersey";1;0;0;0;0;0;0;0;0;1;3;0;0;0;0
"29/11/2022";"02:40:00";"51";"Acidente s";"283";"BR-116/RJ";"Pista Sul";"Colisão traseira";0;0;2;0;0;0;0;0;0;0;2;0;0;0;0
"29/11/2022";"04:03:00";"60";"Atropelame";"108.7";"BR-116/SP";"Pista Sul";"Atropelamento de pedestre caminhando";0;0;1;0;0;0;0;0;0;0;1;0;0;0;1
"29/11/2022";"04:38:00";"64";"Acidente s";"381";"BR-101/RJ";"Pista Norte";"Colisão traseira";2;0;0;0;0;0;0;0;0;0;3;0;0;0;0
"29/11/2022";"06:53:00";"132";"Acidente s";"386.6";"BR-101/RJ";"Pista Sul";"Colisão traseira";1;0;1;0;0;0;0;0;0;0;2;0;0;0;0
"29/11/2022";"08:33:00";"274";"Acidente c";"593";"BR-101/RJ";"Pista Norte";"Choque em objeto fixo";1;0;0;0;0;0;0;0;0;0;0;1;0;0;0
"29/11/2022";"08:40:00";"285";"Acidente s";"138";"BR-116/SP";"Pista Sul";"Colisão traseira";2;0;0;0;0;0;0;0;0;0;3;0;0;0;0
"29/11/2022";"09:43:00";"354";"Acidente c";"34";"BR-116/SP";"Pista Sul";"Colisão traseira";1;0;0;1;0;0;0;0;0;0;1;1;0;0;0
"29/11/2022";"10:23:00";"386";"Acidente c";"274.1";"BR-116/RJ";"Pista Sul";"Abalroamento longitudinal";1;0;1;0;0;0;0;0;0;0;1;1;0;0;0
"29/11/2022";"12:37:00";"491";"Acidente s";"258";"BR-116/RJ";"Pista Sul";"Choque em defensa";0;0;1;0;0;0;0;0;0;0;1;0;0;0;0
"29/11/2022";"01:40:00";"529";"Acidente c";"296.2";"BR-116/RJ";"Pista Norte";"Abalroamento longitudinal";1;0;1;0;0;0;0;0;0;0;1;0;1;0;0
"29/11/2022";"03:34:00";"592";"Acidente c";"56.3";"BR-116/SP";"Pista Norte";"Abalroamento longitudinal";2;0;1;0;0;0;0;0;0;0;3;1;0;0;0
"29/11/2022";"04:08:00";"613";"Acidente c";"449.1";"BR-101/RJ";"Pista Norte";"Abalroamento longitudinal";0;0;2;0;0;0;0;0;0;0;2;2;0;0;0
"29/11/2022";"04:44:00";"633";"Acidente s";"131.8";"BR-116/SP";"Pista Sul";"Colisão traseira";0;0;2;0;0;0;0;0;0;0;2;0;0;0;0
"29/11/2022";"05:48:00";"662";"Acidente c";"174";"BR-116/RJ";"Pista Sul";"Colisão traseira";0;0;0;1;0;0;0;0;0;1;1;1;0;0;0
"29/11/2022";"05:50:00";"664";"Acidente c";"221";"BR-116/SP";"Pista Sul";"Queda de moto";0;0;0;1;0;0;0;0;0;0;0;1;0;0;0
"29/11/2022";"07:12:00";"728";"Acidente c";"218.4";"BR-116/SP";"Pista Norte";"Colisão traseira";0;0;1;1;0;0;0;0;0;0;2;0;0;1;0
"29/11/2022";"07:17:00";"730";"Acidente s";"210.8";"BR-116/SP";"Pista Norte";"Abalroamento longitudinal";2;0;0;0;0;0;0;0;0;0;2;0;0;0;0
"29/11/2022";"09:41:00";"794";"Acidente s";"277.6";"BR-116/RJ";"Pista Sul";"Abalroamento longitudinal";1;0;0;0;0;1;0;0;0;0;2;0;0;0;0
"29/11/2022";"10:10:00";"806";"Acidente s";"430";"BR-101/RJ";"Pista Sul";"Choque em objeto fixo";1;0;0;0;0;0;0;0;0;0;1;0;0;0;0
"30/11/2022";"12:06:00";"12";"Acidente s";"230.2";"BR-116/SP";"Pista Norte";"Abalroamento longitudinal";1;0;0;0;1;0;0;0;0;0;3;0;0;0;0
"30/11/2022";"05:05:00";"53";"Acidente c";"182.9";"BR-116/RJ";"Pista Norte";"Engavetamento";4;0;0;0;0;0;0;0;0;0;19;1;1;0;0
"30/11/2022";"07:10:00";"178";"Acidente s";"21.3";"BR-116/SP";"Pista Norte";"Choque em defensa";0;0;1;0;0;0;0;0;0;0;0;1;0;0;0
"30/11/2022";"07:23:00";"199";"Acidente s";"230";"BR-116/RJ";"Pista Norte";"Choque em objeto fixo";0;0;1;0;0;0;0;0;0;0;1;0;0;0;0