data;horario;n_da_ocorrencia;tipo_de_ocorrencia;km;trecho;sentido;tipo_de_acidente;automovel;bicicleta;caminhao;moto;onibus;outros;tracao_animal;transporte_de_cargas_especiais;trator_maquinas;utilitarios;ilesos;levemente_feridos;moderadamente_feridos;gravemente_feridos;mortos
"05/12/2022";"02:42:00";"542";"Acidente c";"57.8";"BR-116/SP";"Pista Sul";"Colisão traseira";0;0;0;1;0;1;0;0;0;0;1;0;1;0;0
"05/12/2022";"02:51:00";"547";"Acidente s";"220.2";"BR-116/SP";"Pista Norte";"Engavetamento";2;0;1;0;0;0;0;0;0;0;3;0;0;0;0
"05/12/2022";"03:25:00";"561";"Acidente s";"220.3";"BR-116/SP";"Pista Norte";"Colisão traseira";2;0;0;0;0;1;0;0;0;0;3;0;0;0;0
"05/12/2022";"03:46:00";"574";"Acidente s";"226";"BR-116/RJ";"Pista Sul";"Choque em defensa";1;0;1;0;0;0;0;0;0;0;5;0;0;0;0
"05/12/2022";"04:12:00";"590";"Acidente s";"110.3";"BR-116/SP";"Pista Sul";"Choque em barreira New Jersey";1;0;0;0;0;1;0;0;0;0;2;0;0;0;0
"05/12/2022";"04:18:00";"593";"Acidente s";"232";"BR-116/RJ";"Pista Norte";"Abalroamento longitudinal";1;0;0;0;0;1;0;0;0;0;2;0;0;0;0
"05/12/2022";"04:31:00";"600";"Acidente s";"36";"BR-101/SP";"Pista Norte";"Colisão traseira";1;0;1;0;0;0;0;0;0;0;2;0;0;0;0
"05/12/2022";"04:38:00";"605";"Acidente c";"229.83";"BR-116/RJ";"Pista Norte";"Tombamento";0;0;1;0;0;0;0;0;0;0;0;0;1;0;0
"05/12/2022";"06:34:00";"655";"Acidente s";"480";"BR-101/RJ";"Pista Sul";"Choque em defensa";1;0;0;0;0;0;0;0;0;0;1;0;0;0;0
"05/12/2022";"08:24:00";"700";"Acidente s";"269.4";"BR-116/RJ";"Pista Norte";"Choque em objeto fixo";1;0;0;0;0;0;0;0;0;0;1;0;0;0;0
"05/12/2022";"09:26:00";"714";"Acidente s";"574";"BR-101/RJ";"Pista Sul";"Atropelamento de animal";1;0;0;0;0;0;0;0;0;0;1;0;0;0;0
"06/12/2022";"12:43:00";"20";"Acidente s";"220.9";"BR-116/SP";"Pista Norte";"Colisão traseira";2;0;0;0;0;0;0;0;0;0;2;0;0;0;0
"06/12/2022";"02:43:00";"44";"Acidente s";"180";"BR-116/RJ";"Pista Norte";"Colisão traseira";2;0;0;0;0;0;0;0;0;0;2;0;0;0;0
"06/12/2022";"04:50:00";"62";"Acidente s";"408";"BR-101/RJ";"Pista Norte";"Atropelamento de animal";1;0;0;0;0;0;0;0;0;0;1;0;0;0;0
"06/12/2022";"05:23:00";"72";"Acidente s";"106.9";"BR-116/SP";"Pista Norte";"Choque em objeto fixo";1;0;0;0;0;0;0;0;0;0;1;0;0;0;0
"06/12/2022";"05:56:00";"84";"Acidente s";"205.5";"BR-116/SP";"Pista Norte";"Abalroamento longitudinal";1;0;0;0;0;1;0;0;0;0;2;0;0;0;0
"06/12/2022";"07:42:00";"236";"Acidente c";"298";"BR-116/RJ";"Pista Norte";"Queda de moto";0;0;0;1;0;0;0;0;0;0;0;0;1;0;0
"06/12/2022";"08:04:00";"272";"Acidente c";"179";"BR-116/RJ";"Pista Sul";"Colisão traseira";1;0;0;0;0;0;0;0;0;1;1;1;0;0;0
"06/12/2022";"08:29:00";"305";"Acidente s";"188";"BR-116/SP";"Pista Sul";"Choque em barreira New Jersey";1;0;0;0;0;0;0;0;0;0;1;0;0;0;0
"06/12/2022";"08:32:00";"310";"Acidente s";"419.6";"BR-101/RJ";"Pista Sul";"Choque em defensa";1;0;0;0;0;0;0;0;0;0;1;0;0;0;0
"06/12/2022";"09:34:00";"374";"Acidente s";"280.5";"BR-116/RJ";"Pista Sul";"Engavetamento";1;0;1;0;0;0;0;0;0;1;3;0;0;0;0
"06/12/2022";"09:47:00";"386";"Acidente s";"168";"BR-116/SP";"Pista Norte";"Engavetamento";1;0;1;0;0;1;0;0;0;0;4;0;0;0;0
"06/12/2022";"10:00:00";"399";"Acidente s";"285";"BR-116/RJ";"Pista Sul";"Choque em defensa";1;0;0;0;0;0;0;0;0;0;1;0;0;0;0
"06/12/2022";"10:23:00";"415";"Acidente c";"216";"BR-116/SP";"Pista Sul";"Queda de moto";0;0;0;1;0;0;0;0;0;0;0;1;0;0;0
"06/12/2022";"10:24:00";"417";"Acidente s";"155.7";"BR-116/SP";"Pista Norte";"Engavetamento";3;0;0;0;0;0;0;0;0;0;4;0;0;0;0
"06/12/2022";"10:27:00";"420";"Acidente c";"196";"BR-116/RJ";"Pista Norte";"Choque em barreira New Jersey";1;0;1;0;0;0;0;0;0;0;1;0;1;0;0
"06/12/2022";"10:42:00";"425";"Acidente s";"236";"BR-116/RJ";"Pista Norte";"Choque em objeto fixo";0;0;1;0;0;0;0;0;0;0;3;0;0;0;0
"06/12/2022";"10:47:00";"427";"Acidente s";"515";"BR-101/RJ";"Pista Norte";"Choque em objeto fixo";1;0;0;0;0;0;0;0;0;0;1;0;0;0;0
"06/12/2022";"11:08:00";"442";"Acidente s";"324";"BR-116/RJ";"Pista Norte";"Choque em defensa";1;0;0;0;0;0;0;0;0;0;1;0;0;0;0
"06/12/2022";"11:32:00";"455";"Acidente c";"19.1";"BR-116/SP";"Pista Sul";"Choque em barreira New Jersey";0;0;3;0;0;0;0;0;0;0;1;3;0;0;0
"06/12/2022";"12:02:00";"467";"Acidente s";"232.4";"BR-116/RJ";"Pista Norte";"Choque em objeto fixo";1;0;0;0;0;0;0;0;0;0;1;0;0;0;0
"06/12/2022";"12:35:00";"471";"Acidente s";"229.2";"BR-116/SP";"Pista Sul";"Colisão traseira";2;0;0;0;0;0;0;0;0;0;5;0;0;0;0
"06/12/2022";"12:52:00";"477";"Acidente s";"522";"BR-101/RJ";"Pista Norte";"Choque em barreira New Jersey";1;0;0;0;0;0;0;0;0;0;1;0;0;0;0
"06/12/2022";"01:28:00";"495";"Acidente s";"273.2";"BR-116/RJ";"Pista Norte";"Choque em barreira New Jersey";1;0;0;0;0;0;0;0;0;0;1;0;0;0;0
"06/12/2022";"01:56:00";"510";"Acidente s";"232.4";"BR-116/RJ";"Pista Norte";"Choque em objeto fixo";1;0;0;0;0;0;0;0;0;0;3;0;0;0;0
"06/12/2022";"02:43:00";"534";"Acidente c";"176.4";"BR-116/SP";"Pista Sul";"Engavetamento";1;0;3;0;0;0;0;0;0;2;12;1;0;0;0
"06/12/2022";"03:28:00";"553";"Acidente c";"213.9";"BR-116/SP";"Pista Sul";"Abalroamento longitudinal";0;0;0;1;0;1;0;0;0;0;1;1;0;0;0
"06/12/2022";"03:41:00";"562";"Acidente s";"427";"BR-101/RJ";"Pista Norte";"Choque em objeto fixo";1;0;0;0;0;0;0;0;0;0;2;0;0;0;0
"06/12/2022";"03:53:00";"570";"Acidente s";"127.8";"BR-116/SP";"Pista Sul";"Colisão traseira";1;0;0;0;0;1;0;0;0;0;2;0;0;0;0
"06/12/2022";"04:04:00";"580";"Acidente s";"140.3";"BR-116/SP";"Pista Sul";"Abalroamento longitudinal";0;0;1;0;0;0;0;0;0;1;2;0;0;0;0
"06/12/2022";"04:12:00";"587";"Acidente c";"228.5";"BR-116/SP";"Pista Sul";"Colisão traseira";1;0;0;1;0;0;0;0;0;0;3;1;0;0;0
"06/12/2022";"04:35:00";"595";"Acidente s";"4.1";"BR-116/SP";"Pista Norte";"Choque em barreira New Jersey";1;0;1;0;1;0;0;0;0;0;4;0;0;0;0
"06/12/2022";"05:04:00";"612";"Acidente s";"37";"BR-101/SP";"Pista Norte";"Capotamento";1;0;0;0;0;0;0;0;0;0;1;0;0;0;0
"06/12/2022";"05:22:00";"621";"Acidente c";"225";"BR-116/SP";"Pista Norte";"Abalroamento longitudinal";0;1;0;0;1;0;0;0;0;0;2;0;1;0;0
"06/12/2022";"05:24:00";"622";"Acidente s";"391.3";"BR-101/RJ";"Pista Norte";"Choque em barreira New Jersey";0;0;0;0;0;0;0;0;0;1;1;0;0;0;0
"06/12/2022";"06:18:00";"657";"Acidente s";"156";"BR-116/SP";"Pista Sul";"Colisão traseira";1;0;0;1;0;0;0;0;0;0;4;0;0;0;0
"06/12/2022";"06:27:00";"663";"Acidente c";"218.3";"BR-116/SP";"Pista Sul";"Colisão traseira";1;0;0;1;0;0;0;0;0;0;1;1;0;0;0
"06/12/2022";"06:56:00";"678";"Acidente s";"70.1";"BR-116/SP";"Pista Norte";"Choque em barreira New Jersey";1;0;0;0;0;0;0;0;0;0;1;0;0;0;0
"06/12/2022";"07:04:00";"681";"Acidente s";"145";"BR-116/SP";"Pista Sul";"Colisão traseira";1;0;0;0;0;1;0;0;0;0;4;0;0;0;0
"06/12/2022";"07:57:00";"707";"Acidente s";"318";"BR-116/RJ";"Pista Norte";"Choque em barreira New Jersey";1;0;0;0;0;0;0;0;0;0;1;0;0;0;0
"06/12/2022";"08:22:00";"725";"Acidente s";"318";"BR-116/RJ";"Pista Norte";"Abalroamento longitudinal";0;0;0;0;1;1;0;0;0;0;2;0;0;0;0
"06/12/2022";"08:24:00";"726";"Acidente c";"3.2";"BR-116/SP";"Pista Sul";"Queda de moto";0;0;0;1;0;0;0;0;0;0;2;1;0;0;0
"06/12/2022";"08:44:00";"734";"Acidente s";"222";"BR-116/SP";"Pista Norte";"Colisão traseira";1;0;1;0;0;0;0;0;0;0;2;0;0;0;0
"06/12/2022";"09:39:00";"754";"Acidente s";"294.6";"BR-116/RJ";"Pista Norte";"Choque em objeto fixo";0;0;1;0;0;0;0;0;0;0;1;0;0;0;0
"06/12/2022";"09:42:00";"755";"Acidente s";"210";"BR-116/SP";"Pista Sul";"Abalroamento longitudinal";1;0;1;0;0;0;0;0;0;0;2;0;0;0;0
"06/12/2022";"09:52:00";"762";"Acidente s";"230.3";"BR-116/SP";"Pista Sul";"Choque em defensa";0;0;0;0;0;0;0;0;0;1;1;0;0;0;0
"06/12/2022";"10:45:00";"775";"Acidente c";"51.9";"BR-101/SP";"Pista Norte";"Abalroamento longitudinal";1;0;0;1;0;0;0;0;0;0;1;1;0;0;0
"06/12/2022";"11:37:00";"786";"Acidente s";"220";"BR-116/SP";"Pista Norte";"Não Def";2;0;0;0;0;0;0;0;0;0;4;0;0;0;0
"07/12/2022";"12:17:00";"13";"Acidente s";"218";"BR-116/SP";"Pista Norte";"Choque em objeto fixo";1;0;0;0;0;1;0;0;0;0;3;0;0;0;0
"07/12/2022";"12:39:00";"20";"Acidente s";"383.7";"BR-101/RJ";"Pista Sul";"Choque em objeto fixo";1;0;0;0;0;0;0;0;0;0;1;0;0;0;0
"07/12/2022";"12:44:00";"21";"Atropelame";"264.05";"BR-116/RJ";"Pista Sul";"Atropelamento de pedestre caminhando";0;0;0;0;0;1;0;0;0;0;1;0;0;0;1
"07/12/2022";"05:42:00";"69";"Acidente c";"86.95";"BR-116/SP";"Pista Sul";"Colisão traseira";0;0;2;0;0;0;0;0;0;0;0;2;0;0;0
"07/12/2022";"06:26:00";"105";"Acidente s";"201";"BR-116/SP";"Pista Sul";"Choque em objeto fixo";1;0;0;0;0;0;0;0;0;0;1;0;0;0;0
"07/12/2022";"07:26:00";"209";"Acidente c";"155.4";"BR-116/SP";"Pista Norte";"Queda de moto";0;0;0;1;0;0;0;0;0;0;0;1;0;0;0
"07/12/2022";"07:39:00";"232";"Acidente c";"229.9";"BR-116/SP";"Pista Sul";"Queda de moto";0;0;0;1;0;0;0;0;0;0;0;1;0;0;0
"07/12/2022";"08:11:00";"287";"Acidente c";"173.4";"BR-116/RJ";"Pista Norte";"Queda de Carga";0;0;0;1;0;0;0;0;0;0;0;1;0;0;0
"07/12/2022";"08:17:00";"296";"Acidente c";"51.2";"BR-116/SP";"Pista Norte";"Atropelamento de animal";1;0;0;0;0;0;0;0;0;0;0;1;0;0;0
"07/12/2022";"09:12:00";"366";"Acidente s";"479.5";"BR-101/RJ";"Pista Sul";"Engavetamento";3;0;0;0;0;0;0;0;0;0;3;0;0;0;0
"07/12/2022";"10:27:00";"444";"Acidente c";"480";"BR-101/RJ";"Pista Norte";"Abalroamento longitudinal";1;0;0;1;0;0;0;0;0;0;4;1;0;0;0
"07/12/2022";"11:13:00";"485";"Acidente c";"301";"BR-116/RJ";"Pista Norte";"Abalroamento longitudinal";1;0;0;1;0;0;0;0;0;0;1;0;2;0;0
"07/12/2022";"11:18:00";"486";"Acidente s";"481";"BR-101/RJ";"Pista Sul";"Colisão traseira";2;0;0;0;0;0;0;0;0;0;2;0;0;0;0
"07/12/2022";"11:30:00";"494";"Acidente c";"224.95";"BR-116/SP";"Pista Norte";"Choque em defensa";0;0;1;0;0;0;0;0;0;0;0;1;0;0;0
"07/12/2022";"11:45:00";"503";"Acidente c";"11.9";"BR-116/SP";"Pista Norte";"Abalroamento longitudinal";2;0;1;0;0;0;0;0;0;0;1;1;1;0;0
"07/12/2022";"12:32:00";"537";"Acidente s";"231";"BR-116/RJ";"Pista Norte";"Capotamento";1;0;0;0;0;1;0;0;0;0;2;0;0;0;0
"07/12/2022";"01:24:00";"572";"Acidente s";"170";"BR-116/RJ";"Pista Sul";"Capotamento";1;0;0;0;0;0;0;0;0;0;2;0;0;0;0
"07/12/2022";"01:37:00";"580";"Acidente s";"313.4";"BR-116/RJ";"Pista Norte";"Choque em defensa";1;0;0;0;0;0;0;0;0;0;2;0;0;0;0
"07/12/2022";"03:02:00";"649";"Acidente c";"485.5";"BR-101/RJ";"Pista Norte";"Colisão traseira";0;0;0;1;0;0;0;0;0;1;1;0;1;0;0
"07/12/2022";"03:08:00";"652";"Acidente s";"286.2";"BR-116/RJ";"Pista Norte";"Tombamento";0;0;1;0;0;0;0;0;0;0;1;0;0;0;0
"07/12/2022";"03:36:00";"670";"Acidente c";"244.8";"BR-116/RJ";"Pista Norte";"Colisão traseira";0;0;1;0;0;0;0;0;0;1;1;1;0;0;0
"07/12/2022";"04:31:00";"710";"Acidente s";"156.2";"BR-116/SP";"Pista Norte";"Engavetamento";3;0;1;0;0;0;0;0;0;0;6;0;0;0;0
"07/12/2022";"04:43:00";"717";"Acidente s";"234.2";"BR-116/RJ";"Pista Norte";"Colisão traseira";0;0;1;0;1;0;0;0;0;0;6;0;0;0;0
"07/12/2022";"04:48:00";"721";"Acidente s";"224.6";"BR-116/SP";"Pista Norte";"Engavetamento";1;0;0;0;0;2;0;0;0;0;3;0;0;0;0
"07/12/2022";"05:20:00";"738";"Acidente c";"146";"BR-116/SP";"Pista Norte";"Colisão traseira";1;0;0;1;0;0;0;0;0;0;2;1;0;0;0
"07/12/2022";"05:55:00";"752";"Acidente s";"143.9";"BR-116/SP";"Pista Sul";"Colisão traseira";2;0;0;0;0;0;0;0;0;0;6;0;0;0;0
"07/12/2022";"06:01:00";"754";"Acidente s";"155";"BR-116/SP";"Pista Norte";"Abalroamento longitudinal";2;0;0;0;0;0;0;0;0;0;2;0;0;0;0
"07/12/2022";"06:17:00";"765";"Acidente c";"73";"BR-116/SP";"Pista Norte";"Queda de moto";0;0;0;1;0;0;0;0;0;0;1;0;1;0;0
"07/12/2022";"07:50:00";"823";"Acidente c";"184";"BR-116/RJ";"Pista Sul";"Colisão traseira";1;0;0;1;0;0;0;0;0;0;1;1;0;0;0
"07/12/2022";"08:15:00";"835";"Acidente s";"50.5";"BR-116/SP";"Pista Norte";"Choque em defensa";1;0;0;0;0;0;0;0;0;0;2;0;0;0;0
"07/12/2022";"09:01:00";"858";"Atropelame";"412";"BR-101/RJ";"Pista Sul";"Atropelamento de pedestre caminhando";1;0;0;0;0;0;0;0;0;0;1;0;0;0;1
"07/12/2022";"10:50:00";"895";"Acidente s";"227.5";"BR-116/RJ";"Pista Norte";"Choque Talude";0;0;1;0;0;0;0;0;0;0;1;0;0;0;0
"08/12/2022";"12:21:00";"18";"Acidente s";"274.1";"BR-116/RJ";"Pista Norte";"Choque em objeto na pista";1;0;0;0;0;0;0;0;0;0;1;0;0;0;0
"08/12/2022";"06:52:00";"151";"Acidente s";"184.5";"BR-116/RJ";"Pista Norte";"Engavetamento";2;0;1;0;0;0;0;0;0;0;5;0;0;0;0
"08/12/2022";"07:19:00";"186";"Acidente s";"193";"BR-116/RJ";"Pista Norte";"Engavetamento";1;0;0;0;0;2;0;0;0;0;4;0;0;0;0
"08/12/2022";"07:49:00";"228";"Acidente s";"192.7";"BR-116/RJ";"Pista Sul";"Colisão traseira";2;0;0;0;0;0;0;0;0;0;2;0;0;0;0
"08/12/2022";"07:50:00";"229";"Acidente c";"192.7";"BR-116/RJ";"Pista Norte";"Abalroamento longitudinal";1;0;0;1;0;0;0;0;0;0;1;1;0;0;0
"08/12/2022";"08:02:00";"251";"Acidente s";"178.9";"BR-116/RJ";"Pista Norte";"Abalroamento longitudinal";1;0;0;0;0;1;0;0;0;0;2;0;0;0;0
"08/12/2022";"09:39:00";"384";"Acidente s";"579.8";"BR-101/RJ";"Pista Norte";"Choque em objeto fixo";1;0;0;0;0;0;0;0;0;0;1;0;0;0;0
"08/12/2022";"09:50:00";"396";"Acidente c";"447.4";"BR-101/RJ";"Pista Norte";"Choque Talude";1;0;0;0;0;0;0;0;0;0;0;1;0;0;0
"08/12/2022";"10:54:00";"447";"Acidente c";"501";"BR-101/RJ";"Pista Sul";"Queda de moto";0;0;0;1;0;0;0;0;0;0;0;1;0;0;0
"08/12/2022";"11:21:00";"472";"Acidente s";"50";"BR-116/SP";"Pista Sul";"Colisão traseira";0;0;2;0;0;0;0;0;0;0;2;0;0;0;0
"08/12/2022";"12:17:00";"499";"Acidente s";"184.9";"BR-116/RJ";"Pista Norte";"Engavetamento";3;0;0;0;0;0;0;0;0;0;3;0;0;0;0
"08/12/2022";"01:10:00";"539";"Acidente s";"437";"BR-101/RJ";"Pista Sul";"Queda de ribanceira";0;0;1;0;0;0;0;0;0;0;1;0;0;0;0
"08/12/2022";"02:51:00";"599";"Acidente s";"227.1";"BR-116/SP";"Pista Sul";"Colisão traseira";1;0;1;0;0;0;0;0;0;0;2;0;0;0;0
"08/12/2022";"03:11:00";"617";"Acidente c";"255.1";"BR-116/RJ";"Pista Norte";"Colisão traseira";2;0;0;0;0;0;0;0;0;0;6;2;0;0;0
"08/12/2022";"03:46:00";"644";"Acidente c";"245";"BR-116/RJ";"Pista Norte";"Engavetamento";1;0;1;0;0;1;0;0;0;0;1;0;2;0;0
"08/12/2022";"03:47:00";"646";"Acidente c";"142";"BR-116/SP";"Pista Norte";"Engavetamento";3;0;0;0;0;0;0;0;0;0;10;0;1;0;0
"08/12/2022";"03:53:00";"648";"Acidente c";"223";"BR-116/SP";"Pista Sul";"Colisão traseira";2;0;0;0;0;0;0;0;0;0;1;1;0;0;0
"08/12/2022";"04:14:00";"662";"Acidente s";"140.5";"BR-116/SP";"Pista Sul";"Engavetamento";1;0;1;0;0;0;0;0;0;1;4;0;0;0;0
"08/12/2022";"05:03:00";"686";"Acidente s";"394";"BR-101/RJ";"Pista Sul";"Colisão traseira";1;0;0;0;0;1;0;0;0;0;2;0;0;0;0
"08/12/2022";"05:50:00";"710";"Acidente s";"439";"BR-101/RJ";"Pista Norte";"Abalroamento longitudinal";0;0;0;0;0;0;0;0;0;2;4;0;0;0;0
"08/12/2022";"06:26:00";"751";"Acidente s";"120.9";"BR-116/SP";"Pista Norte";"Colisão traseira";2;0;0;0;0;0;0;0;0;0;2;0;0;0;0
"08/12/2022";"06:33:00";"762";"Acidente s";"417";"BR-101/RJ";"Pista Sul";"Choque em objeto fixo";1;0;0;0;0;0;0;0;0;0;1;0;0;0;0
"08/12/2022";"06:40:00";"767";"Acidente c";"216";"BR-116/SP";"Pista Norte";"Colisão traseira";2;0;0;0;0;0;0;0;0;0;1;2;0;0;0
"08/12/2022";"06:44:00";"769";"Acidente c";"51.1";"BR-116/SP";"Pista Norte";"Choque em objeto fixo";1;0;0;0;0;0;0;0;0;0;0;1;0;0;0
"08/12/2022";"06:49:00";"771";"Acidente c";"420";"BR-101/RJ";"Pista Norte";"Engavetamento";3;0;0;0;0;0;0;0;0;0;5;1;0;0;0
"08/12/2022";"07:12:00";"786";"Acidente c";"173.1";"BR-116/RJ";"Pista Sul";"Engavetamento";2;0;0;0;0;0;0;0;0;1;4;1;0;0;0
"08/12/2022";"07:20:00";"790";"Acidente s";"286.9";"BR-116/RJ";"Pista Sul";"Choque em objeto na pista";1;0;0;0;0;0;0;0;0;0;4;0;0;0;0
"08/12/2022";"09:28:00";"864";"Acidente s";"154";"BR-116/SP";"Pista Sul";"Colisão frontal";1;0;1;0;0;0;0;0;0;0;4;0;0;0;0
"09/12/2022";"12:20:00";"16";"Acidente s";"42.7";"BR-116/SP";"Pista Sul";"Colisão traseira";1;0;0;0;0;1;0;0;0;0;2;0;0;0;0
"09/12/2022";"01:31:00";"36";"Acidente s";"271";"BR-116/RJ";"Pista Norte";"Choque em objeto fixo";1;0;0;0;0;1;0;0;0;0;6;0;0;0;0
"09/12/2022";"03:21:00";"56";"Acidente s";"218";"BR-116/SP";"Pista Norte";"Choque em objeto na pista";1;0;1;0;0;0;0;0;0;0;2;0;0;0;0
"09/12/2022";"06:11:00";"101";"Acidente s";"216.2";"BR-116/SP";"Pista Sul";"Choque em barreira New Jersey";1;0;0;0;0;0;0;0;0;0;1;0;0;0;0
"09/12/2022";"06:38:00";"130";"Acidente c";"226.4";"BR-116/RJ";"Pista Sul";"Tombamento";0;0;1;0;0;0;0;0;0;0;0;1;1;0;0
"09/12/2022";"07:23:00";"197";"Acidente c";"217.8";"BR-116/SP";"Pista Sul";"Choque em barreira New Jersey";1;0;0;0;0;0;0;0;0;0;0;1;0;0;0
"09/12/2022";"09:17:00";"346";"Acidente s";"418.1";"BR-101/RJ";"Pista Norte";"Colisão traseira";2;0;0;0;0;0;0;0;0;0;4;0;0;0;0
"09/12/2022";"09:27:00";"355";"Acidente c";"121";"BR-116/SP";"Pista Sul";"Engavetamento";1;0;0;0;0;1;0;0;0;1;4;1;0;0;0
"09/12/2022";"11:07:00";"423";"Acidente c";"139";"BR-116/SP";"Pista Sul";"Abalroamento longitudinal";0;0;1;1;0;0;0;0;0;0;1;0;1;0;0
"09/12/2022";"11:20:00";"440";"Acidente s";"181";"BR-116/SP";"Pista Norte";"Choque em objeto fixo";1;0;0;0;0;0;0;0;0;0;2;0;0;0;0
"09/12/2022";"11:26:00";"445";"Acidente s";"489";"BR-101/RJ";"Pista Norte";"Colisão traseira";2;0;0;0;0;0;0;0;0;0;3;0;0;0;0
"09/12/2022";"11:35:00";"451";"Acidente s";"461";"BR-101/RJ";"Pista Norte";"Choque em objeto fixo";1;0;0;0;0;0;0;0;0;0;1;0;0;0;0
"09/12/2022";"11:39:00";"454";"Acidente s";"119.4";"BR-116/SP";"Pista Norte";"Engavetamento";3;0;0;0;0;0;0;0;0;0;6;0;0;0;0
"09/12/2022";"12:37:00";"479";"Acidente c";"230.45";"BR-116/SP";"Pista Norte";"Queda de moto";0;0;1;1;0;0;0;0;0;0;1;0;0;0;1
"09/12/2022";"02:20:00";"538";"Acidente c";"174.1";"BR-116/SP";"Pista Norte";"Choque em barreira New Jersey";1;0;0;0;0;0;0;0;0;0;0;1;0;0;0
"09/12/2022";"04:04:00";"595";"Acidente c";"222";"BR-116/SP";"Pista Norte";"Queda de moto";0;0;0;1;0;0;0;0;0;0;0;1;0;0;0
"09/12/2022";"04:13:00";"603";"Acidente c";"145.9";"BR-116/SP";"Pista Sul";"Engavetamento";3;0;0;0;0;0;0;0;0;0;2;6;0;0;0
"09/12/2022";"04:52:00";"622";"Acidente c";"210.2";"BR-116/SP";"Pista Norte";"Capotamento";1;0;0;0;0;0;0;0;0;0;0;0;0;0;1
"09/12/2022";"05:21:00";"641";"Acidente s";"324.9";"BR-116/RJ";"Pista Norte";"Colisão traseira";1;0;1;0;0;0;0;0;0;0;3;0;0;0;0
"09/12/2022";"05:42:00";"654";"Acidente s";"157.2";"BR-116/SP";"Pista Norte";"Colisão traseira";1;0;0;0;0;1;0;0;0;0;2;0;0;0;0
"09/12/2022";"05:47:00";"656";"Acidente s";"324.9";"BR-116/RJ";"Pista Sul";"Colisão traseira";1;0;1;0;0;0;0;0;0;0;2;0;0;0;0
"09/12/2022";"06:32:00";"680";"Acidente c";"485";"BR-101/RJ";"Pista Sul";"Abalroamento longitudinal";0;0;0;1;0;1;0;0;0;0;1;1;0;0;0
"09/12/2022";"06:42:00";"686";"Acidente s";"38";"BR-116/SP";"Pista Norte";"Choque em objeto na pista";1;0;0;0;0;0;0;0;0;0;1;0;0;0;0
"09/12/2022";"08:32:00";"741";"Acidente c";"456";"BR-101/RJ";"Pista Norte";"Abalroamento longitudinal";1;0;0;1;0;0;0;0;0;0;2;2;0;0;0
"09/12/2022";"08:49:00";"746";"Atropelame";"109.4";"BR-116/SP";"Pista Norte";"Atropelamento de pedestre atravessando";0;1;0;0;0;1;0;0;0;0;1;0;0;1;0
"09/12/2022";"09:26:00";"765";"Acidente s";"173.3";"BR-116/SP";"Pista Norte";"Choque em objeto na pista";1;0;0;0;0;0;0;0;0;0;2;0;0;0;0
"09/12/2022";"09:41:00";"770";"Acidente s";"52.1";"BR-116/SP";"Pista Norte";"Abalroamento longitudinal";1;0;1;0;0;0;0;0;0;0;2;0;0;0;0
"09/12/2022";"10:42:00";"785";"Acidente c";"45";"BR-101/SP";"Pista Sul";"Abalroamento longitudinal";0;0;0;2;0;0;0;0;0;0;1;1;0;0;0
"09/12/2022";"11:01:00";"791";"Acidente s";"144";"BR-116/SP";"Pista Norte";"Queda de ribanceira";1;0;0;0;0;0;0;0;0;0;2;0;0;0;0
"09/12/2022";"11:48:00";"805";"Acidente s";"262.4";"BR-116/RJ";"Pista Sul";"Abalroamento longitudinal";1;0;0;0;0;1;0;0;0;0;3;0;0;0;0
"09/12/2022";"11:56:00";"811";"Acidente s";"162.1";"BR-116/SP";"Pista Sul";"Choque em defensa";0;0;1;0;0;0;0;0;0;0;1;0;0;0;0
"10/12/2022";"12:08:00";"12";"Acidente s";"214.5";"BR-116/SP";"Pista Sul";"Colisão traseira";2;0;0;0;0;0;0;0;0;0;3;0;0;0;0
"10/12/2022";"12:34:00";"19";"Acidente s";"227.6";"BR-116/SP";"Pista Sul";"Choque em defensa";1;0;0;0;0;0;0;0;0;0;2;0;0;0;0
"10/12/2022";"01:29:00";"34";"Acidente s";"214.35";"BR-116/SP";"Pista Sul";"Colisão traseira";1;0;0;0;0;1;0;0;0;0;2;0;0;0;0
"10/12/2022";"01:40:00";"38";"Acidente c";"225.7";"BR-116/SP";"Pista Sul";"Queda de moto";0;0;0;1;0;0;0;0;0;0;0;0;0;1;0
"10/12/2022";"04:25:00";"54";"Acidente c";"215.4";"BR-116/SP";"Pista Norte";"Choque em veículo parado na pista";2;0;0;0;0;0;0;0;0;0;1;1;0;0;0
"10/12/2022";"04:26:00";"55";"Acidente c";"409.5";"BR-101/RJ";"Pista Norte";"Atropelamento de animal";0;0;0;1;0;0;0;0;0;0;0;1;0;0;0
"10/12/2022";"05:57:00";"83";"Acidente c";"187.1";"BR-116/SP";"Pista Norte";"Queda de moto";1;0;0;1;0;1;0;0;0;0;4;2;0;0;0
"10/12/2022";"07:37:00";"208";"Acidente s";"145.5";"BR-116/SP";"Pista Norte";"Colisão traseira";2;0;0;0;0;0;0;0;0;0;7;0;0;0;0
"10/12/2022";"07:45:00";"219";"Acidente s";"409.6";"BR-101/RJ";"Pista Norte";"Colisão traseira";1;0;1;0;0;0;0;0;0;0;2;0;0;0;0