data;horario;n_da_ocorrencia;tipo_de_ocorrencia;km;trecho;sentido;tipo_de_acidente;automovel;bicicleta;caminhao;moto;onibus;outros;tracao_animal;transporte_de_cargas_especiais;trator_maquinas;utilitarios;ilesos;levemente_feridos;moderadamente_feridos;gravemente_feridos;mortos
"10/12/2022";"08:22:00";"260";"Acidente c";"116";"BR-116/SP";"Pista Norte";"Engavetamento";1;0;0;2;0;0;0;0;0;0;3;1;1;0;0
"10/12/2022";"09:02:00";"310";"Acidente c";"192.95";"BR-116/SP";"Pista Norte";"Colisão traseira";0;0;0;2;0;0;0;0;0;0;1;1;0;0;0
"10/12/2022";"09:22:00";"321";"Acidente s";"121";"BR-116/SP";"Pista Norte";"Engavetamento";4;0;0;0;0;0;0;0;0;0;4;0;0;0;0
"10/12/2022";"09:57:00";"347";"Acidente s";"124.3";"BR-116/SP";"Pista Norte";"Abalroamento longitudinal";1;0;1;0;0;0;0;0;0;0;2;0;0;0;0
"10/12/2022";"11:52:00";"431";"Acidente s";"217.1";"BR-116/SP";"Pista Norte";"Colisão traseira";1;0;1;0;0;0;0;0;0;0;2;0;0;0;0
"10/12/2022";"12:20:00";"445";"Acidente s";"231.2";"BR-116/SP";"Pista Sul";"Colisão traseira";2;0;0;0;0;0;0;0;0;0;2;0;0;0;0
"10/12/2022";"01:11:00";"476";"Acidente s";"209.7";"BR-116/SP";"Pista Sul";"Colisão traseira";2;0;0;0;0;0;0;0;0;0;7;0;0;0;0
"10/12/2022";"01:44:00";"500";"Acidente s";"556";"BR-101/RJ";"Pista Sul";"Choque em objeto fixo";1;0;0;0;0;0;0;0;0;0;1;0;0;0;0
"10/12/2022";"02:17:00";"521";"Acidente s";"208.2";"BR-116/SP";"Pista Sul";"Engavetamento";3;0;0;0;0;0;0;0;0;0;5;0;0;0;0
"10/12/2022";"02:37:00";"539";"Acidente s";"226";"BR-116/SP";"Pista Sul";"Colisão traseira";1;0;1;0;0;0;0;0;0;0;2;0;0;0;0
"10/12/2022";"02:51:00";"551";"Acidente s";"280";"BR-116/RJ";"Pista Norte";"Choque em defensa";1;0;0;0;0;0;0;0;0;0;1;0;0;0;0
"10/12/2022";"03:15:00";"567";"Acidente s";"217";"BR-116/RJ";"Pista Sul";"Choque em barreira New Jersey";1;0;0;0;0;0;0;0;0;0;2;0;0;0;0
"10/12/2022";"04:12:00";"618";"Atropelame";"323.3";"BR-116/RJ";"Pista Sul";"Atropelamento de pedestre atravessando";1;1;0;0;0;0;0;0;0;0;2;0;0;1;0
"10/12/2022";"04:35:00";"635";"Acidente s";"92.2";"BR-116/SP";"Pista Sul";"Engavetamento";2;0;1;0;0;1;0;0;0;0;8;0;0;0;0
"10/12/2022";"05:00:00";"643";"Acidente s";"224.5";"BR-116/SP";"Pista Sul";"Colisão traseira";1;0;0;0;0;1;0;0;0;0;2;0;0;0;0
"10/12/2022";"05:11:00";"649";"Acidente s";"576";"BR-101/RJ";"Pista Sul";"Abalroamento longitudinal";2;0;0;0;0;0;0;0;0;0;3;0;0;0;0
"10/12/2022";"05:15:00";"656";"Acidente s";"35.8";"BR-101/SP";"Pista Sul";"Colisão traseira";2;0;0;0;0;0;0;0;0;0;2;0;0;0;0
"10/12/2022";"06:55:00";"722";"Acidente s";"418.5";"BR-101/RJ";"Pista Sul";"Choque em defensa";0;0;1;0;0;0;0;0;0;0;3;0;0;0;0
"10/12/2022";"08:04:00";"768";"Acidente c";"276.5";"BR-116/RJ";"Pista Norte";"Abalroamento longitudinal";1;0;0;1;0;0;0;0;0;0;2;0;1;0;0
"10/12/2022";"09:11:00";"796";"Atropelame";"48";"BR-101/SP";"Pista Norte";"Atropelamento de pedestre atravessando";0;1;0;0;0;1;0;0;0;0;1;1;0;0;0
"10/12/2022";"11:23:00";"839";"Acidente s";"131.4";"BR-116/SP";"Pista Sul";"Choque em barreira New Jersey";1;0;0;0;0;0;0;0;0;0;1;0;0;0;0
"11/12/2022";"12:18:00";"14";"Acidente s";"172.5";"BR-116/RJ";"Pista Sul";"Atropelamento de animal";1;0;0;0;0;0;0;0;0;0;1;0;0;0;0
"11/12/2022";"12:48:00";"21";"Atropelame";"145.75";"BR-116/SP";"Pista Norte";"Atropelamento de pedestre atravessando";0;0;0;0;0;1;0;0;0;0;1;0;0;0;1
"11/12/2022";"02:49:00";"53";"Acidente s";"144";"BR-116/SP";"Pista Norte";"Abalroamento longitudinal";1;0;0;0;0;1;0;0;0;0;4;0;0;0;0
"11/12/2022";"03:10:00";"55";"Acidente c";"174";"BR-116/RJ";"Pista Sul";"Queda de moto";0;0;0;1;0;0;0;0;0;0;0;1;0;0;0
"11/12/2022";"04:05:00";"65";"Acidente s";"302";"BR-116/RJ";"Pista Norte";"Atropelamento de animal";1;0;0;0;0;0;0;0;0;0;1;0;0;0;0
"11/12/2022";"04:17:00";"67";"Acidente s";"317";"BR-116/RJ";"Pista Norte";"Choque em objeto fixo";1;0;0;0;0;0;0;0;0;0;1;0;0;0;0
"11/12/2022";"06:31:00";"112";"Acidente s";"485";"BR-101/RJ";"Pista Norte";"Choque em objeto fixo";1;0;0;0;0;0;0;0;0;0;1;0;0;0;0
"11/12/2022";"07:10:00";"148";"Acidente c";"115.6";"BR-116/SP";"Pista Norte";"Engavetamento";3;0;0;0;0;1;0;0;0;0;11;2;0;0;0
"11/12/2022";"07:20:00";"161";"Acidente c";"95.1";"BR-116/SP";"Pista Sul";"Colisão traseira";0;0;0;1;0;0;0;0;0;0;0;1;0;0;0
"11/12/2022";"08:33:00";"221";"Acidente c";"408";"BR-101/RJ";"Pista Sul";"Queda de moto";0;0;0;1;0;0;0;0;0;0;0;1;0;0;0
"11/12/2022";"10:03:00";"271";"Acidente c";"36.6";"BR-116/SP";"Pista Sul";"Choque em defensa";1;0;0;0;0;0;0;0;0;0;0;1;0;0;0
"11/12/2022";"10:52:00";"307";"Acidente s";"291";"BR-116/RJ";"Pista Sul";"Choque em defensa";1;0;0;0;0;0;0;0;0;0;1;0;0;0;0
"11/12/2022";"11:36:00";"336";"Acidente s";"218.9";"BR-116/SP";"Pista Norte";"Colisão traseira";1;0;0;0;0;1;0;0;0;0;2;0;0;0;0
"11/12/2022";"11:41:00";"339";"Acidente c";"229";"BR-116/RJ";"Pista Norte";"Queda de moto";0;0;0;1;0;0;0;0;0;0;0;0;1;0;0
"11/12/2022";"11:44:00";"341";"Acidente c";"196.8";"BR-116/SP";"Pista Norte";"Colisão traseira";1;0;1;0;0;0;0;0;0;0;1;2;0;0;0
"11/12/2022";"12:05:00";"355";"Acidente c";"56.9";"BR-116/SP";"Pista Norte";"Abalroamento longitudinal";1;0;0;0;0;1;0;0;0;0;1;1;0;0;0
"11/12/2022";"12:11:00";"358";"Acidente s";"105.8";"BR-116/SP";"Pista Norte";"Engavetamento";3;0;0;0;0;0;0;0;0;0;3;0;0;0;0
"11/12/2022";"02:22:00";"437";"Acidente s";"264";"BR-116/RJ";"Pista Sul";"Choque em objeto fixo";1;0;0;0;0;0;0;0;0;0;1;0;0;0;0
"11/12/2022";"02:30:00";"443";"Acidente s";"284.4";"BR-116/RJ";"Pista Sul";"Choque em defensa";1;0;0;0;0;0;0;0;0;0;1;0;0;0;0
"11/12/2022";"03:42:00";"501";"Acidente s";"432.8";"BR-101/RJ";"Pista Norte";"Colisão traseira";2;0;0;0;0;0;0;0;0;0;8;0;0;0;0
"11/12/2022";"04:13:00";"516";"Acidente c";"40.8";"BR-116/SP";"Pista Norte";"Queda de moto";0;0;0;1;0;0;0;0;0;0;0;1;1;0;0
"11/12/2022";"04:42:00";"533";"Acidente c";"92";"BR-116/SP";"Pista Sul";"Abalroamento longitudinal";1;0;0;1;0;0;0;0;0;0;1;0;1;1;0
"11/12/2022";"05:39:00";"568";"Acidente s";"19.1";"BR-116/SP";"Pista Norte";"Colisão traseira";0;0;2;0;0;0;0;0;0;0;2;0;0;0;0
"11/12/2022";"06:15:00";"588";"Acidente c";"428";"BR-101/RJ";"Pista Norte";"Abalroamento longitudinal";2;0;0;0;0;0;0;0;0;0;0;4;0;0;0
"11/12/2022";"06:57:00";"615";"Acidente s";"100";"BR-116/SP";"Pista Sul";"Abalroamento longitudinal";1;0;0;0;1;0;0;0;0;0;46;0;0;0;0
"11/12/2022";"08:58:00";"685";"Acidente s";"426";"BR-101/RJ";"Pista Norte";"Abalroamento longitudinal";2;0;0;0;0;0;0;0;0;0;3;0;0;0;0
"11/12/2022";"09:12:00";"694";"Acidente s";"133.2";"BR-116/SP";"Pista Sul";"Colisão traseira";1;0;0;0;0;1;0;0;0;0;3;0;0;0;0
"11/12/2022";"09:46:00";"703";"Acidente s";"262.3";"BR-116/RJ";"Pista Norte";"Abalroamento longitudinal";1;0;0;0;0;1;0;0;0;0;2;0;0;0;0
"11/12/2022";"11:42:00";"753";"Acidente c";"172.2";"BR-116/RJ";"Pista Norte";"Queda de moto";0;0;0;1;0;0;0;0;0;0;0;0;1;0;0
"12/12/2022";"06:35:00";"144";"Acidente c";"229.3";"BR-116/RJ";"Pista Norte";"Tombamento";0;0;1;0;0;0;0;0;0;0;0;1;0;0;0
"12/12/2022";"06:38:00";"146";"Acidente c";"177";"BR-116/RJ";"Pista Norte";"Abalroamento longitudinal";0;0;0;1;0;1;0;0;0;0;1;1;1;0;0
"12/12/2022";"06:47:00";"156";"Acidente s";"183.3";"BR-116/RJ";"Pista Sul";"Abalroamento longitudinal";1;0;0;0;0;0;0;0;0;1;3;0;0;0;0
"12/12/2022";"07:07:00";"179";"Acidente c";"205.2";"BR-116/SP";"Pista Sul";"Engavetamento";0;0;1;2;0;0;0;0;0;0;3;1;0;0;0
"12/12/2022";"07:08:00";"181";"Acidente s";"255";"BR-116/RJ";"Pista Sul";"Choque em barreira New Jersey";1;0;0;0;0;0;0;0;0;0;1;0;0;0;0
"12/12/2022";"08:38:00";"310";"Acidente c";"175.6";"BR-116/RJ";"Pista Norte";"Colisão traseira";1;0;0;1;0;0;0;0;0;0;1;1;0;0;0
"12/12/2022";"09:45:00";"408";"Acidente s";"202.5";"BR-116/SP";"Pista Sul";"Abalroamento longitudinal";1;0;1;0;0;0;0;0;0;0;2;0;0;0;0
"12/12/2022";"10:08:00";"435";"Acidente c";"102.2";"BR-116/SP";"Pista Sul";"Queda de moto";0;0;0;1;0;0;0;0;0;0;1;1;0;0;0
"12/12/2022";"10:36:00";"473";"Acidente c";"112";"BR-116/SP";"Pista Norte";"Colisão traseira";0;0;2;0;0;0;0;0;0;0;1;1;0;0;0
"12/12/2022";"10:59:00";"488";"Acidente s";"247.5";"BR-116/RJ";"Pista Norte";"Abalroamento longitudinal";1;0;0;0;0;1;0;0;0;0;2;0;0;0;0
"12/12/2022";"11:20:00";"504";"Acidente c";"171.8";"BR-116/RJ";"Pista Norte";"Colisão traseira";2;0;0;0;0;0;0;0;0;0;1;1;0;0;0
"12/12/2022";"11:27:00";"510";"Acidente c";"211.2";"BR-116/SP";"Pista Sul";"Colisão traseira";1;0;0;0;0;1;0;0;0;0;1;3;0;0;0
"12/12/2022";"01:25:00";"613";"Acidente s";"151.2";"BR-116/SP";"Pista Sul";"Abalroamento longitudinal";1;0;1;0;0;0;0;0;0;0;2;0;0;0;0
"12/12/2022";"03:25:00";"691";"Acidente s";"419";"BR-101/RJ";"Pista Sul";"Colisão frontal";2;0;0;0;0;0;0;0;0;0;2;0;0;0;0
"12/12/2022";"04:08:00";"731";"Acidente s";"46";"BR-116/SP";"Pista Norte";"Não Def";2;0;0;0;0;0;0;0;0;0;2;0;0;0;0
"12/12/2022";"04:26:00";"751";"Acidente s";"49";"BR-101/SP";"Pista Sul";"Colisão traseira";1;0;0;0;0;1;0;0;0;0;3;0;0;0;0
"12/12/2022";"06:17:00";"826";"Acidente s";"183";"BR-116/RJ";"Pista Sul";"Colisão traseira";0;0;0;1;0;1;0;0;0;0;2;0;0;0;0
"12/12/2022";"07:12:00";"873";"Acidente s";"185.3";"BR-116/RJ";"Pista Norte";"Choque em defensa";1;0;0;0;0;0;0;0;0;0;1;0;0;0;0
"12/12/2022";"07:20:00";"879";"Acidente c";"188";"BR-116/RJ";"Pista Norte";"Choque em barreira New Jersey";1;0;0;0;0;0;0;0;0;0;1;1;0;0;0
"12/12/2022";"07:46:00";"896";"Acidente s";"215";"BR-116/RJ";"Pista Sul";"Choque em objeto fixo";0;0;1;0;0;0;0;0;0;0;1;0;0;0;0
"12/12/2022";"08:20:00";"912";"Acidente c";"211";"BR-116/RJ";"Pista Sul";"Colisão traseira";2;0;0;0;0;0;0;0;0;0;3;1;0;0;0
"12/12/2022";"08:30:00";"918";"Acidente c";"573";"BR-101/RJ";"Pista Sul";"Queda de moto";0;0;0;1;0;0;0;0;0;0;0;1;0;0;0
"12/12/2022";"08:50:00";"928";"Acidente c";"337.5";"BR-116/RJ";"Pista Sul";"Engavetamento";0;0;2;0;0;1;0;0;0;0;2;0;1;0;0
"12/12/2022";"11:35:00";"1008";"Atropelame";"231.1";"BR-116/SP";"Pista Sul";"Atropelamento de pedestre atravessando";1;0;0;0;0;0;0;0;0;0;1;0;0;0;1
"13/12/2022";"12:16:00";"18";"Acidente c";"574.5";"BR-101/RJ";"Pista Norte";"Atropelamento de animal";1;0;0;0;0;0;0;0;0;0;1;1;0;0;0
"13/12/2022";"12:21:00";"22";"Acidente s";"248.9";"BR-116/RJ";"Pista Sul";"Colisão traseira";0;0;1;0;0;1;0;0;0;0;2;0;0;0;0
"13/12/2022";"04:22:00";"67";"Acidente s";"132.1";"BR-116/SP";"Pista Norte";"Colisão traseira";0;0;2;0;0;0;0;0;0;0;2;0;0;0;0
"13/12/2022";"05:09:00";"81";"Acidente s";"184.9";"BR-116/RJ";"Pista Norte";"Engavetamento";1;0;1;0;1;0;0;0;0;0;33;0;0;0;0
"13/12/2022";"07:10:00";"176";"Acidente s";"50";"BR-101/SP";"Pista Norte";"Colisão traseira";0;0;1;0;1;0;0;0;0;0;7;0;0;0;0
"13/12/2022";"07:19:00";"187";"Acidente c";"430";"BR-101/RJ";"Pista Norte";"Queda de moto";0;0;0;1;0;0;0;0;0;0;0;0;0;1;0
"13/12/2022";"08:10:00";"247";"Acidente s";"230";"BR-116/RJ";"Pista Norte";"Tombamento";0;0;1;0;0;0;0;0;0;0;2;0;0;0;0
"13/12/2022";"08:32:00";"277";"Acidente s";"192.9";"BR-116/SP";"Pista Sul";"Abalroamento longitudinal";1;0;1;0;0;0;0;0;0;0;2;0;0;0;0
"13/12/2022";"08:48:00";"288";"Acidente s";"419";"BR-101/RJ";"Pista Norte";"Não Def";2;0;0;0;0;0;0;0;0;0;2;0;0;0;0
"13/12/2022";"09:08:00";"311";"Acidente c";"159.8";"BR-116/SP";"Pista Norte";"Colisão traseira";0;0;2;0;0;0;0;0;0;0;1;1;0;0;0
"13/12/2022";"09:19:00";"320";"Acidente c";"192";"BR-116/RJ";"Pista Norte";"Colisão traseira";0;0;1;1;0;0;0;0;0;0;1;1;0;0;0
"13/12/2022";"09:32:00";"336";"Acidente c";"151.5";"BR-116/SP";"Pista Sul";"Choque em defensa";1;0;0;0;0;0;0;0;0;0;0;1;0;0;0
"13/12/2022";"09:36:00";"338";"Acidente s";"191.8";"BR-116/RJ";"Pista Norte";"Engavetamento";3;0;0;0;0;2;0;0;0;0;5;0;0;0;0
"13/12/2022";"10:37:00";"387";"Acidente c";"154.9";"BR-116/SP";"Pista Norte";"Abalroamento longitudinal";1;0;1;0;0;0;0;0;0;0;1;1;0;0;0
"13/12/2022";"10:56:00";"403";"Acidente s";"19";"BR-116/SP";"Pista Sul";"Choque em barreira New Jersey";0;0;1;0;0;0;0;0;0;0;2;0;0;0;0
"13/12/2022";"10:58:00";"404";"Acidente s";"486";"BR-101/RJ";"Pista Norte";"Colisão traseira";2;0;0;0;0;0;0;0;0;0;3;0;0;0;0
"13/12/2022";"10:59:00";"405";"Acidente c";"141";"BR-116/SP";"Pista Sul";"Choque em objeto fixo";0;0;1;0;0;0;0;0;0;0;0;1;0;0;0
"13/12/2022";"11:02:00";"408";"Acidente s";"229.5";"BR-116/SP";"Pista Sul";"Colisão traseira";0;0;2;0;0;0;0;0;0;0;2;0;0;0;0
"13/12/2022";"11:16:00";"419";"Acidente s";"594.05";"BR-101/RJ";"Pista Sul";"Choque em objeto fixo";1;0;0;0;0;0;0;0;0;0;1;0;0;0;0
"13/12/2022";"11:52:00";"433";"Acidente c";"430.3";"BR-101/RJ";"Pista Sul";"Colisão frontal";2;0;0;0;0;0;0;0;0;0;1;1;0;0;0
"13/12/2022";"12:00:00";"434";"Acidente c";"315.5";"BR-116/RJ";"Pista Norte";"Choque em barreira New Jersey";1;0;0;0;0;0;0;0;0;0;0;2;0;0;0
"13/12/2022";"12:15:00";"443";"Acidente s";"483.7";"BR-101/RJ";"Pista Sul";"Choque em objeto fixo";1;0;0;1;0;0;0;0;0;0;3;0;0;0;0
"13/12/2022";"12:25:00";"450";"Acidente s";"304";"BR-116/RJ";"Pista Norte";"Choque em barreira New Jersey";1;0;0;0;0;0;0;0;0;0;1;0;0;0;0
"13/12/2022";"12:38:00";"453";"Acidente s";"286";"BR-116/RJ";"Pista Sul";"Colisão traseira";2;0;0;0;0;0;0;0;0;0;5;0;0;0;0
"13/12/2022";"12:58:00";"463";"Acidente s";"212";"BR-116/RJ";"Pista Norte";"Choque em objeto fixo";0;0;1;0;0;0;0;0;0;0;1;0;0;0;0
"13/12/2022";"01:15:00";"472";"Acidente s";"193.6";"BR-116/RJ";"Pista Sul";"Choque em objeto fixo";1;0;0;0;0;0;0;0;0;0;1;0;0;0;0
"13/12/2022";"01:27:00";"477";"Acidente c";"144";"BR-116/SP";"Pista Norte";"Choque em barreira New Jersey";1;0;0;0;0;0;0;0;0;0;0;1;0;0;0
"13/12/2022";"01:34:00";"483";"Acidente c";"232";"BR-116/RJ";"Pista Norte";"Capotamento";1;0;0;0;0;0;0;0;0;0;0;1;1;0;0
"13/12/2022";"01:54:00";"497";"Acidente s";"139.7";"BR-116/SP";"Pista Sul";"Engavetamento";4;0;0;0;0;0;0;0;0;0;8;0;0;0;0
"13/12/2022";"02:02:00";"500";"Acidente s";"565";"BR-101/RJ";"Pista Norte";"Choque em objeto fixo";1;0;0;0;0;0;0;0;0;0;4;0;0;0;0
"13/12/2022";"03:07:00";"523";"Acidente s";"234";"BR-116/RJ";"Pista Norte";"Capotamento";1;0;0;0;0;0;0;0;0;0;1;0;0;0;0
"13/12/2022";"03:15:00";"529";"Acidente c";"117.4";"BR-116/SP";"Pista Sul";"Abalroamento longitudinal";1;0;0;1;0;0;0;0;0;0;5;1;0;0;0
"13/12/2022";"03:16:00";"530";"Acidente c";"128";"BR-116/SP";"Pista Sul";"Abalroamento longitudinal";1;0;0;1;0;0;0;0;0;0;1;0;1;0;0
"13/12/2022";"04:24:00";"574";"Acidente s";"6.5";"BR-116/SP";"Pista Sul";"Choque em objeto fixo";1;0;0;0;0;0;0;0;0;0;1;0;0;0;0
"13/12/2022";"05:10:00";"592";"Acidente s";"277";"BR-116/RJ";"Pista Sul";"Abalroamento longitudinal";2;0;0;0;0;0;0;0;0;0;4;0;0;0;0
"13/12/2022";"05:39:00";"612";"Acidente c";"155.1";"BR-116/SP";"Pista Norte";"Colisão traseira";0;0;1;1;0;0;0;0;0;0;1;0;1;0;0
"13/12/2022";"06:14:00";"641";"Acidente s";"430";"BR-101/RJ";"Pista Sul";"Colisão traseira";2;0;0;0;0;0;0;0;0;0;6;0;0;0;0
"13/12/2022";"06:52:00";"664";"Acidente c";"209.3";"BR-116/SP";"Pista Norte";"Engavetamento";3;0;0;0;0;0;0;0;0;0;1;2;0;0;0
"13/12/2022";"08:09:00";"696";"Acidente c";"225";"BR-116/SP";"Pista Norte";"Colisão traseira";1;0;0;1;0;0;0;0;0;0;1;1;0;0;0
"14/12/2022";"12:16:00";"15";"Acidente s";"208";"BR-116/RJ";"Pista Norte";"Atropelamento de animal";0;0;1;0;0;0;0;0;0;0;1;0;0;0;0
"14/12/2022";"05:44:00";"77";"Acidente s";"165.2";"BR-116/SP";"Pista Sul";"Colisão traseira";0;0;2;0;0;0;0;0;0;0;2;0;0;0;0
"14/12/2022";"08:25:00";"280";"Acidente s";"222";"BR-116/SP";"Pista Sul";"Colisão traseira";2;0;0;0;0;0;0;0;0;0;2;0;0;0;0
"14/12/2022";"09:41:00";"359";"Acidente c";"219";"BR-116/SP";"Pista Sul";"Abalroamento longitudinal";0;0;0;1;0;0;0;0;0;1;1;1;0;0;0
"14/12/2022";"10:07:00";"383";"Acidente c";"229";"BR-116/SP";"Pista Sul";"Engavetamento";1;0;0;2;0;1;0;0;0;0;4;2;0;0;0
"14/12/2022";"10:29:00";"401";"Acidente c";"190.9";"BR-116/RJ";"Pista Norte";"Engavetamento";3;0;0;1;0;0;0;0;0;0;4;1;0;0;0
"14/12/2022";"11:02:00";"428";"Acidente c";"187.3";"BR-116/RJ";"Pista Norte";"Queda de moto";0;0;0;1;0;0;0;0;0;0;0;2;0;0;0
"14/12/2022";"12:22:00";"475";"Acidente c";"229";"BR-116/SP";"Pista Sul";"Colisão traseira";1;0;0;1;0;0;0;0;0;0;0;2;0;0;0
"14/12/2022";"01:04:00";"502";"Acidente c";"477.8";"BR-101/RJ";"Pista Sul";"Queda de moto";0;0;0;1;0;0;0;0;0;0;1;1;0;0;0
"14/12/2022";"03:41:00";"603";"Acidente s";"143.85";"BR-116/SP";"Pista Norte";"Colisão traseira";0;0;2;0;0;0;0;0;0;0;2;0;0;0;0
"14/12/2022";"03:44:00";"605";"Acidente c";"221.7";"BR-116/SP";"Pista Sul";"Abalroamento longitudinal";1;0;0;1;0;0;0;0;0;0;2;0;1;0;0
"14/12/2022";"03:58:00";"610";"Acidente c";"222.4";"BR-116/SP";"Pista Norte";"Queda de moto";0;0;0;1;0;0;0;0;0;0;0;0;0;1;0
"14/12/2022";"04:07:00";"617";"Acidente s";"69";"BR-116/SP";"Pista Sul";"Engavetamento";1;0;2;0;0;0;0;0;0;0;4;0;0;0;0
"14/12/2022";"05:35:00";"671";"Acidente c";"161.1";"BR-116/SP";"Pista Norte";"Engavetamento";2;0;3;0;0;0;0;0;0;0;5;0;2;0;0
"14/12/2022";"05:40:00";"676";"Acidente s";"120.5";"BR-116/SP";"Pista Norte";"Engavetamento";3;0;0;0;1;0;0;0;0;0;34;0;0;0;0
"14/12/2022";"06:38:00";"721";"Acidente c";"35.4";"BR-116/SP";"Pista Sul";"Abalroamento longitudinal";0;0;1;1;0;0;0;0;0;0;1;1;0;0;0
"14/12/2022";"06:50:00";"728";"Acidente s";"114.05";"BR-116/SP";"Pista Sul";"Colisão traseira";1;0;0;0;0;1;0;0;0;0;2;0;0;0;0
"14/12/2022";"10:59:00";"826";"Acidente s";"302";"BR-116/RJ";"Pista Norte";"Atropelamento de animal";0;0;1;0;0;0;0;0;0;0;1;0;0;0;0
"14/12/2022";"11:15:00";"829";"Atropelame";"149";"BR-116/SP";"Pista Norte";"Atropelamento de pedestre caminhando";1;0;0;0;0;0;0;0;0;0;1;1;0;0;0
"14/12/2022";"11:32:00";"834";"Acidente s";"146";"BR-116/SP";"Pista Norte";"Engavetamento";3;0;0;0;0;0;0;0;0;0;3;0;0;0;0
"15/12/2022";"12:57:00";"22";"Acidente s";"249.9";"BR-116/RJ";"Pista Norte";"Queda de ribanceira";0;0;1;0;0;0;0;0;0;0;1;0;0;0;0
"15/12/2022";"02:52:00";"42";"Acidente s";"153";"BR-116/SP";"Pista Norte";"Colisão traseira";2;0;0;0;0;0;0;0;0;0;4;0;0;0;0
"15/12/2022";"02:57:00";"44";"Acidente s";"462";"BR-101/RJ";"Pista Norte";"Choque em barreira New Jersey";1;0;0;0;0;0;0;0;0;0;1;0;0;0;0
"15/12/2022";"04:21:00";"58";"Acidente c";"144.6";"BR-116/SP";"Pista Sul";"Colisão traseira";0;0;2;0;0;0;0;0;0;0;1;1;0;0;0
"15/12/2022";"04:48:00";"61";"Acidente s";"196.9";"BR-116/RJ";"Pista Norte";"Colisão traseira";0;0;2;0;0;0;0;0;0;0;2;0;0;0;0
"15/12/2022";"05:19:00";"71";"Acidente c";"464";"BR-101/RJ";"Pista Norte";"Capotamento";0;0;0;0;0;0;0;0;0;1;0;1;1;0;0
"15/12/2022";"06:15:00";"108";"Acidente s";"224.7";"BR-116/SP";"Pista Sul";"Engavetamento";3;0;0;0;0;0;0;0;0;0;3;0;0;0;0
"15/12/2022";"07:46:00";"243";"Acidente s";"304.95";"BR-116/RJ";"Pista Sul";"Engavetamento";4;0;0;0;0;0;0;0;0;0;4;0;0;0;0
"15/12/2022";"10:03:00";"420";"Acidente c";"439";"BR-101/RJ";"Pista Sul";"Engavetamento";2;0;1;0;0;0;0;0;0;0;2;2;0;0;0
"15/12/2022";"10:08:00";"428";"Acidente c";"472.4";"BR-101/RJ";"Pista Sul";"Choque em objeto fixo";1;0;0;0;0;0;0;0;0;0;0;1;0;0;0
"15/12/2022";"10:08:00";"426";"Acidente c";"230.4";"BR-116/SP";"Pista Sul";"Colisão traseira";0;0;1;1;0;0;0;0;0;0;1;1;0;0;0
"15/12/2022";"10:48:00";"461";"Acidente s";"120.2";"BR-116/SP";"Pista Norte";"Colisão traseira";0;0;2;0;0;0;0;0;0;0;2;0;0;0;0
"15/12/2022";"10:58:00";"467";"Acidente s";"216.9";"BR-116/SP";"Pista Sul";"Engavetamento";3;0;1;0;0;0;0;0;0;0;7;0;0;0;0
"15/12/2022";"11:07:00";"473";"Acidente s";"29";"BR-116/SP";"Pista Norte";"Colisão traseira";0;0;1;0;1;0;0;0;0;0;37;0;0;0;0
"15/12/2022";"12:22:00";"515";"Acidente c";"217.3";"BR-116/SP";"Pista Sul";"Abalroamento longitudinal";2;0;0;1;0;0;0;0;0;0;3;1;0;0;0
"15/12/2022";"02:02:00";"578";"Acidente s";"175.9";"BR-116/RJ";"Pista Norte";"Colisão traseira";2;0;0;0;0;0;0;0;0;0;5;0;0;0;0
"15/12/2022";"03:35:00";"635";"Acidente s";"150.1";"BR-116/SP";"Pista Sul";"Colisão traseira";2;0;0;0;0;0;0;0;0;0;3;0;0;0;0
"15/12/2022";"05:51:00";"724";"Acidente s";"121";"BR-116/SP";"Pista Norte";"Colisão traseira";2;0;0;0;0;0;0;0;0;0;2;0;0;0;0
"15/12/2022";"06:02:00";"736";"Acidente s";"20.2";"BR-116/SP";"Pista Sul";"Abalroamento longitudinal";1;0;1;0;0;1;0;0;0;0;5;0;0;0;0
"15/12/2022";"06:07:00";"740";"Acidente s";"178";"BR-116/RJ";"Pista Sul";"Engavetamento";1;0;0;0;0;1;0;0;0;1;3;0;0;0;0
"15/12/2022";"06:20:00";"748";"Acidente c";"220";"BR-116/SP";"Pista Sul";"Abalroamento longitudinal";0;0;0;1;0;1;0;0;0;0;1;1;0;0;0
"15/12/2022";"07:03:00";"776";"Acidente s";"108.6";"BR-116/SP";"Pista Sul";"Colisão traseira";1;0;0;0;0;1;0;0;0;0;3;0;0;0;0
"15/12/2022";"09:10:00";"835";"Acidente c";"563";"BR-101/RJ";"Pista Sul";"Choque em objeto fixo";1;0;0;0;0;0;0;0;0;0;0;1;0;0;0
"15/12/2022";"09:57:00";"858";"Acidente s";"194.3";"BR-116/RJ";"Pista Norte";"Colisão traseira";2;0;0;0;0;0;0;0;0;0;2;0;0;0;0
"15/12/2022";"10:43:00";"868";"Acidente c";"329";"BR-116/RJ";"Pista Sul";"Colisão traseira";0;0;2;0;0;0;0;0;0;0;1;0;1;0;0