data;horario;n_da_ocorrencia;tipo_de_ocorrencia;km;trecho;sentido;tipo_de_acidente;automovel;bicicleta;caminhao;moto;onibus;outros;tracao_animal;transporte_de_cargas_especiais;trator_maquinas;utilitarios;ilesos;levemente_feridos;moderadamente_feridos;gravemente_feridos;mortos
"20/12/2022";"03:08:00";"403";"Acidente s";"246";"BR-116/RJ";"Pista Sul";"Colisão traseira";0;0;0;0;1;0;0;0;0;1;2;0;0;0;0
"20/12/2022";"03:13:00";"407";"Acidente c";"47.1";"BR-101/SP";"Pista Norte";"Colisão traseira";1;0;0;0;0;0;0;0;0;1;1;1;0;0;0
"20/12/2022";"03:16:00";"408";"Acidente s";"71.1";"BR-116/SP";"Pista Norte";"Choque em barreira New Jersey";1;0;0;0;0;0;0;0;0;0;1;0;0;0;0
"20/12/2022";"03:53:00";"430";"Acidente c";"68";"BR-116/SP";"Pista Norte";"Choque em objeto fixo";1;0;0;0;0;0;0;0;0;0;0;4;0;0;0
"20/12/2022";"04:28:00";"456";"Acidente s";"233.6";"BR-116/RJ";"Pista Norte";"Abalroamento longitudinal";1;0;1;0;0;0;0;0;0;0;2;0;0;0;0
"20/12/2022";"05:00:00";"475";"Acidente s";"116";"BR-116/SP";"Pista Sul";"Choque em objeto fixo";1;0;0;0;0;0;0;0;0;0;2;0;0;0;0
"20/12/2022";"05:50:00";"508";"Acidente s";"19";"BR-101/SP";"Pista Norte";"Abalroamento longitudinal";2;0;0;0;0;0;0;0;0;0;5;0;0;0;0
"20/12/2022";"06:01:00";"530";"Acidente c";"117.4";"BR-116/SP";"Pista Norte";"Engavetamento";2;0;0;0;0;1;0;0;0;0;2;2;0;0;0
"20/12/2022";"06:07:00";"539";"Acidente c";"50.8";"BR-116/SP";"Pista Sul";"Choque em barreira New Jersey";1;0;0;0;0;0;0;0;0;0;0;2;0;0;0
"20/12/2022";"07:07:00";"582";"Acidente c";"303";"BR-116/RJ";"Pista Norte";"Colisão traseira";2;0;0;0;0;0;0;0;0;0;0;3;1;0;0
"20/12/2022";"08:46:00";"627";"Acidente c";"329";"BR-116/RJ";"Pista Sul";"Colisão traseira";1;0;0;0;0;1;0;0;0;0;1;2;0;0;0
"20/12/2022";"10:07:00";"652";"Acidente c";"43.3";"BR-116/SP";"Pista Sul";"Outros";0;0;0;1;0;0;0;0;0;0;0;1;0;0;0
"21/12/2022";"12:05:00";"12";"Acidente s";"217.4";"BR-116/SP";"Pista Norte";"Choque em barreira New Jersey";1;0;0;0;0;1;0;0;0;0;2;0;0;0;0
"21/12/2022";"12:52:00";"24";"Atropelame";"177.5";"BR-116/RJ";"Pista Sul";"Atropelamento de pedestre atravessando";0;0;0;0;0;1;0;0;0;0;1;0;0;0;1
"21/12/2022";"02:04:00";"38";"Acidente s";"224.4";"BR-116/RJ";"Pista Norte";"Choque em objeto fixo";0;0;1;0;0;0;0;0;0;0;1;0;0;0;0
"21/12/2022";"02:27:00";"43";"Acidente s";"34.1";"BR-116/SP";"Pista Norte";"Colisão traseira";1;0;0;0;0;1;0;0;0;0;3;0;0;0;0
"21/12/2022";"03:51:00";"63";"Acidente s";"119";"BR-116/SP";"Pista Norte";"Colisão traseira";0;0;1;0;0;1;0;0;0;0;2;0;0;0;0
"21/12/2022";"03:56:00";"69";"Acidente s";"473";"BR-101/RJ";"Pista Norte";"Choque em objeto fixo";1;0;0;0;0;0;0;0;0;0;2;0;0;0;0
"21/12/2022";"04:20:00";"74";"Acidente c";"70";"BR-116/SP";"Pista Norte";"Tombamento";0;0;1;0;0;0;0;0;0;0;0;1;0;0;0
"21/12/2022";"05:30:00";"96";"Acidente c";"261.85";"BR-116/RJ";"Pista Norte";"Colisão traseira";1;0;1;0;0;0;0;0;0;0;1;0;1;0;0
"21/12/2022";"05:31:00";"97";"Acidente s";"184";"BR-116/RJ";"Pista Norte";"Abalroamento longitudinal";1;0;0;0;0;1;0;0;0;0;2;0;0;0;0
"21/12/2022";"06:48:00";"137";"Acidente c";"500";"BR-101/RJ";"Pista Norte";"Queda de moto";0;0;0;1;0;0;0;0;0;0;0;0;1;0;0
"21/12/2022";"06:59:00";"147";"Acidente c";"186";"BR-116/RJ";"Pista Norte";"Choque em barreira New Jersey";1;0;0;0;0;0;0;0;0;0;0;1;0;0;0
"21/12/2022";"07:08:00";"157";"Acidente s";"15.8";"BR-116/SP";"Pista Sul";"Abalroamento longitudinal";2;0;0;0;0;0;0;0;0;0;4;0;0;0;0
"21/12/2022";"07:16:00";"164";"Acidente c";"172";"BR-116/RJ";"Pista Norte";"Queda de moto";0;0;0;1;0;0;0;0;0;0;0;1;0;0;0
"21/12/2022";"08:00:00";"193";"Acidente c";"125.9";"BR-116/SP";"Pista Norte";"Colisão traseira";1;0;0;0;0;1;0;0;0;0;2;1;0;0;0
"21/12/2022";"08:55:00";"219";"Acidente c";"583.3";"BR-101/RJ";"Pista Sul";"Colisão frontal";2;0;0;0;0;0;0;0;0;0;0;0;2;0;1
"21/12/2022";"10:12:00";"293";"Acidente s";"230";"BR-116/RJ";"Pista Norte";"Choque Talude";0;0;1;0;0;0;0;0;0;0;1;0;0;0;0
"21/12/2022";"10:42:00";"308";"Acidente s";"231";"BR-116/SP";"Pista Norte";"Choque em defensa";1;0;0;0;0;1;0;0;0;0;3;0;0;0;0
"21/12/2022";"11:59:00";"353";"Acidente s";"228.4";"BR-116/RJ";"Pista Sul";"Engavetamento";0;0;2;0;0;1;0;0;0;0;3;0;0;0;0
"21/12/2022";"12:24:00";"365";"Acidente s";"161.15";"BR-116/SP";"Pista Sul";"Choque em defensa";0;0;1;0;0;0;0;0;0;0;1;0;0;0;0
"21/12/2022";"12:31:00";"371";"Acidente s";"102.55";"BR-116/SP";"Pista Norte";"Colisão traseira";2;0;0;0;0;0;0;0;0;0;2;0;0;0;0
"21/12/2022";"12:42:00";"377";"Acidente c";"218.7";"BR-116/SP";"Pista Sul";"Abalroamento longitudinal";2;0;0;1;0;0;0;0;0;0;2;1;0;0;0
"21/12/2022";"01:36:00";"403";"Acidente s";"502";"BR-101/RJ";"Pista Sul";"Colisão frontal";1;0;0;0;0;0;0;0;0;1;2;0;0;0;0
"21/12/2022";"02:09:00";"421";"Acidente c";"241";"BR-116/RJ";"Pista Sul";"Abalroamento longitudinal";0;0;2;0;0;1;0;0;0;0;2;0;0;1;0
"21/12/2022";"02:51:00";"449";"Acidente s";"142";"BR-116/SP";"Pista Norte";"Engavetamento";1;0;1;0;0;1;0;0;0;0;7;0;0;0;0
"21/12/2022";"03:19:00";"472";"Acidente s";"49";"BR-101/SP";"Pista Norte";"Colisão traseira";1;0;0;0;0;1;0;0;0;0;2;0;0;0;0
"21/12/2022";"03:51:00";"493";"Acidente s";"433";"BR-101/RJ";"Pista Sul";"Queda de ribanceira";0;0;0;0;0;0;0;0;0;1;1;0;0;0;0
"21/12/2022";"03:56:00";"496";"Acidente c";"43";"BR-116/SP";"Pista Norte";"Colisão traseira";1;0;1;0;0;0;0;0;0;0;2;0;2;0;0
"21/12/2022";"04:03:00";"504";"Acidente s";"240.6";"BR-116/RJ";"Pista Sul";"Engavetamento";1;0;1;0;0;1;0;0;0;0;3;0;0;0;0
"21/12/2022";"04:06:00";"506";"Acidente s";"50.8";"BR-101/SP";"Pista Sul";"Colisão traseira";1;0;0;0;0;1;0;0;0;0;2;0;0;0;0
"21/12/2022";"04:23:00";"526";"Acidente c";"586";"BR-101/RJ";"Pista Norte";"Choque em objeto na pista";0;0;0;0;1;0;0;0;0;0;0;0;1;0;0
"21/12/2022";"05:02:00";"554";"Acidente s";"19.5";"BR-116/SP";"Pista Sul";"Tombamento";0;0;1;0;0;0;0;0;0;0;1;0;0;0;0
"21/12/2022";"05:12:00";"561";"Acidente c";"307";"BR-116/RJ";"Pista Norte";"Queda de moto";0;0;0;1;0;1;0;0;0;0;1;1;0;0;0
"21/12/2022";"05:39:00";"577";"Acidente c";"208";"BR-116/RJ";"Pista Norte";"Choque em objeto fixo";0;0;1;0;0;0;0;0;0;0;0;0;2;0;0
"21/12/2022";"05:54:00";"583";"Acidente c";"205";"BR-116/SP";"Pista Norte";"Abalroamento longitudinal";0;0;0;2;0;0;0;0;0;0;1;1;0;0;0
"21/12/2022";"06:27:00";"603";"Acidente s";"126.2";"BR-116/SP";"Pista Norte";"Colisão traseira";1;0;1;0;0;0;0;0;0;0;2;0;0;0;0
"21/12/2022";"06:49:00";"608";"Acidente s";"165.2";"BR-116/SP";"Pista Sul";"Colisão traseira";0;0;2;0;0;0;0;0;0;0;2;0;0;0;0
"21/12/2022";"06:53:00";"611";"Acidente s";"264.6";"BR-116/RJ";"Pista Norte";"Queda de ribanceira";1;0;0;0;0;0;0;0;0;0;1;0;0;0;0
"21/12/2022";"06:59:00";"614";"Acidente s";"388.8";"BR-101/RJ";"Pista Sul";"Abalroamento longitudinal";1;0;1;0;0;0;0;0;0;0;5;0;0;0;0
"21/12/2022";"08:25:00";"658";"Acidente s";"415";"BR-101/RJ";"Pista Sul";"Choque em defensa";1;0;0;0;0;0;0;0;0;0;4;0;0;0;0
"21/12/2022";"09:07:00";"676";"Acidente s";"312.5";"BR-116/RJ";"Pista Sul";"Abalroamento longitudinal";2;0;0;0;0;0;0;0;0;0;2;0;0;0;0
"21/12/2022";"10:42:00";"707";"Acidente s";"334.7";"BR-116/RJ";"Pista Norte";"Choque em defensa";0;0;1;0;0;1;0;0;0;0;2;0;0;0;0
"21/12/2022";"11:05:00";"716";"Atropelame";"88.8";"BR-116/SP";"Pista Sul";"Atropelamento de pedestre caminhando";0;0;0;0;0;1;0;0;0;0;1;0;0;0;1
"21/12/2022";"11:52:00";"725";"Acidente s";"172";"BR-116/RJ";"Pista Norte";"Abalroamento longitudinal";1;0;1;0;0;0;0;0;0;0;2;0;0;0;0
"22/12/2022";"01:16:00";"34";"Acidente c";"117.3";"BR-116/SP";"Pista Norte";"Abalroamento longitudinal";1;0;0;0;0;0;0;0;0;0;0;1;0;0;0
"22/12/2022";"02:14:00";"45";"Acidente c";"215.2";"BR-116/SP";"Pista Sul";"Choque em barreira New Jersey";1;0;0;0;0;0;0;0;0;0;2;2;0;0;0
"22/12/2022";"02:29:00";"47";"Acidente s";"94.1";"BR-116/SP";"Pista Sul";"Abalroamento longitudinal";1;0;1;0;0;0;0;0;0;0;5;0;0;0;0
"22/12/2022";"03:39:00";"64";"Acidente c";"182";"BR-116/RJ";"Pista Norte";"Choque em barreira New Jersey";0;0;0;0;0;0;0;0;0;1;0;0;1;0;0
"22/12/2022";"06:34:00";"105";"Acidente s";"173.9";"BR-116/RJ";"Pista Sul";"Choque em barreira New Jersey";0;0;1;0;0;0;0;0;0;0;1;0;0;0;0
"22/12/2022";"07:40:00";"153";"Acidente s";"112.9";"BR-116/SP";"Pista Norte";"Engavetamento";4;0;0;0;0;0;0;0;0;0;11;0;0;0;0
"22/12/2022";"07:57:00";"164";"Acidente c";"156.9";"BR-116/SP";"Pista Norte";"Colisão traseira";2;0;0;0;0;0;0;0;0;0;2;1;0;0;0
"22/12/2022";"08:22:00";"189";"Acidente s";"119";"BR-116/SP";"Pista Norte";"Engavetamento";3;0;0;0;0;1;0;0;0;0;6;0;0;0;0
"22/12/2022";"09:07:00";"220";"Acidente c";"173.4";"BR-116/SP";"Pista Sul";"Colisão traseira";1;0;0;1;0;0;0;0;0;0;1;1;0;0;0
"22/12/2022";"09:49:00";"237";"Acidente s";"88.2";"BR-116/SP";"Pista Norte";"Colisão traseira";0;0;2;0;0;0;0;0;0;0;2;0;0;0;0
"22/12/2022";"09:58:00";"240";"Acidente s";"481";"BR-101/RJ";"Pista Norte";"Abalroamento longitudinal";1;0;1;0;0;0;0;0;0;0;2;0;0;0;0
"22/12/2022";"10:15:00";"245";"Acidente s";"294.65";"BR-116/RJ";"Pista Sul";"Choque em barreira New Jersey";0;0;1;0;0;0;0;0;0;0;1;0;0;0;0
"22/12/2022";"10:41:00";"262";"Acidente c";"121.8";"BR-116/SP";"Pista Norte";"Colisão traseira";1;0;0;0;1;0;0;0;0;0;25;1;0;0;0
"22/12/2022";"11:01:00";"278";"Acidente c";"209.3";"BR-116/SP";"Pista Norte";"Choque em objeto fixo";1;0;0;0;0;0;0;0;0;0;1;1;0;0;0
"22/12/2022";"11:19:00";"291";"Acidente c";"481";"BR-101/RJ";"Pista Sul";"Queda de moto";0;0;0;1;0;0;0;0;0;0;0;1;0;0;0
"22/12/2022";"11:53:00";"314";"Acidente s";"102";"BR-116/SP";"Pista Sul";"Choque em barreira New Jersey";1;0;0;0;0;0;0;0;0;0;1;0;0;0;0
"22/12/2022";"11:54:00";"315";"Acidente s";"276.1";"BR-116/RJ";"Pista Norte";"Capotamento";1;0;0;0;0;0;0;0;0;0;1;0;0;0;0
"22/12/2022";"12:31:00";"337";"Acidente s";"563.2";"BR-101/RJ";"Pista Norte";"Queda de ribanceira";0;0;1;0;0;0;0;0;0;0;1;0;0;0;0
"22/12/2022";"12:39:00";"343";"Acidente c";"297.4";"BR-116/RJ";"Pista Sul";"Colisão traseira";0;0;2;0;0;0;0;0;0;0;1;2;0;0;0
"22/12/2022";"12:42:00";"345";"Acidente s";"231.8";"BR-116/RJ";"Pista Norte";"Choque em objeto fixo";1;0;0;0;0;0;0;0;0;0;1;0;0;0;0
"22/12/2022";"01:11:00";"356";"Atropelame";"310.2";"BR-116/RJ";"Pista Norte";"Atropelamento de pedestre atravessando";1;1;0;0;0;0;0;0;0;0;2;0;1;0;0
"22/12/2022";"02:23:00";"387";"Acidente s";"104.9";"BR-116/SP";"Pista Sul";"Engavetamento";2;0;0;0;0;1;0;0;0;0;4;0;0;0;0
"22/12/2022";"02:43:00";"396";"Acidente c";"180";"BR-116/RJ";"Pista Norte";"Queda de moto";0;0;0;1;0;0;0;0;0;0;0;1;0;0;0
"22/12/2022";"03:46:00";"430";"Acidente s";"26.2";"BR-116/SP";"Pista Norte";"Colisão traseira";1;0;0;0;0;1;0;0;0;0;2;0;0;0;0
"22/12/2022";"04:11:00";"445";"Acidente s";"26";"BR-116/SP";"Pista Norte";"Choque em barreira New Jersey";0;0;0;0;0;0;0;0;0;1;1;0;0;0;0
"22/12/2022";"05:00:00";"475";"Atropelame";"482";"BR-101/RJ";"Pista Sul";"Atropelamento de pedestre atravessando";0;0;0;0;0;1;0;0;0;0;1;1;0;0;0
"22/12/2022";"05:28:00";"488";"Acidente s";"61.4";"BR-116/SP";"Pista Sul";"Colisão traseira";2;0;0;0;0;0;0;0;0;0;3;0;0;0;0
"22/12/2022";"05:31:00";"489";"Acidente s";"227";"BR-116/SP";"Pista Norte";"Colisão traseira";2;0;0;0;0;0;0;0;0;0;2;0;0;0;0
"22/12/2022";"06:09:00";"512";"Acidente s";"147";"BR-116/SP";"Pista Norte";"Abalroamento longitudinal";1;0;1;0;0;0;0;0;0;0;2;0;0;0;0
"22/12/2022";"06:42:00";"535";"Acidente c";"224.1";"BR-116/SP";"Pista Norte";"Colisão traseira";1;0;0;1;0;0;0;0;0;0;3;2;0;0;0
"22/12/2022";"07:25:00";"564";"Acidente c";"54.3";"BR-116/SP";"Pista Norte";"Abalroamento longitudinal";1;0;0;1;0;0;0;0;0;0;3;0;2;0;0
"22/12/2022";"08:36:00";"605";"Acidente s";"230.8";"BR-116/SP";"Pista Sul";"Abalroamento longitudinal";1;0;0;1;0;0;0;0;0;0;2;0;0;0;0
"22/12/2022";"08:43:00";"610";"Acidente s";"212.5";"BR-116/SP";"Pista Norte";"Colisão traseira";2;0;0;0;0;0;0;0;0;0;2;0;0;0;0
"22/12/2022";"10:41:00";"663";"Acidente s";"33.1";"BR-116/SP";"Pista Norte";"Outros";0;0;1;0;0;0;0;0;0;0;1;0;0;0;0
"22/12/2022";"11:09:00";"671";"Acidente s";"161.9";"BR-116/SP";"Pista Norte";"Abalroamento longitudinal";1;0;1;0;0;0;0;0;0;0;6;0;0;0;0
"23/12/2022";"02:23:00";"50";"Acidente s";"276.2";"BR-116/RJ";"Pista Sul";"Choque em objeto na pista";0;0;0;0;1;0;0;0;0;0;1;0;0;0;0
"23/12/2022";"02:45:00";"56";"Acidente s";"49.7";"BR-116/SP";"Pista Norte";"Choque em objeto na pista";1;0;0;0;0;0;0;0;0;0;2;0;0;0;0
"23/12/2022";"05:06:00";"80";"Acidente s";"21";"BR-116/SP";"Pista Norte";"Choque em objeto fixo";0;0;1;0;0;0;0;0;0;0;1;0;0;0;0
"23/12/2022";"05:42:00";"87";"Acidente s";"239";"BR-116/RJ";"Pista Sul";"Choque em barreira New Jersey";1;0;0;0;0;0;0;0;0;0;1;0;0;0;0
"23/12/2022";"06:27:00";"111";"Acidente c";"67.4";"BR-116/SP";"Pista Norte";"Choque em barreira New Jersey";1;0;0;0;0;0;0;0;0;0;0;2;0;0;0
"23/12/2022";"06:47:00";"126";"Acidente c";"191.8";"BR-116/RJ";"Pista Sul";"Colisão traseira";1;0;0;0;0;1;0;0;0;0;1;1;0;0;0
"23/12/2022";"07:08:00";"140";"Acidente s";"142.7";"BR-116/SP";"Pista Norte";"Colisão traseira";2;0;0;0;0;0;0;0;0;0;5;0;0;0;0
"23/12/2022";"07:22:00";"154";"Acidente s";"146";"BR-116/SP";"Pista Norte";"Colisão traseira";2;0;0;0;0;0;0;0;0;0;2;0;0;0;0
"23/12/2022";"07:42:00";"168";"Acidente s";"70";"BR-116/SP";"Pista Norte";"Engavetamento";3;0;0;0;0;0;0;0;0;0;6;0;0;0;0
"23/12/2022";"07:47:00";"176";"Acidente c";"160.9";"BR-116/SP";"Pista Norte";"Colisão traseira";1;0;0;0;0;1;0;0;0;0;2;4;0;0;0
"23/12/2022";"08:22:00";"195";"Acidente s";"112.05";"BR-116/SP";"Pista Norte";"Engavetamento";3;0;0;0;0;0;0;0;0;0;6;0;0;0;0
"23/12/2022";"08:30:00";"202";"Acidente c";"205";"BR-116/SP";"Pista Sul";"Atropelamento de animal";0;0;0;1;0;0;0;0;0;0;0;1;0;0;0
"23/12/2022";"08:45:00";"213";"Acidente s";"216.2";"BR-116/SP";"Pista Sul";"Colisão traseira";0;0;0;1;0;1;0;0;0;0;2;0;0;0;0
"23/12/2022";"09:17:00";"228";"Acidente s";"274.5";"BR-116/RJ";"Pista Sul";"Choque em objeto na pista";1;0;0;0;0;0;0;0;0;0;2;0;0;0;0
"23/12/2022";"10:28:00";"281";"Acidente c";"182";"BR-116/RJ";"Pista Sul";"Engavetamento";2;0;0;1;0;0;0;0;0;0;4;2;0;0;0
"23/12/2022";"10:51:00";"289";"Acidente s";"279.95";"BR-116/RJ";"Pista Sul";"Abalroamento longitudinal";1;0;0;0;0;1;0;0;0;0;2;0;0;0;0
"23/12/2022";"11:18:00";"311";"Acidente s";"119";"BR-116/SP";"Pista Norte";"Colisão traseira";1;0;0;0;0;2;0;0;0;0;3;0;0;0;0
"23/12/2022";"12:37:00";"357";"Acidente s";"173";"BR-116/RJ";"Pista Sul";"Colisão traseira";1;0;0;0;0;1;0;0;0;0;5;0;0;0;0
"23/12/2022";"01:54:00";"398";"Acidente c";"126.6";"BR-116/SP";"Pista Norte";"Colisão traseira";1;0;0;0;0;1;0;0;0;0;2;1;1;0;0
"23/12/2022";"02:20:00";"414";"Acidente s";"61.1";"BR-116/SP";"Pista Norte";"Engavetamento";5;0;0;0;0;0;0;0;0;0;11;0;0;0;0
"23/12/2022";"02:26:00";"420";"Acidente s";"261.3";"BR-116/RJ";"Pista Norte";"Choque em barreira New Jersey";1;0;0;0;0;0;0;0;0;0;3;0;0;0;0
"23/12/2022";"02:52:00";"435";"Acidente c";"234";"BR-116/RJ";"Pista Norte";"Colisão traseira";1;0;0;1;0;0;0;0;0;0;4;1;0;0;0
"23/12/2022";"03:06:00";"440";"Acidente s";"143";"BR-116/SP";"Pista Norte";"Choque em objeto fixo";2;0;0;0;0;0;0;0;0;0;2;0;0;0;0
"23/12/2022";"03:30:00";"459";"Acidente c";"203.2";"BR-116/SP";"Pista Norte";"Colisão traseira";4;0;0;0;0;1;0;0;0;0;12;3;0;0;0
"23/12/2022";"03:47:00";"471";"Atropelame";"408";"BR-101/RJ";"Pista Sul";"Atropelamento de pedestre atravessando";1;0;0;0;0;0;0;0;0;0;4;0;0;0;1
"23/12/2022";"04:12:00";"486";"Acidente c";"268.2";"BR-116/RJ";"Pista Sul";"Colisão traseira";1;0;1;0;0;0;0;0;0;0;1;1;0;0;0
"23/12/2022";"04:19:00";"495";"Acidente c";"286.8";"BR-116/RJ";"Pista Norte";"Engavetamento";4;0;0;0;0;1;0;0;0;0;3;3;0;0;0
"23/12/2022";"04:42:00";"504";"Acidente s";"288.8";"BR-116/RJ";"Pista Norte";"Tombamento";0;0;1;0;0;0;0;0;0;0;1;0;0;0;0
"23/12/2022";"05:15:00";"524";"Acidente s";"137.1";"BR-116/SP";"Pista Norte";"Engavetamento";2;0;0;0;0;2;0;0;0;0;7;0;0;0;0
"23/12/2022";"06:00:00";"545";"Acidente s";"205.3";"BR-116/SP";"Pista Norte";"Choque em barreira New Jersey";1;0;0;0;0;0;0;0;0;0;1;0;0;0;0
"23/12/2022";"06:36:00";"577";"Acidente s";"49.5";"BR-101/SP";"Pista Norte";"Colisão frontal";2;0;0;0;0;0;0;0;0;0;6;0;0;0;0
"23/12/2022";"06:49:00";"583";"Acidente c";"440";"BR-101/RJ";"Pista Sul";"Colisão frontal";2;0;0;0;0;0;0;0;0;0;0;3;0;0;0
"23/12/2022";"10:23:00";"682";"Acidente c";"54.4";"BR-116/SP";"Pista Sul";"Capotamento";1;0;0;0;0;0;0;0;0;0;0;0;1;0;0
"23/12/2022";"10:41:00";"688";"Acidente s";"182.3";"BR-116/SP";"Pista Norte";"Colisão traseira";1;0;1;0;0;0;0;0;0;0;4;0;0;0;0
"24/12/2022";"12:39:00";"20";"Acidente c";"224.5";"BR-116/SP";"Pista Sul";"Colisão traseira";0;0;0;1;0;1;0;0;0;0;1;1;0;0;0
"24/12/2022";"12:41:00";"22";"Acidente c";"227";"BR-116/SP";"Pista Norte";"Capotamento";1;0;0;0;0;0;0;0;0;0;0;1;0;0;0
"24/12/2022";"02:29:00";"43";"Acidente s";"5";"BR-116/SP";"Pista Norte";"Abalroamento longitudinal";2;0;0;0;0;0;0;0;0;0;5;0;0;0;0
"24/12/2022";"02:48:00";"47";"Acidente s";"264.6";"BR-116/RJ";"Pista Sul";"Queda de ribanceira";0;0;0;0;0;1;0;0;0;1;2;0;0;0;0
"24/12/2022";"07:13:00";"117";"Acidente s";"212";"BR-116/RJ";"Pista Sul";"Choque em objeto fixo";1;0;0;0;0;0;0;0;0;0;1;0;0;0;0
"24/12/2022";"07:22:00";"124";"Acidente s";"275.7";"BR-116/RJ";"Pista Norte";"Choque em barreira New Jersey";1;0;0;0;0;0;0;0;0;0;1;0;0;0;0
"24/12/2022";"10:35:00";"222";"Acidente s";"147.9";"BR-116/SP";"Pista Sul";"Abalroamento longitudinal";1;0;1;0;0;0;0;0;0;0;5;0;0;0;0
"24/12/2022";"11:53:00";"272";"Acidente s";"226.8";"BR-116/SP";"Pista Sul";"Choque em defensa";1;0;0;0;0;0;0;0;0;0;1;0;0;0;0
"24/12/2022";"01:15:00";"316";"Acidente s";"218.3";"BR-116/SP";"Pista Norte";"Queda de moto";0;0;0;1;0;0;0;0;0;0;1;0;0;0;0
"24/12/2022";"01:37:00";"330";"Acidente s";"176.5";"BR-116/RJ";"Pista Sul";"Choque em barreira New Jersey";1;0;0;0;0;0;0;0;0;0;4;0;0;0;0
"24/12/2022";"02:40:00";"372";"Acidente c";"557";"BR-101/RJ";"Pista Sul";"Engavetamento";2;0;0;1;0;0;0;0;0;0;1;0;1;1;0
"24/12/2022";"03:00:00";"383";"Acidente c";"432";"BR-101/RJ";"Pista Sul";"Choque em barreira New Jersey";0;0;0;1;0;0;0;0;0;0;0;1;0;0;0
"24/12/2022";"04:54:00";"465";"Acidente s";"334";"BR-116/RJ";"Pista Norte";"Capotamento";1;0;0;0;0;0;0;0;0;0;4;0;0;0;0
"24/12/2022";"05:05:00";"473";"Acidente c";"146.6";"BR-116/SP";"Pista Norte";"Queda de moto";0;0;0;1;0;0;0;0;0;0;0;1;0;0;0
"24/12/2022";"05:17:00";"478";"Acidente s";"201.1";"BR-116/SP";"Pista Norte";"Choque em defensa";1;0;0;0;0;0;0;0;0;0;1;0;0;0;0
"24/12/2022";"06:11:00";"488";"Acidente c";"35.1";"BR-101/SP";"Pista Sul";"Abalroamento longitudinal";1;0;0;1;0;0;0;0;0;0;1;0;2;0;0
"24/12/2022";"07:49:00";"536";"Acidente s";"482";"BR-101/RJ";"Pista Norte";"Abalroamento longitudinal";2;0;0;0;0;0;0;0;0;0;5;0;0;0;0
"24/12/2022";"11:37:00";"608";"Acidente c";"117.35";"BR-116/SP";"Pista Sul";"Choque em objeto fixo";1;0;0;0;0;0;0;0;0;0;0;1;0;0;0
"25/12/2022";"02:42:00";"35";"Acidente c";"148.2";"BR-116/SP";"Pista Norte";"Colisão traseira";2;0;0;0;0;0;0;0;0;0;3;2;1;0;0
"25/12/2022";"03:50:00";"53";"Acidente c";"190";"BR-116/RJ";"Pista Norte";"Choque em defensa";1;0;0;0;0;0;0;0;0;0;0;1;0;0;0
"25/12/2022";"05:33:00";"81";"Acidente s";"435";"BR-101/RJ";"Pista Sul";"Choque em objeto fixo";1;0;0;0;0;0;0;0;0;0;1;0;0;0;0
"25/12/2022";"08:39:00";"145";"Acidente s";"181.95";"BR-116/SP";"Pista Norte";"Queda de ribanceira";1;0;0;0;0;0;0;0;0;0;3;0;0;0;0
"25/12/2022";"09:46:00";"167";"Acidente s";"576";"BR-101/RJ";"Pista Norte";"Colisão frontal";1;0;0;0;0;0;0;0;0;1;5;0;0;0;0
"25/12/2022";"02:40:00";"288";"Acidente s";"506";"BR-101/RJ";"Pista Sul";"Colisão traseira";2;0;0;0;0;0;0;0;0;0;2;0;0;0;0
"25/12/2022";"03:27:00";"307";"Acidente s";"324";"BR-116/RJ";"Pista Sul";"Colisão traseira";0;0;2;0;0;0;0;0;0;0;2;0;0;0;0
"25/12/2022";"05:55:00";"394";"Acidente c";"138";"BR-116/SP";"Pista Sul";"Engavetamento";4;0;0;0;0;0;0;0;0;0;11;3;0;0;0
"25/12/2022";"06:21:00";"410";"Acidente s";"50";"BR-116/SP";"Pista Norte";"Atropelamento de animal";1;0;0;0;0;0;0;0;0;0;2;0;0;0;0
"25/12/2022";"06:23:00";"412";"Acidente s";"393";"BR-101/RJ";"Pista Norte";"Colisão traseira";4;0;0;0;0;0;0;0;0;0;9;0;0;0;0
"25/12/2022";"06:56:00";"431";"Acidente c";"169.8";"BR-116/RJ";"Pista Norte";"Colisão traseira";2;0;0;0;0;0;0;0;0;0;2;1;0;0;0
"25/12/2022";"07:01:00";"436";"Acidente s";"98";"BR-116/SP";"Pista Sul";"Engavetamento";2;0;0;0;0;1;0;0;0;0;9;0;0;0;0
"25/12/2022";"09:03:00";"487";"Acidente s";"399";"BR-101/RJ";"Pista Norte";"Choque em objeto na pista";1;0;0;0;0;0;0;0;0;0;1;0;0;0;0
"25/12/2022";"11:57:00";"552";"Acidente c";"65.5";"BR-116/SP";"Pista Norte";"Capotamento";1;0;0;0;0;0;0;0;0;0;0;1;0;0;0
"26/12/2022";"01:53:00";"29";"Acidente s";"184.9";"BR-116/RJ";"Pista Sul";"Choque em defensa";1;0;0;0;0;0;0;0;0;0;1;0;0;0;0
"26/12/2022";"02:44:00";"39";"Acidente s";"106.8";"BR-116/SP";"Pista Sul";"Choque em objeto fixo";0;0;1;0;0;0;0;0;0;0;1;0;0;0;0