data;horario;n_da_ocorrencia;tipo_de_ocorrencia;km;trecho;sentido;tipo_de_acidente;automovel;bicicleta;caminhao;moto;onibus;outros;tracao_animal;transporte_de_cargas_especiais;trator_maquinas;utilitarios;ilesos;levemente_feridos;moderadamente_feridos;gravemente_feridos;mortos
"31/12/2022";"10:27:00";"489";"Acidente c";"185";"BR-116/RJ";"Pista Norte";"Colisão traseira";2;0;0;0;0;0;0;0;0;0;8;1;0;0;0
"01/01/2023";"02:46:00";"40";"AC02 - Aci";"191";"BR-116/RJ";"Pista Norte";"Choque em Barreira New Jersey";1;0;0;0;0;0;0;0;0;0;2;1;0;0;0
"01/01/2023";"02:54:00";"43";"AC02 - Aci";"172.199";"BR-116/RJ";"Pista Sul";"Abalroamento Longitudinal";2;0;0;0;0;0;0;0;0;0;1;2;0;0;0
"01/01/2023";"05:20:00";"69";"AC02 - Aci";"157.589";"BR-116/SP";"Pista Norte";"Capotamento";1;0;0;0;0;0;0;0;0;0;1;1;1;0;0
"01/01/2023";"06:10:00";"86";"AC02 - Aci";"187.5";"BR-116/RJ";"Pista Sul";"Colisão Traseira";2;0;0;0;0;0;0;0;0;0;4;1;0;0;0
"01/01/2023";"06:30:00";"93";"AC02 - Aci";"262.899";"BR-116/RJ";"Pista Sul";"Colisão Traseira";2;0;0;0;0;0;0;0;0;0;0;1;1;0;0
"01/01/2023";"06:40:00";"100";"AC01 - Aci";"514";"BR-101/RJ";"Pista Norte";"Colisão Frontal";2;0;0;0;0;0;0;0;0;0;1;3;0;0;1
"01/01/2023";"07:27:00";"117";"AC02 - Aci";"34";"BR-101/SP";"Pista Sul";"Capotamento";1;0;0;0;0;0;0;0;0;0;0;1;0;0;0
"01/01/2023";"08:00:00";"133";"AC03 - Aci";"138.699";"BR-116/SP";"Pista Norte";"Queda de ribanceira";1;0;0;0;0;0;0;0;0;0;1;0;0;0;0
"01/01/2023";"11:55:00";"214";"AC03 - Aci";"283";"BR-116/RJ";"Pista Sul";"Queda de moto";0;0;0;1;0;0;0;0;0;0;2;0;0;0;0
"01/01/2023";"11:57:00";"215";"AC02 - Aci";"40";"BR-101/SP";"Pista Sul";"Colisão Frontal";1;0;0;0;0;1;0;0;0;0;1;0;1;0;0
"01/01/2023";"02:56:00";"288";"AC03 - Aci";"416";"BR-101/RJ";"Pista Sul";"Capotamento";1;0;0;0;0;0;0;0;0;0;1;0;0;0;0
"01/01/2023";"04:08:00";"319";"AC03 - Aci";"222";"BR-116/SP";"Pista Sul";"Colisão Traseira";1;0;0;1;0;0;0;0;0;0;3;0;0;0;0
"01/01/2023";"04:30:00";"335";"AC03 - Aci";"535.400";"BR-101/RJ";"Pista Norte";"Abalroamento Longitudinal";2;0;0;0;0;0;0;0;0;0;5;0;0;0;0
"01/01/2023";"05:35:00";"375";"AC03 - Aci";"238.399";"BR-116/RJ";"Pista Norte";"Choque em Barreira New Jersey";1;0;0;0;0;0;0;0;0;0;2;0;0;0;0
"01/01/2023";"05:38:00";"378";"AC03 - Aci";"108.300";"BR-116/SP";"Pista Sul";"Colisão Traseira";1;0;0;0;0;1;0;0;0;0;2;0;0;0;0
"01/01/2023";"05:48:00";"386";"AC03 - Aci";"210";"BR-116/SP";"Pista Sul";"Engavetamento";4;0;0;0;0;0;0;0;0;0;11;0;0;0;0
"01/01/2023";"06:09:00";"401";"AC02 - Aci";"197";"BR-116/RJ";"Pista Norte";"Queda de moto";0;0;0;1;0;0;0;0;0;0;0;2;0;0;0
"01/01/2023";"06:35:00";"422";"AC02 - Aci";"210.100";"BR-116/SP";"Pista Sul";"Colisão Traseira";2;0;0;0;0;0;0;0;0;0;4;1;0;0;0
"01/01/2023";"07:41:00";"457";"AC03 - Aci";"417";"BR-101/RJ";"Pista Norte";"Colisão Traseira";2;0;0;0;0;0;0;0;0;0;6;0;0;0;0
"01/01/2023";"07:43:00";"458";"AC02 - Aci";"424";"BR-101/RJ";"Pista Sul";"Abalroamento Longitudinal";1;0;0;1;0;0;0;0;0;0;2;2;0;0;0
"01/01/2023";"08:08:00";"469";"AC02 - Aci";"114.099";"BR-116/SP";"Pista Norte";"Choque em objeto fixo";1;0;0;0;0;0;0;0;0;0;0;0;1;0;0
"01/01/2023";"08:35:00";"479";"AC03 - Aci";"417";"BR-101/RJ";"Pista Norte";"Colisão Traseira";2;0;0;0;0;0;0;0;0;0;8;0;0;0;0
"01/01/2023";"09:32:00";"503";"AC03 - Aci";"228";"BR-116/RJ";"Pista Sul";"Engavetamento";3;0;0;0;0;0;0;0;0;0;10;0;0;0;0
"01/01/2023";"10:45:00";"527";"AC02 - Aci";"417";"BR-101/RJ";"Pista Norte";"Engavetamento";1;0;0;0;0;2;0;0;0;0;5;1;0;0;0
"01/01/2023";"10:50:00";"529";"AC03 - Aci";"214.399";"BR-116/RJ";"Pista Norte";"Choque em Barreira New Jersey";1;0;0;0;0;0;0;0;0;0;1;0;0;0;0
"02/01/2023";"12:52:00";"24";"AC03 - Aci";"51";"BR-101/SP";"Pista Sul";"Queda de moto";0;0;0;1;0;0;0;0;0;0;1;0;0;0;0
"02/01/2023";"02:18:00";"38";"AC03 - Aci";"281";"BR-116/RJ";"Pista Sul";"Atropelamento de Animal";1;0;0;0;0;0;0;0;0;0;3;0;0;0;0
"02/01/2023";"03:01:00";"45";"AC03 - Aci";"456";"BR-101/RJ";"Pista Norte";"Choque em objeto fixo";1;0;0;0;0;0;0;0;0;0;1;0;0;0;0
"02/01/2023";"03:12:00";"47";"AC03 - Aci";"97";"BR-116/SP";"Pista Sul";"Choque em Barreira New Jersey";1;0;0;0;0;0;0;0;0;0;5;0;0;0;0
"02/01/2023";"06:09:00";"91";"AC02 - Aci";"526";"BR-101/RJ";"Pista Norte";"Colisão Frontal";2;0;0;0;0;0;0;0;0;0;2;2;0;0;0
"02/01/2023";"06:41:00";"104";"AC03 - Aci";"449.899";"BR-101/RJ";"Pista Sul";"Engavetamento";2;0;0;0;0;1;0;0;0;0;8;0;0;0;0
"02/01/2023";"07:13:00";"119";"AC03 - Aci";"218";"BR-116/SP";"Pista Norte";"Colisão Traseira";2;0;0;0;0;0;0;0;0;0;2;0;0;0;0
"02/01/2023";"07:38:00";"130";"AC03 - Aci";"236.300";"BR-116/RJ";"Pista Norte";"Tombamento";0;0;1;0;0;0;0;0;0;0;1;0;0;0;0
"02/01/2023";"07:42:00";"133";"AC03 - Aci";"176";"BR-116/RJ";"Pista Sul";"Abalroamento Longitudinal";1;0;1;0;0;0;0;0;0;0;4;0;0;0;0
"02/01/2023";"08:08:00";"152";"AC02 - Aci";"184";"BR-116/RJ";"Pista Sul";"Abalroamento Longitudinal";0;0;0;1;0;1;0;0;0;0;1;0;1;0;0
"02/01/2023";"08:28:00";"169";"AC02 - Aci";"403";"BR-101/RJ";"Pista Norte";"Queda de ribanceira";1;0;0;0;0;0;0;0;0;0;0;2;0;0;0
"02/01/2023";"08:55:00";"187";"AC03 - Aci";"390";"BR-101/RJ";"Pista Sul";"Abalroamento Longitudinal";2;0;0;0;0;0;0;0;0;0;3;0;0;0;0
"02/01/2023";"10:37:00";"258";"AC02 - Aci";"417.299";"BR-101/RJ";"Pista Sul";"Engavetamento";3;0;0;0;0;0;0;0;0;0;2;1;0;0;0
"02/01/2023";"11:03:00";"270";"AC03 - Aci";"161";"BR-116/SP";"Pista Sul";"Colisão Traseira";2;0;0;0;0;0;0;0;0;0;2;0;0;0;0
"02/01/2023";"11:37:00";"298";"AC03 - Aci";"493";"BR-101/RJ";"Pista Sul";"Engavetamento";3;0;0;0;0;0;0;0;0;0;5;0;0;0;0
"02/01/2023";"11:50:00";"306";"AC03 - Aci";"211.5";"BR-116/RJ";"Pista Sul";"Colisão Traseira";0;0;1;0;0;1;0;0;0;0;2;0;0;0;0
"02/01/2023";"12:35:00";"333";"AC02 - Aci";"82.3000";"BR-116/SP";"Pista Sul";"Colisão Traseira";2;0;0;0;0;0;0;0;0;0;8;0;1;0;0
"02/01/2023";"12:47:00";"340";"AC03 - Aci";"224.800";"BR-116/RJ";"Pista Sul";"Colisão Traseira";2;0;0;0;0;0;0;0;0;0;4;0;0;0;0
"02/01/2023";"01:02:00";"353";"AC03 - Aci";"140";"BR-116/SP";"Pista Sul";"Colisão Traseira";1;0;0;0;0;1;0;0;0;0;2;0;0;0;0
"02/01/2023";"01:09:00";"360";"AC03 - Aci";"284";"BR-116/RJ";"Pista Norte";"Engavetamento";6;0;0;0;0;0;0;0;0;0;11;0;0;0;0
"02/01/2023";"01:35:00";"382";"AC03 - Aci";"161";"BR-116/SP";"Pista Sul";"Colisão Traseira";1;0;0;0;0;1;0;0;0;0;2;0;0;0;0
"02/01/2023";"01:47:00";"388";"AC03 - Aci";"141";"BR-116/SP";"Pista Sul";"Engavetamento";1;0;0;0;0;3;0;0;0;0;4;0;0;0;0
"02/01/2023";"01:48:00";"389";"AC03 - Aci";"138.600";"BR-116/SP";"Pista Sul";"Colisão Traseira";2;0;0;0;0;0;0;0;0;0;5;0;0;0;0
"02/01/2023";"02:17:00";"403";"AC03 - Aci";"512";"BR-101/RJ";"Pista Norte";"Colisão Traseira";2;0;0;0;0;0;0;0;0;0;4;0;0;0;0
"02/01/2023";"02:37:00";"414";"AC03 - Aci";"104.75";"BR-116/SP";"Pista Sul";"Colisão Traseira";2;0;0;0;0;0;0;0;0;0;34;0;0;0;0
"02/01/2023";"03:08:00";"429";"AC03 - Aci";"56";"BR-116/SP";"Pista Sul";"Engavetamento";3;0;0;0;0;0;0;0;0;0;5;0;0;0;0
"02/01/2023";"03:25:00";"435";"AC04 - Atr";"327";"BR-116/RJ";"Pista Sul";"Atropelamento de Pedestre Atravessando";1;1;0;0;0;0;0;0;0;0;2;0;1;0;0
"02/01/2023";"04:32:00";"488";"AC02 - Aci";"45";"BR-101/SP";"Pista Sul";"Abalroamento Longitudinal";1;0;0;1;0;0;0;0;0;0;1;0;1;0;0
"02/01/2023";"05:42:00";"523";"AC03 - Aci";"198.899";"BR-116/SP";"Pista Sul";"Engavetamento";1;0;0;0;0;3;0;0;0;0;4;0;0;0;0
"02/01/2023";"05:46:00";"527";"AC03 - Aci";"271.200";"BR-116/RJ";"Pista Norte";"Choque em objeto fixo";1;0;0;0;0;0;0;0;0;0;1;0;0;0;0
"02/01/2023";"05:58:00";"540";"AC02 - Aci";"198.899";"BR-116/RJ";"Pista Norte";"Colisão Traseira";2;0;0;0;0;0;0;0;0;0;2;2;0;0;0
"02/01/2023";"06:01:00";"542";"AC02 - Aci";"48.2000";"BR-101/SP";"Pista Sul";"Abalroamento Longitudinal";1;0;0;1;0;0;0;0;0;0;2;1;0;0;0
"02/01/2023";"06:14:00";"550";"AC03 - Aci";"30.6499";"BR-116/SP";"Pista Norte";"Choque em Barreira New Jersey";1;0;0;0;0;0;0;0;0;0;4;0;0;0;0
"02/01/2023";"06:22:00";"557";"AC03 - Aci";"60";"BR-116/SP";"Pista Sul";"Engavetamento";2;0;1;0;0;0;0;0;0;0;6;0;0;0;0
"02/01/2023";"06:30:00";"560";"AC03 - Aci";"433";"BR-101/RJ";"Pista Sul";"Colisão Traseira";1;0;1;0;0;0;0;0;0;0;4;0;0;0;0
"02/01/2023";"07:29:00";"601";"AC02 - Aci";"204.600";"BR-116/SP";"Pista Norte";"Colisão Traseira";1;0;1;0;0;0;0;0;0;0;1;1;0;0;0
"02/01/2023";"08:05:00";"625";"AC04 - Atr";"39";"BR-101/SP";"Pista Norte";"Atropelamento de Pedestre Atravessando";0;0;0;0;0;1;0;0;0;0;1;0;1;0;0
"02/01/2023";"08:08:00";"629";"AC02 - Aci";"503";"BR-101/RJ";"Pista Sul";"Colisão Frontal";2;0;0;0;0;0;0;0;0;0;4;1;0;0;0
"02/01/2023";"08:10:00";"632";"AC03 - Aci";"427";"BR-101/RJ";"Pista Norte";"Engavetamento";3;0;0;0;0;0;0;0;0;0;8;0;0;0;0
"02/01/2023";"08:44:00";"644";"AC03 - Aci";"18.2000";"BR-116/SP";"Pista Sul";"Abalroamento Longitudinal";1;0;0;0;0;1;0;0;0;0;7;0;0;0;0
"02/01/2023";"09:49:00";"678";"AC03 - Aci";"427";"BR-101/RJ";"Pista Norte";"Engavetamento";2;0;0;0;0;2;0;0;0;0;11;0;0;0;0
"02/01/2023";"11:08:00";"709";"AC02 - Aci";"415";"BR-101/RJ";"Pista Norte";"Abalroamento Longitudinal";1;0;0;1;0;0;0;0;0;0;1;0;1;0;0
"02/01/2023";"11:25:00";"714";"AC03 - Aci";"220.800";"BR-116/SP";"Pista Sul";"Choque em Barreira New Jersey";1;0;0;0;0;0;0;0;0;0;2;0;0;0;0
"03/01/2023";"02:16:00";"35";"AC02 - Aci";"178.5";"BR-116/SP";"Pista Sul";"Engavetamento";4;0;0;0;0;0;0;0;0;0;15;0;2;0;0
"03/01/2023";"02:17:00";"36";"AC03 - Aci";"329";"BR-116/RJ";"Pista Norte";"Atropelamento de Animal";1;0;0;0;0;0;0;0;0;0;3;0;0;0;0
"03/01/2023";"03:42:00";"45";"AC02 - Aci";"270.799";"BR-116/RJ";"Pista Norte";"Colisão Traseira";0;0;2;0;0;0;0;0;0;0;3;1;0;0;0
"03/01/2023";"08:14:00";"180";"AC03 - Aci";"230.050";"BR-116/SP";"Pista Sul";"Abalroamento Longitudinal";1;0;1;0;0;0;0;0;0;0;3;0;0;0;0
"03/01/2023";"08:38:00";"203";"AC02 - Aci";"227.350";"BR-116/SP";"Pista Sul";"Abalroamento Longitudinal";1;0;0;1;0;0;0;0;0;0;3;1;0;0;0
"03/01/2023";"08:50:00";"219";"AC03 - Aci";"175";"BR-116/RJ";"Pista Sul";"Colisão Traseira";2;0;0;0;0;0;0;0;0;0;2;0;0;0;0
"03/01/2023";"10:03:00";"282";"AC03 - Aci";"59.7000";"BR-116/SP";"Pista Sul";"Queda de moto";0;0;0;1;0;0;0;0;0;0;1;0;0;0;0
"03/01/2023";"10:20:00";"295";"AC03 - Aci";"416";"BR-101/RJ";"Pista Sul";;1;0;1;0;0;0;0;0;0;0;2;0;0;0;0
"03/01/2023";"10:31:00";"301";"AC03 - Aci";"121";"BR-116/SP";"Pista Norte";"Colisão Traseira";2;0;0;0;0;0;0;0;0;0;5;0;0;0;0
"03/01/2023";"10:45:00";"312";"AC02 - Aci";"505";"BR-101/RJ";"Pista Sul";"Engavetamento";2;0;0;0;0;1;0;0;0;0;2;1;0;0;0
"03/01/2023";"11:30:00";"338";"AC03 - Aci";"287.980";"BR-116/RJ";"Pista Sul";"Colisão Traseira";1;0;1;0;0;0;0;0;0;0;2;0;0;0;0
"03/01/2023";"12:17:00";"374";"AC02 - Aci";"117.400";"BR-116/SP";"Pista Norte";"Engavetamento";3;0;0;0;0;0;0;0;0;0;5;1;3;0;0
"03/01/2023";"12:56:00";"412";"AC03 - Aci";"424";"BR-101/RJ";"Pista Sul";"Choque em objeto fixo";1;0;0;0;0;0;0;0;0;0;1;0;0;0;0
"03/01/2023";"03:55:00";"540";"AC02 - Aci";"184.600";"BR-116/SP";"Pista Norte";"Choque em Defensa";1;0;0;0;0;0;0;0;0;0;3;1;0;0;0
"03/01/2023";"04:06:00";"547";"AC02 - Aci";"187.100";"BR-116/SP";"Pista Sul";"Engavetamento";1;0;1;1;0;0;0;0;0;0;8;1;0;0;0
"03/01/2023";"04:29:00";"564";"AC03 - Aci";"135.649";"BR-116/SP";"Pista Sul";"Colisão Traseira";2;0;0;0;0;0;0;0;0;0;6;0;0;0;0
"03/01/2023";"05:01:00";"579";"AC03 - Aci";"147";"BR-116/SP";"Pista Norte";"Colisão Traseira";1;0;0;0;0;1;0;0;0;0;2;0;0;0;0
"03/01/2023";"05:57:00";"621";"AC03 - Aci";"92.3000";"BR-116/SP";"Pista Sul";"Abalroamento Longitudinal";1;0;1;0;0;0;0;0;0;0;2;0;0;0;0
"03/01/2023";"05:59:00";"624";"AC04 - Atr";"486";"BR-101/RJ";"Pista Norte";"Atropelamento de Pedestre Atravessando";0;0;0;1;0;0;0;0;0;0;0;1;1;0;0
"03/01/2023";"06:14:00";"638";"AC03 - Aci";"62.2999";"BR-116/SP";"Pista Sul";"Colisão Traseira";2;0;0;0;0;0;0;0;0;0;4;0;0;0;0
"03/01/2023";"06:31:00";"647";"AC02 - Aci";"62.2999";"BR-116/SP";"Pista Sul";"Engavetamento";3;0;0;0;0;0;0;0;0;0;12;1;0;0;0
"03/01/2023";"08:34:00";"710";"AC02 - Aci";"179.899";"BR-116/RJ";"Pista Norte";"Colisão Traseira";2;0;0;0;0;0;0;0;0;0;3;0;1;0;0
"03/01/2023";"08:54:00";"718";"AC02 - Aci";"215.5";"BR-116/RJ";"Pista Sul";"Colisão Traseira";0;0;2;0;0;0;0;0;0;0;1;1;0;0;0
"03/01/2023";"10:08:00";"746";"AC02 - Aci";"409";"BR-101/RJ";"Pista Norte";"Abalroamento Longitudinal";1;0;0;1;0;0;0;0;0;0;0;2;1;0;0
"04/01/2023";"12:33:00";"19";"AC03 - Aci";"215.5";"BR-116/RJ";"Pista Sul";"Abalroamento Longitudinal";0;0;1;1;0;0;0;0;0;0;2;0;0;0;0
"04/01/2023";"01:08:00";"27";"AC03 - Aci";"220.800";"BR-116/SP";"Pista Norte";"Abalroamento Longitudinal";2;0;0;0;0;0;0;0;0;0;2;0;0;0;0
"04/01/2023";"05:22:00";"73";"AC03 - Aci";"292.200";"BR-116/RJ";"Pista Sul";"Choque em Defensa";0;0;1;0;0;0;0;0;0;0;1;0;0;0;0
"04/01/2023";"07:20:00";"143";"AC03 - Aci";"408";"BR-101/RJ";"Pista Norte";"Colisão Traseira";1;0;0;0;1;0;0;0;0;0;5;0;0;0;0
"04/01/2023";"08:15:00";"184";"AC04 - Atr";"215";"BR-116/RJ";"Pista Sul";"Atropelamento de Pedestre Atravessando";0;1;1;0;0;0;0;0;0;0;1;0;0;1;0
"04/01/2023";"08:26:00";"192";"AC03 - Aci";"385";"BR-101/RJ";"Pista Sul";"Colisão Traseira";0;0;2;0;0;0;0;0;0;0;2;0;0;0;0
"04/01/2023";"09:19:00";"239";"AC02 - Aci";"186.5";"BR-116/RJ";"Pista Norte";"Choque em Barreira New Jersey";0;0;1;0;0;0;0;0;0;0;1;0;2;0;0
"04/01/2023";"12:06:00";"327";"AC03 - Aci";"184.949";"BR-116/RJ";"Pista Sul";"Colisão Traseira";1;0;1;0;0;0;0;0;0;0;2;0;0;0;0
"04/01/2023";"12:22:00";"335";"AC04 - Atr";"46";"BR-101/SP";"Pista Sul";"Atropelamento de Pedestre Atravessando";0;0;0;1;0;0;0;0;0;0;1;1;0;0;0
"04/01/2023";"01:42:00";"378";"AC02 - Aci";"186";"BR-116/RJ";"Pista Sul";"Abalroamento Longitudinal";1;0;0;1;0;0;0;0;0;0;1;1;0;0;0
"04/01/2023";"01:42:00";"377";"AC03 - Aci";"438.200";"BR-101/RJ";"Pista Sul";"Engavetamento";2;0;0;0;0;2;0;0;0;0;4;0;0;0;0
"04/01/2023";"01:54:00";"393";"AC03 - Aci";"24.1000";"BR-116/SP";"Pista Norte";"Colisão Traseira";1;0;0;0;0;1;0;0;0;0;2;0;0;0;0
"04/01/2023";"02:22:00";"407";"AC03 - Aci";"310.5";"BR-116/RJ";"Pista Sul";"Choque em Defensa";1;0;0;0;0;0;0;0;0;0;1;0;0;0;0
"04/01/2023";"02:41:00";"417";"AC03 - Aci";"68";"BR-116/SP";"Pista Sul";"Abalroamento Longitudinal";1;0;1;0;0;0;0;0;0;0;3;0;0;0;0
"04/01/2023";"03:08:00";"430";"AC03 - Aci";"520";"BR-101/RJ";"Pista Norte";"Colisão Frontal";1;0;1;0;0;0;0;0;0;0;5;0;0;0;0
"04/01/2023";"04:15:00";"494";"AC03 - Aci";"417";"BR-101/RJ";"Pista Sul";"Engavetamento";2;0;2;0;0;0;0;0;0;0;4;0;0;0;0
"04/01/2023";"04:50:00";"514";"AC03 - Aci";"104.199";"BR-116/SP";"Pista Sul";"Colisão Traseira";2;0;0;0;0;0;0;0;0;0;3;0;0;0;0
"04/01/2023";"04:54:00";"518";"AC03 - Aci";"210.149";"BR-116/SP";"Pista Norte";"Abalroamento Longitudinal";1;0;1;0;0;0;0;0;0;0;2;0;0;0;0
"04/01/2023";"05:19:00";"528";"AC02 - Aci";"182.279";"BR-116/SP";"Pista Sul";"Choque em Defensa";1;0;0;0;0;0;0;0;0;0;0;2;0;0;0
"04/01/2023";"06:07:00";"558";"AC03 - Aci";"215";"BR-116/SP";"Pista Norte";"Choque em Barreira New Jersey";0;0;1;0;0;0;0;0;0;0;1;0;0;0;0
"04/01/2023";"06:22:00";"575";"AC02 - Aci";"549";"BR-101/RJ";"Pista Sul";"Choque em Defensa";1;0;0;0;0;0;0;0;0;0;1;1;0;0;0
"04/01/2023";"06:48:00";"587";"AC04 - Atr";"45.5";"BR-101/SP";"Pista Norte";"Atropelamento de Pedestre Atravessando";0;1;0;1;0;0;0;0;0;0;1;1;0;0;0
"04/01/2023";"07:55:00";"629";"AC03 - Aci";"79.5999";"BR-116/SP";"Pista Norte";"Abalroamento Longitudinal";1;0;1;0;0;0;0;0;0;0;2;0;0;0;0
"04/01/2023";"08:06:00";"633";"AC03 - Aci";"187.399";"BR-116/SP";"Pista Norte";"Choque em Barreira New Jersey";1;0;0;0;0;0;0;0;0;0;2;0;0;0;0
"04/01/2023";"08:16:00";"636";"AC04 - Atr";"48.9000";"BR-101/SP";"Pista Sul";"Atropelamento de Pedestre Atravessando";0;1;0;1;0;0;0;0;0;0;1;0;1;0;0
"04/01/2023";"08:45:00";"648";"AC03 - Aci";"573";"BR-101/RJ";"Pista Sul";"Choque em Defensa";1;0;0;0;0;0;0;0;0;0;1;0;0;0;0
"04/01/2023";"09:16:00";"658";"AC03 - Aci";"193.899";"BR-116/SP";"Pista Sul";"Outros";1;0;0;0;0;0;0;0;0;0;1;0;0;0;0
"04/01/2023";"09:55:00";"668";"AC03 - Aci";"187.5";"BR-116/SP";"Pista Norte";"Choque em Barreira New Jersey";1;0;0;0;0;0;0;0;0;0;2;0;0;0;0
"04/01/2023";"10:53:00";"682";"AC03 - Aci";"230";"BR-116/RJ";"Pista Norte";"Colisão Traseira";0;0;2;0;0;0;0;0;0;0;3;0;0;0;0
"04/01/2023";"11:00:00";"683";"AC02 - Aci";"213";"BR-116/SP";"Pista Norte";"Colisão Traseira";1;0;0;1;0;0;0;0;0;0;2;1;0;0;0
"04/01/2023";"11:58:00";"694";"AC03 - Aci";"569";"BR-101/RJ";"Pista Sul";"Choque em objeto fixo";1;0;0;0;0;0;0;0;0;0;3;0;0;0;0
"05/01/2023";"01:00:00";"22";"AC02 - Aci";"434";"BR-101/RJ";"Pista Sul";"Choque em objeto fixo";1;0;0;0;0;0;0;0;0;0;1;1;0;0;0
"05/01/2023";"01:14:00";"27";"AC03 - Aci";"459.5";"BR-101/RJ";"Pista Norte";"Choque em objeto fixo";1;0;0;0;0;0;0;0;0;0;1;0;0;0;0
"05/01/2023";"03:21:00";"55";"AC03 - Aci";"483";"BR-101/RJ";"Pista Sul";"Choque em objeto fixo";1;0;0;0;0;0;0;0;0;0;1;0;0;0;0
"05/01/2023";"07:00:00";"127";"AC02 - Aci";"89.9000";"BR-116/SP";"Pista Norte";"Colisão Traseira";1;0;1;0;0;0;0;0;0;0;1;1;0;0;0
"05/01/2023";"07:47:00";"165";"AC03 - Aci";"169.800";"BR-116/RJ";"Pista Norte";"Abalroamento Longitudinal";1;0;1;0;0;0;0;0;0;0;2;0;0;0;0
"05/01/2023";"08:13:00";"184";"AC03 - Aci";"141.600";"BR-116/SP";"Pista Norte";"Colisão Traseira";1;0;0;0;0;1;0;0;0;0;2;0;0;0;0
"05/01/2023";"09:41:00";"236";"AC02 - Aci";"215.199";"BR-116/SP";"Pista Sul";"Abalroamento Longitudinal";1;0;1;0;0;0;0;0;0;0;1;1;0;0;0
"05/01/2023";"09:44:00";"238";"AC02 - Aci";"232.5";"BR-116/RJ";"Pista Norte";"Choque em Barreira New Jersey";1;0;0;0;0;0;0;0;0;0;0;2;0;0;0
"05/01/2023";"10:21:00";"267";"AC02 - Aci";"231";"BR-116/RJ";"Pista Sul";"Capotamento";1;0;0;0;0;0;0;0;0;0;1;1;0;0;0
"05/01/2023";"10:59:00";"288";"AC03 - Aci";"242.800";"BR-116/RJ";"Pista Norte";"Choque em Barreira New Jersey";1;0;0;0;0;0;0;0;0;0;1;0;0;0;0
"05/01/2023";"12:11:00";"325";"AC02 - Aci";"282.799";"BR-116/RJ";"Pista Norte";"Colisão Traseira";1;0;0;0;0;1;0;0;0;0;1;1;0;0;0
"05/01/2023";"12:54:00";"353";"AC03 - Aci";"36";"BR-116/SP";"Pista Norte";"Choque em objeto fixo";0;0;1;0;0;0;0;0;0;0;2;0;0;0;0
"05/01/2023";"02:42:00";"418";"AC03 - Aci";"423";"BR-101/RJ";"Pista Sul";"Choque em objeto fixo";1;0;0;0;0;0;0;0;0;0;1;0;0;0;0
"05/01/2023";"02:44:00";"420";"AC03 - Aci";"232.5";"BR-116/RJ";"Pista Norte";"Choque em Barreira New Jersey";1;0;0;0;0;0;0;0;0;0;4;0;0;0;0
"05/01/2023";"02:53:00";"427";"AC02 - Aci";"47.7000";"BR-101/SP";"Pista Norte";"Engavetamento";3;0;0;0;0;0;0;0;0;0;2;1;0;0;0
"05/01/2023";"02:53:00";"428";"AC02 - Aci";"565.900";"BR-101/RJ";"Pista Norte";"Colisão Frontal";2;0;0;0;0;0;0;0;0;0;0;2;0;0;0
"05/01/2023";"03:12:00";"441";"AC03 - Aci";"101.300";"BR-116/SP";"Pista Sul";"Choque Talude";0;0;1;0;0;0;0;0;0;0;1;0;0;0;0
"05/01/2023";"04:09:00";"476";"AC02 - Aci";"47.0999";"BR-101/SP";"Pista Sul";"Abalroamento Longitudinal";1;0;0;1;0;0;0;0;0;0;1;1;0;0;0
"05/01/2023";"04:20:00";"479";"AC03 - Aci";"334";"BR-116/RJ";"Pista Norte";"Abalroamento Longitudinal";1;0;1;0;0;0;0;0;0;0;2;0;0;0;0
"05/01/2023";"04:31:00";"483";"AC03 - Aci";"71.5";"BR-116/SP";"Pista Sul";"Choque em Barreira New Jersey";1;0;0;0;0;0;0;0;0;0;1;0;0;0;0
"05/01/2023";"04:35:00";"485";"AC02 - Aci";"234";"BR-116/RJ";"Pista Norte";"Capotamento";1;0;0;0;0;0;0;0;0;0;0;1;0;0;0
"05/01/2023";"05:52:00";"521";"AC03 - Aci";"224";"BR-116/SP";"Pista Norte";"Engavetamento";1;0;0;0;0;2;0;0;0;0;3;0;0;0;0
"05/01/2023";"06:35:00";"553";"AC02 - Aci";"234.699";"BR-116/RJ";"Pista Sul";"Choque em Barreira New Jersey";1;0;0;0;0;0;0;0;0;0;1;0;1;0;0
"05/01/2023";"06:36:00";"555";"AC03 - Aci";"222.199";"BR-116/SP";"Pista Norte";"Choque em Barreira New Jersey";1;0;0;0;0;0;0;0;0;0;1;0;0;0;0
"05/01/2023";"07:00:00";"568";"AC03 - Aci";"98.8000";"BR-116/SP";"Pista Sul";"Colisão Traseira";2;0;0;0;0;0;0;0;0;0;3;0;0;0;0
"05/01/2023";"08:09:00";"593";"AC02 - Aci";"87.5";"BR-116/SP";"Pista Sul";"Colisão Traseira";0;0;2;0;0;0;0;0;0;0;0;2;0;0;0
"05/01/2023";"08:11:00";"595";"AC03 - Aci";"280.089";"BR-116/RJ";"Pista Sul";"Outros";2;0;0;0;0;0;0;0;0;0;3;0;0;0;0
"05/01/2023";"08:24:00";"600";"AC02 - Aci";"210";"BR-116/SP";"Pista Norte";"Abalroamento Longitudinal";1;0;1;0;0;0;0;0;0;0;1;1;0;0;0
"05/01/2023";"10:05:00";"637";"AC03 - Aci";"275";"BR-116/RJ";"Pista Sul";"Colisão Traseira";2;0;0;0;0;0;0;0;0;0;3;0;0;0;0
"05/01/2023";"11:20:00";"660";"AC03 - Aci";"198";"BR-116/SP";"Pista Norte";"Choque em Defensa";1;0;0;0;0;0;0;0;0;0;2;0;0;0;0
"05/01/2023";"11:22:00";"661";"AC04 - Atr";"49.5999";"BR-101/SP";"Pista Norte";"Atropelamento de Pedestre Atravessando";0;0;0;0;0;1;0;0;0;0;1;1;0;0;0
"06/01/2023";"12:49:00";"18";"AC03 - Aci";"227";"BR-116/SP";"Pista Norte";"Colisão Traseira";2;0;0;0;0;1;0;0;0;0;6;0;0;0;0
"06/01/2023";"12:53:00";"19";"AC03 - Aci";"233.199";"BR-116/RJ";"Pista Norte";"Choque em Barreira New Jersey";0;0;1;0;0;0;0;0;0;0;1;0;0;0;0