data;horario;n_da_ocorrencia;tipo_de_ocorrencia;km;trecho;sentido;tipo_de_acidente;automovel;bicicleta;caminhao;moto;onibus;outros;tracao_animal;transporte_de_cargas_especiais;trator_maquinas;utilitarios;ilesos;levemente_feridos;moderadamente_feridos;gravemente_feridos;mortos
"12/01/2023";"06:20:00";"661";"AC03 - Aci";"290";"BR-116/RJ";"Pista Norte";"Colisão Traseira";1;0;0;0;0;1;0;0;0;0;2;0;0;0;0
"12/01/2023";"06:34:00";"670";"AC02 - Aci";"328.700";"BR-116/RJ";"Pista Sul";"Choque em Barreira New Jersey";1;0;0;0;0;0;0;0;0;0;2;2;0;0;0
"12/01/2023";"06:44:00";"683";"AC03 - Aci";"269";"BR-116/RJ";"Pista Norte";"Choque em Barreira New Jersey";1;0;0;0;0;0;0;0;0;0;1;0;0;0;0
"12/01/2023";"06:55:00";"698";"AC01 - Aci";"266";"BR-116/RJ";"Pista Sul";"Queda de moto";0;0;0;1;0;1;0;0;0;0;1;0;0;0;1
"12/01/2023";"08:35:00";"761";"AC03 - Aci";"1.39999";"BR-116/SP";"Pista Norte";"Outros";1;0;0;0;0;0;0;0;0;0;1;0;0;0;0
"12/01/2023";"09:13:00";"781";"AC03 - Aci";"106";"BR-116/SP";"Pista Norte";"Choque em objeto na pista";1;0;0;0;0;0;0;0;0;0;2;0;0;0;0
"12/01/2023";"09:20:00";"783";"AC03 - Aci";"1.20000";"BR-116/SP";"Pista Norte";"Outros";1;0;0;0;0;0;0;0;0;0;1;0;0;0;0
"12/01/2023";"09:26:00";"788";"AC02 - Aci";"135.5";"BR-116/SP";"Pista Sul";"Queda de moto";0;0;0;1;0;0;0;0;0;0;0;2;0;0;0
"12/01/2023";"09:46:00";"796";"AC03 - Aci";"234";"BR-116/RJ";"Pista Norte";"Choque Talude";1;0;0;0;0;0;0;0;0;0;1;0;0;0;0
"12/01/2023";"10:20:00";"805";"AC03 - Aci";"1.20000";"BR-116/SP";"Pista Norte";"Outros";0;0;0;0;1;0;0;0;0;0;1;0;0;0;0
"12/01/2023";"10:23:00";"807";"AC03 - Aci";"1.20000";"BR-116/SP";"Pista Norte";"Outros";1;0;0;0;0;0;0;0;0;0;1;0;0;0;0
"13/01/2023";"12:55:00";"22";"AC03 - Aci";"65";"BR-116/SP";"Pista Norte";"Choque em objeto fixo";0;0;1;0;0;0;0;0;0;0;1;0;0;0;0
"13/01/2023";"02:18:00";"40";"AC03 - Aci";"425.5";"BR-101/RJ";"Pista Sul";"Outros";1;0;0;0;0;0;0;0;0;0;1;0;0;0;0
"13/01/2023";"05:33:00";"93";"AC03 - Aci";"230";"BR-116/SP";"Pista Sul";"Abalroamento Longitudinal";2;0;0;0;0;0;0;0;0;0;2;0;0;0;0
"13/01/2023";"05:37:00";"95";"AC02 - Aci";"224.399";"BR-116/SP";"Pista Norte";"Queda de moto";0;0;0;1;0;0;0;0;0;0;0;1;0;0;0
"13/01/2023";"06:34:00";"123";"AC02 - Aci";"172.100";"BR-116/RJ";"Pista Norte";"Abalroamento Longitudinal";1;0;0;1;0;0;0;0;0;0;1;1;0;0;0
"13/01/2023";"06:47:00";"133";"AC02 - Aci";"224.399";"BR-116/SP";"Pista Norte";"Queda de moto";0;0;0;1;0;0;0;0;0;0;0;1;0;0;0
"13/01/2023";"07:48:00";"190";"AC02 - Aci";"171";"BR-116/RJ";"Pista Sul";"Queda de Carga";0;0;0;1;0;0;0;0;0;0;0;1;1;0;0
"13/01/2023";"07:48:00";"191";"AC03 - Aci";"211.5";"BR-116/SP";"Pista Sul";"Colisão Traseira";2;0;0;0;0;0;0;0;0;0;2;0;0;0;0
"13/01/2023";"08:14:00";"215";"AC02 - Aci";"139.399";"BR-116/SP";"Pista Sul";"Colisão Traseira";1;0;0;1;0;0;0;0;0;0;3;2;0;0;0
"13/01/2023";"08:45:00";"236";"AC02 - Aci";"139.399";"BR-116/SP";"Pista Sul";"Engavetamento";3;0;0;0;0;1;0;0;0;0;4;2;0;0;0
"13/01/2023";"11:31:00";"359";"AC03 - Aci";"424";"BR-101/RJ";"Pista Norte";"Abalroamento Longitudinal";2;0;0;0;0;0;0;0;0;0;2;0;0;0;0
"13/01/2023";"01:05:00";"435";"AC03 - Aci";"296.299";"BR-116/RJ";"Pista Sul";"Colisão Traseira";2;0;0;0;0;0;0;0;0;0;2;0;0;0;0
"13/01/2023";"01:06:00";"436";"AC02 - Aci";"202.899";"BR-116/SP";"Pista Norte";"Abalroamento Longitudinal";1;0;1;0;0;0;0;0;0;0;1;2;0;0;0
"13/01/2023";"01:37:00";"453";"AC03 - Aci";"146.800";"BR-116/SP";"Pista Sul";"Colisão Traseira";2;0;0;0;0;0;0;0;0;0;3;0;0;0;0
"13/01/2023";"01:49:00";"460";"AC03 - Aci";"282.799";"BR-116/RJ";"Pista Sul";"Capotamento";1;0;0;0;0;0;0;0;0;0;1;0;0;0;0
"13/01/2023";"02:39:00";"514";"AC03 - Aci";"191.5";"BR-116/SP";"Pista Norte";"Colisão Traseira";0;0;2;0;0;0;0;0;0;0;4;0;0;0;0
"13/01/2023";"03:21:00";"544";"AC02 - Aci";"138.300";"BR-116/SP";"Pista Sul";"Choque em Defensa";1;0;0;0;0;0;0;0;0;0;0;1;0;0;0
"13/01/2023";"03:22:00";"545";"AC01 - Aci";"74.4499";"BR-116/SP";"Pista Norte";"Capotamento";1;0;0;0;0;0;0;0;0;0;0;0;0;0;1
"13/01/2023";"03:54:00";"558";"AC02 - Aci";"23.3999";"BR-116/SP";"Pista Norte";"Capotamento";1;0;0;0;0;0;0;0;0;0;0;0;0;1;0
"13/01/2023";"04:22:00";"585";"AC02 - Aci";"393";"BR-101/RJ";"Pista Norte";"Colisão Traseira";1;0;0;1;0;0;0;0;0;0;1;1;0;0;0
"13/01/2023";"05:16:00";"615";"AC02 - Aci";"100.599";"BR-116/SP";"Pista Sul";"Engavetamento";3;0;0;0;0;0;0;0;0;0;4;2;0;0;0
"13/01/2023";"06:17:00";"656";"AC02 - Aci";"218";"BR-116/SP";"Pista Norte";"Queda de moto";0;0;0;1;0;0;0;0;0;0;0;1;0;0;0
"13/01/2023";"06:40:00";"671";"AC02 - Aci";"574";"BR-101/RJ";"Pista Norte";"Colisão Frontal";2;0;0;0;0;0;0;0;0;0;2;0;2;0;0
"13/01/2023";"07:10:00";"689";"AC02 - Aci";"216";"BR-116/SP";"Pista Norte";"Abalroamento Longitudinal";1;0;0;1;0;0;0;0;0;0;4;1;0;0;0
"13/01/2023";"07:35:00";"703";"AC03 - Aci";"142.600";"BR-116/SP";"Pista Norte";"Engavetamento";3;0;0;0;0;1;0;0;0;0;6;0;0;0;0
"13/01/2023";"07:45:00";"712";"AC03 - Aci";"222";"BR-116/SP";"Pista Sul";"Choque em Barreira New Jersey";1;0;0;0;0;0;0;0;0;0;2;0;0;0;0
"13/01/2023";"08:11:00";"725";"AC03 - Aci";"415.5";"BR-101/RJ";"Pista Norte";"Outros";1;0;0;0;0;0;0;0;0;0;1;0;0;0;0
"13/01/2023";"08:16:00";"730";"AC03 - Aci";"189";"BR-116/RJ";"Pista Norte";"Atropelamento de Animal";1;0;0;0;0;0;0;0;0;0;1;0;0;0;0
"13/01/2023";"08:44:00";"744";"AC03 - Aci";"275";"BR-116/RJ";"Pista Norte";"Colisão Traseira";1;0;0;0;0;1;0;0;0;0;3;0;0;0;0
"14/01/2023";"02:11:00";"52";"AC03 - Aci";"189";"BR-116/SP";"Pista Sul";"Choque em objeto fixo";1;0;0;0;0;0;0;0;0;0;1;0;0;0;0
"14/01/2023";"02:57:00";"60";"AC03 - Aci";"104";"BR-116/SP";"Pista Norte";"Choque em Barreira New Jersey";0;0;1;0;0;0;0;0;0;0;1;0;0;0;0
"14/01/2023";"03:12:00";"61";"AC04 - Atr";"227.5";"BR-116/SP";"Pista Norte";"Atropelamento de Pedestre Atravessando";1;1;0;0;0;0;0;0;0;0;1;1;0;0;0
"14/01/2023";"07:48:00";"152";"AC02 - Aci";"384";"BR-101/RJ";"Pista Sul";"Colisão Frontal";1;0;0;0;0;1;0;0;0;0;1;1;0;0;0
"14/01/2023";"07:50:00";"156";"AC03 - Aci";"174.100";"BR-116/RJ";"Pista Norte";"Engavetamento";4;0;0;0;0;0;0;0;0;0;6;0;0;0;0
"14/01/2023";"08:17:00";"176";"AC02 - Aci";"181";"BR-116/RJ";"Pista Norte";"Colisão Traseira";1;0;0;1;0;0;0;0;0;0;2;1;0;0;0
"14/01/2023";"08:43:00";"199";"AC03 - Aci";"322";"BR-116/RJ";"Pista Norte";"Queda de moto";0;0;0;1;0;0;0;0;0;0;2;0;0;0;0
"14/01/2023";"09:32:00";"229";"AC03 - Aci";"146";"BR-116/SP";"Pista Sul";"Colisão Traseira";2;0;0;0;0;0;0;0;0;0;3;0;0;0;0
"14/01/2023";"10:16:00";"263";"AC03 - Aci";"130.350";"BR-116/SP";"Pista Norte";"Colisão Traseira";2;0;0;0;0;0;0;0;0;0;7;0;0;0;0
"14/01/2023";"10:21:00";"266";"AC02 - Aci";"589.599";"BR-101/RJ";"Pista Norte";"Abalroamento Longitudinal";2;0;0;0;0;0;0;0;0;0;1;0;1;0;0
"14/01/2023";"10:33:00";"271";"AC02 - Aci";"115";"BR-116/SP";"Pista Norte";"Engavetamento";3;0;0;0;0;0;0;0;0;0;7;1;0;0;0
"14/01/2023";"11:29:00";"309";"AC02 - Aci";"120.800";"BR-116/SP";"Pista Sul";"Colisão Traseira";2;0;0;0;0;0;0;0;0;0;6;0;1;0;0
"14/01/2023";"11:38:00";"313";"AC02 - Aci";"117.199";"BR-116/SP";"Pista Norte";"Abalroamento Longitudinal";1;0;0;1;0;0;0;0;0;0;3;1;0;0;0
"14/01/2023";"12:15:00";"335";"AC03 - Aci";"119.5";"BR-116/SP";"Pista Norte";"Colisão Traseira";2;0;0;0;0;0;0;0;0;0;2;0;0;0;0
"14/01/2023";"01:34:00";"378";"AC02 - Aci";"46";"BR-101/SP";"Pista Sul";"Abalroamento Longitudinal";1;0;0;1;0;0;0;0;0;0;4;0;1;0;0
"14/01/2023";"02:03:00";"398";"AC02 - Aci";"230.100";"BR-116/SP";"Pista Norte";"Queda de moto";0;0;0;1;0;0;0;0;0;0;0;2;0;0;0
"14/01/2023";"02:15:00";"405";"AC03 - Aci";"106.300";"BR-116/SP";"Pista Sul";"Colisão Traseira";2;0;0;0;0;0;0;0;0;0;6;0;0;0;0
"14/01/2023";"03:12:00";"444";"AC03 - Aci";"183.699";"BR-116/RJ";"Pista Sul";"Colisão Traseira";2;0;0;0;0;0;0;0;0;0;6;0;0;0;0
"14/01/2023";"03:21:00";"452";"AC02 - Aci";"42.2999";"BR-116/SP";"Pista Norte";"Queda de moto";0;0;0;1;0;0;0;0;0;0;0;2;0;0;0
"14/01/2023";"03:25:00";"454";"AC03 - Aci";"122.900";"BR-116/SP";"Pista Sul";"Engavetamento";3;0;0;0;0;0;0;0;0;0;3;0;0;0;0
"14/01/2023";"04:49:00";"505";"AC03 - Aci";"104.599";"BR-116/SP";"Pista Sul";"Colisão Traseira";2;0;0;0;0;0;0;0;0;0;5;0;0;0;0
"14/01/2023";"06:17:00";"540";"AC02 - Aci";"148.100";"BR-116/SP";"Pista Sul";"Queda de moto";0;0;0;1;0;0;0;0;0;0;0;1;0;0;0
"14/01/2023";"06:58:00";"562";"AC02 - Aci";"158.5";"BR-116/SP";"Pista Norte";"Queda de moto";0;0;0;1;0;0;0;0;0;0;0;0;1;0;0
"14/01/2023";"07:18:00";"575";"AC03 - Aci";"184";"BR-116/SP";"Pista Norte";"Choque em objeto na pista";1;0;0;0;0;0;0;0;0;0;1;0;0;0;0
"14/01/2023";"08:22:00";"613";"AC02 - Aci";"179";"BR-116/RJ";"Pista Norte";"Engavetamento";3;0;0;0;0;0;0;0;0;0;10;3;1;0;0
"14/01/2023";"08:42:00";"620";"AC03 - Aci";"304.299";"BR-116/RJ";"Pista Sul";"Atropelamento de Animal";1;0;0;0;0;0;0;0;0;0;2;0;0;0;0
"14/01/2023";"08:43:00";"621";"AC03 - Aci";"275";"BR-116/RJ";"Pista Norte";"Choque em objeto na pista";1;0;0;0;0;0;0;0;0;0;1;0;0;0;0
"14/01/2023";"08:43:00";"622";"AC03 - Aci";"275";"BR-116/RJ";"Pista Norte";"Choque em objeto na pista";0;0;1;0;0;0;0;0;0;0;1;0;0;0;0
"14/01/2023";"09:24:00";"644";"AC02 - Aci";"187";"BR-116/RJ";"Pista Norte";"Colisão Traseira";2;0;0;0;0;0;0;0;0;0;0;2;0;0;0
"14/01/2023";"09:30:00";"648";"AC03 - Aci";"93.9000";"BR-116/SP";"Pista Norte";"Choque em objeto na pista";1;0;0;0;0;0;0;0;0;0;3;0;0;0;0
"14/01/2023";"11:58:00";"678";"AC02 - Aci";"146.5";"BR-116/SP";"Pista Sul";"Queda de moto";0;0;0;1;0;0;0;0;0;0;0;0;1;0;0
"15/01/2023";"12:06:00";"12";"AC02 - Aci";"206";"BR-116/SP";"Pista Sul";"Queda de moto";0;0;0;1;0;0;0;0;0;0;0;1;1;0;0
"15/01/2023";"12:11:00";"13";"AC02 - Aci";"400";"BR-101/RJ";"Pista Norte";"Choque em objeto fixo";1;0;0;0;0;0;0;0;0;0;0;2;0;0;0
"15/01/2023";"12:37:00";"14";"AC02 - Aci";"206.5";"BR-116/SP";"Pista Norte";"Capotamento";1;0;0;0;0;0;0;0;0;0;0;1;0;0;0
"15/01/2023";"12:49:00";"17";"AC03 - Aci";"214";"BR-116/SP";"Pista Sul";"Queda de moto";0;0;0;1;0;0;0;0;0;0;1;0;0;0;0
"15/01/2023";"03:18:00";"34";"AC05 - Atr";"172.399";"BR-116/RJ";"Pista Norte";"Atropelamento de Pedestre Caminhando";1;0;0;0;0;0;0;0;0;0;1;0;0;0;1
"15/01/2023";"04:55:00";"49";"AC02 - Aci";"476";"BR-101/RJ";"Pista Sul";"Choque em objeto fixo";1;0;0;0;0;0;0;0;0;0;0;1;0;0;0
"15/01/2023";"05:22:00";"57";"AC03 - Aci";"108.800";"BR-116/SP";"Pista Norte";"Choque em objeto fixo";1;0;0;0;0;0;0;0;0;0;4;0;0;0;0
"15/01/2023";"05:42:00";"65";"AC02 - Aci";"555";"BR-101/RJ";"Pista Norte";"Abalroamento Longitudinal";2;0;0;0;0;0;0;0;0;0;3;2;0;0;0
"15/01/2023";"06:09:00";"70";"AC03 - Aci";"51";"BR-116/SP";"Pista Sul";"Abalroamento Longitudinal";1;0;0;0;1;0;0;0;0;0;52;0;0;0;0
"15/01/2023";"07:24:00";"109";"AC03 - Aci";"489";"BR-101/RJ";"Pista Sul";"Colisão Traseira";1;0;0;0;0;1;0;0;0;0;2;0;0;0;0
"15/01/2023";"09:08:00";"161";"AC03 - Aci";"472";"BR-101/RJ";"Pista Norte";"Colisão Traseira";2;0;0;0;0;0;0;0;0;0;4;0;0;0;0
"15/01/2023";"09:24:00";"168";"AC03 - Aci";"412";"BR-101/RJ";"Pista Sul";"Capotamento";1;0;0;0;0;0;0;0;0;0;1;0;0;0;0
"15/01/2023";"09:28:00";"170";"AC02 - Aci";"433";"BR-101/RJ";"Pista Norte";"Colisão Traseira";2;0;0;0;0;0;0;0;0;0;1;2;0;0;0
"15/01/2023";"09:33:00";"173";"AC02 - Aci";"198";"BR-116/SP";"Pista Sul";"Abalroamento Longitudinal";0;0;1;2;0;0;0;0;0;0;2;1;0;0;0
"15/01/2023";"10:04:00";"191";"AC03 - Aci";"113.5";"BR-116/SP";"Pista Norte";"Engavetamento";4;0;0;0;0;0;0;0;0;0;10;0;0;0;0
"15/01/2023";"10:11:00";"194";"AC03 - Aci";"323";"BR-116/RJ";"Pista Sul";"Abalroamento Longitudinal";2;0;0;0;0;0;0;0;0;0;3;0;0;0;0
"15/01/2023";"11:25:00";"244";"AC02 - Aci";"229.899";"BR-116/RJ";"Pista Norte";"Queda de moto";0;0;0;1;0;0;0;0;0;0;0;0;1;0;0
"15/01/2023";"12:14:00";"283";"AC03 - Aci";"173";"BR-116/RJ";"Pista Norte";"Colisão Traseira";1;0;0;0;0;1;0;0;0;0;2;0;0;0;0
"15/01/2023";"12:32:00";"291";"AC02 - Aci";"99.5999";"BR-116/SP";"Pista Sul";"Queda de moto";0;0;0;1;0;0;0;0;0;0;0;2;0;0;0
"15/01/2023";"12:42:00";"298";"AC03 - Aci";"174";"BR-116/RJ";"Pista Norte";"Engavetamento";5;0;0;0;0;1;0;0;0;0;10;0;0;0;0
"15/01/2023";"01:30:00";"324";"AC03 - Aci";"230.399";"BR-116/SP";"Pista Sul";"Abalroamento Longitudinal";1;0;1;0;0;0;0;0;0;0;3;0;0;0;0
"15/01/2023";"02:09:00";"345";"AC03 - Aci";"204.5";"BR-116/SP";"Pista Sul";"Colisão Traseira";1;0;0;0;0;1;0;0;0;0;5;0;0;0;0
"15/01/2023";"03:25:00";"384";"AC02 - Aci";"97";"BR-116/SP";"Pista Sul";"Abalroamento Longitudinal";1;0;0;1;0;0;0;0;0;0;4;2;0;0;0
"15/01/2023";"03:51:00";"398";"AC03 - Aci";"74.3000";"BR-116/SP";"Pista Sul";"Choque em Barreira New Jersey";1;0;0;0;0;0;0;0;0;0;2;0;0;0;0
"15/01/2023";"04:40:00";"435";"AC02 - Aci";"139";"BR-116/SP";"Pista Sul";"Colisão Traseira";2;0;0;0;0;0;0;0;0;0;0;5;0;0;0
"15/01/2023";"05:25:00";"464";"AC02 - Aci";"105.5";"BR-116/SP";"Pista Sul";"Abalroamento Longitudinal";1;0;0;1;0;0;0;0;0;0;3;2;0;0;0
"15/01/2023";"05:48:00";"485";"AC03 - Aci";"178";"BR-116/RJ";"Pista Sul";"Capotamento";1;0;0;0;0;0;0;0;0;0;1;0;0;0;0
"15/01/2023";"05:59:00";"498";"AC03 - Aci";"191";"BR-116/RJ";"Pista Norte";"Engavetamento";1;0;0;0;0;3;0;0;0;0;6;0;0;0;0
"15/01/2023";"06:02:00";"501";"AC03 - Aci";"311";"BR-116/RJ";"Pista Sul";"Engavetamento";1;0;0;0;0;2;0;0;0;0;3;0;0;0;0
"15/01/2023";"06:11:00";"511";"AC04 - Atr";"455.5";"BR-101/RJ";"Pista Norte";"Atropelamento de Pedestre Atravessando";1;0;0;0;0;0;0;0;0;0;3;0;1;0;0
"15/01/2023";"08:03:00";"577";"AC02 - Aci";"187";"BR-116/SP";"Pista Sul";"Engavetamento";1;0;0;0;2;0;0;0;0;0;78;2;0;0;0
"15/01/2023";"08:44:00";"600";"AC04 - Atr";"45.7000";"BR-101/SP";"Pista Norte";"Atropelamento de Pedestre Atravessando";0;1;0;1;0;0;0;0;0;0;0;0;1;1;0
"15/01/2023";"09:39:00";"628";"AC02 - Aci";"230.399";"BR-116/SP";"Pista Sul";"Colisão Traseira";0;0;0;1;0;1;0;0;0;0;1;2;0;0;0
"15/01/2023";"09:52:00";"631";"AC03 - Aci";"299";"BR-116/RJ";"Pista Norte";"Choque em objeto na pista";1;0;0;0;0;0;0;0;0;0;3;0;0;0;0
"15/01/2023";"10:18:00";"644";"AC02 - Aci";"144.699";"BR-116/SP";"Pista Norte";"Choque em objeto na pista";0;0;0;1;0;0;0;0;0;0;0;0;1;0;0
"15/01/2023";"11:51:00";"666";"AC03 - Aci";"170";"BR-116/SP";"Pista Norte";"Atropelamento de Animal";1;0;0;0;0;0;0;0;0;0;2;0;0;0;0
"16/01/2023";"05:50:00";"64";"AC02 - Aci";"402";"BR-101/RJ";"Pista Norte";"Capotamento";1;0;0;0;0;0;0;0;0;0;2;2;0;0;0
"16/01/2023";"06:46:00";"95";"AC02 - Aci";"81";"BR-116/SP";"Pista Sul";"Queda de moto";0;0;0;1;0;0;0;0;0;0;0;1;0;0;0
"16/01/2023";"06:54:00";"103";"AC02 - Aci";"235.600";"BR-116/RJ";"Pista Norte";"Tombamento";0;0;1;0;0;0;0;0;0;0;0;0;0;1;0
"16/01/2023";"08:44:00";"195";"AC02 - Aci";"392";"BR-101/RJ";"Pista Norte";"Queda de moto";0;0;0;1;0;0;0;0;0;0;0;1;0;0;0
"16/01/2023";"09:43:00";"243";"AC02 - Aci";"119.099";"BR-116/SP";"Pista Norte";"Queda de Carga";0;0;0;1;0;0;0;0;0;0;0;2;0;0;0
"16/01/2023";"10:47:00";"297";"AC02 - Aci";"172.800";"BR-116/RJ";"Pista Norte";"Engavetamento";3;0;0;0;0;0;0;0;0;0;2;1;0;0;0
"16/01/2023";"10:50:00";"299";"AC03 - Aci";"156.800";"BR-116/SP";"Pista Norte";"Engavetamento";4;0;0;0;0;1;0;0;0;0;6;0;0;0;0
"16/01/2023";"11:45:00";"341";"AC02 - Aci";"143.800";"BR-116/SP";"Pista Norte";"Colisão Traseira";2;0;0;0;0;0;0;0;0;0;3;1;0;0;0
"16/01/2023";"12:06:00";"357";"AC03 - Aci";"282";"BR-116/RJ";"Pista Norte";"Engavetamento";2;0;0;0;0;1;0;0;0;0;4;0;0;0;0
"16/01/2023";"12:57:00";"378";"AC03 - Aci";"393";"BR-101/RJ";"Pista Sul";"Queda de ribanceira";2;0;0;0;0;0;0;0;0;0;2;0;0;0;0
"16/01/2023";"12:57:00";"379";"AC03 - Aci";"134";"BR-116/SP";"Pista Sul";"Choque em Barreira New Jersey";1;0;0;0;0;0;0;0;0;0;2;0;0;0;0
"16/01/2023";"01:49:00";"419";"AC03 - Aci";"188";"BR-116/SP";"Pista Norte";"Engavetamento";3;0;0;0;0;0;0;0;0;0;6;0;0;0;0
"16/01/2023";"02:05:00";"431";"AC03 - Aci";"324.899";"BR-116/RJ";"Pista Sul";"Colisão Traseira";1;0;1;0;0;0;0;0;0;0;2;0;0;0;0
"16/01/2023";"02:09:00";"434";"AC02 - Aci";"481";"BR-101/RJ";"Pista Sul";"Colisão Traseira";2;0;0;0;0;0;0;0;0;0;1;1;0;0;0
"16/01/2023";"03:38:00";"490";"AC03 - Aci";"133";"BR-116/SP";"Pista Norte";"Engavetamento";2;0;0;0;0;2;0;0;0;0;11;0;0;0;0
"16/01/2023";"04:43:00";"531";"AC03 - Aci";"101.400";"BR-116/SP";"Pista Sul";"Choque em objeto fixo";0;0;1;0;0;0;0;0;0;0;1;0;0;0;0
"16/01/2023";"05:12:00";"549";"AC03 - Aci";"104.849";"BR-116/SP";"Pista Sul";"Tombamento";0;0;1;0;0;0;0;0;0;0;3;0;0;0;0
"16/01/2023";"05:17:00";"553";"AC02 - Aci";"179.800";"BR-116/RJ";"Pista Sul";"Choque em Barreira New Jersey";0;0;0;1;0;0;0;0;0;0;0;0;2;0;0
"16/01/2023";"05:20:00";"555";"AC03 - Aci";"150";"BR-116/SP";"Pista Sul";"Colisão Traseira";2;0;0;0;0;0;0;0;0;0;2;0;0;0;0
"16/01/2023";"05:32:00";"567";"AC02 - Aci";"224.5";"BR-116/SP";"Pista Norte";"Engavetamento";1;0;0;2;0;0;0;0;0;0;2;1;2;0;0
"16/01/2023";"06:24:00";"609";"AC02 - Aci";"229.899";"BR-116/SP";"Pista Norte";"Abalroamento Longitudinal";1;0;0;1;0;0;0;0;0;0;1;2;0;0;0
"16/01/2023";"08:08:00";"663";"AC03 - Aci";"451";"BR-101/RJ";"Pista Sul";"Outros";1;0;0;0;0;0;0;0;0;0;1;0;0;0;0
"16/01/2023";"09:17:00";"689";"AC02 - Aci";"151.600";"BR-116/SP";"Pista Sul";"Queda de moto";0;0;0;1;0;0;0;0;0;0;0;2;0;0;0
"16/01/2023";"09:43:00";"697";"AC02 - Aci";"228.029";"BR-116/SP";"Pista Norte";"Abalroamento Longitudinal";1;0;1;0;0;0;0;0;0;0;1;1;0;0;0
"16/01/2023";"10:01:00";"703";"AC02 - Aci";"194.899";"BR-116/RJ";"Pista Norte";"Colisão Traseira";0;0;2;0;0;0;0;0;0;0;0;2;0;0;0
"16/01/2023";"10:43:00";"720";"AC03 - Aci";"428";"BR-101/RJ";"Pista Sul";"Queda de ribanceira";1;0;0;0;0;0;0;0;0;0;3;0;0;0;0
"16/01/2023";"11:46:00";"739";"AC03 - Aci";"195";"BR-116/RJ";"Pista Sul";"Outros";1;0;0;0;0;0;0;0;0;0;2;0;0;0;0
"16/01/2023";"11:59:00";"744";"AC03 - Aci";"206.699";"BR-116/SP";"Pista Norte";"Colisão Traseira";0;0;2;0;0;0;0;0;0;0;3;0;0;0;0
"17/01/2023";"03:26:00";"37";"AC03 - Aci";"283.899";"BR-116/RJ";"Pista Norte";"Abalroamento Longitudinal";0;0;1;0;0;1;0;0;0;0;2;0;0;0;0
"17/01/2023";"06:57:00";"123";"AC02 - Aci";"225.300";"BR-116/SP";"Pista Sul";"Colisão Traseira";0;0;0;1;0;1;0;0;0;0;1;1;0;0;0
"17/01/2023";"08:21:00";"198";"AC02 - Aci";"418";"BR-101/RJ";"Pista Sul";"Colisão Traseira";1;0;0;0;0;1;0;0;0;0;1;1;0;0;0
"17/01/2023";"08:25:00";"200";"AC02 - Aci";"507.899";"BR-101/RJ";"Pista Sul";"Abalroamento Longitudinal";1;0;0;1;0;0;0;0;0;0;1;1;0;0;0
"17/01/2023";"08:41:00";"220";"AC02 - Aci";"186";"BR-116/RJ";"Pista Norte";"Colisão Traseira";1;0;0;1;0;0;0;0;0;0;1;1;0;0;0
"17/01/2023";"09:03:00";"243";"AC02 - Aci";"425";"BR-101/RJ";"Pista Norte";"Engavetamento";3;0;0;0;0;0;0;0;0;0;3;1;0;0;0
"17/01/2023";"09:24:00";"257";"AC03 - Aci";"138";"BR-116/SP";"Pista Sul";"Engavetamento";1;0;0;0;0;2;0;0;0;0;5;0;0;0;0
"17/01/2023";"09:29:00";"261";"AC03 - Aci";"219.399";"BR-116/SP";"Pista Sul";"Colisão Traseira";1;0;1;0;0;0;0;0;0;0;3;0;0;0;0
"17/01/2023";"10:17:00";"303";"AC03 - Aci";"468";"BR-101/RJ";"Pista Sul";"Colisão Traseira";2;0;0;0;0;0;0;0;0;0;2;0;0;0;0
"17/01/2023";"10:27:00";"309";"AC03 - Aci";"229.300";"BR-116/SP";"Pista Sul";"Colisão Traseira";1;0;1;0;0;0;0;0;0;0;3;0;0;0;0
"17/01/2023";"10:38:00";"317";"AC03 - Aci";"512";"BR-101/RJ";"Pista Sul";"Abalroamento Longitudinal";2;0;0;0;0;0;0;0;0;0;2;0;0;0;0
"17/01/2023";"10:51:00";"324";"AC02 - Aci";"449";"BR-101/RJ";"Pista Sul";"Engavetamento";3;0;0;0;0;0;0;0;0;0;2;1;0;0;0
"17/01/2023";"11:03:00";"330";"AC03 - Aci";"52";"BR-101/SP";"Pista Norte";;1;0;0;0;0;0;0;0;0;0;1;0;0;0;0
"17/01/2023";"01:38:00";"442";"AC02 - Aci";"47";"BR-101/SP";"Pista Norte";"Queda de moto";0;0;0;1;0;0;0;0;0;0;0;1;0;0;0
"17/01/2023";"02:20:00";"474";"AC03 - Aci";"172";"BR-116/RJ";"Pista Sul";"Abalroamento Longitudinal";1;0;0;0;0;1;0;0;0;0;2;0;0;0;0
"17/01/2023";"03:33:00";"525";"AC03 - Aci";"82.9000";"BR-116/SP";"Pista Sul";"Colisão Traseira";1;0;2;0;0;0;0;0;0;0;3;0;0;0;0
"17/01/2023";"04:15:00";"555";"AC02 - Aci";"309";"BR-116/RJ";"Pista Sul";"Abalroamento Longitudinal";1;0;0;0;0;1;0;0;0;0;1;1;0;0;0
"17/01/2023";"04:33:00";"569";"AC03 - Aci";"175.100";"BR-116/RJ";"Pista Sul";"Choque em Barreira New Jersey";1;0;0;0;0;0;0;0;0;0;1;0;0;0;0
"17/01/2023";"05:03:00";"584";"AC03 - Aci";"142";"BR-116/SP";"Pista Norte";"Engavetamento";4;0;0;0;0;1;0;0;0;0;10;0;0;0;0
"17/01/2023";"05:47:00";"616";"AC04 - Atr";"112.099";"BR-116/SP";"Pista Sul";"Atropelamento de Pedestre Atravessando";0;1;0;1;0;0;0;0;0;0;1;1;0;0;0
"17/01/2023";"05:48:00";"619";"AC02 - Aci";"26.5";"BR-116/SP";"Pista Sul";"Choque em Barreira New Jersey";1;0;0;0;0;0;0;0;0;0;0;1;0;0;0
"17/01/2023";"06:32:00";"657";"AC03 - Aci";"475";"BR-101/RJ";"Pista Sul";"Choque em objeto fixo";1;0;0;0;0;0;0;0;0;0;1;0;0;0;0
"17/01/2023";"07:05:00";"686";"AC03 - Aci";"212";"BR-116/RJ";"Pista Sul";"Choque em objeto fixo";0;0;1;0;0;0;0;0;0;0;1;0;0;0;0
"17/01/2023";"09:29:00";"756";"AC03 - Aci";"434";"BR-101/RJ";"Pista Sul";"Choque em objeto fixo";1;0;0;0;0;0;0;0;0;0;1;0;0;0;0