data;horario;n_da_ocorrencia;tipo_de_ocorrencia;km;trecho;sentido;tipo_de_acidente;automovel;bicicleta;caminhao;moto;onibus;outros;tracao_animal;transporte_de_cargas_especiais;trator_maquinas;utilitarios;ilesos;levemente_feridos;moderadamente_feridos;gravemente_feridos;mortos
"17/01/2023";"09:32:00";"758";"AC03 - Aci";"129.449";"BR-116/SP";"Pista Norte";"Colisão Traseira";2;0;0;0;0;0;0;0;0;0;2;0;0;0;0
"17/01/2023";"09:46:00";"766";"AC03 - Aci";"312";"BR-116/RJ";"Pista Sul";"Choque em objeto na pista";2;0;0;0;0;0;0;0;0;0;2;0;0;0;0
"17/01/2023";"10:44:00";"787";"AC03 - Aci";"33";"BR-116/SP";"Pista Sul";"Outros";1;0;0;0;0;0;0;0;0;0;3;0;0;0;0
"18/01/2023";"09:05:00";"296";"AC03 - Aci";"284.200";"BR-116/RJ";"Pista Norte";"Colisão Traseira";2;0;0;0;0;0;0;0;0;0;2;0;0;0;0
"18/01/2023";"09:50:00";"340";"AC03 - Aci";"521.169";"BR-101/RJ";"Pista Norte";"Abalroamento Longitudinal";2;0;0;0;0;0;0;0;0;0;2;0;0;0;0
"18/01/2023";"12:09:00";"434";"AC03 - Aci";"188";"BR-116/RJ";"Pista Sul";"Colisão Traseira";2;0;0;0;0;0;0;0;0;0;2;0;0;0;0
"18/01/2023";"01:14:00";"466";"AC03 - Aci";"229.949";"BR-116/SP";"Pista Norte";"Engavetamento";1;0;3;0;0;0;0;0;0;0;4;0;0;0;0
"18/01/2023";"01:48:00";"494";"AC03 - Aci";"324.899";"BR-116/RJ";"Pista Sul";"Colisão Traseira";0;0;2;0;0;0;0;0;0;0;2;0;0;0;0
"18/01/2023";"04:13:00";"597";"AC03 - Aci";"119.5";"BR-116/SP";"Pista Norte";"Choque Talude";1;0;0;0;0;0;0;0;0;0;3;0;0;0;0
"18/01/2023";"07:33:00";"743";"AC03 - Aci";"428";"BR-101/RJ";"Pista Norte";"Choque em objeto fixo";1;0;0;0;0;0;0;0;0;0;1;0;0;0;0
"18/01/2023";"08:11:00";"764";"AC03 - Aci";"196";"BR-116/RJ";"Pista Sul";"Outros";3;0;0;0;0;0;0;0;0;0;3;0;0;0;0
"18/01/2023";"08:17:00";"770";"AC03 - Aci";"105.900";"BR-116/SP";"Pista Sul";"Abalroamento Longitudinal";0;0;2;0;0;0;0;0;0;0;2;0;0;0;0
"18/01/2023";"09:20:00";"794";"AC02 - Aci";"523";"BR-101/RJ";"Pista Norte";"Atropelamento de Animal";0;0;1;1;0;0;0;0;0;0;1;0;1;0;0
"19/01/2023";"02:27:00";"37";"AC02 - Aci";"230.5";"BR-116/SP";"Pista Sul";"Abalroamento Longitudinal";0;0;0;2;0;0;0;0;0;0;0;3;0;0;0
"19/01/2023";"06:19:00";"89";"AC02 - Aci";"311";"BR-116/RJ";"Pista Norte";"Queda de moto";0;0;0;1;0;0;0;0;0;0;0;0;1;0;0
"19/01/2023";"06:51:00";"116";"AC03 - Aci";"24";"BR-116/SP";"Pista Norte";"Colisão Traseira";0;0;2;0;0;0;0;0;0;0;2;0;0;0;0
"19/01/2023";"06:57:00";"119";"AC03 - Aci";"313";"BR-116/RJ";"Pista Norte";"Colisão Traseira";2;0;0;0;0;0;0;0;0;0;9;0;0;0;0
"19/01/2023";"07:57:00";"183";"AC03 - Aci";"407";"BR-101/RJ";"Pista Norte";"Abalroamento Longitudinal";1;0;1;0;0;0;0;0;0;0;3;0;0;0;0
"19/01/2023";"07:57:00";"184";"AC02 - Aci";"160.899";"BR-116/SP";"Pista Norte";"Abalroamento Longitudinal";1;0;0;1;0;0;0;0;0;0;1;0;1;0;0
"19/01/2023";"08:06:00";"192";"AC03 - Aci";"219";"BR-116/SP";"Pista Sul";"Colisão Traseira";1;0;0;1;0;0;0;0;0;0;3;0;0;0;0
"19/01/2023";"08:22:00";"207";"AC02 - Aci";"112.150";"BR-116/SP";"Pista Norte";"Colisão Traseira";0;0;0;1;0;1;0;0;0;0;1;1;0;0;0
"19/01/2023";"08:32:00";"214";"AC03 - Aci";"322.899";"BR-116/RJ";"Pista Sul";"Choque em objeto fixo";0;0;1;0;0;0;0;0;0;0;1;0;0;0;0
"19/01/2023";"10:17:00";"295";"AC03 - Aci";"27.2000";"BR-116/SP";"Pista Norte";"Colisão Traseira";0;0;2;0;0;0;0;0;0;0;2;0;0;0;0
"19/01/2023";"11:13:00";"336";"AC05 - Atr";"320.5";"BR-116/RJ";"Pista Norte";"Atropelamento de Pedestre Atravessando";1;1;0;0;0;0;0;0;0;0;5;0;0;0;1
"19/01/2023";"11:56:00";"364";"AC03 - Aci";"324";"BR-116/RJ";"Pista Norte";"Colisão Traseira";1;0;1;0;0;0;0;0;0;0;2;0;0;0;0
"19/01/2023";"02:54:00";"460";"AC03 - Aci";"485";"BR-101/RJ";"Pista Sul";"Colisão Traseira";2;0;0;0;0;0;0;0;0;0;2;0;0;0;0
"19/01/2023";"05:38:00";"560";"AC03 - Aci";"155";"BR-116/SP";"Pista Sul";"Colisão Traseira";1;0;0;1;0;0;0;0;0;0;2;0;0;0;0
"19/01/2023";"06:35:00";"611";"AC02 - Aci";"219";"BR-116/SP";"Pista Norte";"Colisão Traseira";1;0;0;1;0;0;0;0;0;0;1;2;0;0;0
"19/01/2023";"07:35:00";"645";"AC03 - Aci";"191.199";"BR-116/RJ";"Pista Norte";"Engavetamento";3;0;0;0;0;1;0;0;0;0;7;0;0;0;0
"19/01/2023";"08:17:00";"666";"AC02 - Aci";"573";"BR-101/RJ";"Pista Sul";"Colisão Frontal";1;0;0;1;0;0;0;0;0;0;1;1;0;0;0
"19/01/2023";"09:52:00";"694";"AC03 - Aci";"191.979";"BR-116/RJ";"Pista Norte";"Choque em Defensa";1;0;0;0;0;0;0;0;0;0;1;0;0;0;0
"20/01/2023";"12:23:00";"14";"AC02 - Aci";"226";"BR-116/RJ";"Pista Norte";"Capotamento";1;0;0;0;0;0;0;0;0;0;1;1;0;0;0
"20/01/2023";"01:30:00";"33";"AC02 - Aci";"228";"BR-116/RJ";"Pista Norte";"Engavetamento";2;0;2;0;0;1;0;0;0;0;34;1;0;0;0
"20/01/2023";"01:48:00";"38";"AC02 - Aci";"182.300";"BR-116/SP";"Pista Norte";"Colisão Traseira";0;0;1;0;1;0;0;0;0;0;32;1;0;0;0
"20/01/2023";"03:43:00";"65";"AC05 - Atr";"229.5";"BR-116/SP";"Pista Norte";"Atropelamento de Pedestre Caminhando";1;0;0;0;0;0;0;0;0;0;0;2;0;0;1
"20/01/2023";"05:03:00";"80";"AC05 - Atr";"251.800";"BR-116/RJ";"Pista Norte";"Atropelamento de Pedestre Caminhando";2;0;0;0;0;0;0;0;0;0;2;0;0;0;1
"20/01/2023";"07:10:00";"132";"AC03 - Aci";"416";"BR-101/RJ";"Pista Sul";"Abalroamento Longitudinal";2;0;0;0;0;0;0;0;0;0;2;0;0;0;0
"20/01/2023";"08:34:00";"195";"AC03 - Aci";"144.699";"BR-116/SP";"Pista Norte";"Engavetamento";3;0;0;0;0;0;0;0;0;0;3;0;0;0;0
"20/01/2023";"09:00:00";"219";"AC02 - Aci";"152.399";"BR-116/SP";"Pista Norte";"Abalroamento Longitudinal";1;0;1;0;0;0;0;0;0;0;1;1;0;0;0
"20/01/2023";"09:39:00";"245";"AC02 - Aci";"410";"BR-101/RJ";"Pista Sul";"Engavetamento";2;0;0;1;0;0;0;0;0;0;2;1;1;0;0
"20/01/2023";"10:04:00";"262";"AC03 - Aci";"211.800";"BR-116/SP";"Pista Sul";"Abalroamento Longitudinal";1;0;1;0;0;0;0;0;0;0;2;0;0;0;0
"20/01/2023";"10:12:00";"268";"AC03 - Aci";"218.300";"BR-116/SP";"Pista Sul";"Colisão Traseira";1;0;0;1;0;0;0;0;0;0;3;0;0;0;0
"20/01/2023";"11:06:00";"299";"AC03 - Aci";"423";"BR-101/RJ";"Pista Sul";"Engavetamento";3;0;0;0;0;0;0;0;0;0;3;0;0;0;0
"20/01/2023";"11:16:00";"304";"AC02 - Aci";"177";"BR-116/RJ";"Pista Sul";"Abalroamento Longitudinal";1;0;0;1;0;0;0;0;0;0;1;1;0;0;0
"20/01/2023";"11:57:00";"331";"AC04 - Atr";"485";"BR-101/RJ";"Pista Norte";"Atropelamento de Pedestre Atravessando";0;1;0;1;0;0;0;0;0;0;0;2;0;0;0
"20/01/2023";"12:07:00";"339";"AC02 - Aci";"314";"BR-116/RJ";"Pista Sul";"Choque em Barreira New Jersey";1;0;0;0;0;0;0;0;0;0;0;1;0;0;0
"20/01/2023";"12:42:00";"357";"AC03 - Aci";"42.2000";"BR-116/SP";"Pista Sul";"Colisão Traseira";2;0;0;0;0;0;0;0;0;0;5;0;0;0;0
"20/01/2023";"01:12:00";"376";"AC02 - Aci";"48";"BR-101/SP";"Pista Norte";"Abalroamento Longitudinal";1;0;0;1;0;0;0;0;0;0;1;1;0;0;0
"20/01/2023";"01:22:00";"380";"AC03 - Aci";"143.199";"BR-116/SP";"Pista Sul";"Engavetamento";3;0;0;0;0;0;0;0;0;0;4;0;0;0;0
"20/01/2023";"01:23:00";"381";"AC03 - Aci";"41.4000";"BR-116/SP";"Pista Sul";"Queda de ribanceira";1;0;0;0;0;0;0;0;0;0;1;0;0;0;0
"20/01/2023";"01:44:00";"392";"AC03 - Aci";"45";"BR-101/SP";"Pista Sul";"Colisão Traseira";2;0;0;0;0;0;0;0;0;0;2;0;0;0;0
"20/01/2023";"01:48:00";"395";"AC03 - Aci";"42.8499";"BR-116/SP";"Pista Sul";"Choque em objeto fixo";1;0;0;0;0;0;0;0;0;0;2;0;0;0;0
"20/01/2023";"02:36:00";"432";"AC03 - Aci";"452";"BR-101/RJ";"Pista Sul";"Choque em objeto fixo";1;0;0;0;0;0;0;0;0;0;2;0;0;0;0
"20/01/2023";"03:30:00";"468";"AC02 - Aci";"269.5";"BR-116/RJ";"Pista Sul";"Choque em Defensa";1;0;0;0;0;1;0;0;0;0;1;1;0;0;0
"20/01/2023";"03:49:00";"481";"AC03 - Aci";"232";"BR-116/RJ";"Pista Norte";"Choque em Barreira New Jersey";1;0;0;0;0;0;0;0;0;0;5;0;0;0;0
"20/01/2023";"04:03:00";"493";"AC03 - Aci";"269";"BR-116/RJ";"Pista Sul";"Colisão Traseira";1;0;0;0;0;1;0;0;0;0;3;0;0;0;0
"20/01/2023";"04:14:00";"498";"AC03 - Aci";"160.800";"BR-116/SP";"Pista Norte";"Colisão Traseira";0;0;2;0;0;0;0;0;0;0;2;0;0;0;0
"20/01/2023";"04:27:00";"510";"AC03 - Aci";"234.899";"BR-116/RJ";"Pista Norte";"Engavetamento";3;0;0;0;0;0;0;0;0;0;3;0;0;0;0
"20/01/2023";"04:48:00";"524";"AC02 - Aci";"213.5";"BR-116/RJ";"Pista Sul";"Queda de moto";0;0;0;1;0;0;0;0;0;0;0;1;0;0;0
"20/01/2023";"05:26:00";"546";"AC03 - Aci";"303.200";"BR-116/RJ";"Pista Sul";"Colisão Traseira";1;0;0;0;0;1;0;0;0;0;2;0;0;0;0
"20/01/2023";"05:51:00";"561";"AC03 - Aci";"238";"BR-116/RJ";"Pista Norte";"Choque em Barreira New Jersey";1;0;0;0;0;0;0;0;0;0;1;0;0;0;0
"20/01/2023";"06:12:00";"578";"AC03 - Aci";"232";"BR-116/RJ";"Pista Norte";"Choque em Barreira New Jersey";1;0;0;0;0;0;0;0;0;0;1;0;0;0;0
"20/01/2023";"06:13:00";"579";"AC03 - Aci";"148";"BR-116/SP";"Pista Norte";"Colisão Traseira";0;0;0;1;0;1;0;0;0;0;2;0;0;0;0
"20/01/2023";"06:24:00";"590";"AC02 - Aci";"148.5";"BR-116/SP";"Pista Norte";"Abalroamento Longitudinal";2;0;0;1;0;0;0;0;0;0;2;2;0;0;0
"20/01/2023";"06:53:00";"606";"AC02 - Aci";"195";"BR-116/RJ";"Pista Norte";"Queda de moto";0;0;0;1;0;0;0;0;0;0;0;2;0;0;0
"20/01/2023";"07:25:00";"628";"AC02 - Aci";"189";"BR-116/RJ";"Pista Norte";"Queda de moto";0;0;0;1;0;0;0;0;0;0;1;1;0;0;0
"20/01/2023";"07:28:00";"631";"AC02 - Aci";"25.7999";"BR-116/SP";"Pista Sul";"Engavetamento";1;0;1;0;0;1;0;0;0;0;6;2;0;0;0
"20/01/2023";"08:00:00";"647";"AC03 - Aci";"49.5";"BR-101/SP";"Pista Sul";"Colisão Traseira";2;0;0;0;0;0;0;0;0;0;3;0;0;0;0
"20/01/2023";"08:34:00";"667";"AC03 - Aci";"220";"BR-116/RJ";"Pista Norte";"Atropelamento de Animal";1;0;0;0;0;0;0;0;0;0;1;0;0;0;0
"20/01/2023";"08:37:00";"668";"AC03 - Aci";"524";"BR-101/RJ";"Pista Sul";"Choque em objeto fixo";1;0;0;0;0;0;0;0;0;0;1;0;0;0;0
"20/01/2023";"09:16:00";"682";"AC02 - Aci";"23.8999";"BR-116/SP";"Pista Norte";"Colisão Traseira";1;0;1;0;0;0;0;0;0;0;2;1;0;0;0
"20/01/2023";"10:41:00";"721";"AC03 - Aci";"227.199";"BR-116/SP";"Pista Norte";"Choque em objeto na pista";1;0;0;0;0;0;0;0;0;0;1;0;0;0;0
"20/01/2023";"11:15:00";"740";"AC03 - Aci";"521";"BR-101/RJ";"Pista Sul";"Choque em objeto fixo";1;0;0;0;0;0;0;0;0;0;1;0;0;0;0
"21/01/2023";"12:07:00";"12";"AC03 - Aci";"226.800";"BR-116/SP";"Pista Norte";"Choque em objeto na pista";0;0;1;0;0;0;0;0;0;0;1;0;0;0;0
"21/01/2023";"12:49:00";"28";"AC02 - Aci";"54.5";"BR-116/SP";"Pista Sul";"Choque em objeto fixo";1;0;0;0;0;0;0;0;0;0;0;1;0;0;0
"21/01/2023";"12:57:00";"30";"AC02 - Aci";"445";"BR-101/RJ";"Pista Sul";"Colisão Frontal";2;0;0;0;0;0;0;0;0;0;1;2;0;0;0
"21/01/2023";"04:45:00";"56";"AC03 - Aci";"53.2000";"BR-116/SP";"Pista Sul";"Abalroamento Longitudinal";1;0;1;0;0;0;0;0;0;0;2;0;0;0;0
"21/01/2023";"08:15:00";"142";"AC02 - Aci";"571";"BR-101/RJ";"Pista Sul";"Colisão Traseira";2;0;0;0;0;0;0;0;0;0;0;2;0;0;0
"21/01/2023";"09:00:00";"172";"AC04 - Atr";"46.2999";"BR-101/SP";"Pista Sul";"Atropelamento de Pedestre Atravessando";0;0;0;1;0;0;0;0;0;0;2;1;0;0;0
"21/01/2023";"09:11:00";"183";"AC03 - Aci";"178.5";"BR-116/RJ";"Pista Sul";"Colisão Traseira";1;0;0;0;0;1;0;0;0;0;2;0;0;0;0
"21/01/2023";"09:23:00";"191";"AC03 - Aci";"225.300";"BR-116/SP";"Pista Norte";"Choque em objeto fixo";1;0;0;0;0;0;0;0;0;0;2;0;0;0;0
"21/01/2023";"09:40:00";"210";"AC02 - Aci";"166.600";"BR-116/SP";"Pista Norte";"Queda de moto";0;0;0;1;0;0;0;0;0;0;0;1;0;0;0
"21/01/2023";"11:08:00";"270";"AC03 - Aci";"45.2000";"BR-116/SP";"Pista Sul";"Colisão Traseira";2;0;0;0;0;0;0;0;0;0;4;0;0;0;0
"21/01/2023";"12:48:00";"334";"AC02 - Aci";"122.099";"BR-116/SP";"Pista Sul";"Colisão Traseira";2;0;0;0;0;0;0;0;0;0;5;0;0;0;0
"21/01/2023";"12:56:00";"344";"AC03 - Aci";"185.899";"BR-116/RJ";"Pista Norte";"Engavetamento";3;0;0;0;0;0;0;0;0;0;3;0;0;0;0
"21/01/2023";"01:16:00";"352";"AC03 - Aci";"521";"BR-101/RJ";"Pista Norte";"Choque em objeto fixo";1;0;0;0;0;0;0;0;0;0;2;0;0;0;0
"21/01/2023";"02:16:00";"385";"AC03 - Aci";"455";"BR-101/RJ";"Pista Norte";"Engavetamento";3;0;0;0;0;0;0;0;0;0;6;0;0;0;0
"21/01/2023";"02:18:00";"387";"AC02 - Aci";"229";"BR-116/SP";"Pista Norte";"Colisão Traseira";1;0;0;1;0;0;0;0;0;0;4;0;1;0;0
"21/01/2023";"02:21:00";"390";"AC03 - Aci";"230.399";"BR-116/SP";"Pista Norte";"Abalroamento Longitudinal";1;0;0;1;0;0;0;0;0;0;2;0;0;0;0
"21/01/2023";"03:35:00";"431";"AC02 - Aci";"171.300";"BR-116/RJ";"Pista Sul";"Colisão Traseira";1;0;1;0;0;0;0;0;0;0;1;2;0;0;0
"21/01/2023";"03:59:00";"443";"AC03 - Aci";"39.5";"BR-101/SP";"Pista Sul";"Colisão Traseira";2;0;0;0;0;0;0;0;0;0;7;0;0;0;0
"21/01/2023";"04:25:00";"458";"AC02 - Aci";"284.299";"BR-116/RJ";"Pista Norte";"Capotamento";1;0;0;0;0;0;0;0;0;0;0;1;0;0;0
"21/01/2023";"04:55:00";"478";"AC02 - Aci";"271.399";"BR-116/RJ";"Pista Sul";"Choque em Defensa";1;0;0;0;0;0;0;0;0;0;0;4;0;0;0
"21/01/2023";"05:38:00";"502";"AC02 - Aci";"288";"BR-116/RJ";"Pista Norte";"Colisão Traseira";1;0;1;0;0;0;0;0;0;0;1;0;1;0;0
"21/01/2023";"06:11:00";"511";"AC02 - Aci";"212.399";"BR-116/SP";"Pista Sul";"Abalroamento Longitudinal";2;0;0;0;0;0;0;0;0;0;3;0;2;0;0
"21/01/2023";"06:21:00";"517";"AC02 - Aci";"310.799";"BR-116/RJ";"Pista Norte";"Choque em objeto fixo";1;0;0;0;0;0;0;0;0;0;0;1;0;0;0
"21/01/2023";"06:33:00";"525";"AC02 - Aci";"471";"BR-101/RJ";"Pista Norte";"Queda de moto";0;0;0;1;0;0;0;0;0;0;0;1;0;0;0
"21/01/2023";"06:42:00";"532";"AC03 - Aci";"37.5999";"BR-116/SP";"Pista Sul";"Choque em Barreira New Jersey";1;0;0;0;0;0;0;0;0;0;1;0;0;0;0
"21/01/2023";"06:56:00";"538";"AC03 - Aci";"251";"BR-116/RJ";"Pista Norte";"Choque em objeto na pista";1;0;0;0;0;0;0;0;0;0;1;0;0;0;0
"21/01/2023";"10:36:00";"610";"AC02 - Aci";"437";"BR-101/RJ";"Pista Norte";"Atropelamento de Animal";0;0;0;0;0;1;0;0;0;0;1;1;0;0;0
"21/01/2023";"10:45:00";"614";"AC03 - Aci";"144.5";"BR-116/SP";"Pista Norte";"Choque em objeto fixo";1;0;0;0;0;0;0;0;0;0;1;0;0;0;0
"22/01/2023";"01:36:00";"31";"AC01 - Aci";"105.599";"BR-116/SP";"Pista Sul";"Choque Talude";2;0;0;0;0;1;0;0;0;0;2;0;0;0;1
"22/01/2023";"05:09:00";"77";"AC03 - Aci";"128";"BR-116/SP";"Pista Norte";"Queda de moto";0;0;0;1;0;0;0;0;0;0;1;0;0;0;0
"22/01/2023";"05:22:00";"82";"AC04 - Atr";"34.0999";"BR-101/SP";"Pista Norte";"Atropelamento de Pedestre Atravessando";0;1;0;1;0;0;0;0;0;0;1;0;1;0;0
"22/01/2023";"07:20:00";"124";"AC02 - Aci";"301";"BR-116/RJ";"Pista Sul";"Queda de moto";0;0;0;1;0;0;0;0;0;0;0;0;0;1;0
"22/01/2023";"08:14:00";"156";"AC02 - Aci";"228.800";"BR-116/RJ";"Pista Norte";"Queda de Carga";0;0;0;1;0;0;0;0;0;0;0;2;0;0;0
"22/01/2023";"08:42:00";"179";"AC03 - Aci";"121";"BR-116/SP";"Pista Norte";"Colisão Traseira";1;0;0;0;0;2;0;0;0;0;3;0;0;0;0
"22/01/2023";"09:00:00";"189";"AC03 - Aci";"121.099";"BR-116/SP";"Pista Norte";"Colisão Traseira";3;0;0;0;0;0;0;0;0;0;7;0;0;0;0
"22/01/2023";"09:12:00";"196";"AC03 - Aci";"121.300";"BR-116/SP";"Pista Norte";"Colisão Traseira";2;0;0;0;0;0;0;0;0;0;10;0;0;0;0
"22/01/2023";"09:55:00";"221";"AC02 - Aci";"51";"BR-101/SP";"Pista Norte";"Abalroamento Longitudinal";1;0;0;1;0;0;0;0;0;0;2;0;1;0;0
"22/01/2023";"10:58:00";"261";"AC02 - Aci";"95.5";"BR-116/SP";"Pista Norte";"Engavetamento";3;0;0;1;0;0;0;0;0;0;8;0;1;0;0
"22/01/2023";"11:18:00";"271";"AC04 - Atr";"580.099";"BR-101/RJ";"Pista Norte";"Atropelamento de Pedestre Atravessando";0;1;0;0;1;0;0;0;0;0;1;0;1;0;0
"22/01/2023";"12:18:00";"304";"AC02 - Aci";"223";"BR-116/SP";"Pista Norte";"Queda de moto";0;0;0;1;0;0;0;0;0;0;1;1;0;0;0
"22/01/2023";"01:28:00";"335";"AC01 - Aci";"40.2000";"BR-116/SP";"Pista Sul";"Choque em Barreira New Jersey";0;0;0;1;0;0;0;0;0;0;0;0;0;0;1
"22/01/2023";"02:03:00";"352";"AC03 - Aci";"420";"BR-101/RJ";"Pista Sul";"Colisão Traseira";2;0;0;0;0;0;0;0;0;0;2;0;0;0;0
"22/01/2023";"02:32:00";"374";"AC03 - Aci";"45.3499";"BR-116/SP";"Pista Norte";"Abalroamento Longitudinal";1;0;0;0;0;1;0;0;0;0;3;0;0;0;0
"22/01/2023";"03:25:00";"408";"AC03 - Aci";"35";"BR-101/SP";"Pista Norte";"Colisão Traseira";1;0;0;0;0;1;0;0;0;0;5;0;0;0;0
"22/01/2023";"03:43:00";"427";"AC02 - Aci";"211.5";"BR-116/SP";"Pista Norte";"Colisão Traseira";2;0;0;0;0;0;0;0;0;0;3;2;0;0;0
"22/01/2023";"03:47:00";"432";"AC02 - Aci";"81.5500";"BR-116/SP";"Pista Sul";"Capotamento";1;0;1;0;0;0;0;0;0;0;2;2;3;0;0
"22/01/2023";"04:08:00";"445";"AC03 - Aci";"291";"BR-116/RJ";"Pista Norte";"Colisão Traseira";2;0;0;0;0;0;0;0;0;0;2;0;0;0;0
"22/01/2023";"04:12:00";"447";"AC03 - Aci";"439";"BR-101/RJ";"Pista Norte";"Engavetamento";2;0;0;1;0;0;0;0;0;0;3;0;0;0;0
"22/01/2023";"05:29:00";"499";"AC02 - Aci";"216";"BR-116/SP";"Pista Norte";"Choque em Barreira New Jersey";1;0;0;0;0;0;0;0;0;0;4;1;0;0;0
"22/01/2023";"06:37:00";"544";"AC02 - Aci";"189";"BR-116/RJ";"Pista Norte";"Queda de moto";0;0;0;1;0;0;0;0;0;0;0;1;0;0;0
"22/01/2023";"07:19:00";"570";"AC02 - Aci";"186";"BR-116/RJ";"Pista Norte";"Queda de moto";0;0;0;1;0;0;0;0;0;0;0;1;0;0;0
"22/01/2023";"07:56:00";"585";"AC03 - Aci";"431";"BR-101/RJ";"Pista Norte";"Choque em objeto fixo";1;0;0;0;0;0;0;0;0;0;1;0;0;0;0
"22/01/2023";"08:21:00";"596";"AC02 - Aci";"45";"BR-101/SP";"Pista Norte";"Colisão Frontal";2;0;0;0;0;0;0;0;0;0;1;1;0;0;0
"22/01/2023";"08:57:00";"614";"AC03 - Aci";"172";"BR-116/RJ";"Pista Norte";"Choque em Barreira New Jersey";1;0;0;0;0;0;0;0;0;0;1;0;0;0;0
"23/01/2023";"12:22:00";"23";"AC02 - Aci";"178";"BR-116/RJ";"Pista Sul";"Choque em Barreira New Jersey";1;0;0;0;0;0;0;0;0;0;0;0;1;0;0
"23/01/2023";"01:33:00";"35";"AC02 - Aci";"435";"BR-101/RJ";"Pista Sul";"Capotamento";1;0;0;0;0;0;0;0;0;0;0;0;1;0;0
"23/01/2023";"02:23:00";"47";"AC02 - Aci";"139.399";"BR-116/SP";"Pista Norte";"Choque em Barreira New Jersey";1;0;0;0;0;0;0;0;0;0;0;0;1;0;0
"23/01/2023";"02:51:00";"50";"AC03 - Aci";"89";"BR-116/SP";"Pista Norte";"Choque em objeto na pista";1;0;0;0;0;0;0;0;0;0;3;0;0;0;0
"23/01/2023";"02:53:00";"51";"AC03 - Aci";"89";"BR-116/SP";"Pista Norte";"Choque em objeto na pista";1;0;0;0;0;0;0;0;0;0;4;0;0;0;0
"23/01/2023";"04:36:00";"79";"AC03 - Aci";"215.100";"BR-116/SP";"Pista Sul";"Choque em Barreira New Jersey";1;0;0;0;0;0;0;0;0;0;1;0;0;0;0
"23/01/2023";"04:51:00";"84";"AC03 - Aci";"224.899";"BR-116/SP";"Pista Norte";"Engavetamento";0;0;4;0;0;0;0;0;0;0;4;0;0;0;0
"23/01/2023";"07:52:00";"176";"AC03 - Aci";"109";"BR-116/SP";"Pista Sul";"Choque em Defensa";1;0;0;0;0;0;0;0;0;0;4;0;0;0;0
"23/01/2023";"08:21:00";"206";"AC04 - Atr";"281";"BR-116/RJ";"Pista Norte";"Atropelamento de Pedestre Atravessando";0;1;0;1;0;0;0;0;0;0;0;1;1;0;0
"23/01/2023";"09:11:00";"246";"AC02 - Aci";"478";"BR-101/RJ";"Pista Norte";"Colisão Frontal";1;0;0;1;0;0;0;0;0;0;0;2;0;0;0
"23/01/2023";"09:44:00";"276";"AC03 - Aci";"492";"BR-101/RJ";"Pista Norte";"Colisão Traseira";2;0;0;0;0;0;0;0;0;0;2;0;0;0;0
"23/01/2023";"09:57:00";"284";"AC03 - Aci";"503";"BR-101/RJ";"Pista Sul";"Colisão Traseira";2;0;0;0;0;0;0;0;0;0;2;0;0;0;0
"23/01/2023";"10:16:00";"294";"AC03 - Aci";"477";"BR-101/RJ";"Pista Sul";"Engavetamento";2;0;0;0;0;1;0;0;0;0;3;0;0;0;0
"23/01/2023";"10:24:00";"302";"AC03 - Aci";"419";"BR-101/RJ";"Pista Sul";"Engavetamento";3;0;0;0;0;1;0;0;0;0;4;0;0;0;0
"23/01/2023";"11:01:00";"328";"AC03 - Aci";"86.9499";"BR-116/SP";"Pista Sul";"Outros";1;0;0;0;0;0;0;0;0;0;2;0;0;0;0
"23/01/2023";"11:56:00";"362";"AC03 - Aci";"450";"BR-101/RJ";"Pista Norte";"Colisão Traseira";1;0;1;0;0;0;0;0;0;0;5;0;0;0;0
"23/01/2023";"01:17:00";"411";"AC02 - Aci";"229.300";"BR-116/RJ";"Pista Norte";"Engavetamento";0;0;3;0;0;0;0;0;0;0;2;1;0;0;0
"23/01/2023";"02:27:00";"453";"AC02 - Aci";"416";"BR-101/RJ";"Pista Sul";"Capotamento";1;0;0;0;0;0;0;0;0;0;0;1;0;0;0
"23/01/2023";"03:54:00";"517";"AC02 - Aci";"173";"BR-116/RJ";"Pista Sul";"Colisão Traseira";1;0;0;1;0;0;0;0;0;0;1;1;0;0;0
"23/01/2023";"04:12:00";"528";"AC03 - Aci";"211.5";"BR-116/SP";"Pista Sul";"Engavetamento";2;0;1;0;0;0;0;0;0;0;4;0;0;0;0
"23/01/2023";"05:06:00";"567";"AC02 - Aci";"153.699";"BR-116/SP";"Pista Sul";"Choque em Defensa";1;0;1;0;0;0;0;0;0;0;14;3;0;0;0
"23/01/2023";"05:11:00";"569";"AC02 - Aci";"216";"BR-116/SP";"Pista Norte";"Colisão Traseira";1;0;0;1;0;0;0;0;0;0;1;0;1;0;0
"23/01/2023";"06:35:00";"628";"AC02 - Aci";"247.399";"BR-116/RJ";"Pista Norte";"Colisão Traseira";0;0;2;0;0;0;0;0;0;0;1;1;0;0;0
"23/01/2023";"06:39:00";"630";"AC01 - Aci";"244.399";"BR-116/RJ";"Pista Norte";"Engavetamento";1;0;3;0;0;0;0;0;0;0;7;0;0;0;1
"23/01/2023";"08:00:00";"684";"AC02 - Aci";"328.350";"BR-116/RJ";"Pista Sul";"Colisão Traseira";0;0;2;0;0;0;0;0;0;0;1;1;0;0;0
"23/01/2023";"09:08:00";"714";"AC03 - Aci";"316";"BR-116/RJ";"Pista Norte";"Choque em Barreira New Jersey";1;0;0;0;0;0;0;0;0;0;2;0;0;0;0
"23/01/2023";"10:49:00";"740";"AC03 - Aci";"480.600";"BR-101/RJ";"Pista Sul";"Outros";1;0;0;0;0;0;0;0;0;0;1;0;0;0;0
"24/01/2023";"01:04:00";"33";"AC02 - Aci";"202.800";"BR-116/RJ";"Pista Sul";"Colisão Traseira";1;0;0;0;0;1;0;0;0;0;1;1;0;0;0
"24/01/2023";"07:15:00";"132";"AC02 - Aci";"220";"BR-116/SP";"Pista Sul";"Colisão Traseira";1;0;0;1;0;0;0;0;0;0;1;1;0;0;0
"24/01/2023";"08:13:00";"172";"AC03 - Aci";"390";"BR-101/RJ";"Pista Sul";"Queda de ribanceira";1;0;0;0;0;0;0;0;0;0;1;0;0;0;0