data;horario;n_da_ocorrencia;tipo_de_ocorrencia;km;trecho;sentido;tipo_de_acidente;automovel;bicicleta;caminhao;moto;onibus;outros;tracao_animal;transporte_de_cargas_especiais;trator_maquinas;utilitarios;ilesos;levemente_feridos;moderadamente_feridos;gravemente_feridos;mortos
"04/02/2023";"06:39:00";"518";"AC02 - Aci";"47";"BR-101/SP";"Pista Sul";"Atropelamento de Pedestre Atravessando";1;1;0;0;0;0;0;0;0;0;1;0;1;0;0
"04/02/2023";"07:47:00";"560";"AC02 - Aci";"97.9000";"BR-116/SP";"Pista Sul";"Colisão Traseira";1;0;1;0;0;0;0;0;0;0;1;0;1;0;0
"04/02/2023";"08:06:00";"573";"AC03 - Aci";"282";"BR-116/RJ";"Pista Sul";"Abalroamento Longitudinal";1;0;0;0;0;1;0;0;0;0;5;0;0;0;0
"04/02/2023";"09:47:00";"614";"AC03 - Aci";"136";"BR-116/SP";"Pista Norte";"Choque Talude";0;0;1;0;0;0;0;0;0;0;1;0;0;0;0
"04/02/2023";"11:19:00";"642";"AC02 - Aci";"397.200";"BR-101/RJ";"Pista Norte";"Outros";1;0;0;0;0;0;0;0;0;0;1;1;0;0;0
"05/02/2023";"12:56:00";"27";"AC02 - Aci";"183";"BR-116/RJ";"Pista Sul";"Engavetamento";3;0;0;0;0;0;0;0;0;0;7;1;0;0;0
"05/02/2023";"01:33:00";"37";"AC02 - Aci";"528";"BR-101/RJ";"Pista Norte";"Queda de moto";0;0;0;1;0;0;0;0;0;0;0;1;0;0;0
"05/02/2023";"02:15:00";"45";"AC03 - Aci";"269";"BR-116/RJ";"Pista Sul";"Choque em Defensa";0;0;1;0;0;0;0;0;0;0;1;0;0;0;0
"05/02/2023";"03:08:00";"60";"AC03 - Aci";"98";"BR-116/SP";"Pista Norte";"Outros";1;0;0;0;0;0;0;0;0;0;2;0;0;0;0
"05/02/2023";"03:13:00";"61";"AC03 - Aci";"196.149";"BR-116/RJ";"Pista Norte";"Atropelamento de Animal";1;0;0;0;0;0;0;0;0;0;1;0;0;0;0
"05/02/2023";"04:32:00";"75";"AC02 - Aci";"306.049";"BR-116/RJ";"Pista Norte";"Abalroamento Longitudinal";0;0;1;1;0;0;0;0;0;0;1;1;0;0;0
"05/02/2023";"04:44:00";"77";"AC03 - Aci";"507.600";"BR-101/RJ";"Pista Sul";"Choque em objeto fixo";1;0;0;0;0;0;0;0;0;0;1;0;0;0;0
"05/02/2023";"05:11:00";"86";"AC03 - Aci";"156.199";"BR-116/SP";"Pista Sul";"Choque em objeto fixo";1;0;0;0;0;0;0;0;0;0;1;0;0;0;0
"05/02/2023";"05:14:00";"89";"AC03 - Aci";"215.75";"BR-116/SP";"Pista Norte";"Capotamento";1;0;0;0;0;0;0;0;0;0;1;0;0;0;0
"05/02/2023";"05:42:00";"99";"AC03 - Aci";"215.5";"BR-116/SP";"Pista Norte";"Queda de moto";0;0;0;1;0;0;0;0;0;0;1;0;0;0;0
"05/02/2023";"06:56:00";"124";"AC02 - Aci";"194.5";"BR-116/RJ";"Pista Sul";"Colisão Traseira";2;0;0;0;0;0;0;0;0;0;3;0;1;0;0
"05/02/2023";"08:05:00";"157";"AC02 - Aci";"548";"BR-101/RJ";"Pista Norte";"Colisão Frontal";1;0;0;1;0;0;0;0;0;0;3;1;0;0;0
"05/02/2023";"08:35:00";"174";"AC02 - Aci";"178.75";"BR-116/SP";"Pista Norte";"Colisão Traseira";2;0;0;0;0;0;0;0;0;0;8;1;1;0;0
"05/02/2023";"09:16:00";"201";"AC02 - Aci";"538";"BR-101/RJ";"Pista Norte";"Colisão Frontal";1;0;0;1;0;0;0;0;0;0;2;1;0;0;0
"05/02/2023";"10:39:00";"234";"AC02 - Aci";"186.199";"BR-116/SP";"Pista Sul";"Queda de moto";0;0;0;1;0;0;0;0;0;0;1;0;1;0;0
"05/02/2023";"10:54:00";"241";"AC03 - Aci";"419.5";"BR-101/RJ";"Pista Sul";"Colisão Traseira";1;0;0;0;0;1;0;0;0;0;2;0;0;0;0
"05/02/2023";"01:01:00";"307";"AC02 - Aci";"418";"BR-101/RJ";"Pista Norte";"Engavetamento";3;0;0;0;0;0;0;0;0;0;2;1;0;0;0
"05/02/2023";"04:01:00";"389";"AC02 - Aci";"575";"BR-101/RJ";"Pista Norte";"Colisão Traseira";2;0;0;0;0;0;0;0;0;0;2;1;0;0;0
"05/02/2023";"04:34:00";"418";"AC03 - Aci";"413";"BR-101/RJ";"Pista Norte";"Engavetamento";3;0;0;0;0;0;0;0;0;0;3;0;0;0;0
"05/02/2023";"05:17:00";"444";"AC03 - Aci";"122";"BR-116/SP";"Pista Sul";"Colisão Traseira";2;0;0;0;0;0;0;0;0;0;5;0;0;0;0
"05/02/2023";"05:40:00";"460";"AC02 - Aci";"565";"BR-101/RJ";"Pista Norte";"Choque em objeto fixo";1;0;0;0;0;0;0;0;0;0;0;2;0;0;0
"05/02/2023";"05:45:00";"462";"AC03 - Aci";"413";"BR-101/RJ";"Pista Norte";"Abalroamento Longitudinal";1;0;0;0;0;1;0;0;0;0;3;0;0;0;0
"05/02/2023";"06:04:00";"475";"AC03 - Aci";"196";"BR-116/SP";"Pista Sul";"Choque em Barreira New Jersey";2;0;0;0;0;1;0;0;0;0;7;0;0;0;0
"05/02/2023";"06:54:00";"514";"AC03 - Aci";"582";"BR-101/RJ";"Pista Norte";"Capotamento";1;0;0;0;0;0;0;0;0;0;4;0;0;0;0
"05/02/2023";"06:59:00";"517";"AC03 - Aci";"250";"BR-116/RJ";"Pista Norte";"Abalroamento Longitudinal";2;0;0;0;0;0;0;0;0;0;3;0;0;0;0
"05/02/2023";"07:19:00";"533";"AC03 - Aci";"428";"BR-101/RJ";"Pista Norte";"Choque em objeto fixo";1;0;0;0;0;0;0;0;0;0;4;0;0;0;0
"05/02/2023";"07:33:00";"545";"AC03 - Aci";"509.600";"BR-101/RJ";"Pista Norte";"Choque em Barreira New Jersey";1;0;0;0;0;0;0;0;0;0;1;0;0;0;0
"05/02/2023";"08:13:00";"565";"AC03 - Aci";"419";"BR-101/RJ";"Pista Norte";"Colisão Traseira";2;0;0;0;0;0;0;0;0;0;6;0;0;0;0
"05/02/2023";"09:54:00";"612";"AC02 - Aci";"172.800";"BR-116/RJ";"Pista Norte";"Choque em Defensa";1;0;0;0;0;0;0;0;0;0;0;1;0;0;0
"05/02/2023";"10:11:00";"617";"AC03 - Aci";"197";"BR-116/SP";"Pista Sul";"Colisão Traseira";1;0;0;0;0;1;0;0;0;0;4;0;0;0;0
"05/02/2023";"10:25:00";"623";"AC02 - Aci";"415";"BR-101/RJ";"Pista Sul";"Capotamento";1;0;0;0;0;0;0;0;0;0;0;0;1;0;0
"05/02/2023";"10:58:00";"638";"AC02 - Aci";"445";"BR-101/RJ";"Pista Sul";"Choque em objeto fixo";1;0;0;0;0;0;0;0;0;0;0;1;0;0;0
"05/02/2023";"11:51:00";"655";"AC02 - Aci";"580";"BR-101/RJ";"Pista Norte";"Choque em objeto fixo";1;0;0;0;0;0;0;0;0;0;0;1;0;0;0
"05/02/2023";"11:55:00";"658";"AC03 - Aci";"436";"BR-101/RJ";"Pista Sul";"Choque em objeto fixo";1;0;0;0;0;0;0;0;0;0;1;0;0;0;0
"06/02/2023";"12:07:00";"16";"AC03 - Aci";"228";"BR-116/SP";"Pista Norte";"Choque em Barreira New Jersey";1;0;0;0;0;0;0;0;0;0;1;0;0;0;0
"06/02/2023";"12:26:00";"20";"AC03 - Aci";"238.399";"BR-116/RJ";"Pista Sul";"Choque em Barreira New Jersey";1;0;0;0;0;0;0;0;0;0;2;0;0;0;0
"06/02/2023";"02:33:00";"42";"AC03 - Aci";"476";"BR-101/RJ";"Pista Sul";"Choque em objeto fixo";1;0;0;0;0;0;0;0;0;0;1;0;0;0;0
"06/02/2023";"04:37:00";"56";"AC03 - Aci";"197.399";"BR-116/SP";"Pista Sul";"Colisão Traseira";0;0;2;0;0;0;0;0;0;0;2;0;0;0;0
"06/02/2023";"06:11:00";"82";"AC02 - Aci";"243.600";"BR-116/RJ";"Pista Norte";"Choque em Barreira New Jersey";0;0;1;0;0;0;0;0;0;0;0;1;0;0;0
"06/02/2023";"06:41:00";"95";"AC02 - Aci";"186";"BR-116/RJ";"Pista Norte";"Abalroamento Longitudinal";1;0;0;1;0;0;0;0;0;0;1;2;0;0;0
"06/02/2023";"06:45:00";"100";"AC03 - Aci";"245.300";"BR-116/RJ";"Pista Norte";"Colisão Traseira";1;0;1;0;0;0;0;0;0;0;2;0;0;0;0
"06/02/2023";"07:24:00";"125";"AC03 - Aci";"20.9500";"BR-116/SP";"Pista Norte";"Choque em Barreira New Jersey";1;0;0;0;0;0;0;0;0;0;5;0;0;0;0
"06/02/2023";"08:18:00";"159";"AC02 - Aci";"185.100";"BR-116/RJ";"Pista Norte";"Colisão Traseira";2;0;0;1;0;0;0;0;0;0;6;1;0;0;0
"06/02/2023";"08:52:00";"190";"AC03 - Aci";"173.5";"BR-116/SP";"Pista Norte";"Choque em objeto fixo";1;0;0;0;0;0;0;0;0;0;1;0;0;0;0
"06/02/2023";"09:38:00";"230";"AC03 - Aci";"140.5";"BR-116/SP";"Pista Sul";"Colisão Traseira";2;0;0;0;0;0;0;0;0;0;4;0;0;0;0
"06/02/2023";"09:48:00";"237";"AC03 - Aci";"97.9000";"BR-116/SP";"Pista Sul";"Choque em objeto na pista";2;0;1;0;0;0;0;0;0;0;4;0;0;0;0
"06/02/2023";"09:59:00";"244";"AC03 - Aci";"504";"BR-101/RJ";"Pista Norte";"Engavetamento";3;0;0;0;0;0;0;0;0;0;9;0;0;0;0
"06/02/2023";"10:11:00";"251";"AC03 - Aci";"186";"BR-116/RJ";"Pista Sul";"Colisão Traseira";1;0;1;0;0;0;0;0;0;0;2;0;0;0;0
"06/02/2023";"10:41:00";"266";"AC03 - Aci";"309.5";"BR-116/RJ";"Pista Sul";"Abalroamento Longitudinal";2;0;0;0;0;0;0;0;0;0;2;0;0;0;0
"06/02/2023";"01:24:00";"366";"AC03 - Aci";"67";"BR-116/SP";"Pista Norte";"Choque em objeto fixo";1;0;0;0;0;0;0;0;0;0;1;0;0;0;0
"06/02/2023";"03:42:00";"437";"AC02 - Aci";"311";"BR-116/RJ";"Pista Norte";"Colisão Traseira";1;0;1;0;0;0;0;0;0;0;1;1;0;0;0
"06/02/2023";"05:25:00";"481";"AC03 - Aci";"216.800";"BR-116/SP";"Pista Norte";"Choque em Barreira New Jersey";0;0;1;0;0;0;0;0;0;0;1;0;0;0;0
"06/02/2023";"05:36:00";"486";"AC02 - Aci";"515.799";"BR-101/RJ";"Pista Sul";"Capotamento";1;0;0;0;0;0;0;0;0;0;1;3;0;0;0
"06/02/2023";"06:24:00";"517";"AC02 - Aci";"155.600";"BR-116/SP";"Pista Norte";"Queda de moto";0;0;0;1;0;0;0;0;0;0;0;1;0;0;0
"06/02/2023";"06:36:00";"528";"AC02 - Aci";"548";"BR-101/RJ";"Pista Norte";"Choque em objeto fixo";1;0;0;0;0;0;0;0;0;0;0;0;1;0;0
"06/02/2023";"06:50:00";"540";"AC02 - Aci";"149.399";"BR-116/SP";"Pista Norte";"Colisão Traseira";0;0;0;1;0;1;0;0;0;0;1;1;0;0;0
"06/02/2023";"06:54:00";"543";"AC02 - Aci";"574";"BR-101/RJ";"Pista Sul";"Abalroamento Longitudinal";2;0;0;0;0;0;0;0;0;0;0;2;0;0;0
"06/02/2023";"07:30:00";"562";"AC02 - Aci";"142.300";"BR-116/SP";"Pista Norte";"Outros";1;0;0;0;0;0;0;0;0;0;0;1;0;0;0
"06/02/2023";"07:42:00";"569";"AC02 - Aci";"172.899";"BR-116/RJ";"Pista Sul";"Outros";0;0;0;0;1;0;0;0;0;0;0;2;0;0;0
"06/02/2023";"07:46:00";"570";"AC02 - Aci";"150";"BR-116/SP";"Pista Sul";"Colisão Traseira";0;0;0;1;0;0;0;0;0;0;0;1;0;0;0
"06/02/2023";"07:51:00";"573";"AC03 - Aci";"151";"BR-116/SP";"Pista Norte";"Colisão Traseira";1;0;0;0;0;1;0;0;0;0;5;0;0;0;0
"06/02/2023";"09:02:00";"604";"AC02 - Aci";"504";"BR-101/RJ";"Pista Sul";"Colisão Traseira";1;0;0;1;0;0;0;0;0;0;1;0;1;0;0
"06/02/2023";"10:39:00";"634";"AC03 - Aci";"102.550";"BR-116/SP";"Pista Sul";"Colisão Traseira";0;0;2;0;0;0;0;0;0;0;3;0;0;0;0
"06/02/2023";"10:52:00";"640";"AC02 - Aci";"442";"BR-101/RJ";"Pista Sul";"Abalroamento Longitudinal";1;0;0;0;0;2;0;0;0;0;3;1;0;0;0
"06/02/2023";"11:28:00";"656";"AC02 - Aci";"176.199";"BR-116/RJ";"Pista Sul";"Abalroamento Longitudinal";0;0;0;1;0;1;0;0;0;0;1;0;2;0;0
"07/02/2023";"02:55:00";"35";"AC03 - Aci";"223";"BR-116/SP";"Pista Norte";"Choque em objeto fixo";1;0;0;0;0;0;0;0;0;0;1;0;0;0;0
"07/02/2023";"04:44:00";"55";"AC03 - Aci";"61";"BR-116/SP";"Pista Sul";"Choque em Barreira New Jersey";1;0;0;0;0;0;0;0;0;0;3;0;0;0;0
"07/02/2023";"06:38:00";"104";"AC02 - Aci";"181";"BR-116/RJ";"Pista Norte";"Queda de moto";0;0;0;1;0;0;0;0;0;0;0;2;0;0;0
"07/02/2023";"07:04:00";"126";"AC03 - Aci";"339";"BR-116/RJ";"Pista Norte";"Colisão Traseira";0;0;2;0;0;0;0;0;0;0;2;0;0;0;0
"07/02/2023";"08:15:00";"176";"AC03 - Aci";"35";"BR-101/SP";"Pista Norte";"Colisão Traseira";2;0;0;0;0;0;0;0;0;0;3;0;0;0;0
"07/02/2023";"11:31:00";"295";"AC02 - Aci";"172";"BR-116/RJ";"Pista Norte";"Choque em Barreira New Jersey";0;0;1;0;0;0;0;0;0;0;0;1;0;0;0
"07/02/2023";"11:31:00";"296";"AC02 - Aci";"171.699";"BR-116/RJ";"Pista Sul";"Choque em Barreira New Jersey";1;0;1;1;0;0;0;0;0;0;3;1;1;0;0
"07/02/2023";"12:13:00";"314";"AC03 - Aci";"113";"BR-116/SP";"Pista Sul";"Choque em Barreira New Jersey";0;0;1;0;0;0;0;0;0;0;1;0;0;0;0
"07/02/2023";"12:22:00";"322";"AC03 - Aci";"102.400";"BR-116/SP";"Pista Sul";"Choque em objeto fixo";1;0;0;0;0;0;0;0;0;0;1;0;0;0;0
"07/02/2023";"12:24:00";"323";"AC03 - Aci";"1.39999";"BR-101/SP";"Pista Norte";"Choque em objeto fixo";0;0;1;0;0;0;0;0;0;0;1;0;0;0;0
"07/02/2023";"01:34:00";"359";"AC03 - Aci";"211.5";"BR-116/SP";"Pista Sul";"Engavetamento";2;0;0;0;0;2;0;0;0;0;5;0;0;0;0
"07/02/2023";"02:54:00";"402";"AC02 - Aci";"179.300";"BR-116/RJ";"Pista Sul";"Engavetamento";3;0;1;0;0;1;0;0;0;0;4;1;0;0;0
"07/02/2023";"03:02:00";"406";"AC03 - Aci";"219.199";"BR-116/SP";"Pista Sul";"Colisão Traseira";1;0;0;1;0;0;0;0;0;0;4;0;0;0;0
"07/02/2023";"03:51:00";"425";"AC03 - Aci";"433";"BR-101/RJ";"Pista Norte";"Colisão Traseira";1;0;0;0;1;0;0;0;0;0;19;0;0;0;0
"07/02/2023";"04:01:00";"430";"AC03 - Aci";"40";"BR-101/SP";"Pista Norte";"Choque em objeto fixo";1;0;0;0;0;0;0;0;0;0;1;0;0;0;0
"07/02/2023";"04:07:00";"436";"AC03 - Aci";"267";"BR-116/RJ";"Pista Norte";"Abalroamento Longitudinal";1;0;0;0;0;1;0;0;0;0;3;0;0;0;0
"07/02/2023";"05:25:00";"476";"AC03 - Aci";"139.5";"BR-116/SP";"Pista Sul";"Colisão Traseira";2;0;0;0;0;0;0;0;0;0;2;0;0;0;0
"07/02/2023";"06:58:00";"534";"AC03 - Aci";"24.5";"BR-101/SP";"Pista Norte";"Queda de ribanceira";1;0;0;0;0;0;0;0;0;0;2;0;0;0;0
"07/02/2023";"07:00:00";"536";"AC03 - Aci";"226";"BR-116/SP";"Pista Norte";;0;0;0;1;0;0;0;0;0;0;1;0;0;0;0
"07/02/2023";"07:33:00";"554";"AC03 - Aci";"144.399";"BR-116/SP";"Pista Sul";"Choque em objeto na pista";1;0;1;0;0;0;0;0;0;0;3;0;0;0;0
"07/02/2023";"07:34:00";"555";"AC02 - Aci";"491.5";"BR-101/RJ";"Pista Sul";"Colisão Frontal";2;0;0;0;0;0;0;0;0;0;0;2;0;0;0
"07/02/2023";"07:35:00";"556";"AC02 - Aci";"144.350";"BR-116/SP";"Pista Norte";"Choque em Barreira New Jersey";0;0;1;0;0;0;0;0;0;0;0;0;1;0;0
"07/02/2023";"07:37:00";"559";"AC03 - Aci";"432";"BR-101/RJ";"Pista Sul";"Choque em objeto fixo";1;0;0;0;0;0;0;0;0;0;1;0;0;0;0
"07/02/2023";"09:04:00";"598";"AC02 - Aci";"214.800";"BR-116/RJ";"Pista Norte";"Choque em Barreira New Jersey";1;0;0;0;0;0;0;0;0;0;0;1;0;0;0
"07/02/2023";"10:21:00";"620";"AC03 - Aci";"230.800";"BR-116/SP";"Pista Sul";"Capotamento";1;0;2;0;0;0;0;0;0;0;4;0;0;0;0
"07/02/2023";"10:33:00";"622";"AC02 - Aci";"230.800";"BR-116/SP";"Pista Sul";"Choque em veículo parado na pista";1;0;0;0;0;1;0;0;0;0;2;0;1;0;0
"07/02/2023";"10:42:00";"625";"AC03 - Aci";"409";"BR-101/RJ";"Pista Sul";"Atropelamento de Animal";1;0;0;0;0;0;0;0;0;0;1;0;0;0;0
"08/02/2023";"06:44:00";"102";"AC03 - Aci";"110";"BR-116/SP";"Pista Norte";"Abalroamento Longitudinal";1;0;1;0;0;0;0;0;0;0;3;0;0;0;0
"08/02/2023";"07:43:00";"145";"AC02 - Aci";"209";"BR-116/SP";"Pista Sul";"Abalroamento Longitudinal";1;0;0;1;0;0;0;0;0;0;4;1;0;0;0
"08/02/2023";"09:13:00";"204";"AC04 - Atr";"275";"BR-116/RJ";"Pista Norte";"Atropelamento de Pedestre Atravessando";0;0;1;0;1;0;0;0;0;0;2;0;1;0;0
"08/02/2023";"09:41:00";"226";"AC03 - Aci";"417";"BR-101/RJ";"Pista Sul";"Engavetamento";2;0;0;0;0;1;0;0;0;0;6;0;0;0;0
"08/02/2023";"12:02:00";"312";"AC03 - Aci";"124";"BR-116/SP";"Pista Norte";"Abalroamento Longitudinal";1;0;1;0;0;0;0;0;0;0;3;0;0;0;0
"08/02/2023";"12:29:00";"328";"AC02 - Aci";"233";"BR-116/RJ";"Pista Norte";"Choque em objeto fixo";1;0;0;0;0;1;0;0;0;0;1;1;0;0;0
"08/02/2023";"12:49:00";"340";"AC02 - Aci";"230";"BR-116/RJ";"Pista Norte";"Choque em objeto fixo";1;0;0;0;0;0;0;0;0;0;0;1;0;0;0
"08/02/2023";"01:08:00";"351";"AC02 - Aci";"549";"BR-101/RJ";"Pista Sul";"Queda de ribanceira";0;0;1;0;0;0;0;0;0;0;0;0;2;0;0
"08/02/2023";"01:51:00";"380";"AC02 - Aci";"248";"BR-116/RJ";"Pista Norte";"Colisão Traseira";2;0;0;0;0;0;0;0;0;0;0;2;0;0;0
"08/02/2023";"02:09:00";"394";"AC03 - Aci";"253";"BR-116/RJ";"Pista Norte";"Choque em objeto fixo";1;0;0;0;0;0;0;0;0;0;1;0;0;0;0
"08/02/2023";"02:51:00";"419";"AC02 - Aci";"204.100";"BR-116/SP";"Pista Sul";"Engavetamento";2;0;1;0;0;0;0;0;0;0;2;0;2;0;0
"08/02/2023";"03:29:00";"440";"AC02 - Aci";"524";"BR-101/RJ";"Pista Norte";"Colisão Traseira";1;0;1;0;0;0;0;0;0;0;5;1;0;0;0
"08/02/2023";"04:09:00";"462";"AC03 - Aci";"305";"BR-116/RJ";"Pista Sul";"Choque em objeto fixo";1;0;0;0;0;1;0;0;0;0;2;0;0;0;0
"08/02/2023";"05:17:00";"496";"AC02 - Aci";"449";"BR-101/RJ";"Pista Sul";"Colisão Frontal";1;0;0;1;0;0;0;0;0;0;5;0;1;0;0
"08/02/2023";"06:14:00";"521";"AC02 - Aci";"226.899";"BR-116/SP";"Pista Norte";"Colisão Traseira";0;0;0;2;0;0;0;0;0;0;2;2;0;0;0
"08/02/2023";"06:42:00";"536";"AC03 - Aci";"182";"BR-116/RJ";"Pista Sul";"Colisão Traseira";2;0;0;0;0;0;0;0;0;0;2;0;0;0;0
"08/02/2023";"08:32:00";"582";"AC04 - Atr";"211.300";"BR-116/RJ";"Pista Norte";"Atropelamento de Pedestre Atravessando";1;0;0;0;0;0;0;0;0;0;2;1;0;0;0
"08/02/2023";"09:40:00";"612";"AC03 - Aci";"16.6000";"BR-116/SP";"Pista Sul";"Colisão Traseira";0;0;1;0;0;0;0;0;0;0;1;0;0;0;0
"09/02/2023";"04:51:00";"50";"AC03 - Aci";"81.1999";"BR-116/SP";"Pista Norte";"Tombamento";0;0;1;0;0;0;0;0;0;0;1;0;0;0;0
"09/02/2023";"06:11:00";"71";"AC03 - Aci";"403.652";"BR-101/RJ";"Pista Norte";"Colisão Traseira";1;0;0;0;0;1;0;0;0;0;2;0;0;0;0
"09/02/2023";"07:43:00";"139";"AC02 - Aci";"227.100";"BR-116/SP";"Pista Sul";"Colisão Traseira";1;0;0;1;0;0;0;0;0;0;1;1;1;0;0
"09/02/2023";"07:57:00";"146";"AC02 - Aci";"524.400";"BR-101/RJ";"Pista Norte";"Abalroamento Longitudinal";1;0;0;1;0;0;0;0;0;0;1;1;0;0;0
"09/02/2023";"10:17:00";"247";"AC03 - Aci";"225";"BR-116/RJ";"Pista Norte";"Abalroamento Longitudinal";1;0;0;0;0;1;0;0;0;0;2;0;0;0;0
"09/02/2023";"10:55:00";"276";"AC03 - Aci";"168.199";"BR-116/SP";"Pista Norte";"Tombamento";0;0;1;0;0;0;0;0;0;0;1;0;0;0;0
"09/02/2023";"12:30:00";"330";"AC02 - Aci";"489";"BR-101/RJ";"Pista Norte";"Abalroamento Longitudinal";0;0;1;1;0;0;0;0;0;0;1;1;0;0;0
"09/02/2023";"02:55:00";"421";"AC03 - Aci";"291.600";"BR-116/RJ";"Pista Sul";"Outros";1;0;0;0;0;1;0;0;0;0;2;0;0;0;0
"09/02/2023";"03:23:00";"439";"AC02 - Aci";"478";"BR-101/RJ";"Pista Sul";"Queda de moto";0;0;0;1;0;0;0;0;0;0;0;2;0;0;0
"09/02/2023";"03:31:00";"442";"AC03 - Aci";"106.300";"BR-116/SP";"Pista Norte";"Engavetamento";3;0;0;0;0;0;0;0;0;0;8;0;0;0;0
"09/02/2023";"04:18:00";"482";"AC02 - Aci";"588";"BR-101/RJ";"Pista Norte";"Colisão Traseira";1;0;0;1;0;0;0;0;0;0;1;1;0;0;0
"09/02/2023";"04:37:00";"491";"AC02 - Aci";"51";"BR-101/SP";"Pista Sul";"Colisão Traseira";1;0;0;1;0;0;0;0;0;0;3;1;0;0;0
"09/02/2023";"06:05:00";"533";"AC02 - Aci";"156";"BR-116/SP";"Pista Sul";"Colisão Traseira";1;0;0;1;0;0;0;0;0;0;1;1;0;0;0
"09/02/2023";"06:22:00";"543";"AC02 - Aci";"210.100";"BR-116/SP";"Pista Sul";"Colisão Traseira";1;0;0;1;0;0;0;0;0;0;3;0;1;0;0
"09/02/2023";"06:27:00";"548";"AC02 - Aci";"154.899";"BR-116/SP";"Pista Sul";"Colisão Traseira";0;0;1;1;0;0;0;0;0;0;1;0;1;0;0
"09/02/2023";"07:36:00";"593";"AC02 - Aci";"171";"BR-116/RJ";"Pista Norte";"Abalroamento Longitudinal";2;0;1;0;0;0;0;0;0;0;2;2;0;0;0
"09/02/2023";"08:13:00";"611";"AC03 - Aci";"168.199";"BR-116/SP";"Pista Sul";"Colisão Traseira";1;0;1;0;0;0;0;0;0;0;2;0;0;0;0
"09/02/2023";"09:12:00";"641";"AC03 - Aci";"147.100";"BR-116/SP";"Pista Sul";"Abalroamento Longitudinal";1;0;1;0;0;0;0;0;0;0;2;0;0;0;0
"09/02/2023";"09:14:00";"642";"AC03 - Aci";"427";"BR-101/RJ";"Pista Norte";"Colisão Traseira";3;0;0;0;0;0;0;0;0;0;3;0;0;0;0
"10/02/2023";"01:16:00";"34";"AC03 - Aci";"217.800";"BR-116/SP";"Pista Norte";"Abalroamento Longitudinal";1;0;2;0;0;0;0;0;0;0;3;0;0;0;0
"10/02/2023";"04:12:00";"71";"AC03 - Aci";"168.399";"BR-116/SP";"Pista Norte";"Colisão Traseira";0;0;2;0;0;0;0;0;0;0;2;0;0;0;0
"10/02/2023";"10:38:00";"278";"AC02 - Aci";"324.799";"BR-116/RJ";"Pista Sul";"Choque em objeto na pista";0;0;0;1;0;0;0;0;0;0;0;0;1;0;0
"10/02/2023";"10:39:00";"279";"AC03 - Aci";"271.299";"BR-116/RJ";"Pista Sul";"Colisão Traseira";1;0;0;1;0;0;0;0;0;0;2;0;0;0;0
"10/02/2023";"10:54:00";"293";"AC02 - Aci";"186.600";"BR-116/SP";"Pista Norte";"Colisão Traseira";1;0;1;0;0;0;0;0;0;0;2;1;0;0;0
"10/02/2023";"02:00:00";"384";"AC03 - Aci";"286";"BR-116/RJ";"Pista Sul";"Colisão Traseira";0;0;1;0;0;1;0;0;0;0;2;0;0;0;0
"10/02/2023";"02:10:00";"390";"AC02 - Aci";"185.899";"BR-116/RJ";"Pista Norte";"Engavetamento";2;0;0;0;0;1;0;0;0;0;2;1;0;0;0
"10/02/2023";"02:14:00";"397";"AC02 - Aci";"237.699";"BR-116/RJ";"Pista Sul";"Engavetamento";0;0;2;0;0;1;0;0;0;0;3;0;0;1;0
"10/02/2023";"05:32:00";"495";"AC02 - Aci";"264.700";"BR-116/RJ";"Pista Sul";"Abalroamento Longitudinal";1;0;1;0;0;0;0;0;0;0;0;3;0;0;0
"10/02/2023";"05:39:00";"499";"AC03 - Aci";"147";"BR-116/SP";"Pista Sul";"Engavetamento";3;0;2;0;0;0;0;0;0;0;5;0;0;0;0
"10/02/2023";"05:49:00";"502";"AC02 - Aci";"220";"BR-116/SP";"Pista Norte";"Abalroamento Longitudinal";1;0;0;1;0;0;0;0;0;0;1;1;0;0;0
"10/02/2023";"06:20:00";"511";"AC02 - Aci";"243.600";"BR-116/RJ";"Pista Norte";"Tombamento";0;0;1;0;0;0;0;0;0;0;0;0;1;0;0
"10/02/2023";"06:44:00";"532";"AC03 - Aci";"65.0999";"BR-116/SP";"Pista Sul";"Choque em Barreira New Jersey";0;0;1;0;0;0;0;0;0;0;1;0;0;0;0
"10/02/2023";"06:52:00";"537";"AC02 - Aci";"214";"BR-116/SP";"Pista Sul";"Abalroamento Longitudinal";1;0;0;1;0;0;0;0;0;0;1;1;0;0;0
"10/02/2023";"06:58:00";"541";"AC02 - Aci";"230";"BR-116/SP";"Pista Sul";"Abalroamento Longitudinal";1;0;0;1;0;0;0;0;0;0;1;1;0;0;0
"10/02/2023";"07:25:00";"561";"AC03 - Aci";"153.199";"BR-116/SP";"Pista Norte";"Abalroamento Longitudinal";1;0;0;1;0;0;0;0;0;0;2;0;0;0;0
"10/02/2023";"08:06:00";"585";"AC03 - Aci";"51.2000";"BR-116/SP";"Pista Norte";"Choque em objeto na pista";1;0;0;0;0;0;0;0;0;0;1;0;0;0;0
"10/02/2023";"08:06:00";"587";"AC03 - Aci";"51.2000";"BR-116/SP";"Pista Norte";"Choque em objeto na pista";1;0;0;0;0;0;0;0;0;0;1;0;0;0;0
"10/02/2023";"08:13:00";"591";"AC03 - Aci";"444";"BR-101/RJ";"Pista Norte";"Choque em Barreira New Jersey";1;0;0;0;0;0;0;0;0;0;1;0;0;0;0
"10/02/2023";"08:49:00";"609";"AC03 - Aci";"225.699";"BR-116/SP";"Pista Norte";"Abalroamento Longitudinal";1;0;0;0;0;1;0;0;0;0;5;0;0;0;0
"10/02/2023";"09:25:00";"621";"AC02 - Aci";"529";"BR-101/RJ";"Pista Sul";"Capotamento";1;0;0;0;0;0;0;0;0;0;0;1;0;0;0
"10/02/2023";"10:22:00";"635";"AC03 - Aci";"522";"BR-101/RJ";"Pista Norte";"Choque em Barreira New Jersey";1;0;0;0;0;0;0;0;0;0;1;0;0;0;0
"11/02/2023";"12:12:00";"11";"AC02 - Aci";"108.900";"BR-116/SP";"Pista Norte";"Abalroamento Longitudinal";2;0;0;0;0;0;0;0;0;0;5;0;1;0;0