data;horario;n_da_ocorrencia;tipo_de_ocorrencia;km;trecho;sentido;tipo_de_acidente;automovel;bicicleta;caminhao;moto;onibus;outros;tracao_animal;transporte_de_cargas_especiais;trator_maquinas;utilitarios;ilesos;levemente_feridos;moderadamente_feridos;gravemente_feridos;mortos
"08/04/2023";"03:54:00";"41";"Acidente c";"129.25";"BR-116/SP";"Pista Norte";"Abalroamento longitudinal";1;0;0;0;0;0;0;0;1;0;0;2;0;0;0
"08/04/2023";"04:25:00";"49";"Acidente c";"36.7";"BR-116/SP";"Pista Sul";"Choque em defensa";0;0;0;0;0;0;0;0;1;0;2;2;0;0;0
"08/04/2023";"06:23:00";"56";"Acidente c";"449";"BR-116/RJ";"Pista Norte";"Colisão frontal";0;0;0;1;0;0;0;0;1;0;2;1;1;1;0
"08/04/2023";"06:50:00";"67";"Acidente s";"130.4";"BR-116/SP";"Pista Sul";"Capotamento";0;0;0;0;0;0;0;0;1;1;2;0;0;0;0
"08/04/2023";"07:02:00";"71";"Acidente c";"417";"BR-116/RJ";"Pista Sul";"Capotamento";0;0;0;0;0;0;0;0;1;0;0;1;0;0;0
"08/04/2023";"07:07:00";"72";"Acidente c";"231.3";"BR-116/RJ";"Pista Norte";"Choque em objeto fixo";0;0;0;0;0;0;0;0;2;0;1;2;0;0;0
"08/04/2023";"07:34:00";"78";"Acidente s";"229.8";"BR-116/RJ";"Pista Norte";"Choque em objeto fixo";1;0;0;0;0;0;0;0;0;0;0;0;0;0;0
"08/04/2023";"07:34:00";"79";"Acidente c";"481.2";"BR-116/RJ";"Pista Norte";"Choque em barreira New Jersey";0;0;0;0;0;0;0;0;1;0;0;1;0;0;0
"08/04/2023";"07:44:00";"83";"Acidente s";"429";"BR-116/RJ";"Pista Sul";"Choque em objeto fixo";0;0;0;0;0;0;0;0;1;0;1;0;0;0;0
"08/04/2023";"08:02:00";"87";"Acidente c";"489";"BR-116/RJ";"Pista Norte";"Colisão traseira";0;0;0;0;0;0;0;0;2;0;1;1;0;0;0
"08/04/2023";"08:23:00";"90";"Acidente c";"416.4";"BR-116/RJ";"Pista Sul";"Capotamento";0;0;0;0;0;0;0;0;1;0;0;2;0;0;0
"08/04/2023";"10:26:00";"127";"Acidente c";"564";"BR-116/RJ";"Pista Norte";"Queda de ribanceira";0;0;0;0;0;0;0;0;1;0;0;2;0;0;0
"08/04/2023";"10:32:00";"129";"Acidente s";"418";"BR-116/RJ";"Pista Norte";"Choque em defensa";0;0;0;0;0;0;0;0;1;0;1;0;0;0;0
"08/04/2023";"11:14:00";"138";"Acidente s";"234.9";"BR-116/RJ";"Pista Norte";"Capotamento";0;0;0;0;0;0;0;0;1;0;1;0;0;0;0
"08/04/2023";"11:23:00";"140";"Acidente s";"170.3";"BR-116/SP";"Pista Norte";"Engavetamento";0;0;0;0;0;0;0;0;2;0;3;0;0;0;0
"08/04/2023";"01:15:00";"169";"Acidente s";"204.5";"BR-116/SP";"Pista Norte";"Colisão traseira";0;0;0;0;0;0;0;0;2;0;2;0;0;0;0
"08/04/2023";"01:31:00";"179";"Acidente c";"36";"BR-116/SP";"Pista Sul";"Abalroamento longitudinal";0;1;0;0;0;0;0;0;1;0;1;1;0;0;0
"08/04/2023";"01:45:00";"186";"Acidente s";"227.7";"BR-116/RJ";"Pista Norte";"Choque Talude";0;0;0;0;0;0;0;0;1;0;0;0;0;0;0
"08/04/2023";"01:53:00";"187";"Acidente s";"96.5";"BR-116/SP";"Pista Sul";"Choque em barreira New Jersey";0;0;0;0;0;0;0;0;1;0;4;0;0;0;0
"08/04/2023";"02:12:00";"190";"Acidente s";"416";"BR-116/RJ";"Pista Sul";"Queda de ribanceira";1;0;0;0;0;0;0;0;0;0;3;0;0;0;0
"08/04/2023";"02:14:00";"191";"Acidente s";"454";"BR-116/RJ";"Pista Sul";"Capotamento";0;0;0;0;0;0;0;0;1;0;0;0;0;0;0
"08/04/2023";"02:41:00";"203";"Acidente s";"415";"BR-116/RJ";"Pista Norte";"Colisão traseira";0;0;0;0;0;0;0;0;2;0;0;0;0;0;0
"08/04/2023";"03:33:00";"214";"Acidente s";"415";"BR-116/RJ";"Pista Sul";"Choque em defensa";0;0;0;0;0;0;0;0;1;0;0;0;0;0;0
"08/04/2023";"03:41:00";"220";"Acidente s";"224.8";"BR-116/RJ";"Pista Sul";"Choque em objeto na pista";0;0;0;0;0;0;0;0;1;0;0;0;0;0;0
"08/04/2023";"04:02:00";"229";"Acidente c";"482";"BR-116/RJ";"Pista Sul";"Abalroamento longitudinal";0;0;0;1;0;0;0;0;1;0;1;1;0;0;0
"08/04/2023";"04:16:00";"235";"Acidente s";"474";"BR-116/RJ";"Pista Norte";"Choque em objeto fixo";0;0;0;0;0;0;0;0;1;0;0;0;0;0;0
"08/04/2023";"05:06:00";"250";"Acidente c";"249";"BR-116/RJ";"Pista Sul";"Colisão traseira";0;0;0;0;0;0;0;0;1;1;1;1;0;0;0
"08/04/2023";"05:26:00";"258";"Acidente c";"417.5";"BR-116/RJ";"Pista Norte";"Capotamento";0;0;0;0;0;0;0;0;2;0;1;3;4;1;0
"08/04/2023";"05:57:00";"268";"Acidente s";"417.5";"BR-116/RJ";"Pista Sul";"Choque em objeto fixo";0;0;0;0;0;0;0;0;1;0;1;0;0;0;0
"08/04/2023";"11:24:00";"345";"Acidente s";"39.7";"BR-116/SP";"Pista Sul";"Choque em objeto fixo";0;0;0;0;0;0;0;0;1;0;1;0;0;0;0
"08/04/2023";"11:48:00";"348";"Acidente c";"157.8";"BR-116/SP";"Pista Norte";"Queda de moto";0;1;0;0;0;0;0;0;0;0;0;1;0;0;0
"09/04/2023";"12:52:00";"19";"Acidente s";"388";"BR-116/RJ";"Pista Sul";"Abalroamento longitudinal";0;0;0;0;0;0;0;0;2;0;2;0;0;0;0
"09/04/2023";"01:37:00";"23";"Acidente c";"104.5";"BR-116/SP";"Pista Sul";"Colisão traseira";0;0;0;0;0;0;0;0;2;0;0;2;1;0;0
"09/04/2023";"03:01:00";"28";"Acidente c";"295.2";"BR-116/RJ";"Pista Norte";"Choque em barreira New Jersey";0;0;0;0;0;0;0;0;1;0;0;0;1;0;0
"09/04/2023";"04:08:00";"39";"Acidente s";"492.6";"BR-116/RJ";"Pista Norte";"Capotamento";0;0;0;0;0;0;0;0;1;0;2;0;0;0;0
"09/04/2023";"04:38:00";"48";"Acidente s";"298";"BR-116/RJ";"Pista Norte";"Choque em defensa";0;0;0;0;0;0;0;0;1;0;1;0;0;0;0
"09/04/2023";"05:05:00";"49";"Acidente s";"170.2";"BR-116/SP";"Pista Norte";"Choque em defensa";0;0;0;0;0;0;0;0;1;0;1;0;0;0;0
"09/04/2023";"07:22:00";"75";"Acidente s";"226";"BR-116/RJ";"Pista Sul";"Choque em objeto fixo";0;0;0;0;0;0;0;0;1;0;1;0;0;0;0
"09/04/2023";"07:28:00";"78";"Acidente s";"287";"BR-116/RJ";"Pista Sul";"Choque em barreira New Jersey";0;0;0;0;0;0;0;0;1;0;1;0;0;0;0
"09/04/2023";"08:08:00";"101";"Acidente s";"476.5";"BR-116/RJ";"Pista Sul";"Choque em objeto fixo";0;0;0;0;0;0;0;0;1;0;1;0;0;0;0
"09/04/2023";"08:22:00";"106";"Acidente s";"519";"BR-116/RJ";"Pista Norte";"Choque em objeto fixo";0;0;0;0;0;0;0;0;1;0;1;0;0;0;0
"09/04/2023";"08:59:00";"119";"Acidente s";"556.9";"BR-116/RJ";"Pista Sul";"Choque em objeto fixo";0;0;0;0;0;0;0;0;1;0;1;0;0;0;0
"09/04/2023";"09:15:00";"123";"Acidente s";"234.5";"BR-116/RJ";"Pista Norte";"Choque Talude";0;0;0;0;0;0;0;0;1;0;2;0;0;0;0
"09/04/2023";"09:33:00";"129";"Acidente s";"416";"BR-116/RJ";"Pista Norte";"Colisão traseira";0;0;0;0;0;0;0;0;2;0;3;0;0;0;0
"09/04/2023";"10:33:00";"146";"Acidente s";"245.6";"BR-116/RJ";"Pista Norte";"Choque em objeto fixo";0;0;0;0;0;0;0;0;1;0;1;0;0;0;0
"09/04/2023";"10:56:00";"151";"Acidente c";"223.8";"BR-116/RJ";"Pista Norte";"Choque em objeto fixo";0;0;0;0;0;0;0;0;1;0;0;4;0;0;0
"09/04/2023";"11:10:00";"158";"Acidente c";"543.4";"BR-116/RJ";"Pista Sul";"Engavetamento";0;0;0;0;0;0;0;0;4;0;2;1;0;0;0
"09/04/2023";"11:24:00";"165";"Acidente s";"522.1";"BR-116/RJ";"Pista Norte";"Choque em objeto fixo";0;0;0;0;0;0;0;0;1;0;0;0;0;0;0
"09/04/2023";"11:41:00";"173";"Acidente s";"307";"BR-116/RJ";"Pista Norte";"Choque em defensa";0;0;0;0;0;0;0;0;1;0;1;0;0;0;0
"09/04/2023";"11:50:00";"176";"Acidente c";"26.3";"BR-116/SP";"Pista Sul";"Capotamento";0;0;0;0;0;0;0;0;1;0;0;1;0;0;0
"09/04/2023";"12:33:00";"191";"Acidente s";"522.2";"BR-116/RJ";"Pista Norte";"Choque em objeto na pista";0;0;0;0;0;0;0;0;1;0;0;0;0;0;0
"09/04/2023";"12:37:00";"196";"Acidente s";"210";"BR-116/SP";"Pista Sul";"Colisão traseira";0;0;0;0;0;0;0;0;1;1;4;0;0;0;0
"09/04/2023";"12:39:00";"199";"Acidente s";"232";"BR-116/RJ";"Pista Norte";"Abalroamento longitudinal";1;0;0;0;0;0;0;0;1;0;3;0;0;0;0
"09/04/2023";"01:08:00";"213";"Acidente s";"226";"BR-116/RJ";"Pista Sul";"Abalroamento longitudinal";0;0;0;0;0;0;0;0;2;0;0;0;0;0;0
"09/04/2023";"01:31:00";"221";"Acidente s";"232";"BR-116/RJ";"Pista Norte";"Choque em barreira New Jersey";0;0;0;0;0;0;0;0;1;0;0;0;0;0;0
"09/04/2023";"01:31:00";"220";"Acidente s";"232";"BR-116/RJ";"Pista Norte";"Choque em barreira New Jersey";0;0;0;0;0;0;0;0;1;0;0;0;0;0;0
"09/04/2023";"01:34:00";"225";"Acidente s";"528.5";"BR-116/RJ";"Pista Norte";"Capotamento";0;0;0;0;0;0;0;0;1;0;0;0;0;0;0
"09/04/2023";"02:12:00";"249";"Acidente c";"226";"BR-116/RJ";"Pista Norte";"Choque em defensa";0;0;0;0;0;0;0;0;1;0;0;3;0;0;0
"09/04/2023";"02:27:00";"252";"Acidente s";"415";"BR-116/RJ";"Pista Norte";"Choque em objeto fixo";0;0;0;0;0;0;0;0;1;0;0;0;0;0;0
"09/04/2023";"02:37:00";"259";"Acidente s";"563";"BR-116/RJ";"Pista Sul";"Capotamento";0;0;0;0;0;0;0;0;1;0;0;0;0;0;0
"09/04/2023";"02:54:00";"264";"Acidente s";"97.8";"BR-116/SP";"Pista Sul";"Colisão traseira";0;0;0;0;0;0;0;0;2;0;8;0;0;0;0
"09/04/2023";"02:55:00";"265";"Acidente s";"324";"BR-116/RJ";"Pista Norte";"Choque em barreira New Jersey";0;0;0;0;0;0;0;0;1;0;1;0;0;0;0
"09/04/2023";"03:22:00";"279";"Acidente s";"265";"BR-116/RJ";"Pista Sul";"Choque em objeto fixo";0;0;0;0;0;0;0;0;1;0;0;0;0;0;0
"09/04/2023";"03:26:00";"282";"Acidente s";"320.6";"BR-116/RJ";"Pista Norte";"Choque em barreira New Jersey";0;0;0;0;0;0;0;0;1;0;4;0;0;0;0
"09/04/2023";"03:39:00";"291";"Acidente c";"48.9";"BR-116/SP";"Pista Norte";"Abalroamento longitudinal";0;1;0;0;0;0;0;0;1;0;0;2;0;0;0
"09/04/2023";"03:47:00";"293";"Acidente s";"523";"BR-116/RJ";"Pista Sul";"Choque em objeto fixo";0;0;0;0;0;0;0;0;1;0;0;0;0;0;0
"09/04/2023";"03:50:00";"294";"Acidente c";"94.3";"BR-116/SP";"Pista Sul";"Colisão traseira";0;0;0;0;0;0;0;0;2;0;6;2;0;0;0
"09/04/2023";"05:26:00";"331";"Acidente s";"231.7";"BR-116/RJ";"Pista Norte";"Choque em defensa";0;0;0;0;0;0;0;0;1;0;1;0;0;0;0
"09/04/2023";"05:28:00";"332";"Acidente s";"295";"BR-116/RJ";"Pista Sul";"Choque em barreira New Jersey";0;0;0;0;0;0;0;0;1;0;1;0;0;0;0
"09/04/2023";"05:39:00";"340";"Acidente c";"313.5";"BR-116/RJ";"Pista Norte";"Choque em defensa";0;0;0;0;0;0;0;0;1;0;1;1;0;0;0
"09/04/2023";"06:02:00";"354";"Acidente s";"165.2";"BR-116/SP";"Pista Sul";"Colisão traseira";1;0;0;0;0;0;0;0;1;0;3;0;0;0;0
"09/04/2023";"06:08:00";"358";"Acidente s";"417.5";"BR-116/RJ";"Pista Sul";"Choque em objeto fixo";1;0;0;0;0;0;0;0;0;0;1;0;0;0;0
"09/04/2023";"06:47:00";"385";"Acidente s";"161.6";"BR-116/SP";"Pista Norte";"Engavetamento";0;0;0;0;0;0;0;0;3;0;5;0;0;0;0
"09/04/2023";"06:47:00";"384";"Acidente s";"313.5";"BR-116/RJ";"Pista Norte";"Engavetamento";1;0;0;0;0;0;0;0;4;0;5;0;0;0;0
"09/04/2023";"07:03:00";"391";"Acidente s";"226";"BR-116/RJ";"Pista Sul";"Choque em defensa";0;0;0;0;0;0;0;0;1;0;3;0;0;0;0
"09/04/2023";"07:20:00";"399";"Acidente s";"26.3";"BR-116/SP";"Pista Sul";"Choque em objeto fixo";0;0;0;0;0;0;0;0;1;0;1;0;0;0;0
"09/04/2023";"07:35:00";"407";"Acidente s";"28";"BR-116/SP";"Pista Sul";"Choque em objeto fixo";0;0;0;0;0;0;0;0;1;0;0;0;0;0;0
"09/04/2023";"07:39:00";"409";"Acidente s";"314";"BR-116/RJ";"Pista Norte";"Choque em defensa";0;0;0;0;0;0;0;0;1;0;1;0;0;0;0
"09/04/2023";"07:41:00";"410";"Acidente s";"227";"BR-116/RJ";"Pista Norte";"Choque em barreira New Jersey";0;0;0;0;0;0;0;0;1;0;2;0;0;0;0
"09/04/2023";"08:13:00";"427";"Acidente s";"584";"BR-116/RJ";"Pista Sul";"Choque em objeto fixo";0;0;0;0;0;0;0;0;1;0;1;0;0;0;0
"09/04/2023";"08:15:00";"429";"Acidente s";"88.15";"BR-116/SP";"Pista Sul";"Engavetamento";0;0;0;0;0;0;0;0;1;3;7;0;0;0;0
"09/04/2023";"08:24:00";"432";"Acidente s";"219";"BR-116/SP";"Pista Norte";"Colisão traseira";0;0;0;0;0;0;0;0;2;0;2;0;0;0;0
"09/04/2023";"09:18:00";"457";"Acidente s";"231";"BR-116/RJ";"Pista Sul";"Choque em objeto fixo";0;0;0;0;0;0;0;0;1;0;1;0;0;0;0
"09/04/2023";"09:19:00";"459";"Acidente s";"150";"BR-116/SP";"Pista Sul";"Abalroamento longitudinal";0;0;1;0;0;0;0;0;1;0;2;0;0;0;0
"09/04/2023";"10:38:00";"493";"Acidente c";"147.5";"BR-116/SP";"Pista Norte";"Abalroamento longitudinal";0;1;0;0;0;0;0;0;0;2;2;0;0;1;0
"09/04/2023";"11:07:00";"500";"Acidente c";"145.8";"BR-116/SP";"Pista Norte";"Abalroamento longitudinal";0;0;0;0;0;0;0;0;2;0;2;2;0;0;0
"09/04/2023";"11:37:00";"508";"Acidente s";"43.5";"BR-116/SP";"Pista Norte";"Choque em objeto fixo";0;0;0;0;0;0;0;0;1;0;3;0;0;0;0
"10/04/2023";"12:14:00";"17";"Acidente c";"82.5";"BR-116/SP";"Pista Sul";"Colisão traseira";0;1;0;0;0;0;0;0;1;0;1;2;0;0;0
"10/04/2023";"12:24:00";"19";"Acidente c";"231";"BR-116/SP";"Pista Norte";"Abalroamento longitudinal";0;0;0;0;0;0;0;0;2;0;3;0;0;1;0
"10/04/2023";"04:40:00";"55";"Acidente c";"243.8";"BR-116/RJ";"Pista Sul";"Colisão traseira";2;0;0;0;0;0;0;0;0;0;1;1;0;0;0
"10/04/2023";"06:47:00";"82";"Acidente c";"224.2";"BR-116/SP";"Pista Sul";"Colisão traseira";0;1;0;0;0;0;0;0;1;0;1;1;0;0;0
"10/04/2023";"07:25:00";"112";"Acidente s";"403";"BR-116/RJ";"Pista Norte";"Queda de ribanceira";0;0;0;0;0;0;0;0;1;0;2;0;0;0;0
"10/04/2023";"07:41:00";"117";"Acidente c";"210";"BR-116/SP";"Pista Sul";"Colisão traseira";0;2;0;0;0;0;0;0;0;0;1;1;0;0;0
"10/04/2023";"07:43:00";"118";"Acidente c";"37.4";"BR-116/SP";"Pista Sul";"Capotamento";0;0;0;0;0;0;0;0;1;0;1;1;0;0;0
"10/04/2023";"08:04:00";"131";"Acidente s";"134.4";"BR-116/SP";"Pista Sul";"Queda de moto";0;1;0;0;0;0;0;0;0;0;1;0;0;0;0
"10/04/2023";"08:19:00";"137";"Acidente c";"216";"BR-116/SP";"Pista Sul";"Colisão traseira";0;1;0;0;0;0;0;0;1;0;2;1;0;0;0
"10/04/2023";"08:34:00";"145";"Acidente c";"297";"BR-116/RJ";"Pista Norte";"Queda de moto";0;1;0;0;0;0;0;0;0;0;0;1;0;0;0
"10/04/2023";"09:43:00";"195";"Acidente s";"289.8";"BR-116/RJ";"Pista Norte";"Choque em barreira New Jersey";1;0;0;0;0;0;0;0;0;0;0;0;0;0;0
"10/04/2023";"09:51:00";"197";"Acidente s";"216";"BR-116/SP";"Pista Sul";"Colisão traseira";2;0;0;0;0;0;0;0;0;0;2;0;0;0;0
"10/04/2023";"09:53:00";"198";"Acidente s";"489";"BR-116/RJ";"Pista Sul";"Choque em objeto fixo";0;0;0;0;0;0;0;0;1;0;1;0;0;0;0
"10/04/2023";"10:53:00";"220";"Acidente s";"165.2";"BR-116/SP";"Pista Norte";"Abalroamento longitudinal";1;0;0;0;0;0;0;0;1;0;2;0;0;0;0
"10/04/2023";"11:12:00";"235";"Acidente c";"53";"BR-116/SP";"Pista Sul";"Colisão traseira";0;1;0;0;0;0;0;0;1;0;1;0;1;0;0
"10/04/2023";"11:57:00";"259";"Acidente s";"510.8";"BR-116/RJ";"Pista Sul";"Engavetamento";0;0;0;0;0;0;0;0;3;0;4;0;0;0;0
"10/04/2023";"12:58:00";"285";"Acidente s";"404.3";"BR-116/RJ";"Pista Norte";"Colisão traseira";0;0;0;0;0;0;0;0;2;0;0;0;0;0;0
"10/04/2023";"02:24:00";"321";"Acidente s";"383";"BR-116/RJ";"Pista Sul";"Colisão traseira";0;0;0;0;0;0;0;0;2;0;2;0;0;0;0
"10/04/2023";"02:30:00";"326";"Acidente c";"271.1";"BR-116/RJ";"Pista Norte";"Colisão traseira";1;0;0;0;0;0;0;0;1;0;1;5;0;0;0
"10/04/2023";"02:59:00";"334";"Acidente s";"187";"BR-116/SP";"Pista Norte";"Choque em defensa";0;0;0;0;0;0;0;0;1;0;2;0;0;0;0
"10/04/2023";"04:33:00";"373";"Acidente s";"219";"BR-116/SP";"Pista Sul";"Colisão traseira";0;0;0;0;0;0;0;0;1;1;2;0;0;0;0
"10/04/2023";"05:22:00";"398";"Acidente s";"207";"BR-116/SP";"Pista Sul";"Choque em defensa";0;0;0;0;0;0;0;0;1;0;1;0;0;0;0
"10/04/2023";"05:41:00";"412";"Acidente s";"157";"BR-116/SP";"Pista Sul";"Colisão traseira";2;0;0;0;0;0;0;0;0;0;5;0;0;0;0
"10/04/2023";"07:55:00";"482";"Acidente s";"400";"BR-116/RJ";"Pista Sul";"Choque em objeto fixo";0;0;0;0;0;0;0;0;1;0;3;0;0;0;0
"10/04/2023";"09:54:00";"511";"Acidente s";"399";"BR-116/RJ";"Pista Sul";"Queda de moto";0;1;0;0;0;0;0;0;0;0;1;0;0;0;0
"10/04/2023";"10:12:00";"516";"Acidente s";"410";"BR-116/RJ";"Pista Sul";"Atropelamento de animal";0;0;0;0;0;0;0;0;1;0;3;0;0;0;0
"10/04/2023";"10:29:00";"521";"Acidente c";"217";"BR-116/SP";"Pista Sul";"Queda de moto";0;1;0;0;0;0;0;0;0;0;0;0;1;0;0
"11/04/2023";"12:54:00";"23";"Acidente s";"33.6";"BR-116/SP";"Pista Sul";"Choque em objeto na pista";2;0;0;0;0;0;0;0;0;0;2;0;0;0;0
"11/04/2023";"07:00:00";"120";"Acidente s";"219.3";"BR-116/SP";"Pista Sul";"Colisão traseira";0;0;0;0;0;0;0;0;1;1;4;0;0;0;0
"11/04/2023";"07:17:00";"135";"Acidente s";"218.9";"BR-116/SP";"Pista Sul";"Abalroamento longitudinal";1;0;0;0;0;0;0;0;1;0;2;0;0;0;0
"11/04/2023";"07:50:00";"154";"Acidente s";"151.75";"BR-116/SP";"Pista Sul";"Choque em defensa";0;0;0;0;0;0;0;0;1;0;1;0;0;0;0
"11/04/2023";"08:04:00";"168";"Acidente c";"428";"BR-116/RJ";"Pista Norte";"Colisão traseira";0;1;0;0;0;0;0;0;1;0;1;1;0;0;0
"11/04/2023";"08:11:00";"172";"Acidente c";"188.2";"BR-116/SP";"Pista Norte";"Capotamento";0;0;0;0;0;0;0;0;1;0;0;1;0;0;0
"11/04/2023";"08:11:00";"173";"Acidente s";"576";"BR-116/RJ";"Pista Sul";"Abalroamento longitudinal";0;0;0;0;0;0;0;0;2;0;2;0;0;0;0
"11/04/2023";"08:28:00";"184";"Acidente c";"220.8";"BR-116/SP";"Pista Sul";"Colisão traseira";0;1;0;0;0;0;0;0;1;0;1;0;0;1;0
"11/04/2023";"10:09:00";"236";"Acidente s";"242.2";"BR-116/RJ";"Pista Norte";"Abalroamento longitudinal";1;0;0;0;0;0;0;0;1;0;2;0;0;0;0
"11/04/2023";"02:05:00";"345";"Acidente c";"25.25";"BR-116/SP";"Pista Sul";"Colisão traseira";1;0;0;0;0;0;1;0;0;0;0;6;0;0;1
"11/04/2023";"02:50:00";"363";"Acidente s";"298";"BR-116/RJ";"Pista Sul";"Choque em objeto fixo";1;0;0;0;0;0;0;0;0;0;1;0;0;0;0
"11/04/2023";"04:49:00";"421";"Atropelame";"79";"BR-116/SP";"Pista Sul";"Atropelamento de pedestre atravessando";1;0;0;0;0;0;0;0;0;0;0;0;1;0;0
"11/04/2023";"05:49:00";"448";"Acidente c";"155.3";"BR-116/SP";"Pista Norte";"Queda de moto";0;1;0;0;0;0;0;0;0;0;0;0;1;0;0
"11/04/2023";"05:49:00";"449";"Acidente s";"109.5";"BR-116/SP";"Pista Norte";"Choque em barreira New Jersey";0;0;0;0;0;0;0;0;1;0;0;0;0;0;0
"11/04/2023";"05:52:00";"451";"Acidente s";"93.6";"BR-116/SP";"Pista Norte";"Choque Talude";1;0;0;0;0;0;0;0;0;0;1;0;0;0;0
"11/04/2023";"06:40:00";"479";"Atropelame";"428";"BR-116/RJ";"Pista Norte";"Atropelamento de pedestre atravessando";0;0;0;0;0;0;1;0;0;0;0;0;0;0;1
"11/04/2023";"07:11:00";"498";"Acidente s";"106.6";"BR-116/SP";"Pista Sul";"Colisão traseira";0;0;0;0;0;0;0;0;1;1;6;0;0;0;0
"11/04/2023";"07:28:00";"503";"Acidente s";"153.4";"BR-116/SP";"Pista Sul";"Engavetamento";0;0;0;0;0;0;0;0;3;0;3;0;0;0;0
"11/04/2023";"08:11:00";"523";"Acidente s";"429";"BR-116/RJ";"Pista Sul";"Choque em objeto fixo";0;0;0;0;0;0;0;0;1;0;1;0;0;0;0
"11/04/2023";"08:40:00";"531";"Acidente c";"115";"BR-116/SP";"Pista Sul";"Colisão traseira";0;1;0;0;0;0;0;0;2;0;0;0;1;0;0
"11/04/2023";"09:41:00";"557";"Acidente s";"82.7";"BR-116/SP";"Pista Norte";"Queda de ribanceira";0;0;0;0;0;1;0;0;0;0;0;0;0;0;0
"11/04/2023";"11:54:00";"592";"Acidente c";"51.2";"BR-116/SP";"Pista Sul";"Queda de moto";0;1;0;0;0;0;0;0;0;0;0;1;0;0;0
"12/04/2023";"02:38:00";"49";"Acidente s";"43.8";"BR-116/SP";"Pista Norte";"Choque em objeto fixo";0;0;0;0;0;0;0;0;1;0;1;0;0;0;0
"12/04/2023";"04:57:00";"69";"Acidente s";"316";"BR-116/RJ";"Pista Norte";"Choque em objeto na pista";0;0;0;0;0;0;0;0;1;0;0;0;0;0;0
"12/04/2023";"07:27:00";"110";"Acidente c";"102";"BR-116/SP";"Pista Norte";"Colisão traseira";1;0;0;0;0;0;0;0;1;0;1;1;0;0;0
"12/04/2023";"01:18:00";"315";"Acidente s";"264.6";"BR-116/RJ";"Pista Norte";"Choque em objeto fixo";0;0;0;0;0;0;0;0;1;0;1;0;0;0;0
"12/04/2023";"01:39:00";"321";"Acidente c";"212.2";"BR-116/SP";"Pista Sul";"Colisão traseira";0;0;0;0;0;0;0;0;2;0;2;1;0;0;0
"12/04/2023";"03:23:00";"378";"Acidente s";"309";"BR-116/RJ";"Pista Norte";"Abalroamento longitudinal";1;0;0;0;0;0;0;0;1;0;2;0;0;0;0
"12/04/2023";"04:23:00";"402";"Acidente c";"236.9";"BR-116/RJ";"Pista Norte";"Capotamento";0;0;0;0;0;0;0;0;1;0;0;1;0;0;0
"12/04/2023";"04:35:00";"409";"Acidente c";"474";"BR-116/RJ";"Pista Norte";"Colisão traseira";0;1;0;0;0;0;0;0;1;0;1;1;0;0;0
"12/04/2023";"04:44:00";"413";"Acidente s";"38.4";"BR-116/SP";"Pista Sul";"Choque em objeto fixo";0;0;0;0;0;0;0;0;1;0;1;0;0;0;0
"12/04/2023";"05:51:00";"441";"Acidente c";"110";"BR-116/SP";"Pista Norte";"Queda de moto";0;1;0;0;0;0;0;0;0;0;0;0;1;0;0
"12/04/2023";"05:54:00";"443";"Acidente c";"221.8";"BR-116/SP";"Pista Norte";"Colisão traseira";0;1;0;0;0;0;0;0;1;0;3;1;0;0;0
"12/04/2023";"07:32:00";"512";"Acidente c";"124.15";"BR-116/SP";"Pista Norte";"Colisão traseira";2;0;0;0;0;0;0;0;0;0;2;2;0;0;0
"12/04/2023";"11:05:00";"574";"Acidente s";"265";"BR-116/RJ";"Pista Sul";"Atropelamento de animal";0;0;0;1;0;1;0;0;0;0;26;0;0;0;0
"13/04/2023";"12:18:00";"17";"Acidente s";"164.4";"BR-116/SP";"Pista Sul";"Queda de ribanceira";0;0;0;0;0;0;0;0;1;0;1;0;0;0;0
"13/04/2023";"12:21:00";"19";"Acidente s";"208";"BR-116/SP";"Pista Norte";"Choque em objeto fixo";0;0;0;0;0;0;0;0;1;0;0;0;0;0;0
"13/04/2023";"12:57:00";"27";"Acidente s";"117";"BR-116/SP";"Pista Norte";"Colisão traseira";1;0;0;1;0;0;0;0;0;0;45;0;0;0;0
"13/04/2023";"06:39:00";"91";"Acidente c";"225";"BR-116/SP";"Pista Sul";"Engavetamento";2;0;0;0;0;0;0;0;1;1;6;1;0;0;0
"13/04/2023";"09:51:00";"219";"Acidente s";"215";"BR-116/SP";"Pista Sul";"Colisão traseira";0;0;0;0;0;0;0;0;1;1;2;0;0;0;0
"13/04/2023";"11:25:00";"269";"Acidente s";"130.6";"BR-116/SP";"Pista Sul";"Colisão traseira";0;0;0;0;0;0;0;0;2;0;2;0;0;0;0
"13/04/2023";"11:51:00";"277";"Acidente c";"491";"BR-116/RJ";"Pista Norte";"Abalroamento longitudinal";0;1;0;0;0;0;0;0;1;0;1;1;0;0;0
"13/04/2023";"02:14:00";"332";"Acidente c";"293.6";"BR-116/RJ";"Pista Norte";"Abalroamento longitudinal";1;0;0;0;0;1;0;0;0;0;0;2;0;0;0
"13/04/2023";"03:11:00";"360";"Acidente s";"156.2";"BR-116/SP";"Pista Sul";"Colisão traseira";1;0;0;0;0;0;0;0;1;0;2;0;0;0;0
"13/04/2023";"03:49:00";"381";"Acidente c";"477";"BR-116/RJ";"Pista Norte";"Engavetamento";2;0;0;0;0;0;0;0;1;0;3;0;1;0;0