data;horario;n_da_ocorrencia;tipo_de_ocorrencia;km;trecho;sentido;tipo_de_acidente;automovel;bicicleta;caminhao;moto;onibus;outros;tracao_animal;transporte_de_cargas_especiais;trator_maquinas;utilitarios;ilesos;levemente_feridos;moderadamente_feridos;gravemente_feridos;mortos
"27/04/2023";"07:28:00";"515";"Acidente c";"247.85";"BR-116/RJ";"Pista Norte";"Engavetamento";1;1;0;0;0;1;0;0;1;0;1;0;2;1;0
"27/04/2023";"07:57:00";"528";"Acidente s";"125.3";"BR-116/SP";"Pista Norte";"Abalroamento longitudinal";1;0;0;0;0;0;0;0;0;1;2;0;0;0;0
"27/04/2023";"08:41:00";"544";"Acidente s";"224";"BR-116/SP";"Pista Norte";"Abalroamento longitudinal";1;0;0;0;0;0;0;0;1;0;3;0;0;0;0
"28/04/2023";"12:28:00";"17";"Acidente s";"390";"BR-116/RJ";"Pista Norte";"Choque em barreira New Jersey";0;0;0;0;0;0;0;0;1;0;1;0;0;0;0
"28/04/2023";"04:33:00";"42";"Acidente s";"271.8";"BR-116/RJ";"Pista Sul";"Atropelamento de animal";1;0;0;0;0;0;0;0;0;0;1;0;0;0;0
"28/04/2023";"06:39:00";"81";"Acidente c";"146.1";"BR-116/SP";"Pista Sul";"Colisão traseira";0;1;0;0;0;0;0;0;0;1;0;1;0;0;0
"28/04/2023";"07:32:00";"120";"Acidente c";"218.09";"BR-116/SP";"Pista Sul";"Abalroamento longitudinal";0;1;0;0;0;0;0;0;1;0;1;1;0;0;0
"28/04/2023";"07:38:00";"124";"Acidente s";"209.5";"BR-116/SP";"Pista Norte";"Engavetamento";0;0;0;0;0;0;0;0;3;0;3;0;0;0;0
"28/04/2023";"08:01:00";"136";"Acidente s";"186";"BR-116/SP";"Pista Norte";"Choque em defensa";1;0;0;0;0;0;0;0;0;0;1;0;0;0;0
"28/04/2023";"08:27:00";"151";"Acidente s";"106.6";"BR-116/SP";"Pista Sul";"Colisão traseira";0;0;0;0;0;0;0;0;2;0;2;0;0;0;0
"28/04/2023";"09:27:00";"183";"Acidente s";"148";"BR-116/SP";"Pista Sul";"Colisão traseira";1;0;0;0;0;0;0;0;1;0;2;0;0;0;0
"28/04/2023";"09:33:00";"187";"Acidente c";"220";"BR-116/SP";"Pista Sul";"Engavetamento";0;1;0;0;0;0;0;0;2;0;2;1;0;0;0
"28/04/2023";"10:42:00";"226";"Acidente s";"390";"BR-116/RJ";"Pista Norte";"Queda de ribanceira";0;0;0;0;0;0;0;0;1;0;1;0;0;0;0
"28/04/2023";"11:17:00";"244";"Acidente s";"232";"BR-116/RJ";"Pista Norte";"Choque em barreira New Jersey";0;0;0;0;0;0;0;0;1;0;2;0;0;0;0
"28/04/2023";"01:14:00";"305";"Acidente c";"319";"BR-116/RJ";"Pista Sul";"Colisão traseira";0;0;0;0;0;0;0;0;2;0;2;1;1;0;0
"28/04/2023";"01:48:00";"314";"Acidente c";"211.9";"BR-116/SP";"Pista Sul";"Abalroamento longitudinal";0;1;0;0;0;0;0;0;0;1;0;1;0;0;0
"28/04/2023";"02:21:00";"333";"Acidente c";"229";"BR-116/SP";"Pista Sul";"Colisão traseira";0;1;0;0;0;0;0;0;1;0;1;1;0;0;0
"28/04/2023";"02:41:00";"341";"Acidente s";"155.4";"BR-116/SP";"Pista Norte";"Colisão traseira";0;1;0;0;0;0;0;0;1;0;2;0;0;0;0
"28/04/2023";"02:47:00";"343";"Acidente s";"225";"BR-116/SP";"Pista Norte";"Colisão traseira";0;0;0;0;0;0;0;0;2;0;2;0;0;0;0
"28/04/2023";"03:09:00";"357";"Acidente c";"220.2";"BR-116/SP";"Pista Sul";"Colisão traseira";0;1;0;0;0;0;0;0;0;1;1;1;0;0;0
"28/04/2023";"04:46:00";"404";"Acidente c";"487.8";"BR-116/RJ";"Pista Norte";"Colisão frontal";1;0;0;0;0;0;0;0;1;0;1;1;0;0;0
"28/04/2023";"05:56:00";"457";"Acidente c";"215.6";"BR-116/SP";"Pista Norte";"Colisão traseira";0;1;0;0;0;0;0;0;1;0;1;1;0;0;0
"28/04/2023";"06:30:00";"480";"Acidente c";"148";"BR-116/SP";"Pista Norte";"Colisão traseira";0;0;0;0;0;0;0;0;2;0;3;1;0;0;0
"28/04/2023";"07:22:00";"508";"Acidente s";"60.5";"BR-116/SP";"Pista Sul";"Abalroamento longitudinal";2;0;0;0;0;0;0;0;0;0;2;0;0;0;0
"28/04/2023";"07:45:00";"522";"Acidente c";"299";"BR-116/RJ";"Pista Sul";"Capotamento";0;0;0;0;0;0;0;0;1;0;0;1;0;0;0
"28/04/2023";"08:00:00";"527";"Acidente s";"157.5";"BR-116/SP";"Pista Sul";"Engavetamento";0;0;0;0;0;0;0;0;1;2;4;0;0;0;0
"28/04/2023";"09:26:00";"576";"Atropelame";"555";"BR-116/RJ";"Pista Norte";"Atropelamento de pedestre atravessando";0;0;0;0;0;0;0;0;0;1;1;0;1;0;0
"28/04/2023";"09:40:00";"578";"Acidente c";"214";"BR-116/SP";"Pista Sul";"Queda de moto";0;1;0;0;0;0;0;0;0;0;0;2;0;0;0
"28/04/2023";"11:01:00";"604";"Acidente s";"121.9";"BR-116/SP";"Pista Norte";"Choque em barreira New Jersey";1;0;0;0;0;0;0;0;0;1;2;0;0;0;0
"29/04/2023";"12:49:00";"28";"Acidente c";"223";"BR-116/SP";"Pista Norte";"Abalroamento longitudinal";1;1;0;0;0;0;0;0;0;0;1;0;1;0;0
"29/04/2023";"12:59:00";"34";"Acidente c";"132.3";"BR-116/SP";"Pista Norte";"Colisão traseira";0;0;0;0;0;0;0;0;2;0;2;1;0;0;0
"29/04/2023";"01:21:00";"38";"Acidente s";"214";"BR-116/SP";"Pista Sul";"Choque em barreira New Jersey";0;0;0;0;0;0;0;0;1;0;1;0;0;0;0
"29/04/2023";"02:28:00";"54";"Acidente s";"31.7";"BR-116/SP";"Pista Norte";"Atropelamento de animal";0;0;0;0;0;0;0;0;1;0;1;0;0;0;0
"29/04/2023";"02:38:00";"56";"Acidente s";"484";"BR-116/RJ";"Pista Sul";"Choque em objeto fixo";0;0;0;0;0;0;0;0;1;0;1;0;0;0;0
"29/04/2023";"04:51:00";"72";"Acidente c";"230";"BR-116/SP";"Pista Sul";"Colisão traseira";0;0;0;1;0;0;0;0;1;0;2;1;0;0;0
"29/04/2023";"07:08:00";"107";"Atropelame";"277";"BR-116/RJ";"Pista Norte";"Atropelamento de pedestre atravessando";0;0;0;0;0;0;0;0;0;1;1;1;0;0;0
"29/04/2023";"09:04:00";"179";"Acidente s";"118.3";"BR-116/SP";"Pista Norte";"Engavetamento";0;0;0;0;0;0;0;0;4;0;1;0;0;0;0
"29/04/2023";"09:23:00";"191";"Acidente c";"129.2";"BR-116/SP";"Pista Norte";"Engavetamento";0;0;0;0;0;0;0;0;4;0;11;2;0;0;0
"29/04/2023";"09:44:00";"200";"Acidente s";"64";"BR-116/SP";"Pista Sul";"Engavetamento";1;0;0;0;0;0;0;0;3;0;0;0;0;0;0
"29/04/2023";"10:14:00";"212";"Acidente c";"81";"BR-116/SP";"Pista Norte";"Colisão traseira";0;0;0;0;0;0;0;0;2;0;1;1;0;0;0
"29/04/2023";"10:15:00";"213";"Acidente s";"48";"BR-116/SP";"Pista Norte";"Colisão traseira";0;0;0;0;0;0;0;0;2;0;2;0;0;0;0
"29/04/2023";"10:24:00";"218";"Acidente c";"292";"BR-116/RJ";"Pista Sul";"Queda de moto";0;1;0;0;0;0;0;0;0;0;0;1;0;0;0
"29/04/2023";"11:41:00";"260";"Acidente s";"154.1";"BR-116/SP";"Pista Norte";"Choque em barreira New Jersey";0;0;0;0;0;1;0;0;0;0;1;0;0;0;0
"29/04/2023";"12:22:00";"276";"Acidente s";"158";"BR-116/SP";"Pista Sul";"Abalroamento longitudinal";0;0;0;0;0;0;0;0;2;0;2;0;0;0;0
"29/04/2023";"02:49:00";"347";"Acidente s";"109";"BR-116/SP";"Pista Norte";"Colisão traseira";0;0;0;0;0;0;0;0;3;0;0;0;0;0;0
"29/04/2023";"02:50:00";"348";"Acidente s";"122.2";"BR-116/SP";"Pista Norte";"Colisão traseira";0;0;0;0;0;0;0;0;2;0;2;0;0;0;0
"29/04/2023";"03:49:00";"380";"Acidente c";"314.3";"BR-116/RJ";"Pista Sul";"Outros";0;0;0;0;0;0;0;0;1;0;1;1;0;0;0
"29/04/2023";"04:43:00";"426";"Acidente s";"305";"BR-116/RJ";"Pista Sul";"Queda de moto";0;1;0;0;0;0;0;0;0;0;0;0;0;0;0
"29/04/2023";"05:03:00";"439";"Acidente c";"430";"BR-116/RJ";"Pista Sul";"Colisão frontal";1;0;0;0;0;0;0;0;1;0;1;2;0;0;0
"29/04/2023";"06:35:00";"480";"Acidente c";"485";"BR-116/RJ";"Pista Sul";"Colisão traseira";0;1;0;0;0;0;0;0;0;1;2;1;0;0;0
"29/04/2023";"06:39:00";"486";"Acidente s";"174.5";"BR-116/SP";"Pista Sul";"Abalroamento longitudinal";0;0;0;0;0;0;0;0;2;0;8;0;0;0;0
"29/04/2023";"06:39:00";"485";"Acidente s";"254.4";"BR-116/RJ";"Pista Sul";"Colisão traseira";1;0;0;0;0;0;0;0;1;1;4;0;0;0;0
"29/04/2023";"06:59:00";"501";"Acidente c";"220.7";"BR-116/SP";"Pista Norte";"Abalroamento longitudinal";0;1;0;0;0;0;0;0;0;1;1;1;0;0;0
"29/04/2023";"08:14:00";"537";"Acidente s";"230.9";"BR-116/SP";"Pista Sul";"Engavetamento";0;0;0;0;0;0;0;0;2;3;6;0;0;0;0
"29/04/2023";"08:34:00";"547";"Acidente s";"233.8";"BR-116/RJ";"Pista Norte";"Engavetamento";1;0;0;0;0;0;0;0;3;0;7;0;0;0;0
"30/04/2023";"12:23:00";"18";"Acidente s";"51";"BR-116/SP";"Pista Sul";"Colisão traseira";0;0;0;0;0;0;0;0;1;1;1;0;0;0;0
"30/04/2023";"02:23:00";"46";"Acidente s";"435";"BR-116/RJ";"Pista Norte";"Choque em objeto fixo";0;0;0;0;0;0;0;0;1;0;1;0;0;0;0
"30/04/2023";"02:28:00";"49";"Acidente c";"222.4";"BR-116/SP";"Pista Sul";"Choque em barreira New Jersey";0;0;0;0;0;0;0;0;1;0;0;1;0;0;0
"30/04/2023";"03:27:00";"64";"Acidente s";"112.75";"BR-116/SP";"Pista Norte";"Colisão traseira";0;0;0;1;0;0;0;0;2;0;0;0;0;0;0
"30/04/2023";"07:55:00";"140";"Acidente c";"112.7";"BR-116/SP";"Pista Norte";"Engavetamento";0;0;0;0;0;0;0;0;3;0;8;1;0;0;0
"30/04/2023";"08:03:00";"144";"Acidente s";"115.7";"BR-116/SP";"Pista Norte";"Engavetamento";0;0;0;0;0;0;0;0;2;1;4;0;0;0;0
"30/04/2023";"09:03:00";"168";"Acidente c";"133.25";"BR-116/SP";"Pista Sul";"Colisão traseira";0;0;0;0;0;0;0;0;2;0;2;1;0;0;0
"30/04/2023";"09:05:00";"169";"Acidente s";"72";"BR-116/SP";"Pista Sul";"Queda de moto";0;1;0;0;0;0;0;0;0;0;0;0;0;0;0
"30/04/2023";"09:08:00";"171";"Acidente s";"113.4";"BR-116/SP";"Pista Norte";"Colisão traseira";0;0;0;0;0;0;0;0;2;0;2;0;0;0;0
"30/04/2023";"09:38:00";"182";"Acidente s";"137.3";"BR-116/SP";"Pista Norte";"Engavetamento";0;0;0;0;0;0;0;0;4;0;11;0;0;0;0
"30/04/2023";"10:06:00";"195";"Acidente s";"73.2";"BR-116/SP";"Pista Norte";"Outros";0;0;0;0;0;0;0;0;1;0;1;0;0;0;0
"30/04/2023";"11:56:00";"248";"Acidente c";"209";"BR-116/SP";"Pista Norte";"Colisão traseira";0;1;0;0;0;0;0;0;0;1;1;2;0;0;0
"30/04/2023";"12:56:00";"274";"Acidente c";"568";"BR-116/RJ";"Pista Norte";"Queda de moto";0;1;0;0;0;0;0;0;0;0;0;1;0;0;0
"30/04/2023";"03:01:00";"334";"Acidente s";"282";"BR-116/RJ";"Pista Sul";"Colisão traseira";0;0;0;0;0;0;0;0;2;0;0;0;0;0;0
"30/04/2023";"03:24:00";"346";"Acidente s";"249.2";"BR-116/RJ";"Pista Sul";"Choque em barreira New Jersey";0;0;0;0;0;0;0;0;1;0;1;0;0;0;0
"30/04/2023";"03:43:00";"352";"Acidente s";"58.1";"BR-116/SP";"Pista Norte";"Colisão traseira";0;0;0;0;0;0;0;0;2;0;3;0;0;0;0
"30/04/2023";"04:32:00";"373";"Acidente s";"107";"BR-116/SP";"Pista Sul";"Colisão traseira";0;0;0;0;0;0;0;0;2;0;0;0;0;0;0
"30/04/2023";"06:16:00";"428";"Acidente c";"48";"BR-116/SP";"Pista Norte";"Colisão frontal";0;1;0;0;0;0;0;0;1;0;3;1;0;0;0
"30/04/2023";"06:25:00";"435";"Acidente c";"127.7";"BR-116/SP";"Pista Sul";"Abalroamento longitudinal";1;0;0;0;0;0;0;0;1;0;0;0;1;0;0
"30/04/2023";"06:59:00";"450";"Acidente s";"416";"BR-116/RJ";"Pista Norte";"Choque em objeto fixo";0;0;0;0;0;0;0;0;1;0;2;0;0;0;0
"30/04/2023";"07:09:00";"454";"Acidente c";"173";"BR-116/SP";"Pista Sul";"Capotamento";0;0;0;0;0;0;0;0;1;0;0;2;0;0;0
"30/04/2023";"07:18:00";"458";"Atropelame";"487.6";"BR-116/RJ";"Pista Sul";"Atropelamento de pedestre atravessando";0;0;0;0;0;0;0;0;1;0;1;1;0;0;0
"30/04/2023";"08:53:00";"507";"Acidente c";"214.9";"BR-116/SP";"Pista Norte";"Abalroamento longitudinal";0;0;0;0;0;0;0;0;2;1;3;1;0;0;0
"30/04/2023";"09:41:00";"517";"Acidente c";"118.55";"BR-116/SP";"Pista Sul";"Capotamento";0;0;0;0;0;0;0;0;1;0;0;2;0;0;0
"30/04/2023";"09:45:00";"519";"Acidente c";"231.3";"BR-116/SP";"Pista Norte";"Atropelamento de pedestre caminhando";0;0;0;0;0;0;0;0;0;1;1;0;1;0;0
"30/04/2023";"09:47:00";"520";"Acidente s";"193";"BR-116/SP";"Pista Sul";"Abalroamento longitudinal";1;0;0;0;0;0;0;0;1;0;7;0;0;0;0
"30/04/2023";"09:59:00";"521";"Acidente c";"573";"BR-116/RJ";"Pista Norte";"Queda de moto";0;1;0;0;0;0;0;0;0;0;0;1;0;0;0
"30/04/2023";"11:00:00";"533";"Acidente s";"199";"BR-116/SP";"Pista Sul";"Colisão traseira";0;0;0;0;0;0;0;0;1;1;6;0;0;0;0
"30/04/2023";"11:17:00";"537";"Acidente s";"436";"BR-116/RJ";"Pista Norte";"Queda de ribanceira";0;0;0;0;0;0;0;0;1;0;2;0;0;0;0
"30/04/2023";"11:45:00";"543";"Acidente s";"103.1";"BR-116/SP";"Pista Sul";"Choque em defensa";0;0;0;0;0;0;0;0;1;0;0;0;0;0;0
"01/05/2023";"12:46:00";"20";"Acidente s";"286.4";"BR-116/RJ";"Pista Norte";"Choque em objeto fixo";0;0;0;0;0;0;0;0;1;0;0;0;0;0;0
"01/05/2023";"02:57:00";"41";"Acidente s";"307.4";"BR-116/RJ";"Pista Norte";"Capotamento";0;0;0;0;0;0;0;0;1;0;1;0;0;0;0
"01/05/2023";"06:57:00";"85";"Acidente s";"58.9";"BR-116/SP";"Pista Norte";"Queda de moto";0;1;0;0;0;0;0;0;0;0;1;0;0;0;0
"01/05/2023";"01:16:00";"242";"Acidente s";"106.6";"BR-116/SP";"Pista Sul";"Engavetamento";0;0;0;0;0;0;0;0;3;0;3;0;0;0;0
"01/05/2023";"01:29:00";"249";"Acidente c";"215.2";"BR-116/SP";"Pista Sul";"Choque em barreira New Jersey";0;0;0;0;0;0;0;0;1;0;0;1;0;0;0
"01/05/2023";"01:33:00";"251";"Acidente s";"106.4";"BR-116/SP";"Pista Sul";"Colisão traseira";0;0;0;0;0;0;0;0;3;0;3;0;0;0;0
"01/05/2023";"01:51:00";"259";"Acidente s";"106.7";"BR-116/SP";"Pista Sul";"Colisão traseira";0;0;0;0;0;0;0;0;2;0;2;0;0;0;0
"01/05/2023";"02:00:00";"261";"Acidente c";"70";"BR-116/SP";"Pista Norte";"Colisão traseira";1;0;0;0;0;0;0;0;1;0;0;1;0;0;0
"01/05/2023";"02:05:00";"264";"Acidente c";"158";"BR-116/SP";"Pista Norte";"Abalroamento longitudinal";1;0;0;0;0;0;0;0;1;0;1;1;0;0;0
"01/05/2023";"02:12:00";"269";"Acidente s";"126";"BR-116/SP";"Pista Sul";"Colisão traseira";0;0;0;0;0;0;0;0;2;0;2;0;0;0;0
"01/05/2023";"02:37:00";"274";"Acidente c";"102.4";"BR-116/SP";"Pista Sul";"Engavetamento";0;0;0;0;0;0;0;0;4;1;1;2;0;0;0
"01/05/2023";"03:15:00";"291";"Acidente s";"123.7";"BR-116/SP";"Pista Sul";"Engavetamento";0;0;0;0;0;0;0;0;3;0;0;0;0;0;0
"01/05/2023";"03:46:00";"307";"Acidente s";"284";"BR-116/RJ";"Pista Norte";"Engavetamento";0;0;0;0;0;0;0;0;4;0;8;0;0;0;0
"01/05/2023";"03:55:00";"315";"Acidente s";"129.3";"BR-116/SP";"Pista Sul";"Engavetamento";0;0;0;0;0;0;0;0;2;2;8;0;0;0;0
"01/05/2023";"04:40:00";"351";"Acidente c";"68.52";"BR-116/SP";"Pista Norte";"Colisão traseira";0;0;0;1;0;0;0;0;1;0;0;2;0;0;0
"01/05/2023";"04:48:00";"355";"Acidente s";"194.1";"BR-116/SP";"Pista Sul";"Choque em objeto fixo";0;0;0;0;0;0;0;0;1;0;1;0;0;0;0
"01/05/2023";"05:11:00";"368";"Acidente s";"290.3";"BR-116/RJ";"Pista Norte";"Engavetamento";0;0;0;0;0;3;0;0;0;0;1;0;0;0;0
"01/05/2023";"05:31:00";"380";"Acidente c";"105";"BR-116/SP";"Pista Sul";"Colisão traseira";0;1;0;0;0;0;0;0;1;0;0;0;1;0;0
"01/05/2023";"05:36:00";"384";"Acidente s";"137";"BR-116/SP";"Pista Sul";"Abalroamento longitudinal";0;1;0;0;0;0;0;0;0;0;2;0;0;0;0
"01/05/2023";"06:22:00";"411";"Acidente c";"208";"BR-116/SP";"Pista Sul";"Abalroamento longitudinal";0;1;0;0;0;0;0;0;1;0;5;1;0;0;0
"01/05/2023";"07:08:00";"436";"Acidente s";"186.5";"BR-116/SP";"Pista Sul";"Engavetamento";0;0;0;0;0;0;0;0;2;1;3;0;0;0;0
"01/05/2023";"07:33:00";"448";"Acidente s";"187";"BR-116/SP";"Pista Sul";"Colisão traseira";0;0;0;0;0;0;0;0;2;0;2;0;0;0;0
"01/05/2023";"07:36:00";"450";"Acidente s";"418";"BR-101/RJ";"Pista Norte";"Colisão traseira";0;0;0;0;0;0;0;0;2;0;5;0;0;0;0
"01/05/2023";"09:46:00";"522";"Acidente s";"228.5";"BR-116/SP";"Pista Sul";"Choque em barreira New Jersey";0;0;0;0;0;0;0;0;1;0;5;0;0;0;0
"01/05/2023";"11:36:00";"548";"Acidente s";"158";"BR-116/SP";"Pista Norte";"Choque em barreira New Jersey";0;0;0;0;0;0;0;0;1;0;1;0;0;0;0
"02/05/2023";"12:42:00";"19";"Acidente s";"68.9";"BR-116/SP";"Pista Norte";"Abalroamento longitudinal";2;0;0;0;0;0;0;0;1;0;0;0;0;0;0
"02/05/2023";"09:29:00";"206";"Acidente c";"161";"BR-116/SP";"Pista Norte";"Queda de moto";0;1;0;0;0;0;0;0;0;0;0;1;0;0;0
"02/05/2023";"10:26:00";"233";"Acidente s";"397";"BR-101/RJ";"Pista Sul";"Queda de moto";0;1;0;0;0;0;0;0;0;0;1;0;0;0;0
"02/05/2023";"11:27:00";"259";"Acidente s";"109.6";"BR-116/SP";"Pista Sul";"Choque em defensa";1;0;0;0;0;0;0;0;1;0;2;2;0;0;0
"02/05/2023";"11:54:00";"271";"Acidente s";"165.2";"BR-116/SP";"Pista Norte";"Colisão traseira";1;0;0;0;0;0;0;0;0;1;2;0;0;0;0
"02/05/2023";"02:01:00";"340";"Atropelame";"331.8";"BR-116/RJ";"Pista Norte";"Atropelamento de pedestre atravessando";1;0;0;0;0;0;0;0;0;0;1;0;0;1;0
"02/05/2023";"03:38:00";"383";"Acidente s";"221";"BR-116/RJ";"Pista Sul";"Choque em objeto fixo";1;0;0;0;0;0;0;0;0;0;1;0;0;0;0
"02/05/2023";"04:35:00";"412";"Acidente c";"215";"BR-116/SP";"Pista Sul";"Colisão traseira";0;1;0;0;0;0;0;0;0;1;1;1;0;0;0
"02/05/2023";"06:04:00";"460";"Acidente c";"211";"BR-116/SP";"Pista Norte";"Abalroamento longitudinal";0;1;0;0;0;0;0;0;1;0;1;1;0;0;0
"02/05/2023";"06:13:00";"467";"Acidente c";"506";"BR-101/RJ";"Pista Norte";"Abalroamento longitudinal";0;1;0;1;0;0;0;0;0;0;1;0;1;0;0
"02/05/2023";"06:14:00";"469";"Acidente c";"146";"BR-116/SP";"Pista Sul";"Engavetamento";0;0;0;0;0;0;0;0;3;0;3;1;0;0;0
"02/05/2023";"06:25:00";"475";"Acidente c";"216";"BR-116/SP";"Pista Norte";"Queda de moto";0;1;0;0;0;0;0;0;0;0;0;1;0;0;0
"02/05/2023";"06:55:00";"482";"Atropelame";"199";"BR-116/SP";"Pista Norte";"Atropelamento de pedestre atravessando";0;0;0;0;0;0;0;0;1;0;1;0;0;0;1
"02/05/2023";"07:06:00";"490";"Acidente s";"480";"BR-101/RJ";"Pista Sul";"Colisão traseira";0;0;0;0;1;0;0;0;1;0;16;0;0;0;0
"02/05/2023";"07:41:00";"510";"Acidente c";"145.7";"BR-116/SP";"Pista Norte";"Colisão traseira";0;1;0;0;0;0;0;0;1;0;2;1;0;0;0
"02/05/2023";"08:06:00";"522";"Acidente s";"228";"BR-116/SP";"Pista Norte";"Abalroamento longitudinal";1;0;0;0;0;0;0;0;1;0;2;0;0;0;0
"02/05/2023";"11:06:00";"563";"Acidente s";"222.6";"BR-116/SP";"Pista Norte";"Colisão traseira";0;0;0;1;0;0;0;0;1;0;3;0;0;0;0
"03/05/2023";"01:30:00";"27";"Acidente s";"410";"BR-101/RJ";"Pista Sul";"Atropelamento de animal";0;0;0;0;0;0;0;0;1;0;3;0;0;0;0
"03/05/2023";"02:59:00";"48";"Acidente c";"169.4";"BR-116/SP";"Pista Norte";"Colisão traseira";2;0;0;0;0;0;0;0;0;0;0;0;1;0;0
"03/05/2023";"06:35:00";"97";"Acidente c";"82.7";"BR-116/SP";"Pista Sul";"Queda de moto";0;1;0;0;0;0;0;0;0;0;0;1;0;0;0
"03/05/2023";"06:58:00";"112";"Acidente c";"226.7";"BR-116/RJ";"Pista Sul";"Tombamento";1;0;0;0;0;0;0;0;0;0;0;0;1;0;0
"03/05/2023";"10:36:00";"261";"Acidente s";"227";"BR-116/SP";"Pista Sul";"Colisão traseira";0;0;0;0;0;0;0;0;2;0;0;0;0;0;0
"03/05/2023";"11:03:00";"277";"Acidente c";"385";"BR-101/RJ";"Pista Norte";"Queda de moto";0;1;0;0;0;0;0;0;0;0;0;1;0;0;0
"03/05/2023";"12:18:00";"304";"Acidente c";"230.8";"BR-116/SP";"Pista Sul";"Abalroamento longitudinal";0;1;0;0;0;0;0;0;1;0;2;1;0;0;0
"03/05/2023";"01:01:00";"319";"Acidente c";"508";"BR-101/RJ";"Pista Sul";"Abalroamento longitudinal";0;1;0;0;0;0;0;0;1;0;0;2;0;0;0
"03/05/2023";"03:12:00";"382";"Acidente c";"151.6";"BR-116/SP";"Pista Norte";"Colisão traseira";1;0;0;0;0;0;0;0;1;0;0;1;0;0;0
"03/05/2023";"06:57:00";"503";"Acidente c";"149";"BR-116/SP";"Pista Sul";"Abalroamento longitudinal";0;1;0;0;0;0;0;0;1;0;1;1;0;0;0
"03/05/2023";"07:24:00";"516";"Acidente c";"153.7";"BR-116/SP";"Pista Sul";"Colisão traseira";0;0;0;0;0;0;0;0;2;0;2;2;0;0;0
"04/05/2023";"12:13:00";"18";"Acidente s";"156.9";"BR-116/SP";"Pista Norte";"Abalroamento longitudinal";0;0;0;0;0;0;0;0;1;1;2;0;0;0;0
"04/05/2023";"03:26:00";"37";"Acidente c";"146";"BR-116/SP";"Pista Norte";"Capotamento";0;0;0;0;0;0;0;0;1;0;0;2;0;0;0
"04/05/2023";"03:49:00";"39";"Atropelame";"212.8";"BR-116/SP";"Pista Norte";"Atropelamento de pedestre caminhando";0;0;0;0;0;0;0;0;0;1;1;0;0;0;1
"04/05/2023";"09:42:00";"196";"Acidente c";"227";"BR-116/SP";"Pista Sul";"Colisão traseira";0;1;0;0;0;0;0;0;1;0;1;1;0;0;0
"04/05/2023";"11:50:00";"268";"Acidente c";"158";"BR-116/SP";"Pista Norte";"Queda de moto";0;1;0;0;0;0;0;0;0;0;0;0;0;1;0
"04/05/2023";"12:34:00";"292";"Acidente s";"226.3";"BR-116/SP";"Pista Norte";"Abalroamento longitudinal";1;0;0;0;0;0;0;0;1;0;2;0;0;0;0
"04/05/2023";"12:37:00";"294";"Acidente s";"13.9";"BR-116/SP";"Pista Norte";"Colisão traseira";1;0;0;0;0;0;0;0;1;0;0;0;0;0;0
"04/05/2023";"01:56:00";"335";"Acidente s";"130";"BR-116/SP";"Pista Sul";"Colisão traseira";0;0;0;0;0;0;0;0;2;0;3;0;0;0;0
"04/05/2023";"04:11:00";"407";"Acidente s";"485";"BR-101/RJ";"Pista Norte";"Abalroamento longitudinal";0;0;0;0;0;0;0;0;2;0;2;0;0;0;0
"04/05/2023";"04:53:00";"426";"Acidente s";"174.4";"BR-116/SP";"Pista Norte";"Engavetamento";0;0;0;0;0;0;1;0;2;0;3;0;0;0;0
"04/05/2023";"05:48:00";"448";"Acidente s";"93.8";"BR-116/SP";"Pista Norte";"Colisão traseira";2;0;0;0;0;0;0;0;0;0;0;0;0;0;0
"04/05/2023";"05:58:00";"456";"Acidente c";"209.9";"BR-116/SP";"Pista Sul";"Colisão traseira";0;1;0;0;0;0;0;0;1;0;5;1;0;0;0
"04/05/2023";"07:11:00";"513";"Acidente s";"218";"BR-116/SP";"Pista Norte";"Engavetamento";0;0;0;0;0;0;0;0;3;0;4;0;0;0;0
"04/05/2023";"07:30:00";"525";"Atropelame";"188.5";"BR-116/SP";"Pista Norte";"Atropelamento de pedestre caminhando";0;0;0;0;0;0;0;0;0;1;1;0;0;0;1
"04/05/2023";"07:50:00";"537";"Atropelame";"557";"BR-101/RJ";"Pista Norte";"Atropelamento de pedestre atravessando";0;1;1;0;0;0;0;0;0;0;0;0;0;2;0
"04/05/2023";"11:55:00";"596";"Acidente s";"220";"BR-116/SP";"Pista Norte";"Choque em defensa";0;0;0;0;0;0;0;0;1;0;1;0;0;0;0
"05/05/2023";"12:16:00";"18";"Acidente s";"463";"BR-101/RJ";"Pista Norte";"Colisão traseira";0;0;0;0;0;0;0;0;1;1;2;0;0;0;0
"05/05/2023";"02:41:00";"53";"Acidente s";"57";"BR-116/SP";"Pista Sul";"Queda de ribanceira";1;0;0;0;0;0;0;0;0;0;0;0;0;0;0
"05/05/2023";"03:49:00";"64";"Atropelame";"156.59";"BR-116/SP";"Pista Sul";"Atropelamento de pedestre atravessando";0;0;0;0;0;0;0;0;0;1;1;0;1;0;0
"05/05/2023";"05:31:00";"82";"Acidente s";"436";"BR-101/RJ";"Pista Norte";"Choque em barreira New Jersey";1;0;0;0;0;0;0;0;0;0;1;0;0;0;0
"05/05/2023";"05:58:00";"90";"Acidente s";"320.6";"BR-116/RJ";"Pista Sul";"Choque em objeto fixo";0;0;0;0;0;0;0;0;1;0;0;0;0;0;0