data;horario;n_da_ocorrencia;tipo_de_ocorrencia;km;trecho;sentido;tipo_de_acidente;automovel;bicicleta;caminhao;moto;onibus;outros;tracao_animal;transporte_de_cargas_especiais;trator_maquinas;utilitarios;ilesos;levemente_feridos;moderadamente_feridos;gravemente_feridos;mortos
"13/05/2023";"12:38:00";"23";"Acidente c";"147.5";"BR-116/SP";"Pista Sul";"Choque em objeto fixo";0;0;0;0;0;1;0;0;1;0;0;1;0;1;0
"13/05/2023";"01:34:00";"33";"Acidente s";"194";"BR-116/SP";"Pista Sul";"Abalroamento longitudinal";2;0;0;0;0;0;0;0;0;0;2;0;0;0;0
"13/05/2023";"01:40:00";"36";"Acidente c";"101.1";"BR-116/SP";"Pista Norte";"Choque em barreira New Jersey";0;0;0;0;0;0;0;0;1;0;0;0;1;0;0
"13/05/2023";"02:18:00";"41";"Acidente c";"218.8";"BR-116/SP";"Pista Norte";"Colisão traseira";0;0;0;2;0;0;0;0;0;0;2;1;0;0;0
"13/05/2023";"03:17:00";"52";"Acidente s";"211.3";"BR-116/SP";"Pista Norte";"Colisão traseira";2;0;0;0;0;0;0;0;0;0;2;0;0;0;0
"13/05/2023";"06:18:00";"75";"Acidente s";"324.9";"BR-116/RJ";"Pista Sul";"Queda de Carga";0;1;0;0;0;0;0;0;0;0;1;0;0;0;0
"13/05/2023";"06:32:00";"77";"Acidente c";"495";"BR-101/RJ";"Pista Norte";"Colisão frontal";0;0;0;0;0;0;0;0;1;1;1;1;0;0;0
"13/05/2023";"09:06:00";"141";"Acidente c";"289.7";"BR-116/RJ";"Pista Norte";"Choque em barreira New Jersey";0;0;0;0;0;0;0;0;1;0;0;1;0;0;0
"13/05/2023";"09:34:00";"154";"Acidente s";"108.1";"BR-116/SP";"Pista Norte";"Colisão traseira";0;0;0;0;0;0;0;0;2;0;2;0;0;0;0
"13/05/2023";"10:08:00";"165";"Acidente s";"124";"BR-116/SP";"Pista Norte";"Colisão traseira";0;0;0;0;0;0;0;0;2;0;2;0;0;0;0
"13/05/2023";"10:08:00";"166";"Acidente c";"133";"BR-116/SP";"Pista Norte";"Queda de moto";0;1;0;0;0;0;0;0;0;0;1;1;0;0;0
"13/05/2023";"11:10:00";"188";"Acidente c";"470";"BR-101/RJ";"Pista Norte";"Choque em objeto fixo";0;0;0;0;0;0;0;0;1;0;0;0;1;0;0
"13/05/2023";"11:50:00";"203";"Acidente s";"146";"BR-116/SP";"Pista Sul";"Colisão traseira";0;0;0;0;0;0;0;0;2;0;2;0;0;0;0
"13/05/2023";"12:10:00";"211";"Acidente c";"246.85";"BR-116/RJ";"Pista Norte";"Tombamento";1;0;0;0;0;0;0;0;0;0;0;0;0;0;1
"13/05/2023";"01:24:00";"243";"Acidente s";"155.2";"BR-116/SP";"Pista Norte";"Abalroamento longitudinal";0;0;0;0;0;0;1;0;1;0;2;0;0;0;0
"13/05/2023";"01:41:00";"249";"Acidente s";"155.3";"BR-116/SP";"Pista Norte";"Colisão traseira";0;0;0;0;0;0;0;0;2;0;3;0;0;0;0
"13/05/2023";"02:09:00";"256";"Acidente c";"72.25";"BR-116/SP";"Pista Sul";"Queda de moto";0;1;0;0;0;0;0;0;0;0;1;1;0;0;0
"13/05/2023";"03:31:00";"297";"Acidente s";"165.2";"BR-116/SP";"Pista Norte";"Colisão traseira";1;0;0;0;0;0;0;0;1;0;3;0;0;0;0
"13/05/2023";"05:19:00";"334";"Acidente s";"576";"BR-101/RJ";"Pista Sul";"Atropelamento de pedestre atravessando";0;0;1;0;0;0;0;0;1;1;4;0;0;0;0
"13/05/2023";"06:29:00";"353";"Acidente s";"225.8";"BR-116/RJ";"Pista Sul";"Abalroamento longitudinal";0;0;0;0;0;0;0;0;1;0;1;0;0;0;0
"13/05/2023";"07:05:00";"370";"Acidente c";"229.8";"BR-116/SP";"Pista Sul";"Engavetamento";1;0;0;0;0;0;0;0;2;0;9;1;0;0;0
"13/05/2023";"10:08:00";"431";"Acidente s";"297.4";"BR-116/RJ";"Pista Sul";"Choque em barreira New Jersey";0;0;0;0;0;0;1;0;1;2;4;0;0;0;0
"13/05/2023";"10:10:00";"432";"Acidente c";"90.15";"BR-116/SP";"Pista Sul";"Atropelamento de animal";0;0;0;0;0;0;0;0;1;0;0;0;1;0;0
"13/05/2023";"11:40:00";"447";"Acidente s";"426.5";"BR-101/RJ";"Pista Sul";"Capotamento";0;0;0;0;0;0;0;0;1;0;5;0;0;0;0
"14/05/2023";"01:08:00";"30";"Acidente c";"224";"BR-116/SP";"Pista Sul";"Abalroamento longitudinal";0;0;0;0;0;0;0;0;2;0;3;1;0;0;0
"14/05/2023";"01:49:00";"36";"Acidente s";"82.2";"BR-116/SP";"Pista Sul";"Colisão traseira";0;0;0;0;0;2;0;0;0;0;0;0;0;0;0
"14/05/2023";"04:51:00";"54";"Acidente s";"189.4";"BR-116/SP";"Pista Norte";"Choque em objeto fixo";0;0;0;0;0;0;0;0;1;0;1;0;0;0;0
"14/05/2023";"05:46:00";"61";"Acidente s";"121.1";"BR-116/SP";"Pista Norte";"Abalroamento longitudinal";0;0;0;0;0;0;0;0;1;1;2;0;0;0;0
"14/05/2023";"06:12:00";"66";"Acidente c";"55";"BR-116/SP";"Pista Sul";"Queda de moto";0;1;0;0;0;0;0;0;0;0;1;1;0;0;0
"14/05/2023";"12:54:00";"219";"Acidente c";"225.4";"BR-116/SP";"Pista Sul";"Abalroamento longitudinal";0;2;0;0;0;0;0;0;0;0;1;2;0;0;0
"14/05/2023";"01:43:00";"239";"Acidente s";"225.4";"BR-116/SP";"Pista Sul";"Colisão traseira";0;0;0;0;0;0;0;0;2;0;8;0;0;0;0
"14/05/2023";"02:20:00";"254";"Acidente c";"281.4";"BR-116/RJ";"Pista Sul";"Choque Talude";1;0;0;0;0;0;0;0;0;0;0;0;1;0;0
"14/05/2023";"03:08:00";"275";"Acidente s";"307";"BR-116/RJ";"Pista Norte";"Colisão traseira";0;0;0;0;0;0;0;0;2;0;6;0;0;0;0
"14/05/2023";"04:40:00";"314";"Acidente c";"108";"BR-116/SP";"Pista Sul";"Abalroamento longitudinal";0;1;0;0;0;0;0;0;1;0;0;2;0;0;0
"14/05/2023";"06:35:00";"374";"Acidente s";"115.4";"BR-116/SP";"Pista Sul";"Colisão traseira";0;0;0;0;0;0;0;0;1;1;1;0;0;0;0
"14/05/2023";"07:23:00";"395";"Acidente c";"208";"BR-116/SP";"Pista Sul";"Colisão traseira";0;1;0;0;0;0;0;0;1;0;2;1;0;0;0
"14/05/2023";"07:40:00";"402";"Acidente c";"265.5";"BR-116/RJ";"Pista Sul";"Colisão traseira";0;0;0;0;0;0;0;0;2;0;4;0;1;0;0
"14/05/2023";"07:50:00";"406";"Acidente s";"212.5";"BR-116/SP";"Pista Sul";"Colisão traseira";0;0;0;0;0;0;0;0;2;0;4;0;0;0;0
"14/05/2023";"09:40:00";"447";"Acidente c";"208";"BR-116/SP";"Pista Sul";"Engavetamento";0;0;0;0;0;0;0;0;3;0;8;1;1;0;0
"15/05/2023";"01:08:00";"30";"Acidente c";"228.2";"BR-116/RJ";"Pista Sul";"Choque Talude";1;0;0;0;0;0;0;0;0;0;0;1;1;0;0
"15/05/2023";"01:37:00";"32";"Acidente s";"561.5";"BR-101/RJ";"Pista Norte";"Choque em defensa";0;0;0;0;0;0;0;0;1;0;1;0;0;0;0
"15/05/2023";"01:53:00";"38";"Acidente c";"227.8";"BR-116/SP";"Pista Sul";"Colisão traseira";0;1;0;0;0;0;0;0;2;0;2;0;1;0;0
"15/05/2023";"03:05:00";"52";"Acidente c";"267.3";"BR-116/RJ";"Pista Norte";"Choque Talude";0;0;0;0;0;0;0;0;1;0;0;1;0;0;0
"15/05/2023";"03:31:00";"56";"Acidente s";"140.3";"BR-116/SP";"Pista Norte";"Choque em barreira New Jersey";0;0;0;0;0;0;0;0;1;0;1;0;0;0;0
"15/05/2023";"03:55:00";"60";"Acidente s";"140.6";"BR-116/SP";"Pista Norte";"Colisão traseira";2;0;0;0;0;0;0;0;0;0;2;0;0;0;0
"15/05/2023";"04:41:00";"68";"Acidente s";"229";"BR-116/RJ";"Pista Sul";"Atropelamento de animal";0;0;0;0;0;0;0;0;1;0;1;0;0;0;0
"15/05/2023";"06:30:00";"87";"Acidente s";"106";"BR-116/SP";"Pista Norte";"Abalroamento longitudinal";0;1;0;0;0;0;0;0;0;1;2;0;0;0;0
"15/05/2023";"07:38:00";"129";"Acidente s";"220.7";"BR-116/SP";"Pista Sul";"Engavetamento";0;0;0;0;0;0;0;0;3;0;3;0;0;0;0
"15/05/2023";"08:23:00";"155";"Acidente c";"219.8";"BR-116/SP";"Pista Sul";"Abalroamento longitudinal";0;1;0;0;0;0;0;0;1;0;1;1;0;0;0
"15/05/2023";"01:40:00";"303";"Acidente s";"476";"BR-101/RJ";"Pista Norte";"Abalroamento longitudinal";0;1;0;0;0;0;0;0;1;0;2;0;0;0;0
"15/05/2023";"04:39:00";"389";"Acidente s";"218.8";"BR-116/SP";"Pista Sul";"Engavetamento";1;0;0;0;0;0;0;0;2;0;3;0;0;0;0
"15/05/2023";"05:13:00";"406";"Acidente c";"230";"BR-116/SP";"Pista Sul";"Colisão traseira";0;1;0;0;0;0;0;0;1;0;2;1;0;0;0
"15/05/2023";"05:19:00";"409";"Acidente s";"267.7";"BR-116/RJ";"Pista Sul";"Colisão traseira";2;0;0;0;0;0;0;0;0;0;2;0;0;0;0
"15/05/2023";"05:56:00";"429";"Acidente s";"275.3";"BR-116/RJ";"Pista Sul";"Colisão traseira";2;0;0;0;0;0;0;0;0;0;3;0;0;0;0
"15/05/2023";"06:19:00";"440";"Acidente s";"219";"BR-116/SP";"Pista Norte";"Colisão traseira";0;0;0;0;0;0;0;0;1;1;2;0;0;0;0
"15/05/2023";"06:59:00";"465";"Atropelame";"104.2";"BR-116/SP";"Pista Sul";"Atropelamento de pedestre atravessando";0;0;0;0;0;0;0;0;0;1;1;0;0;1;0
"15/05/2023";"08:12:00";"496";"Acidente c";"129.7";"BR-116/SP";"Pista Sul";"Queda de moto";0;1;0;0;0;0;0;0;0;0;0;0;1;0;0
"16/05/2023";"12:20:00";"17";"Acidente s";"382";"BR-101/RJ";"Pista Sul";"Capotamento";0;0;0;0;0;0;0;0;1;0;1;0;0;0;0
"16/05/2023";"05:22:00";"48";"Atropelame";"209";"BR-116/SP";"Pista Norte";"Atropelamento de pedestre atravessando";0;0;0;0;0;0;0;0;0;1;0;0;1;0;0
"16/05/2023";"06:16:00";"59";"Acidente c";"230.6";"BR-116/SP";"Pista Sul";"Colisão traseira";0;1;0;0;0;0;0;0;1;0;1;1;0;0;0
"16/05/2023";"06:21:00";"60";"Acidente s";"222";"BR-116/SP";"Pista Sul";"Abalroamento longitudinal";1;0;0;0;1;0;0;0;0;0;0;0;0;0;0
"16/05/2023";"06:43:00";"69";"Atropelame";"576";"BR-101/RJ";"Pista Norte";"Atropelamento de pedestre atravessando";1;0;0;0;0;0;0;0;0;0;1;0;0;1;0
"16/05/2023";"07:59:00";"116";"Acidente s";"466";"BR-101/RJ";"Pista Sul";"Colisão traseira";0;0;0;0;0;0;0;0;2;0;3;0;0;0;0
"16/05/2023";"08:16:00";"130";"Acidente s";"112.45";"BR-116/SP";"Pista Sul";"Abalroamento longitudinal";1;0;0;0;0;0;0;0;1;0;2;0;0;0;0
"16/05/2023";"10:14:00";"198";"Acidente s";"277.8";"BR-116/RJ";"Pista Sul";"Colisão traseira";1;0;0;0;0;0;0;0;1;0;4;0;0;0;0
"16/05/2023";"10:34:00";"206";"Acidente c";"230";"BR-116/SP";"Pista Sul";"Colisão traseira";0;1;0;0;0;0;0;0;1;0;1;1;0;0;0
"16/05/2023";"03:45:00";"328";"Acidente c";"201";"BR-116/SP";"Pista Norte";"Abalroamento longitudinal";0;0;0;0;0;0;0;0;2;0;0;2;0;0;0
"16/05/2023";"05:42:00";"377";"Acidente c";"311.7";"BR-116/RJ";"Pista Sul";"Queda de moto";0;1;0;0;0;0;0;0;0;0;0;1;0;0;0
"16/05/2023";"05:47:00";"385";"Acidente s";"523";"BR-101/RJ";"Pista Sul";"Choque em objeto fixo";0;0;0;0;0;0;1;0;0;0;1;0;0;0;0
"16/05/2023";"06:53:00";"418";"Acidente s";"155";"BR-116/SP";"Pista Sul";"Colisão traseira";0;0;0;0;0;0;0;0;2;0;4;0;0;0;0
"16/05/2023";"06:55:00";"420";"Acidente s";"131.55";"BR-116/SP";"Pista Sul";"Choque em objeto na pista";2;0;0;0;0;0;0;0;0;0;3;0;0;0;0
"16/05/2023";"07:06:00";"424";"Acidente s";"230.1";"BR-116/SP";"Pista Sul";"Engavetamento";0;0;0;0;0;0;0;0;3;1;4;0;0;0;0
"16/05/2023";"09:39:00";"474";"Acidente s";"476";"BR-101/RJ";"Pista Sul";"Choque em objeto fixo";0;0;0;0;0;0;0;0;1;0;1;0;0;0;0
"16/05/2023";"09:51:00";"476";"Acidente c";"483";"BR-101/RJ";"Pista Sul";"Abalroamento longitudinal";0;0;0;0;0;0;0;0;2;0;4;0;1;0;0
"16/05/2023";"10:06:00";"480";"Acidente s";"101.9";"BR-116/SP";"Pista Norte";"Choque em barreira New Jersey";1;0;0;0;0;0;0;0;0;0;1;0;0;0;0
"17/05/2023";"02:10:00";"37";"Acidente s";"216.9";"BR-116/SP";"Pista Sul";"Colisão traseira";1;0;0;0;0;0;0;0;1;0;3;0;0;0;0
"17/05/2023";"03:48:00";"45";"Acidente s";"300";"BR-116/RJ";"Pista Sul";"Choque em defensa";0;0;0;0;0;0;0;0;1;0;1;0;0;0;0
"17/05/2023";"05:37:00";"57";"Atropelame";"145.6";"BR-116/SP";"Pista Norte";"Atropelamento de pedestre atravessando";0;0;1;0;0;0;0;0;0;1;1;0;1;0;0
"17/05/2023";"05:40:00";"59";"Acidente c";"284";"BR-116/RJ";"Pista Norte";"Colisão traseira";2;0;0;0;0;0;0;0;0;0;1;2;1;0;0
"17/05/2023";"06:23:00";"72";"Acidente s";"212";"BR-116/SP";"Pista Sul";"Engavetamento";0;0;0;0;0;0;0;0;2;1;2;0;0;0;0
"17/05/2023";"06:55:00";"91";"Acidente c";"476";"BR-101/RJ";"Pista Norte";"Queda de moto";0;1;0;0;0;0;0;0;0;0;0;1;0;0;0
"17/05/2023";"05:19:00";"393";"Acidente s";"202.5";"BR-116/SP";"Pista Norte";"Colisão traseira";0;0;0;1;0;0;0;0;1;0;2;0;0;0;0
"17/05/2023";"06:48:00";"435";"Acidente c";"226.3";"BR-116/RJ";"Pista Sul";"Tombamento";1;0;0;0;0;0;0;0;0;0;0;1;0;0;0
"17/05/2023";"06:57:00";"439";"Acidente s";"41.6";"BR-116/SP";"Pista Sul";"Choque em objeto fixo";0;0;0;0;0;0;0;0;1;0;5;0;0;0;0
"17/05/2023";"07:37:00";"460";"Acidente s";"218.9";"BR-116/SP";"Pista Norte";"Abalroamento longitudinal";0;1;0;0;0;0;0;0;1;0;4;0;0;0;0
"18/05/2023";"03:52:00";"38";"Acidente c";"29.55";"BR-116/SP";"Pista Norte";"Colisão traseira";2;0;0;0;0;0;0;0;0;0;1;1;0;0;0
"18/05/2023";"05:51:00";"51";"Acidente s";"214.9";"BR-116/SP";"Pista Norte";"Colisão traseira";0;0;0;0;0;0;0;0;1;1;2;0;0;0;0
"18/05/2023";"06:31:00";"64";"Acidente s";"211";"BR-116/SP";"Pista Sul";"Colisão traseira";0;1;0;0;0;0;0;0;1;0;2;0;0;0;0
"18/05/2023";"06:46:00";"79";"Acidente s";"232.35";"BR-116/RJ";"Pista Sul";"Choque em barreira New Jersey";0;0;0;0;0;0;0;0;1;0;1;0;0;0;0
"18/05/2023";"07:00:00";"87";"Acidente c";"230";"BR-116/SP";"Pista Sul";"Colisão traseira";0;1;0;0;0;0;0;0;1;0;4;1;0;0;0
"18/05/2023";"07:38:00";"111";"Acidente s";"203.1";"BR-116/SP";"Pista Norte";"Colisão traseira";0;0;0;0;0;0;0;0;2;0;3;0;0;0;0
"18/05/2023";"11:32:00";"255";"Acidente c";"228";"BR-116/SP";"Pista Norte";"Abalroamento longitudinal";0;1;0;0;0;0;0;0;1;0;1;1;0;0;0
"18/05/2023";"11:43:00";"258";"Acidente s";"143.2";"BR-116/SP";"Pista Norte";"Abalroamento longitudinal";1;0;0;0;0;0;0;0;1;0;3;0;0;0;0
"18/05/2023";"01:06:00";"291";"Acidente c";"134";"BR-116/SP";"Pista Sul";"Abalroamento longitudinal";0;0;0;0;0;0;0;0;2;0;2;1;0;0;0
"18/05/2023";"01:16:00";"300";"Acidente s";"225";"BR-116/SP";"Pista Norte";"Colisão traseira";0;0;0;0;0;0;0;0;2;0;2;0;0;0;0
"18/05/2023";"03:33:00";"351";"Acidente c";"50";"BR-101/SP";"Pista Sul";"Colisão frontal";0;1;0;0;0;0;0;0;1;0;1;1;0;0;0
"18/05/2023";"04:37:00";"377";"Acidente s";"50";"BR-101/SP";"Pista Norte";"Colisão traseira";0;0;0;0;0;0;0;0;1;1;2;0;0;0;0
"18/05/2023";"06:16:00";"425";"Acidente c";"229.2";"BR-116/SP";"Pista Norte";"Engavetamento";0;0;0;0;1;0;0;0;3;0;38;12;0;0;0
"18/05/2023";"06:23:00";"428";"Acidente s";"148";"BR-116/SP";"Pista Norte";"Colisão traseira";0;0;0;0;0;0;0;0;1;1;5;0;0;0;0
"18/05/2023";"06:42:00";"439";"Acidente s";"573";"BR-101/RJ";"Pista Sul";"Abalroamento longitudinal";0;0;0;0;0;0;0;0;1;1;2;0;0;0;0
"18/05/2023";"07:11:00";"451";"Acidente s";"148";"BR-116/SP";"Pista Norte";"Colisão traseira";0;0;0;0;0;0;0;0;2;0;2;0;0;0;0
"18/05/2023";"08:03:00";"472";"Acidente s";"126.5";"BR-116/SP";"Pista Norte";"Colisão traseira";0;0;0;0;0;1;1;0;1;0;4;0;0;0;0
"18/05/2023";"09:14:00";"495";"Acidente s";"84";"BR-116/SP";"Pista Norte";"Colisão traseira";1;0;0;0;0;0;0;0;1;0;0;0;0;0;0
"18/05/2023";"09:26:00";"500";"Acidente s";"121.1";"BR-116/SP";"Pista Norte";"Engavetamento";0;0;0;0;0;0;0;0;1;2;0;0;0;0;0
"18/05/2023";"09:55:00";"509";"Acidente c";"229.7";"BR-116/RJ";"Pista Norte";"Choque Talude";1;0;0;0;0;0;0;0;0;1;3;1;0;0;0
"18/05/2023";"10:13:00";"511";"Atropelame";"158";"BR-116/SP";"Pista Norte";"Atropelamento de pedestre caminhando";0;1;0;0;0;0;0;0;0;1;1;1;0;0;0
"19/05/2023";"04:22:00";"46";"Acidente c";"510";"BR-101/RJ";"Pista Norte";"Choque em defensa";0;0;0;0;0;0;0;0;1;0;0;0;1;0;0
"19/05/2023";"04:40:00";"48";"Acidente s";"271.8";"BR-116/RJ";"Pista Norte";"Choque em barreira New Jersey";1;0;0;0;0;0;0;0;0;1;2;0;0;0;0
"19/05/2023";"06:56:00";"85";"Acidente s";"228";"BR-116/RJ";"Pista Norte";"Abalroamento longitudinal";1;0;0;0;0;0;0;0;0;1;2;0;0;0;0
"19/05/2023";"08:01:00";"125";"Acidente s";"226.4";"BR-116/SP";"Pista Sul";"Colisão traseira";0;0;0;0;0;0;0;0;2;0;1;0;0;0;0
"19/05/2023";"08:28:00";"143";"Acidente s";"229";"BR-116/SP";"Pista Sul";"Colisão traseira";0;0;0;0;0;0;0;0;3;0;0;0;0;0;0
"19/05/2023";"09:09:00";"165";"Acidente s";"396";"BR-101/RJ";"Pista Sul";"Capotamento";0;0;0;0;0;0;0;0;1;0;2;0;0;0;0
"19/05/2023";"12:50:00";"279";"Acidente s";"146";"BR-116/SP";"Pista Sul";"Colisão traseira";0;0;0;0;0;0;0;0;3;0;0;0;0;0;0
"19/05/2023";"12:54:00";"280";"Acidente s";"189.7";"BR-116/SP";"Pista Sul";"Engavetamento";2;0;0;0;0;0;1;0;0;0;3;0;0;0;0
"19/05/2023";"02:27:00";"316";"Acidente s";"201";"BR-116/SP";"Pista Norte";"Abalroamento longitudinal";0;0;0;0;0;0;0;0;2;0;2;0;0;0;0
"19/05/2023";"03:42:00";"354";"Acidente c";"43.5";"BR-101/SP";"Pista Sul";"Queda de moto";0;1;0;0;0;0;0;0;0;0;1;1;0;0;0
"19/05/2023";"05:13:00";"398";"Acidente s";"429.5";"BR-101/RJ";"Pista Norte";"Choque em objeto fixo";1;0;0;0;0;0;0;0;0;0;1;0;0;0;0
"19/05/2023";"05:56:00";"414";"Atropelame";"176.7";"BR-116/SP";"Pista Sul";"Atropelamento de pedestre atravessando";1;0;0;0;0;0;0;0;0;0;1;0;1;0;0
"19/05/2023";"06:13:00";"421";"Acidente s";"103.8";"BR-116/SP";"Pista Sul";"Engavetamento";2;0;0;0;0;1;0;0;0;0;3;0;0;0;0
"19/05/2023";"06:28:00";"433";"Acidente c";"104.9";"BR-116/SP";"Pista Sul";"Abalroamento longitudinal";1;1;0;0;0;0;0;0;0;1;1;1;0;0;0
"19/05/2023";"06:29:00";"434";"Acidente c";"176.1";"BR-116/SP";"Pista Sul";"Colisão traseira";0;0;0;0;0;0;0;0;2;0;2;2;0;0;0
"19/05/2023";"06:37:00";"440";"Acidente s";"227";"BR-116/SP";"Pista Norte";"Engavetamento";1;0;0;0;0;0;0;0;2;0;8;0;0;0;0
"19/05/2023";"07:24:00";"470";"Acidente s";"224.5";"BR-116/SP";"Pista Sul";"Abalroamento longitudinal";1;0;0;0;0;0;0;0;1;0;2;0;0;0;0
"19/05/2023";"07:32:00";"474";"Acidente s";"104.9";"BR-116/SP";"Pista Sul";"Colisão traseira";0;0;0;0;0;0;0;0;1;2;2;0;0;0;0
"19/05/2023";"07:43:00";"478";"Acidente s";"220";"BR-116/SP";"Pista Norte";"Colisão traseira";0;0;0;0;0;0;0;0;2;0;3;0;0;0;0
"19/05/2023";"07:47:00";"484";"Acidente s";"136";"BR-116/SP";"Pista Sul";"Abalroamento longitudinal";1;0;0;0;0;0;0;0;1;0;4;0;0;0;0
"19/05/2023";"08:15:00";"504";"Acidente s";"433";"BR-101/RJ";"Pista Sul";"Colisão traseira";0;0;0;0;0;0;0;0;2;0;0;0;0;0;0
"19/05/2023";"09:26:00";"537";"Acidente c";"205";"BR-116/SP";"Pista Norte";"Colisão traseira";0;0;0;0;0;0;0;0;2;0;1;1;0;0;0
"19/05/2023";"10:35:00";"564";"Acidente s";"70";"BR-116/SP";"Pista Norte";"Colisão traseira";0;0;0;0;0;0;0;0;1;1;2;0;0;0;0
"20/05/2023";"05:21:00";"69";"Acidente s";"134.7";"BR-116/SP";"Pista Sul";"Capotamento";0;0;0;0;0;0;0;0;1;0;2;0;0;0;0
"20/05/2023";"06:41:00";"84";"Acidente c";"158";"BR-116/SP";"Pista Sul";"Choque em barreira New Jersey";0;0;0;0;0;0;0;0;1;0;1;1;0;0;0
"20/05/2023";"06:56:00";"89";"Acidente s";"138";"BR-116/SP";"Pista Sul";"Choque em barreira New Jersey";0;0;0;0;0;0;0;0;1;0;2;0;0;0;0
"20/05/2023";"06:58:00";"91";"Acidente c";"88";"BR-116/SP";"Pista Norte";"Colisão traseira";1;0;0;0;0;0;0;0;1;0;3;0;1;0;0
"20/05/2023";"07:49:00";"122";"Acidente c";"486";"BR-101/RJ";"Pista Sul";"Engavetamento";0;0;0;0;0;0;0;0;3;0;9;1;0;0;0
"20/05/2023";"12:35:00";"257";"Acidente c";"230";"BR-116/SP";"Pista Sul";"Colisão traseira";0;1;0;0;0;0;0;0;1;0;0;1;0;0;0
"20/05/2023";"12:58:00";"267";"Acidente s";"112.4";"BR-116/SP";"Pista Sul";"Engavetamento";0;0;0;0;0;0;0;0;5;0;5;0;0;0;0
"20/05/2023";"01:24:00";"276";"Acidente s";"129";"BR-116/SP";"Pista Sul";"Queda de moto";0;1;0;0;0;0;0;0;0;0;0;0;0;0;0
"20/05/2023";"01:47:00";"289";"Acidente c";"111";"BR-116/SP";"Pista Sul";"Abalroamento longitudinal";1;2;0;0;0;0;0;0;1;0;4;0;2;0;0
"20/05/2023";"02:36:00";"315";"Acidente s";"142";"BR-116/SP";"Pista Norte";"Engavetamento";0;0;0;0;0;0;0;0;2;1;1;0;0;0;0
"20/05/2023";"05:44:00";"391";"Acidente c";"231.2";"BR-116/SP";"Pista Norte";"Choque em barreira New Jersey";0;0;0;0;0;0;0;0;2;0;3;0;1;0;0
"20/05/2023";"06:22:00";"413";"Acidente c";"534";"BR-101/RJ";"Pista Sul";"Colisão traseira";0;0;0;0;0;0;0;0;2;0;3;1;0;0;0
"20/05/2023";"06:28:00";"418";"Acidente s";"10.3";"BR-101/SP";"Pista Norte";"Choque em objeto fixo";0;0;0;0;0;0;0;0;1;0;1;0;0;0;0
"20/05/2023";"07:15:00";"435";"Acidente c";"223.8";"BR-116/SP";"Pista Sul";"Engavetamento";0;0;0;0;0;0;0;0;3;0;4;3;0;0;0
"20/05/2023";"08:38:00";"464";"Acidente c";"409";"BR-101/RJ";"Pista Norte";"Colisão traseira";0;0;0;0;0;0;0;0;1;1;3;3;0;0;0
"21/05/2023";"02:58:00";"34";"Acidente s";"208";"BR-116/SP";"Pista Norte";"Choque em barreira New Jersey";0;0;0;0;0;0;0;0;1;0;2;0;0;0;0
"21/05/2023";"03:29:00";"39";"Acidente s";"495";"BR-101/RJ";"Pista Sul";"Choque em objeto fixo";0;0;0;0;0;0;0;0;1;0;2;0;0;0;0
"21/05/2023";"04:38:00";"45";"Acidente c";"113.2";"BR-116/SP";"Pista Norte";"Capotamento";0;0;0;0;0;0;0;0;1;0;0;0;0;0;1
"21/05/2023";"05:22:00";"49";"Acidente s";"324.9";"BR-116/RJ";"Pista Sul";"Colisão traseira";0;0;0;1;0;0;0;0;1;0;0;0;0;0;0
"21/05/2023";"05:48:00";"52";"Acidente s";"160.4";"BR-116/SP";"Pista Sul";"Choque em barreira New Jersey";0;0;0;0;0;0;1;0;0;0;0;0;0;0;0
"21/05/2023";"07:28:00";"87";"Acidente s";"385";"BR-101/RJ";"Pista Norte";"Engavetamento";0;0;0;0;0;0;0;0;3;0;8;0;0;0;0
"21/05/2023";"08:01:00";"98";"Acidente s";"230";"BR-116/SP";"Pista Sul";"Colisão traseira";0;0;0;0;0;0;0;0;2;0;3;0;0;0;0
"21/05/2023";"09:10:00";"120";"Acidente c";"103.7";"BR-116/SP";"Pista Norte";"Queda de moto";0;1;0;0;0;0;0;0;2;0;1;0;1;0;0
"21/05/2023";"09:45:00";"138";"Acidente c";"291";"BR-116/RJ";"Pista Sul";"Queda de moto";0;1;0;0;0;0;0;0;0;0;0;1;0;0;0
"21/05/2023";"10:03:00";"143";"Acidente s";"142";"BR-116/SP";"Pista Norte";"Colisão traseira";1;0;0;0;0;0;0;0;1;0;6;0;0;0;0
"21/05/2023";"10:06:00";"144";"Acidente c";"433";"BR-101/RJ";"Pista Sul";"Queda de moto";0;1;0;0;0;0;0;0;0;0;0;1;0;0;0
"21/05/2023";"10:36:00";"153";"Acidente s";"104.6";"BR-116/SP";"Pista Norte";"Colisão traseira";0;0;0;0;0;0;0;0;2;0;2;0;0;0;0
"21/05/2023";"10:57:00";"159";"Acidente s";"572";"BR-101/RJ";"Pista Sul";"Abalroamento longitudinal";0;0;0;0;0;0;0;0;2;0;7;0;0;0;0
"21/05/2023";"11:32:00";"169";"Acidente c";"101";"BR-116/SP";"Pista Norte";"Abalroamento longitudinal";0;0;0;0;0;0;0;0;0;0;0;1;0;0;0
"21/05/2023";"01:13:00";"197";"Acidente c";"214";"BR-116/SP";"Pista Sul";"Queda de moto";0;1;0;0;0;0;0;0;0;1;1;1;0;0;0