data;horario;n_da_ocorrencia;tipo_de_ocorrencia;km;trecho;sentido;tipo_de_acidente;automovel;bicicleta;caminhao;moto;onibus;outros;tracao_animal;transporte_de_cargas_especiais;trator_maquinas;utilitarios;ilesos;levemente_feridos;moderadamente_feridos;gravemente_feridos;mortos
"21/05/2023";"01:59:00";"213";"Acidente s";"86.95";"BR-116/SP";"Pista Sul";"Colisão traseira";0;2;0;0;0;0;0;0;0;0;0;0;0;0;0
"21/05/2023";"02:00:00";"214";"Acidente s";"86";"BR-116/SP";"Pista Sul";"Queda de moto";0;1;0;0;0;0;0;0;0;0;1;0;0;0;0
"21/05/2023";"02:53:00";"238";"Acidente s";"40.2";"BR-101/SP";"Pista Sul";"Choque em defensa";0;0;0;0;0;0;0;0;1;0;2;0;0;0;0
"21/05/2023";"03:04:00";"240";"Acidente c";"105.2";"BR-116/SP";"Pista Sul";"Queda de moto";0;1;0;0;0;0;0;0;0;0;0;1;0;0;0
"21/05/2023";"04:16:00";"274";"Acidente c";"284.3";"BR-116/RJ";"Pista Norte";"Colisão traseira";0;1;0;0;0;0;0;0;1;0;1;0;1;0;0
"21/05/2023";"04:25:00";"280";"Acidente c";"235.6";"BR-116/RJ";"Pista Sul";"Choque em objeto fixo";1;0;0;0;0;0;0;0;0;0;0;1;0;0;0
"21/05/2023";"04:35:00";"286";"Acidente c";"205";"BR-116/SP";"Pista Sul";"Engavetamento";0;1;0;0;0;0;0;0;2;0;5;1;1;0;0
"21/05/2023";"05:50:00";"329";"Acidente s";"223.85";"BR-116/SP";"Pista Sul";"Abalroamento longitudinal";0;1;0;0;0;0;0;0;1;0;2;0;0;0;0
"21/05/2023";"06:16:00";"346";"Acidente s";"566";"BR-101/RJ";"Pista Sul";"Atropelamento de animal";0;0;0;0;0;0;0;0;1;0;1;0;0;0;0
"21/05/2023";"07:24:00";"382";"Acidente c";"231";"BR-116/RJ";"Pista Norte";"Queda de moto";0;1;0;0;0;0;0;0;0;0;0;0;2;0;0
"21/05/2023";"07:43:00";"391";"Atropelame";"407.5";"BR-101/RJ";"Pista Norte";"Atropelamento de pedestre atravessando";0;0;1;0;0;0;0;0;1;0;3;0;1;0;0
"21/05/2023";"08:12:00";"404";"Acidente s";"43.4";"BR-116/SP";"Pista Sul";"Choque em objeto na pista";0;0;0;0;0;0;0;0;1;0;2;0;0;0;0
"21/05/2023";"08:33:00";"411";"Acidente s";"43.4";"BR-116/SP";"Pista Sul";"Choque em objeto na pista";0;0;0;0;0;0;0;0;1;0;1;0;0;0;0
"21/05/2023";"10:17:00";"433";"Acidente c";"148.3";"BR-116/SP";"Pista Norte";"Choque em barreira New Jersey";0;0;0;0;0;0;0;0;1;0;4;1;1;0;0
"21/05/2023";"10:37:00";"438";"Acidente c";"481.5";"BR-101/RJ";"Pista Sul";"Queda de moto";0;1;0;0;0;0;0;0;0;0;1;0;1;0;0
"21/05/2023";"11:01:00";"441";"Acidente c";"48";"BR-101/SP";"Pista Norte";"Colisão frontal";0;1;0;0;0;0;0;0;1;0;2;0;0;1;0
"21/05/2023";"11:12:00";"443";"Acidente c";"209.9";"BR-116/SP";"Pista Sul";"Choque em barreira New Jersey";0;0;0;0;0;0;0;0;1;0;0;3;0;0;0
"21/05/2023";"11:37:00";"446";"Acidente c";"49.9";"BR-116/SP";"Pista Sul";"Queda de moto";0;1;0;0;0;0;0;0;1;0;5;1;1;0;0
"22/05/2023";"05:11:00";"47";"Acidente s";"293.2";"BR-116/RJ";"Pista Norte";"Abalroamento longitudinal";0;0;0;1;0;0;0;0;1;0;1;0;0;0;0
"22/05/2023";"07:32:00";"119";"Acidente s";"155";"BR-116/SP";"Pista Norte";"Colisão traseira";1;0;0;0;0;0;0;0;1;0;2;0;0;0;0
"22/05/2023";"08:07:00";"141";"Acidente c";"387";"BR-101/RJ";"Pista Sul";"Colisão frontal";0;1;0;0;0;0;0;0;1;0;1;2;0;0;0
"22/05/2023";"11:18:00";"253";"Acidente s";"210";"BR-116/SP";"Pista Sul";"Engavetamento";0;0;0;0;0;0;0;0;2;1;3;0;0;0;0
"22/05/2023";"11:24:00";"259";"Acidente s";"218";"BR-116/SP";"Pista Norte";"Abalroamento longitudinal";0;0;0;0;0;0;0;0;1;1;1;0;0;0;0
"22/05/2023";"12:07:00";"280";"Acidente c";"219";"BR-116/SP";"Pista Norte";"Queda de moto";0;1;0;0;0;0;0;0;0;0;0;0;1;0;0
"22/05/2023";"05:35:00";"410";"Acidente c";"105.6";"BR-116/SP";"Pista Norte";"Queda de moto";0;1;0;0;0;0;0;0;0;0;0;1;1;0;0
"22/05/2023";"05:51:00";"425";"Acidente s";"118.2";"BR-116/SP";"Pista Norte";"Abalroamento longitudinal";1;0;0;0;0;0;0;0;1;0;4;0;0;0;0
"22/05/2023";"06:23:00";"444";"Acidente c";"222";"BR-116/SP";"Pista Norte";"Abalroamento longitudinal";0;1;0;0;0;0;0;0;1;0;1;1;0;0;0
"22/05/2023";"11:17:00";"540";"Acidente c";"39.8";"BR-116/SP";"Pista Sul";"Abalroamento longitudinal";0;1;0;1;0;0;0;0;0;0;40;1;0;0;0
"23/05/2023";"03:29:00";"39";"Acidente s";"193.5";"BR-116/SP";"Pista Norte";"Colisão traseira";2;0;0;0;0;0;0;0;0;0;2;0;0;0;0
"23/05/2023";"04:36:00";"45";"Acidente s";"88.1";"BR-116/SP";"Pista Norte";"Tombamento";1;0;0;0;0;0;0;0;0;0;0;1;0;0;0
"23/05/2023";"06:13:00";"58";"Acidente s";"98.8";"BR-116/SP";"Pista Sul";"Queda de moto";0;1;0;0;0;0;0;0;0;0;1;0;0;0;0
"23/05/2023";"08:10:00";"129";"Acidente s";"432";"BR-101/RJ";"Pista Sul";"Choque em objeto fixo";0;0;0;0;0;0;0;0;1;0;3;0;0;0;0
"23/05/2023";"08:14:00";"130";"Acidente s";"208";"BR-116/SP";"Pista Sul";"Engavetamento";0;0;0;0;0;0;0;0;2;2;4;0;0;0;0
"23/05/2023";"08:14:00";"131";"Acidente c";"201";"BR-116/SP";"Pista Norte";"Queda de moto";0;1;0;0;0;0;0;0;0;0;1;1;0;0;0
"23/05/2023";"08:35:00";"152";"Acidente c";"481";"BR-101/RJ";"Pista Norte";"Colisão frontal";0;1;0;0;0;0;0;0;1;0;3;1;0;0;0
"23/05/2023";"10:38:00";"241";"Acidente s";"212.3";"BR-116/SP";"Pista Sul";"Engavetamento";0;0;0;0;0;1;1;0;1;0;3;0;0;0;0
"23/05/2023";"11:19:00";"258";"Acidente c";"145.8";"BR-116/SP";"Pista Sul";"Abalroamento longitudinal";0;0;0;1;0;0;1;0;0;0;3;1;0;0;0
"23/05/2023";"02:08:00";"340";"Acidente c";"230.8";"BR-116/SP";"Pista Sul";"Queda de moto";0;1;0;0;0;0;0;0;0;0;0;0;1;0;0
"23/05/2023";"03:17:00";"379";"Acidente s";"153.9";"BR-116/SP";"Pista Norte";"Abalroamento longitudinal";1;0;0;0;0;0;0;0;1;0;2;0;0;0;0
"23/05/2023";"03:21:00";"382";"Acidente s";"145.5";"BR-116/SP";"Pista Sul";"Choque em barreira New Jersey";0;0;0;0;0;1;0;0;0;0;1;0;0;0;0
"23/05/2023";"04:05:00";"403";"Acidente s";"230";"BR-116/SP";"Pista Norte";"Abalroamento longitudinal";1;0;0;0;0;0;1;0;1;0;5;0;0;0;0
"23/05/2023";"05:01:00";"424";"Acidente s";"206";"BR-116/SP";"Pista Norte";"Abalroamento longitudinal";0;0;0;0;0;0;0;0;2;0;3;0;0;0;0
"23/05/2023";"05:21:00";"437";"Acidente c";"157";"BR-116/SP";"Pista Norte";"Engavetamento";0;0;0;0;0;0;0;0;3;0;7;1;0;0;0
"24/05/2023";"12:52:00";"29";"Acidente s";"141.85";"BR-116/SP";"Pista Sul";"Choque em veículo parado na pista";2;0;0;0;0;0;0;0;0;0;2;0;0;0;0
"24/05/2023";"05:42:00";"88";"Acidente c";"230";"BR-116/SP";"Pista Sul";"Queda de moto";1;1;0;0;0;0;0;0;0;0;1;1;0;0;0
"24/05/2023";"07:34:00";"159";"Acidente c";"122.9";"BR-116/SP";"Pista Norte";"Colisão traseira";1;1;0;0;0;0;0;0;0;0;0;0;1;0;0
"24/05/2023";"08:35:00";"190";"Acidente s";"116";"BR-116/SP";"Pista Norte";"Colisão traseira";0;0;0;0;0;0;0;0;2;0;2;0;0;0;0
"24/05/2023";"12:49:00";"322";"Acidente c";"439";"BR-101/RJ";"Pista Norte";"Colisão frontal";0;0;0;0;0;0;0;0;2;0;1;2;0;0;0
"24/05/2023";"02:55:00";"391";"Acidente s";"157.4";"BR-116/SP";"Pista Norte";"Abalroamento longitudinal";1;0;0;0;0;1;0;0;0;0;2;0;0;0;0
"24/05/2023";"05:35:00";"473";"Acidente s";"140.75";"BR-116/SP";"Pista Norte";"Abalroamento longitudinal";0;0;0;0;0;0;0;0;2;0;2;0;0;0;0
"24/05/2023";"08:23:00";"542";"Acidente s";"39.3";"BR-116/SP";"Pista Sul";"Capotamento";0;0;0;0;0;0;0;0;1;0;0;0;0;0;0
"24/05/2023";"09:07:00";"569";"Acidente c";"145";"BR-116/SP";"Pista Norte";"Abalroamento longitudinal";1;0;0;0;0;0;0;0;1;0;2;1;0;0;0
"24/05/2023";"10:49:00";"600";"Acidente c";"51.8";"BR-116/SP";"Pista Sul";"Colisão traseira";2;0;0;0;0;0;0;0;0;0;0;1;0;0;0
"24/05/2023";"11:24:00";"612";"Acidente s";"223";"BR-116/SP";"Pista Norte";"Choque em objeto fixo";0;0;0;0;0;0;0;0;2;0;3;0;0;0;0
"25/05/2023";"01:39:00";"33";"Acidente c";"285.1";"BR-116/RJ";"Pista Norte";"Capotamento";0;0;0;0;0;0;0;0;1;0;0;0;1;0;0
"25/05/2023";"05:38:00";"66";"Acidente c";"145.5";"BR-116/SP";"Pista Norte";"Colisão traseira";0;0;0;0;0;0;0;0;2;0;2;0;1;0;0
"25/05/2023";"05:38:00";"67";"Acidente c";"271";"BR-116/RJ";"Pista Norte";"Colisão traseira";1;0;0;0;0;0;0;0;1;0;0;3;0;0;0
"25/05/2023";"06:49:00";"96";"Acidente c";"223.5";"BR-116/SP";"Pista Sul";"Colisão traseira";0;1;0;0;0;0;0;0;1;0;1;2;0;0;0
"25/05/2023";"06:52:00";"98";"Acidente c";"208";"BR-116/SP";"Pista Norte";"Abalroamento longitudinal";0;1;0;0;0;0;0;0;0;1;1;1;0;0;0
"25/05/2023";"07:21:00";"119";"Acidente c";"412";"BR-101/RJ";"Pista Norte";"Colisão traseira";0;1;0;0;0;0;0;0;1;0;1;0;1;0;0
"25/05/2023";"07:27:00";"122";"Acidente c";"142.4";"BR-116/SP";"Pista Norte";"Queda de moto";0;1;0;0;0;0;0;0;0;0;0;1;0;0;0
"25/05/2023";"08:44:00";"163";"Acidente c";"147";"BR-116/SP";"Pista Sul";"Colisão traseira";0;0;0;0;0;0;0;0;2;0;1;1;0;0;0
"25/05/2023";"08:51:00";"166";"Acidente s";"161";"BR-116/SP";"Pista Norte";"Colisão traseira";1;0;0;0;0;0;0;0;1;0;2;0;0;0;0
"25/05/2023";"09:01:00";"179";"Acidente s";"154";"BR-116/SP";"Pista Sul";"Colisão traseira";1;0;0;0;0;0;0;0;1;0;3;0;0;0;0
"25/05/2023";"10:48:00";"245";"Acidente c";"188";"BR-116/SP";"Pista Sul";"Queda de moto";0;1;0;0;0;0;0;0;0;1;1;1;0;0;0
"25/05/2023";"11:08:00";"252";"Acidente c";"400";"BR-101/RJ";"Pista Norte";"Engavetamento";0;0;0;0;0;0;0;0;2;1;4;0;1;0;0
"25/05/2023";"12:08:00";"277";"Acidente s";"490";"BR-101/RJ";"Pista Sul";"Choque em barreira New Jersey";0;0;0;0;0;0;0;0;1;0;1;0;0;0;0
"25/05/2023";"12:43:00";"291";"Acidente s";"326.5";"BR-116/RJ";"Pista Norte";"Colisão traseira";0;0;0;0;0;1;0;0;1;0;0;0;0;0;0
"25/05/2023";"01:33:00";"313";"Acidente s";"487.5";"BR-101/RJ";"Pista Sul";"Colisão traseira";0;0;0;0;0;0;0;0;2;0;2;0;0;0;0
"25/05/2023";"02:25:00";"335";"Acidente s";"205.9";"BR-116/SP";"Pista Sul";"Abalroamento longitudinal";0;0;0;0;0;0;0;0;1;1;2;0;0;0;0
"25/05/2023";"04:06:00";"382";"Atropelame";"149.49";"BR-116/SP";"Pista Norte";"Atropelamento de pedestre atravessando";0;0;0;0;0;0;0;0;2;0;2;1;0;0;0
"25/05/2023";"04:14:00";"386";"Acidente c";"311.8";"BR-116/RJ";"Pista Norte";"Engavetamento";2;0;0;0;0;0;0;0;1;0;1;0;2;0;0
"25/05/2023";"04:44:00";"398";"Acidente s";"332";"BR-116/RJ";"Pista Norte";"Colisão traseira";0;0;0;0;0;0;0;0;1;1;1;0;0;0;0
"25/05/2023";"05:23:00";"416";"Acidente s";"252";"BR-116/RJ";"Pista Norte";"Colisão traseira";0;0;0;0;0;0;0;0;1;1;3;0;0;0;0
"25/05/2023";"05:49:00";"432";"Acidente c";"311.8";"BR-116/RJ";"Pista Norte";"Abalroamento longitudinal";0;1;0;0;0;0;0;0;1;0;1;1;0;0;0
"25/05/2023";"06:06:00";"441";"Acidente s";"146";"BR-116/SP";"Pista Sul";"Colisão traseira";0;0;0;0;0;0;1;0;0;1;2;0;0;0;0
"25/05/2023";"06:17:00";"447";"Acidente c";"220.5";"BR-116/SP";"Pista Norte";"Queda de moto";0;1;0;0;0;0;0;0;0;0;0;2;0;0;0
"25/05/2023";"06:17:00";"446";"Acidente s";"157.7";"BR-116/SP";"Pista Sul";"Engavetamento";0;0;0;0;0;0;0;0;3;0;4;0;0;0;0
"25/05/2023";"06:22:00";"450";"Acidente c";"156.2";"BR-116/SP";"Pista Norte";"Abalroamento longitudinal";1;1;0;0;0;0;0;0;1;0;2;0;0;0;1
"25/05/2023";"06:24:00";"452";"Acidente s";"433";"BR-101/RJ";"Pista Norte";"Choque em objeto fixo";0;0;0;0;0;0;0;0;1;0;1;0;0;0;0
"25/05/2023";"06:34:00";"459";"Acidente c";"155.6";"BR-116/SP";"Pista Sul";"Colisão traseira";0;1;0;0;0;0;0;0;0;1;1;1;0;0;0
"25/05/2023";"06:36:00";"461";"Acidente s";"279.2";"BR-116/RJ";"Pista Sul";"Colisão traseira";1;0;0;0;0;0;0;0;1;0;4;0;0;0;0
"25/05/2023";"07:47:00";"498";"Acidente c";"227";"BR-116/SP";"Pista Norte";"Engavetamento";1;0;0;0;0;0;0;0;2;0;3;1;0;0;0
"25/05/2023";"08:29:00";"510";"Atropelame";"219.8";"BR-116/SP";"Pista Sul";"Atropelamento de pedestre atravessando";0;0;0;0;0;0;0;0;0;1;1;2;0;0;0
"25/05/2023";"08:51:00";"522";"Acidente s";"158.9";"BR-116/SP";"Pista Norte";"Abalroamento longitudinal";2;0;0;0;0;0;0;0;0;0;2;0;0;0;0
"26/05/2023";"03:21:00";"43";"Acidente s";"412";"BR-101/RJ";"Pista Sul";"Capotamento";0;0;0;0;0;0;0;0;1;0;1;0;0;0;0
"26/05/2023";"03:54:00";"48";"Acidente s";"190";"BR-116/SP";"Pista Norte";"Abalroamento longitudinal";1;0;0;0;0;0;0;0;0;1;2;0;0;0;0
"26/05/2023";"05:42:00";"58";"Acidente c";"49.7";"BR-101/SP";"Pista Norte";"Colisão frontal";0;2;0;0;0;0;0;0;0;0;0;3;0;0;0
"26/05/2023";"06:20:00";"69";"Acidente s";"235.7";"BR-116/RJ";"Pista Norte";"Choque em defensa";1;0;0;0;0;0;0;0;0;0;0;0;0;0;0
"26/05/2023";"07:19:00";"112";"Acidente s";"139.3";"BR-116/SP";"Pista Sul";"Colisão traseira";0;0;0;0;0;0;0;0;2;0;2;0;0;0;0
"26/05/2023";"07:26:00";"119";"Acidente s";"308";"BR-116/RJ";"Pista Sul";"Colisão traseira";1;0;0;0;0;0;0;0;1;0;2;0;0;0;0
"26/05/2023";"07:29:00";"121";"Acidente s";"139";"BR-116/SP";"Pista Norte";"Engavetamento";1;0;0;0;0;0;0;0;2;0;3;0;0;0;0
"26/05/2023";"07:39:00";"124";"Acidente c";"223";"BR-116/SP";"Pista Sul";"Colisão traseira";0;1;0;0;0;0;0;0;1;1;1;1;0;0;0
"26/05/2023";"07:52:00";"130";"Acidente c";"230.9";"BR-116/SP";"Pista Sul";"Colisão traseira";0;1;0;0;0;0;0;0;1;0;1;1;0;0;0
"26/05/2023";"08:12:00";"147";"Acidente s";"93.5";"BR-116/SP";"Pista Norte";"Abalroamento longitudinal";2;0;0;0;0;0;0;0;1;0;3;2;0;0;0
"26/05/2023";"10:52:00";"226";"Acidente c";"165.2";"BR-116/SP";"Pista Sul";"Colisão traseira";1;0;0;0;0;0;0;0;1;0;1;1;0;0;0
"26/05/2023";"10:54:00";"228";"Acidente c";"189";"BR-116/SP";"Pista Sul";"Colisão traseira";1;1;0;0;0;0;0;0;0;0;1;1;0;0;0
"26/05/2023";"11:51:00";"250";"Acidente c";"304";"BR-116/RJ";"Pista Norte";"Engavetamento";2;0;0;0;0;0;0;0;4;0;9;1;0;0;0
"26/05/2023";"12:39:00";"271";"Acidente s";"227";"BR-116/RJ";"Pista Norte";"Choque em objeto fixo";1;0;0;0;0;0;0;0;0;0;1;0;0;0;0
"26/05/2023";"01:13:00";"282";"Acidente s";"303";"BR-116/RJ";"Pista Sul";"Engavetamento";0;0;0;0;0;0;0;0;6;0;8;0;0;0;0
"26/05/2023";"02:36:00";"330";"Acidente c";"465";"BR-101/RJ";"Pista Norte";"Abalroamento longitudinal";0;1;0;0;0;0;0;0;1;0;0;2;0;0;0
"26/05/2023";"04:57:00";"391";"Acidente s";"63";"BR-116/SP";"Pista Sul";"Colisão traseira";0;1;0;0;0;0;0;0;1;0;2;0;0;0;0
"26/05/2023";"05:33:00";"407";"Acidente c";"74.75";"BR-116/SP";"Pista Sul";"Choque em objeto na pista";0;0;0;0;0;0;0;0;1;0;0;1;0;0;0
"26/05/2023";"06:33:00";"454";"Acidente c";"216";"BR-116/SP";"Pista Sul";"Queda de moto";0;1;0;0;0;0;0;0;0;0;0;2;0;0;0
"26/05/2023";"07:40:00";"489";"Acidente s";"46";"BR-101/SP";"Pista Norte";"Colisão traseira";0;0;0;0;0;0;0;0;1;1;2;0;0;0;0
"26/05/2023";"07:41:00";"490";"Acidente s";"214";"BR-116/SP";"Pista Norte";"Colisão traseira";0;0;0;0;0;0;0;0;2;0;3;0;0;0;0
"26/05/2023";"08:10:00";"503";"Acidente s";"227";"BR-116/SP";"Pista Norte";"Engavetamento";0;0;0;0;0;0;0;0;2;1;3;0;0;0;0
"26/05/2023";"11:24:00";"567";"Acidente s";"54.9";"BR-116/SP";"Pista Norte";"Choque em defensa";0;0;0;0;0;0;0;0;2;0;2;0;0;0;0
"27/05/2023";"04:27:00";"51";"Acidente s";"571";"BR-101/RJ";"Pista Norte";"Choque em defensa";0;0;0;0;0;0;0;0;1;0;2;0;0;0;0
"27/05/2023";"04:31:00";"52";"Acidente c";"29.4";"BR-116/SP";"Pista Norte";"Colisão traseira";2;0;0;0;0;0;0;0;0;0;1;0;0;1;0
"27/05/2023";"05:53:00";"65";"Acidente s";"274.47";"BR-116/RJ";"Pista Norte";"Choque em barreira New Jersey";1;0;0;0;0;0;0;0;0;0;1;0;0;0;0
"27/05/2023";"06:49:00";"86";"Acidente c";"218.4";"BR-116/SP";"Pista Sul";"Colisão traseira";0;0;0;0;0;0;0;0;2;0;0;2;0;0;0
"27/05/2023";"07:01:00";"88";"Acidente c";"386";"BR-101/RJ";"Pista Sul";"Abalroamento transversal";0;0;0;0;0;0;0;0;2;0;0;2;0;0;0
"27/05/2023";"07:52:00";"112";"Acidente s";"316";"BR-116/RJ";"Pista Sul";"Abalroamento longitudinal";0;1;0;0;0;1;0;0;0;0;2;0;0;0;0
"27/05/2023";"10:05:00";"187";"Acidente s";"209.8";"BR-116/SP";"Pista Sul";"Colisão traseira";1;0;0;0;0;0;0;0;1;0;2;0;0;0;0
"27/05/2023";"11:09:00";"221";"Acidente s";"44.3";"BR-116/SP";"Pista Norte";"Choque em objeto fixo";0;0;0;0;0;0;0;0;1;0;1;0;0;0;0
"27/05/2023";"11:58:00";"251";"Acidente s";"244.5";"BR-116/RJ";"Pista Norte";"Colisão traseira";1;0;0;0;0;0;0;0;1;0;5;0;0;0;0
"27/05/2023";"12:11:00";"258";"Acidente s";"282";"BR-116/RJ";"Pista Norte";"Colisão traseira";0;0;0;0;0;0;0;0;2;0;0;0;0;0;0
"27/05/2023";"12:48:00";"269";"Acidente s";"156";"BR-116/SP";"Pista Norte";"Engavetamento";0;0;0;0;0;0;0;0;3;0;4;0;0;0;0
"27/05/2023";"01:27:00";"286";"Acidente s";"209.9";"BR-116/SP";"Pista Sul";"Engavetamento";0;0;0;0;0;0;0;0;2;1;4;0;0;0;0
"27/05/2023";"02:18:00";"312";"Acidente s";"203.5";"BR-116/SP";"Pista Norte";"Choque em barreira New Jersey";0;0;0;0;0;0;0;0;1;0;1;0;0;0;0
"27/05/2023";"03:45:00";"360";"Acidente s";"339";"BR-116/RJ";"Pista Norte";"Queda de moto";0;1;0;0;0;0;0;0;0;0;0;0;0;0;0
"27/05/2023";"04:15:00";"376";"Acidente s";"200.5";"BR-116/SP";"Pista Sul";"Colisão traseira";0;0;0;0;0;0;0;0;2;0;3;0;0;0;0
"27/05/2023";"04:33:00";"383";"Acidente c";"204.5";"BR-116/SP";"Pista Norte";"Abalroamento longitudinal";0;1;0;0;0;0;0;0;1;0;1;0;1;0;0
"27/05/2023";"05:10:00";"393";"Acidente s";"138";"BR-116/SP";"Pista Norte";"Choque em objeto na pista";1;0;0;0;0;0;0;0;0;0;1;0;0;0;0
"27/05/2023";"07:48:00";"464";"Acidente c";"301.7";"BR-116/RJ";"Pista Sul";"Queda de ribanceira";0;0;0;0;0;0;0;0;1;0;0;1;0;0;0
"27/05/2023";"09:24:00";"490";"Acidente s";"198";"BR-116/SP";"Pista Norte";"Choque em objeto na pista";1;0;0;0;0;0;0;0;0;0;0;0;0;0;0
"27/05/2023";"10:41:00";"509";"Atropelame";"209.9";"BR-116/SP";"Pista Sul";"Atropelamento de pedestre atravessando";0;0;0;0;0;0;0;0;1;0;2;1;0;0;0
"27/05/2023";"11:59:00";"536";"Acidente s";"224.6";"BR-116/SP";"Pista Sul";"Colisão traseira";0;0;0;0;0;0;0;0;2;0;1;1;0;0;0
"28/05/2023";"01:35:00";"30";"Acidente c";"201.7";"BR-116/SP";"Pista Norte";"Colisão traseira";0;0;0;0;0;0;0;0;2;0;4;1;0;0;0
"28/05/2023";"01:53:00";"31";"Acidente s";"218";"BR-116/SP";"Pista Sul";"Colisão traseira";0;0;0;0;0;0;1;0;1;0;2;0;0;0;0
"28/05/2023";"02:12:00";"37";"Acidente c";"52";"BR-101/SP";"Pista Sul";"Queda de moto";0;1;0;0;0;0;0;0;0;0;0;1;0;0;0
"28/05/2023";"04:13:00";"51";"Atropelame";"206.1";"BR-116/SP";"Pista Norte";"Atropelamento de pedestre atravessando";0;0;0;0;0;0;0;0;0;1;1;2;0;0;0
"28/05/2023";"04:56:00";"60";"Acidente c";"42.8";"BR-116/SP";"Pista Norte";"Colisão traseira";0;0;0;0;0;0;0;0;2;0;4;1;0;0;0
"28/05/2023";"06:15:00";"74";"Acidente c";"311.3";"BR-116/RJ";"Pista Norte";"Choque em barreira New Jersey";0;0;0;0;0;0;0;0;1;0;0;0;0;0;1
"28/05/2023";"07:01:00";"98";"Acidente s";"332.8";"BR-116/RJ";"Pista Sul";"Choque em barreira New Jersey";0;0;0;0;0;0;0;0;1;0;0;0;0;0;0
"28/05/2023";"08:52:00";"147";"Acidente s";"33.2";"BR-116/SP";"Pista Sul";"Colisão traseira";0;0;0;0;0;0;0;0;1;1;1;0;0;0;0
"28/05/2023";"11:31:00";"219";"Acidente c";"165.2";"BR-116/SP";"Pista Norte";"Engavetamento";1;0;0;0;0;0;0;0;3;0;6;2;2;0;0
"28/05/2023";"02:11:00";"266";"Acidente c";"312.55";"BR-116/RJ";"Pista Norte";"Choque em barreira New Jersey";0;0;0;0;0;0;0;0;1;0;0;1;0;0;0
"28/05/2023";"03:47:00";"314";"Acidente c";"44.3";"BR-116/SP";"Pista Norte";"Queda de ribanceira";0;0;0;0;0;0;0;0;1;0;1;2;0;0;0
"28/05/2023";"04:15:00";"327";"Acidente s";"291.5";"BR-116/RJ";"Pista Norte";"Colisão traseira";0;1;0;0;0;0;0;0;1;0;0;0;0;0;0
"28/05/2023";"04:21:00";"329";"Acidente s";"104";"BR-116/SP";"Pista Sul";"Colisão traseira";0;0;0;0;0;0;0;0;1;1;1;0;0;0;0
"28/05/2023";"04:38:00";"337";"Acidente s";"74";"BR-116/SP";"Pista Sul";"Colisão traseira";1;0;0;0;0;0;0;0;1;0;0;0;0;0;0
"28/05/2023";"04:49:00";"339";"Acidente c";"232.5";"BR-116/RJ";"Pista Norte";"Choque em objeto fixo";0;0;0;0;0;0;0;0;1;0;0;0;1;0;0
"28/05/2023";"05:27:00";"364";"Acidente c";"74";"BR-116/SP";"Pista Sul";"Queda de moto";0;1;0;0;0;0;0;0;0;0;0;2;0;0;0
"28/05/2023";"05:35:00";"368";"Acidente s";"146.4";"BR-116/SP";"Pista Norte";"Engavetamento";1;0;0;0;0;0;0;0;2;0;7;0;0;0;0
"28/05/2023";"06:18:00";"394";"Acidente c";"216.3";"BR-116/SP";"Pista Norte";"Colisão traseira";0;0;0;0;0;0;0;0;2;0;4;2;0;0;0
"28/05/2023";"06:29:00";"399";"Acidente s";"427";"BR-101/RJ";"Pista Norte";"Choque em objeto fixo";0;0;0;0;0;0;0;0;1;0;0;0;0;0;0
"28/05/2023";"06:35:00";"405";"Acidente s";"65";"BR-116/SP";"Pista Norte";"Engavetamento";0;0;0;0;0;0;0;0;3;0;12;0;0;0;0
"28/05/2023";"07:05:00";"418";"Acidente c";"235.3";"BR-116/RJ";"Pista Sul";"Abalroamento longitudinal";0;1;0;0;0;0;0;0;1;0;0;0;1;0;0
"28/05/2023";"07:36:00";"431";"Atropelame";"220.4";"BR-116/SP";"Pista Sul";"Atropelamento de pedestre atravessando";0;0;0;1;0;0;0;0;0;0;20;0;0;0;1
"28/05/2023";"08:28:00";"443";"Acidente s";"51.2";"BR-116/SP";"Pista Norte";"Outros";0;0;0;0;0;0;0;0;1;0;1;0;0;0;0
"28/05/2023";"09:21:00";"457";"Acidente s";"491";"BR-101/RJ";"Pista Norte";"Choque em objeto fixo";0;0;0;0;0;0;0;0;1;0;1;0;0;0;0
"28/05/2023";"09:50:00";"465";"Acidente s";"87.1";"BR-116/SP";"Pista Norte";"Colisão traseira";0;0;0;0;0;0;0;0;1;1;2;0;0;0;0
"28/05/2023";"10:29:00";"477";"Acidente s";"551";"BR-101/RJ";"Pista Sul";"Atropelamento de animal";0;0;0;1;0;0;0;0;0;0;24;0;0;0;0
"29/05/2023";"12:19:00";"16";"Acidente s";"522";"BR-101/RJ";"Pista Norte";"Choque em objeto fixo";0;0;0;0;0;0;0;0;1;0;2;0;0;0;0
"29/05/2023";"12:34:00";"18";"Acidente c";"216.3";"BR-116/SP";"Pista Norte";"Choque em barreira New Jersey";0;0;0;0;0;0;0;0;1;0;0;2;0;0;0
"29/05/2023";"04:07:00";"66";"Acidente s";"446";"BR-101/RJ";"Pista Norte";"Choque em objeto fixo";0;0;0;0;0;0;0;0;1;0;1;0;0;0;0