data;horario;n_da_ocorrencia;tipo_de_ocorrencia;km;trecho;sentido;tipo_de_acidente;automovel;bicicleta;caminhao;moto;onibus;outros;tracao_animal;transporte_de_cargas_especiais;trator_maquinas;utilitarios;ilesos;levemente_feridos;moderadamente_feridos;gravemente_feridos;mortos
"06/06/2023";"11:12:00";"249";"Acidente s";"465";"BR-101/RJ";"Pista Norte";"Colisão traseira";0;0;0;0;0;0;0;0;1;1;2;0;0;0;0
"06/06/2023";"11:51:00";"273";"Acidente s";"217.95";"BR-116/SP";"Pista Norte";"Colisão traseira";0;2;0;0;0;0;0;0;0;0;2;0;0;0;0
"06/06/2023";"12:11:00";"279";"Acidente s";"223.5";"BR-116/RJ";"Pista Sul";"Choque em defensa";0;0;0;0;0;0;0;0;1;0;1;0;0;0;0
"06/06/2023";"01:39:00";"311";"Acidente s";"217.2";"BR-116/SP";"Pista Sul";"Abalroamento longitudinal";0;0;0;0;0;0;0;0;2;0;2;0;0;0;0
"06/06/2023";"10:05:00";"555";"Acidente c";"194.6";"BR-116/SP";"Pista Norte";"Colisão traseira";0;0;0;0;0;0;0;0;1;0;0;1;0;0;0
"06/06/2023";"10:25:00";"561";"Acidente s";"223";"BR-116/SP";"Pista Norte";"Abalroamento longitudinal";0;0;0;0;0;0;0;0;2;0;3;0;0;0;0
"06/06/2023";"10:41:00";"567";"Acidente s";"95.3";"BR-116/SP";"Pista Norte";"Colisão traseira";2;0;0;0;0;0;0;0;0;0;2;0;0;0;0
"06/06/2023";"10:44:00";"568";"Acidente c";"228.3";"BR-116/SP";"Pista Norte";"Abalroamento longitudinal";0;1;0;0;0;0;0;0;0;1;1;0;0;0;1
"06/06/2023";"10:57:00";"572";"Acidente c";"207.6";"BR-116/SP";"Pista Norte";"Capotamento";0;0;0;0;0;0;0;0;1;0;0;1;0;0;1
"07/06/2023";"12:01:00";"15";"Acidente s";"230.5";"BR-116/SP";"Pista Sul";"Colisão traseira";1;0;0;0;0;0;0;0;1;0;2;0;0;0;0
"07/06/2023";"05:28:00";"62";"Acidente s";"106";"BR-116/SP";"Pista Sul";"Choque em defensa";1;0;0;0;0;0;0;0;0;0;1;0;0;0;0
"07/06/2023";"07:39:00";"108";"Acidente s";"155.1";"BR-116/SP";"Pista Norte";"Abalroamento longitudinal";2;0;0;0;0;0;0;0;1;0;3;0;0;0;0
"07/06/2023";"08:50:00";"161";"Acidente c";"390";"BR-101/RJ";"Pista Norte";"Abalroamento longitudinal";0;1;0;0;0;0;0;0;1;0;0;1;0;0;0
"07/06/2023";"09:13:00";"171";"Acidente c";"552";"BR-101/RJ";"Pista Norte";"Colisão traseira";0;0;0;0;0;0;0;0;1;1;1;1;0;0;0
"07/06/2023";"09:17:00";"173";"Acidente s";"221.4";"BR-116/SP";"Pista Norte";"Colisão traseira";0;0;0;0;0;0;0;0;1;1;2;0;0;0;0
"07/06/2023";"09:22:00";"176";"Acidente s";"157.7";"BR-116/SP";"Pista Norte";"Choque em barreira New Jersey";0;0;0;0;0;0;0;0;1;0;2;0;0;0;0
"07/06/2023";"11:46:00";"236";"Atropelame";"136.4";"BR-116/SP";"Pista Sul";"Atropelamento de pedestre atravessando";0;0;1;0;0;0;0;0;1;0;1;0;1;0;0
"07/06/2023";"01:09:00";"269";"Acidente s";"227.2";"BR-116/SP";"Pista Norte";"Colisão traseira";1;0;0;0;0;0;0;0;0;1;3;0;0;0;0
"07/06/2023";"01:19:00";"274";"Atropelame";"478";"BR-101/RJ";"Pista Norte";"Atropelamento de pedestre atravessando";0;1;0;0;0;0;0;0;0;0;1;2;0;0;0
"07/06/2023";"03:10:00";"323";"Acidente s";"144";"BR-116/SP";"Pista Sul";"Engavetamento";1;0;0;0;0;0;0;0;2;0;8;0;0;0;0
"07/06/2023";"03:38:00";"348";"Acidente s";"148";"BR-116/SP";"Pista Norte";"Colisão traseira";1;0;0;0;0;0;0;0;1;0;3;0;0;0;0
"07/06/2023";"03:44:00";"355";"Acidente c";"40.8";"BR-116/SP";"Pista Sul";"Queda de moto";0;1;0;0;0;0;0;0;0;0;0;1;0;0;0
"07/06/2023";"04:23:00";"381";"Acidente s";"155.6";"BR-116/SP";"Pista Norte";"Engavetamento";0;0;0;0;0;0;0;0;3;0;4;0;0;0;0
"07/06/2023";"04:37:00";"391";"Acidente s";"16.6";"BR-116/SP";"Pista Sul";"Choque Talude";0;0;0;0;0;0;0;0;1;0;1;0;0;0;0
"07/06/2023";"05:47:00";"425";"Acidente s";"114";"BR-116/SP";"Pista Norte";"Colisão traseira";1;0;0;0;0;0;0;0;1;0;0;0;0;0;0
"07/06/2023";"06:09:00";"434";"Acidente s";"230";"BR-116/SP";"Pista Norte";"Abalroamento longitudinal";1;0;0;0;0;0;0;0;1;0;2;0;0;0;0
"07/06/2023";"06:17:00";"441";"Acidente c";"81.7";"BR-116/SP";"Pista Norte";"Queda de moto";0;1;0;0;0;0;0;0;0;0;0;0;1;0;0
"07/06/2023";"06:19:00";"444";"Acidente c";"230.1";"BR-116/SP";"Pista Sul";"Abalroamento longitudinal";0;1;0;0;0;0;0;0;1;0;1;1;0;0;0
"07/06/2023";"06:23:00";"448";"Acidente s";"205";"BR-116/SP";"Pista Sul";"Engavetamento";1;0;0;0;0;0;0;0;1;1;7;0;0;0;0
"07/06/2023";"07:41:00";"505";"Acidente c";"230";"BR-116/SP";"Pista Norte";"Engavetamento";0;1;0;0;0;0;0;0;2;0;5;1;0;0;0
"07/06/2023";"08:32:00";"527";"Acidente s";"189.1";"BR-116/SP";"Pista Sul";"Abalroamento longitudinal";0;0;0;0;0;0;0;0;1;1;1;0;0;0;0
"08/06/2023";"01:05:00";"32";"Acidente s";"154.3";"BR-116/SP";"Pista Norte";"Abalroamento longitudinal";0;0;0;0;0;0;0;0;1;0;1;0;0;0;0
"08/06/2023";"01:21:00";"37";"Acidente s";"154.3";"BR-116/SP";"Pista Norte";"Abalroamento longitudinal";1;0;0;0;0;0;1;0;0;0;4;0;0;0;0
"08/06/2023";"03:05:00";"49";"Acidente s";"109";"BR-116/SP";"Pista Sul";"Colisão traseira";0;0;0;1;0;0;0;0;1;0;0;0;0;0;0
"08/06/2023";"03:09:00";"50";"Acidente c";"215.1";"BR-116/SP";"Pista Sul";"Queda de moto";0;1;0;0;0;0;0;0;0;0;0;1;0;0;0
"08/06/2023";"04:03:00";"58";"Acidente c";"392";"BR-101/RJ";"Pista Sul";"Choque em barreira New Jersey";0;0;0;0;0;0;0;0;1;0;0;0;0;0;1
"08/06/2023";"04:47:00";"66";"Acidente c";"153.1";"BR-116/SP";"Pista Norte";"Choque em objeto fixo";0;0;0;0;0;0;0;0;1;0;2;1;0;0;0
"08/06/2023";"05:06:00";"77";"Acidente s";"441";"BR-101/RJ";"Pista Norte";"Choque em objeto fixo";0;0;0;0;0;0;0;0;1;0;3;0;0;0;0
"08/06/2023";"05:12:00";"79";"Acidente s";"225";"BR-116/SP";"Pista Norte";"Choque em barreira New Jersey";0;0;0;0;0;0;0;0;1;0;2;0;0;0;0
"08/06/2023";"05:25:00";"80";"Acidente c";"262.6";"BR-116/RJ";"Pista Norte";"Abalroamento longitudinal";0;0;0;1;0;0;0;0;1;1;50;0;2;0;0
"08/06/2023";"06:23:00";"88";"Atropelame";"70.2";"BR-116/SP";"Pista Sul";"Atropelamento de pedestre atravessando";0;0;0;0;0;0;1;0;0;0;13;0;0;0;1
"08/06/2023";"08:00:00";"129";"Acidente s";"105";"BR-116/SP";"Pista Norte";"Engavetamento";2;0;0;0;0;0;0;0;1;0;4;0;0;0;0
"08/06/2023";"09:11:00";"158";"Acidente s";"214";"BR-116/SP";"Pista Sul";"Colisão traseira";1;0;0;0;0;0;0;0;1;0;2;0;0;0;0
"08/06/2023";"09:30:00";"167";"Acidente s";"211";"BR-116/SP";"Pista Sul";"Abalroamento longitudinal";0;0;0;0;0;0;0;0;1;1;2;0;0;0;0
"08/06/2023";"09:39:00";"171";"Atropelame";"399";"BR-101/RJ";"Pista Sul";"Atropelamento de pedestre atravessando";0;0;0;0;0;0;0;0;1;0;4;1;0;0;0
"08/06/2023";"09:53:00";"174";"Acidente c";"124.1";"BR-116/SP";"Pista Norte";"Colisão traseira";0;0;0;0;0;0;0;0;2;0;4;1;0;0;0
"08/06/2023";"10:28:00";"190";"Acidente c";"137";"BR-116/SP";"Pista Sul";"Choque em objeto fixo";1;0;0;0;0;0;0;0;0;0;0;0;1;0;0
"08/06/2023";"10:32:00";"192";"Acidente s";"307.8";"BR-116/RJ";"Pista Sul";"Engavetamento";0;0;0;0;0;0;0;0;3;0;3;0;0;0;0
"08/06/2023";"12:14:00";"246";"Acidente s";"154.7";"BR-116/SP";"Pista Norte";"Queda de moto";0;1;0;0;0;0;0;0;0;1;2;0;0;0;0
"08/06/2023";"12:18:00";"247";"Acidente s";"490";"BR-101/RJ";"Pista Sul";"Abalroamento longitudinal";0;0;0;0;0;0;0;0;2;0;4;0;0;0;0
"08/06/2023";"12:39:00";"261";"Acidente c";"470";"BR-101/RJ";"Pista Sul";"Abalroamento longitudinal";0;0;0;0;0;0;0;0;2;0;3;0;1;0;0
"08/06/2023";"01:20:00";"277";"Acidente c";"330";"BR-116/RJ";"Pista Norte";"Engavetamento";0;0;0;0;0;0;0;0;2;1;3;1;0;0;0
"08/06/2023";"01:39:00";"284";"Acidente s";"16";"BR-116/SP";"Pista Sul";"Queda de moto";0;1;0;0;0;0;0;0;0;0;2;0;0;0;0
"08/06/2023";"01:41:00";"285";"Acidente s";"124";"BR-116/SP";"Pista Norte";"Choque em objeto fixo";0;0;0;0;0;0;0;0;1;0;4;0;0;0;0
"08/06/2023";"02:32:00";"303";"Acidente s";"26.4";"BR-116/SP";"Pista Norte";"Colisão traseira";1;0;0;0;0;0;0;0;1;0;2;0;0;0;0
"08/06/2023";"03:11:00";"319";"Acidente s";"125.1";"BR-116/SP";"Pista Norte";"Colisão traseira";0;0;0;0;0;0;0;0;2;0;3;0;0;0;0
"08/06/2023";"04:37:00";"367";"Acidente c";"574";"BR-101/RJ";"Pista Norte";"Abalroamento longitudinal";0;1;0;0;0;0;0;0;1;0;1;0;1;0;0
"08/06/2023";"06:10:00";"401";"Acidente s";"143";"BR-116/SP";"Pista Norte";"Choque em objeto fixo";0;0;0;0;0;0;0;0;1;0;2;0;0;0;0
"08/06/2023";"09:13:00";"454";"Acidente c";"402.9";"BR-101/RJ";"Pista Sul";"Colisão traseira";0;0;0;0;0;0;0;0;2;0;1;1;0;0;0
"08/06/2023";"09:45:00";"465";"Acidente c";"212";"BR-116/SP";"Pista Sul";"Queda de moto";0;1;0;0;0;0;0;0;0;0;0;1;1;0;0
"08/06/2023";"10:14:00";"471";"Atropelame";"156";"BR-116/SP";"Pista Norte";"Atropelamento de pedestre atravessando";0;0;0;0;0;0;0;0;1;0;1;0;0;1;0
"09/06/2023";"01:19:00";"28";"Acidente c";"278";"BR-116/RJ";"Pista Norte";"Colisão traseira";0;0;0;0;0;0;0;0;2;0;1;2;0;0;0
"09/06/2023";"01:41:00";"31";"Acidente c";"212.3";"BR-116/SP";"Pista Norte";"Choque em veículo parado na pista";2;0;0;0;0;0;0;0;0;0;1;1;0;0;0
"09/06/2023";"07:40:00";"82";"Acidente c";"165.2";"BR-116/SP";"Pista Sul";"Queda de moto";0;1;0;0;0;0;0;0;0;0;0;1;0;0;0
"09/06/2023";"08:08:00";"91";"Acidente c";"221";"BR-116/SP";"Pista Norte";"Colisão traseira";0;0;0;1;0;0;0;0;1;0;1;1;0;0;0
"09/06/2023";"08:50:00";"104";"Acidente s";"157.6";"BR-116/SP";"Pista Sul";"Choque em defensa";0;0;0;0;0;0;0;0;1;0;1;0;0;0;0
"09/06/2023";"10:05:00";"134";"Acidente s";"131.6";"BR-116/SP";"Pista Norte";"Colisão traseira";0;0;0;0;0;0;0;0;2;0;5;0;0;0;0
"09/06/2023";"10:39:00";"149";"Acidente s";"165";"BR-116/SP";"Pista Sul";"Choque em objeto fixo";0;0;0;0;0;0;0;0;1;0;1;0;0;0;0
"09/06/2023";"12:04:00";"189";"Acidente c";"190.45";"BR-116/SP";"Pista Sul";"Choque em objeto fixo";0;0;0;0;0;0;0;0;1;0;0;1;0;0;0
"09/06/2023";"01:08:00";"210";"Acidente c";"211";"BR-116/SP";"Pista Sul";"Colisão traseira";1;0;0;0;0;0;0;0;1;0;2;1;0;0;0
"09/06/2023";"03:17:00";"256";"Acidente s";"212";"BR-116/SP";"Pista Norte";"Colisão traseira";0;0;0;0;0;0;0;0;2;0;5;0;0;0;0
"09/06/2023";"06:02:00";"323";"Atropelame";"309";"BR-116/RJ";"Pista Sul";"Atropelamento de pedestre atravessando";0;0;0;0;0;0;0;0;1;0;0;1;0;1;0
"09/06/2023";"06:25:00";"331";"Atropelame";"84.4";"BR-116/SP";"Pista Sul";"Atropelamento de pedestre caminhando";0;0;0;0;0;0;0;0;1;0;2;0;0;0;1
"09/06/2023";"07:51:00";"366";"Acidente c";"408";"BR-101/RJ";"Pista Norte";"Queda de moto";0;1;0;0;0;0;0;0;0;0;0;2;0;0;0
"09/06/2023";"08:24:00";"378";"Acidente s";"215.6";"BR-116/SP";"Pista Norte";"Colisão traseira";0;0;0;0;0;0;0;0;1;1;2;0;0;0;0
"09/06/2023";"08:30:00";"379";"Acidente s";"213.7";"BR-116/SP";"Pista Norte";"Engavetamento";0;0;0;0;0;0;0;0;1;2;3;0;0;0;0
"09/06/2023";"08:43:00";"384";"Acidente c";"213.5";"BR-116/SP";"Pista Norte";"Colisão traseira";0;0;0;0;0;0;0;0;1;1;1;0;1;0;0
"10/06/2023";"04:13:00";"38";"Acidente c";"423.5";"BR-101/RJ";"Pista Sul";"Choque em objeto fixo";0;0;0;0;0;0;0;0;1;0;0;1;0;0;0
"10/06/2023";"06:20:00";"54";"Acidente s";"215";"BR-116/SP";"Pista Sul";"Engavetamento";0;0;0;0;0;0;0;0;2;1;3;0;0;0;0
"10/06/2023";"06:32:00";"58";"Acidente s";"149.5";"BR-116/SP";"Pista Norte";"Colisão traseira";0;0;0;1;0;1;0;0;0;0;2;0;0;0;0
"10/06/2023";"07:27:00";"81";"Acidente s";"18.3";"BR-116/SP";"Pista Norte";"Choque em objeto na pista";0;0;0;0;0;0;0;0;2;0;4;0;0;0;0
"10/06/2023";"09:27:00";"127";"Acidente s";"295";"BR-116/RJ";"Pista Sul";"Choque em barreira New Jersey";0;0;0;0;0;0;0;0;1;0;1;0;0;0;0
"10/06/2023";"10:36:00";"151";"Acidente s";"324";"BR-116/RJ";"Pista Sul";"Colisão traseira";0;0;0;0;0;0;0;0;1;1;1;0;0;0;0
"10/06/2023";"11:53:00";"180";"Acidente s";"233.2";"BR-116/RJ";"Pista Norte";"Choque em barreira New Jersey";0;0;0;0;0;0;0;0;1;0;2;0;0;0;0
"10/06/2023";"12:05:00";"186";"Acidente s";"479";"BR-101/RJ";"Pista Sul";"Colisão traseira";0;1;0;0;0;0;0;0;1;0;2;0;0;0;0
"10/06/2023";"12:18:00";"191";"Acidente s";"488";"BR-101/RJ";"Pista Sul";"Colisão traseira";0;0;0;0;0;0;0;0;1;1;0;0;0;0;0
"10/06/2023";"12:45:00";"205";"Acidente c";"220";"BR-116/SP";"Pista Sul";"Abalroamento longitudinal";0;1;0;0;0;0;0;0;1;0;1;1;0;0;0
"10/06/2023";"02:58:00";"258";"Acidente c";"65";"BR-116/SP";"Pista Norte";"Queda de moto";0;1;0;0;0;0;0;0;0;0;1;0;1;0;0
"10/06/2023";"03:44:00";"278";"Acidente c";"29";"BR-101/SP";"Pista Norte";"Colisão frontal";0;0;0;0;0;0;0;0;2;0;2;1;1;0;0
"10/06/2023";"03:56:00";"285";"Acidente c";"455";"BR-101/RJ";"Pista Sul";"Choque em objeto fixo";0;1;0;0;0;0;0;0;0;0;0;0;1;0;0
"10/06/2023";"04:47:00";"313";"Acidente c";"206.5";"BR-116/SP";"Pista Sul";"Abalroamento longitudinal";1;0;0;0;0;0;0;0;1;0;1;2;0;0;0
"10/06/2023";"06:44:00";"357";"Acidente c";"137.4";"BR-116/SP";"Pista Sul";"Engavetamento";0;0;0;0;0;0;0;0;4;1;10;0;2;0;0
"10/06/2023";"08:09:00";"386";"Acidente c";"51";"BR-101/SP";"Pista Sul";"Colisão frontal";0;2;0;0;0;0;0;0;0;0;0;0;1;1;0
"10/06/2023";"08:29:00";"397";"Acidente c";"147.6";"BR-116/SP";"Pista Sul";"Choque em barreira New Jersey";0;0;0;0;0;0;0;0;1;0;0;1;0;0;0
"10/06/2023";"11:08:00";"436";"Acidente c";"214";"BR-116/SP";"Pista Sul";"Colisão traseira";0;0;0;0;0;0;0;0;2;1;3;0;1;0;0
"10/06/2023";"11:17:00";"440";"Acidente c";"229";"BR-116/SP";"Pista Norte";"Queda de moto";0;1;0;0;0;0;0;0;0;0;0;0;0;0;1
"11/06/2023";"01:38:00";"31";"Acidente s";"475.6";"BR-101/RJ";"Pista Norte";"Choque em objeto fixo";0;0;0;0;0;0;0;0;1;0;2;0;0;0;0
"11/06/2023";"02:57:00";"45";"Acidente c";"190.5";"BR-116/SP";"Pista Norte";"Abalroamento longitudinal";0;0;0;0;0;1;0;0;1;1;2;1;0;0;0
"11/06/2023";"03:13:00";"48";"Acidente s";"292.5";"BR-116/RJ";"Pista Sul";"Abalroamento longitudinal";3;0;0;0;0;0;0;0;0;0;3;0;0;0;0
"11/06/2023";"03:29:00";"50";"Acidente c";"417";"BR-101/RJ";"Pista Sul";"Choque em objeto fixo";0;1;0;0;0;0;0;0;0;0;0;2;0;0;0
"11/06/2023";"07:35:00";"96";"Acidente s";"211.8";"BR-116/SP";"Pista Norte";"Engavetamento";0;0;0;0;0;0;0;0;3;0;4;0;0;0;0
"11/06/2023";"09:29:00";"133";"Acidente s";"23.5";"BR-116/SP";"Pista Sul";"Abalroamento longitudinal";2;0;0;0;0;0;0;0;0;0;0;0;0;0;0
"11/06/2023";"10:01:00";"144";"Acidente s";"227.65";"BR-116/SP";"Pista Norte";"Queda de ribanceira";0;0;0;0;0;0;1;0;0;0;1;0;0;0;0
"11/06/2023";"10:59:00";"162";"Acidente s";"215.1";"BR-116/SP";"Pista Sul";"Engavetamento";0;0;0;0;0;0;0;0;4;1;10;0;0;0;0
"11/06/2023";"11:59:00";"185";"Acidente s";"243.4";"BR-116/RJ";"Pista Sul";"Atropelamento de animal";0;0;0;0;0;0;0;0;1;0;4;0;0;0;0
"11/06/2023";"12:02:00";"189";"Acidente c";"67";"BR-116/SP";"Pista Sul";"Engavetamento";0;0;0;0;0;0;0;0;5;2;1;1;0;0;0
"11/06/2023";"12:23:00";"194";"Acidente s";"105.7";"BR-116/SP";"Pista Sul";"Colisão traseira";0;0;0;0;0;0;0;0;2;0;2;0;0;0;0
"11/06/2023";"12:25:00";"196";"Acidente s";"145.9";"BR-116/SP";"Pista Sul";"Colisão traseira";0;0;0;0;0;0;0;0;1;1;2;0;0;0;0
"11/06/2023";"12:26:00";"197";"Acidente c";"61";"BR-116/SP";"Pista Sul";"Colisão traseira";0;1;0;0;0;0;0;0;0;1;2;0;1;0;0
"11/06/2023";"01:35:00";"237";"Acidente c";"53.8";"BR-116/SP";"Pista Sul";"Queda de moto";0;1;0;0;0;0;0;0;0;0;0;0;1;0;0
"11/06/2023";"02:18:00";"255";"Acidente s";"51.3";"BR-116/SP";"Pista Sul";"Engavetamento";0;0;0;0;0;0;0;0;3;0;5;0;0;0;0
"11/06/2023";"02:32:00";"263";"Acidente s";"165.6";"BR-116/SP";"Pista Sul";"Colisão traseira";1;0;0;0;0;0;0;0;1;0;6;0;0;0;0
"11/06/2023";"02:53:00";"275";"Acidente s";"82.4";"BR-116/SP";"Pista Sul";"Abalroamento longitudinal";0;0;0;1;0;0;0;0;1;0;0;0;0;0;0
"11/06/2023";"03:22:00";"293";"Atropelame";"92";"BR-116/SP";"Pista Sul";"Atropelamento de pedestre atravessando";0;0;1;0;0;0;0;0;0;1;1;1;0;0;0
"11/06/2023";"03:26:00";"294";"Acidente s";"302";"BR-116/RJ";"Pista Norte";"Colisão traseira";0;0;0;0;0;1;0;0;0;1;1;0;0;0;0
"11/06/2023";"03:54:00";"320";"Acidente s";"304.9";"BR-116/RJ";"Pista Norte";"Colisão traseira";0;0;0;0;0;0;0;0;1;1;1;0;0;0;0
"11/06/2023";"04:08:00";"336";"Acidente s";"55";"BR-116/SP";"Pista Norte";"Engavetamento";0;0;0;0;0;0;0;0;1;4;4;0;0;0;0
"11/06/2023";"04:15:00";"340";"Acidente c";"423";"BR-101/RJ";"Pista Sul";"Colisão traseira";0;0;0;0;0;0;0;0;2;0;0;3;0;0;0
"11/06/2023";"04:16:00";"341";"Acidente s";"308.8";"BR-116/RJ";"Pista Norte";"Engavetamento";0;0;0;0;0;0;0;0;2;1;0;0;0;0;0
"11/06/2023";"05:13:00";"363";"Acidente c";"68";"BR-116/SP";"Pista Norte";"Queda de moto";0;1;0;0;0;0;0;0;0;0;0;0;1;0;0
"11/06/2023";"05:56:00";"391";"Acidente s";"301";"BR-116/RJ";"Pista Norte";"Engavetamento";0;0;0;0;0;0;0;0;1;2;2;0;0;0;0
"11/06/2023";"06:02:00";"396";"Acidente c";"230.5";"BR-116/SP";"Pista Sul";"Abalroamento longitudinal";0;1;0;0;0;0;0;0;1;0;4;2;0;0;0
"11/06/2023";"06:04:00";"398";"Acidente s";"70.6";"BR-116/SP";"Pista Sul";"Engavetamento";0;0;0;0;0;0;0;0;2;0;0;0;0;0;0
"11/06/2023";"06:19:00";"405";"Acidente s";"66";"BR-116/SP";"Pista Sul";"Colisão traseira";0;0;0;0;0;0;0;0;1;1;1;0;0;0;0
"11/06/2023";"08:02:00";"449";"Acidente c";"154.7";"BR-116/SP";"Pista Sul";"Abalroamento longitudinal";0;1;0;0;0;0;0;0;1;0;3;2;0;0;0
"11/06/2023";"09:01:00";"486";"Acidente c";"299";"BR-116/RJ";"Pista Norte";"Abalroamento longitudinal";0;0;0;0;0;0;0;0;3;1;4;2;2;0;0
"11/06/2023";"09:24:00";"497";"Acidente s";"299";"BR-116/RJ";"Pista Sul";"Colisão traseira";0;0;0;0;0;0;0;0;2;0;2;0;0;0;0
"11/06/2023";"09:41:00";"501";"Acidente c";"64";"BR-116/SP";"Pista Sul";"Choque em objeto fixo";0;0;0;0;0;0;0;0;1;0;0;0;1;0;0
"11/06/2023";"10:12:00";"510";"Acidente s";"92.7";"BR-116/SP";"Pista Sul";"Colisão traseira";0;0;0;0;0;0;0;0;2;0;2;0;0;0;0
"12/06/2023";"06:23:00";"69";"Acidente c";"226.3";"BR-116/SP";"Pista Norte";"Queda de moto";0;1;0;0;0;0;0;0;0;0;1;1;0;0;0
"12/06/2023";"08:27:00";"137";"Acidente c";"138.7";"BR-116/SP";"Pista Sul";"Engavetamento";0;1;0;0;0;0;0;0;5;0;5;0;1;0;0
"12/06/2023";"08:49:00";"152";"Acidente s";"21.9";"BR-116/SP";"Pista Norte";"Choque em barreira New Jersey";0;0;0;0;0;0;0;0;1;0;0;0;0;0;0
"12/06/2023";"09:15:00";"168";"Acidente c";"484";"BR-101/RJ";"Pista Norte";"Colisão traseira";0;1;0;0;0;0;0;0;1;0;1;1;0;0;0
"12/06/2023";"09:42:00";"184";"Acidente c";"30";"BR-101/SP";"Pista Sul";"Abalroamento longitudinal";0;2;0;0;0;0;0;0;0;0;1;1;1;0;0
"12/06/2023";"10:15:00";"197";"Acidente c";"212";"BR-116/SP";"Pista Sul";"Choque em barreira New Jersey";1;0;0;0;0;0;0;0;0;0;0;1;0;0;0
"12/06/2023";"10:30:00";"208";"Acidente c";"416";"BR-101/RJ";"Pista Sul";"Abalroamento transversal";0;0;0;0;0;0;0;0;2;0;1;0;1;0;0
"12/06/2023";"11:47:00";"245";"Acidente c";"220";"BR-116/SP";"Pista Sul";"Colisão traseira";0;1;0;0;0;0;0;0;1;0;2;0;1;0;0
"12/06/2023";"02:18:00";"324";"Acidente s";"60";"BR-116/SP";"Pista Norte";"Colisão traseira";0;0;0;0;0;0;0;0;2;0;0;0;0;0;0
"12/06/2023";"02:27:00";"326";"Acidente s";"33";"BR-116/SP";"Pista Norte";"Choque em defensa";0;0;0;0;0;0;0;0;1;0;1;0;0;0;0
"12/06/2023";"02:31:00";"329";"Acidente c";"223.85";"BR-116/SP";"Pista Sul";"Colisão traseira";0;1;0;0;0;0;0;0;1;0;2;1;0;0;0
"12/06/2023";"03:14:00";"354";"Acidente c";"157";"BR-116/SP";"Pista Norte";"Queda de moto";0;1;0;0;0;0;0;0;0;0;0;1;0;0;0
"12/06/2023";"04:53:00";"388";"Acidente c";"262.7";"BR-116/RJ";"Pista Sul";"Colisão traseira";3;0;0;0;0;0;0;0;0;0;2;1;1;0;0
"12/06/2023";"05:29:00";"401";"Acidente s";"165.2";"BR-116/SP";"Pista Norte";"Colisão traseira";1;0;0;0;0;0;0;0;0;1;2;0;0;0;0
"12/06/2023";"05:42:00";"410";"Acidente s";"228.8";"BR-116/RJ";"Pista Norte";"Choque em barreira New Jersey";0;0;0;0;0;0;0;0;1;0;4;0;0;0;0
"12/06/2023";"05:48:00";"414";"Acidente c";"145";"BR-116/SP";"Pista Sul";"Colisão traseira";0;1;0;0;0;0;0;0;2;0;2;1;0;0;0
"12/06/2023";"06:29:00";"441";"Acidente s";"211.4";"BR-116/SP";"Pista Norte";"Colisão traseira";0;0;0;0;0;0;0;0;2;0;2;0;0;0;0
"12/06/2023";"06:38:00";"447";"Acidente c";"11";"BR-101/SP";"Pista Sul";"Queda de moto";0;1;0;0;0;0;0;0;0;0;0;2;0;0;0
"12/06/2023";"07:39:00";"473";"Acidente c";"225";"BR-116/SP";"Pista Norte";"Engavetamento";0;0;0;0;0;0;0;0;5;0;7;1;0;0;0
"12/06/2023";"08:31:00";"492";"Acidente s";"155.5";"BR-116/SP";"Pista Norte";"Engavetamento";0;0;0;0;0;0;0;0;2;1;6;0;0;0;0
"13/06/2023";"08:44:00";"163";"Acidente s";"457.3";"BR-101/RJ";"Pista Sul";"Choque em objeto fixo";0;0;0;0;0;0;0;0;1;0;1;0;0;0;0
"13/06/2023";"12:47:00";"278";"Acidente s";"197.1";"BR-116/SP";"Pista Sul";"Choque em objeto fixo";0;0;0;0;0;0;0;0;1;0;0;0;0;0;0
"13/06/2023";"04:39:00";"358";"Atropelame";"384";"BR-101/RJ";"Pista Norte";"Atropelamento de pedestre atravessando";0;0;0;0;0;0;0;0;1;0;1;0;1;0;0
"13/06/2023";"04:48:00";"364";"Acidente s";"155";"BR-116/SP";"Pista Sul";"Engavetamento";0;0;0;0;0;0;0;0;1;2;2;0;0;0;0
"13/06/2023";"05:01:00";"371";"Acidente s";"230";"BR-116/SP";"Pista Norte";"Engavetamento";1;0;0;0;0;0;0;0;2;0;3;0;0;0;0
"13/06/2023";"05:02:00";"372";"Acidente s";"157";"BR-116/SP";"Pista Norte";"Engavetamento";3;0;0;0;0;0;0;0;0;0;3;0;0;0;0
"13/06/2023";"06:34:00";"420";"Acidente s";"216.7";"BR-116/SP";"Pista Norte";"Colisão traseira";0;0;0;0;0;0;0;0;2;0;2;0;0;0;0
"13/06/2023";"07:00:00";"427";"Acidente c";"230.5";"BR-116/SP";"Pista Norte";"Colisão traseira";0;1;0;0;0;0;0;0;1;0;2;0;0;1;0
"13/06/2023";"07:39:00";"436";"Acidente s";"486";"BR-101/RJ";"Pista Sul";"Colisão traseira";0;0;0;0;0;0;0;0;2;0;3;0;0;0;0