data;horario;n_da_ocorrencia;tipo_de_ocorrencia;km;trecho;sentido;tipo_de_acidente;automovel;bicicleta;caminhao;moto;onibus;outros;tracao_animal;transporte_de_cargas_especiais;trator_maquinas;utilitarios;ilesos;levemente_feridos;moderadamente_feridos;gravemente_feridos;mortos
"14/06/2023";"01:29:00";"27";"Acidente c";"269.6";"BR-116/RJ";"Pista Sul";"Colisão frontal";1;0;0;0;0;0;0;0;1;0;1;0;0;0;1
"14/06/2023";"05:41:00";"49";"Acidente s";"165.2";"BR-116/SP";"Pista Sul";"Colisão traseira";0;0;0;0;0;0;0;0;2;0;3;0;0;0;0
"14/06/2023";"05:43:00";"50";"Acidente s";"462.2";"BR-101/RJ";"Pista Sul";"Queda de ribanceira";0;0;0;0;0;0;0;0;1;0;1;0;0;0;0
"14/06/2023";"06:28:00";"68";"Acidente s";"142.7";"BR-116/SP";"Pista Sul";"Engavetamento";1;1;0;0;0;0;0;0;1;0;7;0;0;0;0
"14/06/2023";"06:42:00";"80";"Acidente c";"94.4";"BR-116/SP";"Pista Norte";"Queda de moto";0;1;0;0;0;0;0;0;1;1;3;0;1;0;0
"14/06/2023";"07:07:00";"97";"Acidente c";"451";"BR-101/RJ";"Pista Sul";"Queda de ribanceira";0;0;0;0;0;0;0;0;1;0;0;2;0;0;0
"14/06/2023";"08:05:00";"142";"Acidente s";"187.2";"BR-116/SP";"Pista Norte";"Choque em objeto fixo";1;0;0;0;0;0;0;0;0;0;1;0;0;0;0
"14/06/2023";"08:25:00";"152";"Acidente c";"207.3";"BR-116/SP";"Pista Sul";"Abalroamento longitudinal";0;0;0;0;0;0;0;0;2;0;1;1;0;0;0
"14/06/2023";"08:45:00";"161";"Acidente c";"155.2";"BR-116/SP";"Pista Norte";"Engavetamento";0;0;0;0;0;0;0;0;4;1;6;2;0;0;0
"14/06/2023";"10:45:00";"212";"Acidente s";"220.7";"BR-116/SP";"Pista Sul";"Colisão traseira";0;0;0;0;0;0;0;0;1;1;1;0;0;0;0
"14/06/2023";"11:07:00";"219";"Acidente c";"227.5";"BR-116/SP";"Pista Sul";"Engavetamento";0;1;0;0;0;0;0;0;2;0;2;1;0;0;0
"14/06/2023";"11:34:00";"233";"Acidente s";"210";"BR-116/SP";"Pista Norte";"Engavetamento";1;0;0;0;0;0;0;0;3;0;8;0;0;0;0
"14/06/2023";"01:20:00";"277";"Acidente c";"50";"BR-101/SP";"Pista Sul";"Colisão frontal";0;2;0;0;0;0;0;0;0;0;1;1;0;0;0
"14/06/2023";"07:38:00";"431";"Acidente s";"283.6";"BR-116/RJ";"Pista Sul";"Engavetamento";0;0;0;0;0;0;0;0;3;0;5;0;0;0;0
"14/06/2023";"07:46:00";"437";"Acidente c";"418.3";"BR-101/RJ";"Pista Norte";"Colisão frontal";0;1;0;1;0;0;0;0;0;0;0;3;0;1;1
"14/06/2023";"08:44:00";"453";"Acidente c";"408.5";"BR-101/RJ";"Pista Sul";"Colisão traseira";0;0;0;0;0;0;0;0;2;0;1;1;0;0;0
"15/06/2023";"03:22:00";"39";"Acidente s";"492";"BR-101/RJ";"Pista Norte";"Choque em objeto fixo";0;0;0;0;0;0;0;0;1;0;1;0;0;0;0
"15/06/2023";"04:59:00";"49";"Acidente s";"230";"BR-116/RJ";"Pista Norte";"Colisão traseira";1;0;0;0;0;0;0;0;0;1;2;0;0;0;0
"15/06/2023";"05:54:00";"56";"Acidente s";"226.2";"BR-116/RJ";"Pista Sul";"Choque em defensa";0;0;0;0;0;0;0;0;1;0;2;0;0;0;0
"15/06/2023";"06:05:00";"62";"Acidente s";"219.7";"BR-116/SP";"Pista Norte";"Choque em barreira New Jersey";0;0;0;0;0;0;0;0;1;0;1;0;0;0;0
"15/06/2023";"06:54:00";"82";"Acidente c";"209.1";"BR-116/SP";"Pista Norte";"Abalroamento longitudinal";0;0;0;0;0;0;0;0;2;0;2;1;0;0;0
"15/06/2023";"07:05:00";"90";"Acidente c";"529.9";"BR-101/RJ";"Pista Norte";"Capotamento";0;0;0;0;0;0;0;0;1;0;2;1;0;0;0
"15/06/2023";"07:32:00";"107";"Acidente c";"158";"BR-116/SP";"Pista Norte";"Capotamento";0;0;0;0;0;0;0;0;1;0;0;0;0;0;1
"15/06/2023";"08:26:00";"140";"Acidente s";"186";"BR-116/SP";"Pista Norte";"Tombamento";1;0;0;0;0;0;0;0;0;0;2;0;0;0;0
"15/06/2023";"11:59:00";"247";"Acidente c";"395";"BR-101/RJ";"Pista Norte";"Colisão traseira";0;0;0;0;0;0;0;0;2;0;1;2;0;0;0
"15/06/2023";"01:24:00";"279";"Acidente c";"200";"BR-116/SP";"Pista Norte";"Abalroamento longitudinal";1;0;0;0;0;0;0;0;1;0;1;0;1;0;0
"15/06/2023";"03:53:00";"350";"Acidente s";"107";"BR-116/SP";"Pista Sul";"Choque em barreira New Jersey";1;0;0;0;0;0;0;0;0;0;0;0;0;0;0
"15/06/2023";"04:06:00";"358";"Acidente c";"220.9";"BR-116/SP";"Pista Norte";"Queda de moto";0;1;0;0;0;0;0;0;0;0;0;1;0;0;0
"15/06/2023";"05:20:00";"382";"Atropelame";"400";"BR-101/RJ";"Pista Norte";"Atropelamento de pedestre atravessando";0;1;0;0;0;0;0;0;1;0;0;1;2;0;0
"15/06/2023";"06:23:00";"415";"Acidente c";"101";"BR-116/SP";"Pista Norte";"Abalroamento longitudinal";1;2;0;0;0;0;0;0;0;0;0;2;0;0;0
"15/06/2023";"06:53:00";"438";"Acidente c";"219";"BR-116/SP";"Pista Sul";"Colisão traseira";1;1;0;0;0;0;0;0;0;0;1;1;0;0;0
"15/06/2023";"06:59:00";"441";"Acidente s";"214";"BR-116/SP";"Pista Norte";"Colisão traseira";0;0;0;0;0;1;0;0;1;0;4;0;0;0;0
"15/06/2023";"07:49:00";"463";"Acidente s";"147.45";"BR-116/SP";"Pista Norte";"Colisão traseira";0;0;0;0;0;0;0;0;2;0;3;0;0;0;0
"15/06/2023";"08:00:00";"472";"Acidente s";"147.45";"BR-116/SP";"Pista Norte";"Queda de moto";0;1;0;0;0;0;0;0;0;0;1;0;0;0;0
"15/06/2023";"08:17:00";"480";"Atropelame";"488";"BR-101/RJ";"Pista Sul";"Atropelamento de pedestre atravessando";0;0;0;0;0;0;0;0;1;0;1;1;0;0;0
"15/06/2023";"08:24:00";"482";"Acidente c";"210.5";"BR-116/SP";"Pista Norte";"Abalroamento longitudinal";0;1;0;0;0;0;0;0;1;0;2;1;0;0;0
"15/06/2023";"08:26:00";"483";"Acidente c";"227.6";"BR-116/SP";"Pista Norte";"Abalroamento longitudinal";0;1;0;0;0;0;0;0;0;1;1;1;0;0;0
"15/06/2023";"08:47:00";"492";"Acidente s";"210.5";"BR-116/SP";"Pista Norte";"Abalroamento longitudinal";0;0;0;0;0;0;0;0;2;0;2;0;0;0;0
"15/06/2023";"09:01:00";"499";"Acidente s";"96";"BR-116/SP";"Pista Sul";"Queda de ribanceira";0;0;0;0;0;0;0;0;1;0;1;0;0;0;0
"16/06/2023";"12:29:00";"22";"Acidente s";"232.2";"BR-116/RJ";"Pista Norte";"Choque Talude";0;0;0;0;0;0;0;0;1;0;2;0;0;0;0
"16/06/2023";"01:23:00";"27";"Acidente s";"74.8";"BR-116/SP";"Pista Norte";"Choque em objeto fixo";0;0;0;0;0;0;0;0;1;0;1;0;0;0;0
"16/06/2023";"02:21:00";"38";"Acidente c";"211";"BR-116/SP";"Pista Sul";"Colisão traseira";0;0;0;0;0;0;0;0;2;0;1;2;0;0;0
"16/06/2023";"03:38:00";"51";"Acidente s";"126";"BR-116/SP";"Pista Sul";"Choque em defensa";0;0;0;0;0;0;0;0;1;0;0;0;0;0;0
"16/06/2023";"06:44:00";"84";"Acidente c";"212";"BR-116/SP";"Pista Sul";"Colisão traseira";0;1;0;0;0;0;0;0;1;0;2;1;0;0;0
"16/06/2023";"07:51:00";"133";"Acidente c";"44";"BR-116/SP";"Pista Sul";"Choque em barreira New Jersey";1;0;0;0;0;0;0;0;0;0;0;1;0;0;0
"16/06/2023";"08:39:00";"162";"Acidente c";"227.65";"BR-116/SP";"Pista Sul";"Colisão traseira";2;0;0;0;0;0;0;0;0;0;0;3;0;0;0
"16/06/2023";"08:43:00";"167";"Acidente c";"158";"BR-116/SP";"Pista Norte";"Abalroamento longitudinal";0;1;0;0;0;0;0;0;1;0;1;0;1;0;0
"16/06/2023";"08:46:00";"172";"Acidente c";"53.3";"BR-116/SP";"Pista Sul";"Abalroamento longitudinal";0;1;0;0;0;0;0;0;0;1;1;0;1;0;0
"16/06/2023";"08:46:00";"173";"Acidente c";"223.5";"BR-116/SP";"Pista Sul";"Abalroamento longitudinal";0;1;0;0;0;0;0;0;0;1;1;2;0;0;0
"16/06/2023";"11:26:00";"273";"Acidente s";"416";"BR-101/RJ";"Pista Sul";"Engavetamento";0;0;0;0;0;0;0;0;3;0;3;0;0;0;0
"16/06/2023";"01:34:00";"342";"Acidente c";"64.9";"BR-116/SP";"Pista Sul";"Colisão traseira";0;0;0;0;0;0;0;0;1;1;1;1;0;0;0
"16/06/2023";"03:28:00";"397";"Acidente s";"324.9";"BR-116/RJ";"Pista Sul";"Colisão traseira";1;0;0;0;0;0;0;0;1;0;2;0;0;0;0
"16/06/2023";"05:51:00";"466";"Acidente c";"157.3";"BR-116/SP";"Pista Norte";"Queda de moto";0;1;0;0;0;0;0;0;0;0;0;0;1;0;0
"16/06/2023";"06:06:00";"475";"Acidente s";"157.2";"BR-116/SP";"Pista Sul";"Colisão traseira";0;0;0;0;0;0;0;0;1;1;2;0;0;0;0
"16/06/2023";"06:10:00";"478";"Acidente c";"164.1";"BR-116/SP";"Pista Norte";"Abalroamento longitudinal";0;1;0;0;0;0;0;0;0;1;1;1;0;0;0
"16/06/2023";"06:30:00";"491";"Acidente c";"94.7";"BR-116/SP";"Pista Sul";"Colisão traseira";0;1;0;0;0;0;0;0;1;0;1;1;0;0;0
"16/06/2023";"06:35:00";"493";"Acidente c";"275.8";"BR-116/RJ";"Pista Sul";"Colisão traseira";1;0;0;0;0;0;0;0;1;0;1;1;0;0;0
"16/06/2023";"07:30:00";"522";"Acidente c";"504";"BR-101/RJ";"Pista Norte";"Atropelamento de animal";0;1;0;0;0;0;0;0;0;0;0;1;0;0;0
"16/06/2023";"08:44:00";"554";"Acidente s";"224.15";"BR-116/SP";"Pista Sul";"Colisão traseira";0;0;0;0;0;0;0;0;2;0;2;0;0;0;0
"16/06/2023";"09:15:00";"568";"Acidente c";"125";"BR-116/SP";"Pista Sul";"Choque Talude";1;0;0;0;0;0;0;0;0;0;0;0;1;0;0
"16/06/2023";"10:24:00";"583";"Acidente s";"481.2";"BR-101/RJ";"Pista Norte";"Choque em objeto fixo";0;0;0;0;0;0;0;0;1;0;3;0;0;0;0
"16/06/2023";"11:57:00";"619";"Acidente c";"18.55";"BR-116/SP";"Pista Norte";"Capotamento";0;0;0;0;0;0;0;0;1;0;0;1;0;0;0
"16/06/2023";"11:57:00";"618";"Acidente s";"107.9";"BR-116/SP";"Pista Norte";"Colisão traseira";0;0;0;0;0;0;0;0;2;0;5;0;0;0;0
"17/06/2023";"12:41:00";"20";"Acidente s";"430";"BR-101/RJ";"Pista Sul";"Choque em objeto fixo";0;0;0;0;0;0;0;0;1;0;1;0;0;0;0
"17/06/2023";"02:22:00";"36";"Acidente s";"232.9";"BR-116/RJ";"Pista Norte";"Choque Talude";0;0;0;0;0;0;0;0;1;0;1;0;0;0;0
"17/06/2023";"02:44:00";"42";"Acidente c";"210.5";"BR-116/SP";"Pista Norte";"Choque em objeto fixo";0;0;0;0;0;0;0;0;1;0;0;0;1;0;0
"17/06/2023";"03:47:00";"50";"Acidente c";"57.6";"BR-116/SP";"Pista Sul";"Colisão frontal";1;0;0;0;0;0;0;0;3;0;9;0;2;1;0
"17/06/2023";"09:15:00";"149";"Acidente c";"233";"BR-116/RJ";"Pista Norte";"Queda de moto";0;1;0;0;0;0;0;0;0;0;0;1;0;0;0
"17/06/2023";"09:39:00";"162";"Acidente s";"232.6";"BR-116/RJ";"Pista Norte";"Choque em objeto fixo";1;0;0;0;0;0;0;0;1;0;2;0;0;0;0
"17/06/2023";"09:47:00";"167";"Acidente c";"383";"BR-101/RJ";"Pista Sul";"Capotamento";0;0;0;0;0;0;0;0;1;0;0;1;0;0;0
"17/06/2023";"09:56:00";"172";"Acidente c";"51";"BR-116/SP";"Pista Sul";"Queda de moto";0;1;0;0;0;0;0;0;0;0;0;0;1;0;0
"17/06/2023";"10:00:00";"176";"Acidente c";"292";"BR-116/RJ";"Pista Sul";"Abalroamento longitudinal";0;1;0;0;0;0;0;0;0;1;0;1;0;0;0
"17/06/2023";"03:36:00";"303";"Acidente c";"149.5";"BR-116/SP";"Pista Norte";"Choque em defensa";0;1;0;0;0;0;0;0;0;0;0;2;0;0;0
"17/06/2023";"05:08:00";"342";"Acidente c";"213.4";"BR-116/SP";"Pista Sul";"Colisão traseira";0;0;0;0;0;0;0;0;2;0;5;1;0;0;0
"17/06/2023";"07:23:00";"382";"Acidente s";"145.7";"BR-116/SP";"Pista Sul";"Colisão traseira";0;0;0;0;0;0;0;0;2;0;3;0;0;0;0
"17/06/2023";"08:38:00";"410";"Acidente c";"157.2";"BR-116/SP";"Pista Norte";"Colisão traseira";0;0;0;0;0;0;0;0;2;0;6;0;1;0;0
"17/06/2023";"10:21:00";"439";"Acidente s";"465";"BR-101/RJ";"Pista Norte";"Choque em objeto fixo";0;0;0;0;0;0;0;0;1;0;2;0;0;0;0
"17/06/2023";"10:24:00";"441";"Acidente s";"211.5";"BR-116/SP";"Pista Sul";"Colisão traseira";0;0;0;0;0;0;0;0;2;0;4;0;0;0;0
"17/06/2023";"10:27:00";"443";"Acidente c";"243";"BR-116/RJ";"Pista Sul";"Choque em defensa";0;0;0;0;0;0;0;0;1;0;0;3;0;0;0
"18/06/2023";"01:02:00";"25";"Acidente s";"161.5";"BR-116/SP";"Pista Sul";"Colisão traseira";0;0;0;0;0;0;0;0;1;1;5;0;0;0;0
"18/06/2023";"01:30:00";"31";"Acidente s";"57.3";"BR-116/SP";"Pista Norte";"Choque em objeto fixo";0;0;0;0;0;0;0;0;1;0;2;0;0;0;0
"18/06/2023";"04:33:00";"54";"Acidente s";"439";"BR-101/RJ";"Pista Norte";"Atropelamento de animal";0;0;0;0;0;0;0;0;1;0;1;0;0;0;0
"18/06/2023";"06:45:00";"68";"Acidente s";"146";"BR-116/SP";"Pista Sul";"Choque em objeto fixo";0;0;0;0;0;0;0;0;1;0;2;0;0;0;0
"18/06/2023";"07:09:00";"79";"Acidente c";"578";"BR-101/RJ";"Pista Sul";"Abalroamento longitudinal";1;1;0;0;0;0;0;0;0;0;1;1;0;0;0
"18/06/2023";"02:24:00";"229";"Acidente s";"215";"BR-116/SP";"Pista Norte";"Choque em barreira New Jersey";0;0;0;0;0;0;0;0;1;0;2;0;0;0;0
"18/06/2023";"03:01:00";"244";"Acidente s";"117";"BR-116/SP";"Pista Sul";"Colisão traseira";0;0;0;0;0;0;0;0;2;0;4;0;0;0;0
"18/06/2023";"03:32:00";"261";"Acidente s";"124";"BR-116/SP";"Pista Sul";"Colisão traseira";0;0;0;0;0;0;0;0;2;0;3;0;0;0;0
"18/06/2023";"05:40:00";"320";"Acidente s";"117.5";"BR-116/SP";"Pista Sul";"Abalroamento longitudinal";0;0;0;1;0;0;0;0;1;0;49;0;0;0;0
"18/06/2023";"07:09:00";"357";"Acidente c";"57.6";"BR-116/SP";"Pista Norte";"Abalroamento longitudinal";1;0;0;0;0;0;0;0;1;0;2;0;5;0;0
"19/06/2023";"02:45:00";"36";"Acidente s";"136.7";"BR-116/SP";"Pista Sul";"Abalroamento longitudinal";0;0;0;0;0;0;0;0;1;1;3;0;0;0;0
"19/06/2023";"06:46:00";"88";"Acidente c";"205.6";"BR-116/SP";"Pista Norte";"Colisão traseira";0;1;0;0;0;0;0;0;1;0;2;1;0;0;0
"19/06/2023";"08:05:00";"138";"Acidente s";"402";"BR-101/RJ";"Pista Sul";"Engavetamento";0;0;0;0;0;0;0;0;3;0;6;0;0;0;0
"19/06/2023";"09:36:00";"195";"Acidente s";"229.2";"BR-116/RJ";"Pista Norte";"Abalroamento longitudinal";1;0;0;0;0;0;0;0;1;0;2;0;0;0;0
"19/06/2023";"10:16:00";"217";"Acidente c";"192.2";"BR-116/SP";"Pista Sul";"Abalroamento longitudinal";1;0;0;0;0;0;0;0;1;0;2;1;0;0;0
"19/06/2023";"11:29:00";"255";"Acidente s";"395.1";"BR-101/RJ";"Pista Sul";"Choque em objeto fixo";1;0;0;0;0;0;0;0;0;0;1;0;0;0;0
"19/06/2023";"12:21:00";"273";"Acidente s";"230";"BR-116/RJ";"Pista Norte";"Colisão traseira";2;0;0;0;0;0;0;0;0;0;2;0;0;0;0
"19/06/2023";"01:40:00";"298";"Acidente s";"210";"BR-116/SP";"Pista Sul";"Choque em barreira New Jersey";0;0;0;0;0;0;0;0;1;0;1;0;0;0;0
"19/06/2023";"02:08:00";"312";"Acidente c";"332.2";"BR-116/RJ";"Pista Norte";"Abalroamento longitudinal";0;0;0;0;0;0;0;0;2;0;0;1;0;4;1
"19/06/2023";"02:21:00";"317";"Acidente c";"111";"BR-116/SP";"Pista Sul";"Queda de moto";0;1;0;0;0;0;0;0;0;0;0;0;1;0;0
"19/06/2023";"04:57:00";"374";"Acidente c";"493";"BR-101/RJ";"Pista Norte";"Colisão frontal";1;0;0;0;0;0;0;0;2;0;2;1;1;0;0
"19/06/2023";"05:48:00";"386";"Acidente c";"229.95";"BR-116/SP";"Pista Norte";"Queda de moto";0;1;0;0;0;0;0;0;0;0;0;1;0;0;0
"19/06/2023";"06:17:00";"401";"Acidente s";"318.7";"BR-116/RJ";"Pista Sul";"Colisão traseira";1;0;0;0;0;1;0;0;0;0;3;0;0;0;0
"19/06/2023";"06:50:00";"419";"Acidente s";"154";"BR-116/SP";"Pista Sul";"Colisão traseira";0;0;0;0;0;1;0;0;1;0;4;0;0;0;0
"19/06/2023";"08:43:00";"462";"Acidente c";"284.1";"BR-116/RJ";"Pista Norte";"Colisão traseira";1;0;0;0;0;0;0;0;1;0;1;0;4;0;0
"19/06/2023";"10:52:00";"495";"Acidente s";"122";"BR-116/SP";"Pista Sul";"Queda de moto";0;1;0;0;0;0;0;0;0;0;2;0;0;0;0
"20/06/2023";"04:49:00";"38";"Acidente c";"389";"BR-101/RJ";"Pista Norte";"Choque em objeto fixo";0;0;0;0;0;0;0;0;1;0;1;1;0;0;0
"20/06/2023";"04:55:00";"42";"Acidente c";"281";"BR-116/RJ";"Pista Sul";"Tombamento";1;0;0;0;0;0;0;0;0;0;0;1;0;0;0
"20/06/2023";"05:04:00";"43";"Acidente c";"216.9";"BR-116/SP";"Pista Sul";"Colisão traseira";0;0;0;0;0;0;0;0;2;0;1;1;0;0;0
"20/06/2023";"07:52:00";"111";"Acidente s";"284";"BR-116/RJ";"Pista Norte";"Colisão traseira";0;0;0;0;0;0;0;0;2;0;0;0;0;0;0
"20/06/2023";"07:52:00";"110";"Acidente c";"232.1";"BR-116/RJ";"Pista Norte";"Tombamento";1;0;0;0;0;0;0;0;0;0;0;0;1;0;0
"20/06/2023";"08:21:00";"121";"Acidente c";"164.6";"BR-116/SP";"Pista Norte";"Queda de ribanceira";1;0;0;0;0;0;0;0;0;0;0;0;0;1;0
"20/06/2023";"01:52:00";"291";"Acidente c";"165.1";"BR-116/SP";"Pista Sul";"Queda de moto";0;1;0;0;0;0;0;0;0;0;0;0;1;0;0
"20/06/2023";"02:46:00";"312";"Acidente s";"489";"BR-101/RJ";"Pista Norte";"Abalroamento longitudinal";1;0;0;0;0;0;0;0;1;0;4;0;0;0;0
"20/06/2023";"02:59:00";"315";"Acidente s";"47.8";"BR-116/SP";"Pista Sul";"Choque em barreira New Jersey";1;0;0;0;0;0;0;0;0;0;1;0;0;0;0
"20/06/2023";"04:04:00";"345";"Acidente c";"279.7";"BR-116/RJ";"Pista Sul";"Abalroamento longitudinal";1;0;0;0;0;0;0;0;1;0;4;0;1;0;0
"20/06/2023";"05:23:00";"377";"Acidente c";"486";"BR-101/RJ";"Pista Sul";"Colisão traseira";0;0;0;0;0;0;0;0;2;0;2;1;0;0;0
"20/06/2023";"05:25:00";"379";"Acidente c";"250.3";"BR-116/RJ";"Pista Norte";"Colisão traseira";1;0;0;0;0;0;0;0;1;0;1;1;0;0;0
"20/06/2023";"05:31:00";"381";"Acidente c";"390";"BR-101/RJ";"Pista Norte";"Capotamento";0;0;0;0;0;0;0;0;1;0;1;1;0;0;0
"20/06/2023";"05:37:00";"385";"Acidente s";"250.5";"BR-116/RJ";"Pista Norte";"Engavetamento";0;0;0;0;0;0;0;0;3;0;3;0;0;0;0
"20/06/2023";"05:56:00";"397";"Acidente c";"204.5";"BR-116/SP";"Pista Sul";"Queda de moto";0;1;0;0;0;0;0;0;0;0;0;1;0;0;0
"20/06/2023";"06:06:00";"405";"Acidente s";"136.1";"BR-116/SP";"Pista Sul";"Colisão traseira";0;0;0;0;0;0;0;0;2;0;3;0;0;0;0
"20/06/2023";"06:17:00";"410";"Acidente s";"143.7";"BR-116/SP";"Pista Sul";"Atropelamento de animal";1;0;0;0;0;0;0;0;0;0;1;0;0;0;0
"20/06/2023";"06:55:00";"425";"Acidente s";"446";"BR-101/RJ";"Pista Sul";"Colisão traseira";1;0;0;0;0;1;0;0;0;0;2;0;0;0;0
"20/06/2023";"07:03:00";"428";"Acidente s";"164.6";"BR-116/SP";"Pista Norte";"Abalroamento longitudinal";0;0;0;0;0;0;0;0;1;1;2;0;0;0;0
"20/06/2023";"09:58:00";"511";"Acidente c";"215";"BR-116/SP";"Pista Sul";"Colisão traseira";0;0;0;0;0;0;0;0;2;0;0;3;0;0;0
"20/06/2023";"10:03:00";"513";"Acidente s";"86.95";"BR-116/SP";"Pista Norte";"Colisão traseira";0;0;0;0;0;0;0;0;2;0;4;0;0;0;0
"20/06/2023";"11:32:00";"533";"Acidente s";"461.7";"BR-101/RJ";"Pista Sul";"Choque em objeto fixo";0;0;0;0;0;0;0;0;1;0;1;0;0;0;0
"21/06/2023";"07:31:00";"121";"Acidente c";"144.75";"BR-116/SP";"Pista Norte";"Engavetamento";0;0;0;0;1;0;0;0;2;0;3;1;0;0;0
"21/06/2023";"07:56:00";"131";"Acidente s";"147.85";"BR-116/SP";"Pista Norte";"Colisão traseira";0;0;0;0;0;0;0;0;1;1;3;0;0;0;0
"21/06/2023";"12:48:00";"309";"Acidente c";"428";"BR-101/RJ";"Pista Sul";"Abalroamento transversal";0;0;0;0;0;0;0;0;2;0;0;2;0;0;0
"21/06/2023";"02:00:00";"346";"Acidente c";"222";"BR-116/RJ";"Pista Norte";"Choque em barreira New Jersey";0;0;0;0;0;0;0;0;1;0;0;2;0;0;0
"21/06/2023";"02:33:00";"364";"Acidente c";"222";"BR-116/RJ";"Pista Norte";"Engavetamento";5;0;0;0;0;0;0;0;4;0;12;3;1;0;0
"21/06/2023";"02:37:00";"365";"Acidente s";"230";"BR-116/RJ";"Pista Norte";"Choque em barreira New Jersey";1;0;0;0;0;0;0;0;0;0;0;0;0;0;0
"21/06/2023";"02:48:00";"368";"Acidente s";"229.3";"BR-116/RJ";"Pista Norte";"Choque em barreira New Jersey";1;0;0;0;0;0;0;0;0;0;1;0;0;0;0
"21/06/2023";"05:08:00";"426";"Acidente s";"279";"BR-116/RJ";"Pista Sul";"Choque Talude";1;0;0;0;0;0;0;0;1;0;3;0;0;0;0
"21/06/2023";"07:35:00";"509";"Acidente s";"98.8";"BR-116/SP";"Pista Sul";"Choque em objeto fixo";0;0;0;0;0;0;0;0;1;0;0;0;0;0;0
"21/06/2023";"08:04:00";"518";"Acidente c";"116.6";"BR-116/SP";"Pista Norte";"Engavetamento";0;0;0;0;0;0;0;0;3;0;0;0;2;0;0
"21/06/2023";"09:12:00";"535";"Acidente c";"515";"BR-101/RJ";"Pista Sul";"Colisão traseira";0;1;0;1;0;0;0;0;0;0;0;0;1;0;0
"21/06/2023";"09:36:00";"543";"Acidente s";"219.1";"BR-116/SP";"Pista Norte";"Choque em defensa";0;0;0;0;0;0;0;0;1;0;3;0;0;0;0
"21/06/2023";"09:39:00";"545";"Acidente c";"217.2";"BR-116/SP";"Pista Sul";"Choque em barreira New Jersey";0;0;0;0;0;0;0;0;1;0;0;2;0;0;0
"21/06/2023";"09:56:00";"551";"Acidente c";"310.45";"BR-116/RJ";"Pista Sul";"Queda de moto";0;1;0;0;0;0;0;0;0;0;1;0;1;0;0
"21/06/2023";"10:09:00";"558";"Acidente c";"428.5";"BR-101/RJ";"Pista Norte";"Queda de ribanceira";1;0;0;0;0;0;0;0;0;0;0;0;1;0;0
"21/06/2023";"10:22:00";"560";"Acidente s";"150.6";"BR-116/SP";"Pista Norte";"Abalroamento longitudinal";2;0;0;0;0;0;0;0;0;0;3;0;0;0;0
"21/06/2023";"11:00:00";"570";"Acidente c";"79.8";"BR-116/SP";"Pista Norte";"Queda de moto";0;1;0;0;0;0;0;0;0;0;1;1;0;0;0
"21/06/2023";"11:20:00";"574";"Atropelame";"52.25";"BR-116/SP";"Pista Sul";"Atropelamento de pedestre atravessando";0;0;0;1;0;0;0;0;1;0;1;0;0;1;0
"22/06/2023";"12:32:00";"23";"Acidente c";"50.2";"BR-101/SP";"Pista Norte";"Colisão frontal";0;1;0;0;0;0;0;0;1;0;1;0;1;0;0
"22/06/2023";"06:09:00";"80";"Acidente c";"219.2";"BR-116/SP";"Pista Norte";"Queda de moto";0;1;0;0;0;0;0;0;0;1;0;1;0;0;0
"22/06/2023";"07:24:00";"117";"Acidente s";"212";"BR-116/SP";"Pista Sul";"Colisão traseira";0;1;0;0;0;0;0;0;1;0;3;0;0;0;0
"22/06/2023";"08:33:00";"158";"Acidente s";"222.7";"BR-116/SP";"Pista Sul";"Abalroamento longitudinal";0;0;0;0;0;0;0;0;2;0;4;0;0;0;0
"22/06/2023";"09:32:00";"202";"Acidente s";"278";"BR-116/RJ";"Pista Norte";"Abalroamento longitudinal";0;0;0;0;0;0;1;0;0;2;3;0;0;0;0
"22/06/2023";"11:23:00";"256";"Acidente s";"311";"BR-116/RJ";"Pista Sul";"Abalroamento longitudinal";0;0;0;0;0;0;0;0;2;0;3;0;0;0;0
"22/06/2023";"11:44:00";"261";"Acidente s";"124.1";"BR-116/SP";"Pista Norte";"Colisão traseira";0;0;0;0;0;0;0;0;1;1;2;0;0;0;0
"22/06/2023";"12:50:00";"293";"Acidente c";"266.8";"BR-116/RJ";"Pista Sul";"Colisão traseira";0;0;0;0;0;0;0;0;2;0;4;1;0;0;0
"22/06/2023";"01:21:00";"305";"Acidente s";"206";"BR-116/SP";"Pista Sul";"Colisão traseira";1;0;0;0;0;0;0;0;1;0;3;0;0;0;0
"22/06/2023";"02:10:00";"327";"Acidente s";"34";"BR-116/SP";"Pista Norte";"Choque em objeto fixo";1;0;0;0;0;0;0;0;0;0;1;0;0;0;0
"22/06/2023";"03:13:00";"363";"Atropelame";"207.95";"BR-116/SP";"Pista Sul";"Atropelamento de pedestre atravessando";0;0;1;0;0;0;1;0;0;0;1;0;1;0;0
"22/06/2023";"03:51:00";"378";"Acidente s";"230";"BR-116/SP";"Pista Norte";"Colisão traseira";0;0;0;0;0;0;0;0;1;1;1;0;0;0;0
"22/06/2023";"04:41:00";"406";"Acidente c";"156.3";"BR-116/SP";"Pista Norte";"Colisão traseira";0;1;0;0;0;0;0;0;1;0;2;0;2;0;0
"22/06/2023";"05:21:00";"432";"Acidente c";"224";"BR-116/SP";"Pista Norte";"Choque em defensa";0;0;0;0;0;0;0;0;1;0;0;1;0;0;0