data;horario;n_da_ocorrencia;tipo_de_ocorrencia;km;trecho;sentido;tipo_de_acidente;automovel;bicicleta;caminhao;moto;onibus;outros;tracao_animal;transporte_de_cargas_especiais;trator_maquinas;utilitarios;ilesos;levemente_feridos;moderadamente_feridos;gravemente_feridos;mortos
"01/07/2023";"02:34:00";"48";"Acidente s";"219";"BR-116/SP";"Pista Norte";"Queda de ribanceira";0;0;0;0;0;0;0;0;1;0;2;0;0;0;0
"01/07/2023";"02:48:00";"51";"Acidente c";"206.1";"BR-116/SP";"Pista Norte";"Capotamento";0;0;0;0;0;0;0;0;2;0;1;1;2;0;0
"01/07/2023";"03:39:00";"59";"Acidente s";"156.5";"BR-116/SP";"Pista Sul";"Abalroamento longitudinal";1;0;0;0;0;0;0;0;0;1;2;0;0;0;0
"01/07/2023";"06:25:00";"79";"Acidente s";"229";"BR-116/SP";"Pista Norte";"Choque em objeto fixo";0;0;0;0;0;0;0;0;1;0;1;0;0;0;0
"01/07/2023";"07:13:00";"93";"Acidente c";"597";"BR-101/RJ";"Pista Norte";"Choque em objeto fixo";0;0;0;0;0;0;0;0;1;0;0;1;1;0;0
"01/07/2023";"09:10:00";"141";"Acidente c";"109.9";"BR-116/SP";"Pista Norte";"Colisão traseira";0;1;0;0;0;0;0;0;1;0;5;0;1;0;0
"01/07/2023";"11:03:00";"183";"Acidente c";"471";"BR-101/RJ";"Pista Norte";"Queda de moto";0;1;0;0;0;0;0;0;0;0;0;1;1;0;0
"01/07/2023";"11:36:00";"194";"Acidente s";"59.35";"BR-116/SP";"Pista Norte";"Abalroamento longitudinal";1;0;0;0;0;0;0;0;1;0;2;0;0;0;0
"01/07/2023";"02:17:00";"246";"Acidente c";"64.5";"BR-116/SP";"Pista Sul";"Abalroamento longitudinal";1;0;0;0;0;0;0;0;1;0;2;3;0;0;0
"01/07/2023";"02:29:00";"250";"Acidente s";"210";"BR-116/SP";"Pista Sul";"Colisão traseira";0;2;0;0;0;0;0;0;0;1;3;0;0;0;0
"01/07/2023";"07:11:00";"361";"Acidente s";"231.4";"BR-116/RJ";"Pista Sul";"Choque em barreira New Jersey";0;0;0;0;0;0;0;0;1;0;2;0;0;0;0
"01/07/2023";"07:29:00";"370";"Acidente s";"222.4";"BR-116/SP";"Pista Sul";"Colisão traseira";0;0;0;0;0;0;0;0;2;0;3;0;0;0;0
"01/07/2023";"07:35:00";"374";"Acidente c";"484.8";"BR-101/RJ";"Pista Norte";"Colisão frontal";0;1;0;0;0;0;0;0;1;1;2;0;0;1;0
"01/07/2023";"07:51:00";"379";"Acidente c";"54.6";"BR-116/SP";"Pista Sul";"Colisão traseira";0;0;0;0;0;0;0;0;1;1;2;0;1;0;0
"01/07/2023";"08:02:00";"383";"Acidente c";"484";"BR-101/RJ";"Pista Norte";"Abalroamento longitudinal";0;1;0;0;0;0;0;0;1;0;0;5;0;0;0
"01/07/2023";"09:33:00";"404";"Acidente c";"400";"BR-101/RJ";"Pista Sul";"Colisão frontal";0;1;0;0;0;0;1;0;0;0;1;0;1;0;0
"02/07/2023";"12:22:00";"13";"Acidente s";"306.5";"BR-116/RJ";"Pista Sul";"Atropelamento de animal";0;0;0;0;0;0;0;0;2;0;2;0;0;0;0
"02/07/2023";"12:31:00";"14";"Acidente s";"306.5";"BR-116/RJ";"Pista Sul";"Atropelamento de animal";0;0;0;0;0;0;0;0;1;0;3;0;0;0;0
"02/07/2023";"02:53:00";"38";"Acidente c";"99";"BR-116/SP";"Pista Sul";"Queda de moto";0;1;0;0;0;0;0;0;0;0;0;0;1;0;0
"02/07/2023";"03:25:00";"42";"Acidente s";"115.3";"BR-116/SP";"Pista Norte";"Choque em defensa";0;0;0;0;0;0;0;0;1;0;5;0;0;0;0
"02/07/2023";"03:46:00";"46";"Acidente s";"96.1";"BR-116/SP";"Pista Norte";"Atropelamento de animal";0;0;0;1;0;0;0;0;0;0;51;0;0;0;0
"02/07/2023";"04:03:00";"49";"Acidente c";"418.3";"BR-101/RJ";"Pista Sul";"Queda de moto";0;1;0;0;0;0;0;0;0;0;0;1;1;0;0
"02/07/2023";"04:09:00";"50";"Acidente s";"96.1";"BR-116/SP";"Pista Norte";"Atropelamento de animal";1;0;0;0;0;0;0;0;0;0;1;0;0;0;0
"02/07/2023";"04:59:00";"59";"Acidente s";"81";"BR-116/SP";"Pista Sul";"Atropelamento de animal";0;0;0;0;0;0;0;0;1;0;1;0;0;0;0
"02/07/2023";"05:44:00";"64";"Acidente c";"81";"BR-116/SP";"Pista Sul";"Atropelamento de animal";0;0;0;0;0;0;0;0;1;0;0;1;0;0;0
"02/07/2023";"05:49:00";"67";"Acidente s";"304";"BR-116/RJ";"Pista Sul";"Choque em objeto fixo";0;0;0;0;0;0;0;0;1;0;4;0;0;0;0
"02/07/2023";"05:52:00";"68";"Acidente s";"278.8";"BR-116/RJ";"Pista Sul";"Choque em objeto fixo";0;0;0;0;0;0;0;0;1;0;1;0;0;0;0
"02/07/2023";"07:16:00";"85";"Acidente s";"157";"BR-116/SP";"Pista Sul";"Choque em objeto fixo";0;0;0;0;0;0;0;0;1;0;2;0;0;0;0
"02/07/2023";"09:38:00";"134";"Acidente c";"597";"BR-101/RJ";"Pista Norte";"Queda de moto";0;1;0;0;0;0;0;0;0;0;0;1;0;0;0
"02/07/2023";"12:42:00";"192";"Acidente s";"61.5";"BR-116/SP";"Pista Sul";"Colisão traseira";0;0;0;0;0;0;0;0;2;0;4;0;0;0;0
"02/07/2023";"01:30:00";"214";"Acidente c";"10.8";"BR-101/SP";"Pista Norte";"Abalroamento longitudinal";0;1;0;0;0;0;0;0;1;0;2;0;0;1;0
"02/07/2023";"03:57:00";"265";"Acidente c";"384";"BR-101/RJ";"Pista Norte";"Capotamento";0;0;0;0;0;0;0;0;1;0;0;0;1;0;0
"02/07/2023";"04:40:00";"289";"Acidente s";"436";"BR-101/RJ";"Pista Sul";"Capotamento";0;0;0;0;0;0;0;0;1;0;2;0;0;0;0
"02/07/2023";"06:19:00";"333";"Acidente s";"197.95";"BR-116/SP";"Pista Sul";"Colisão traseira";0;0;0;0;0;0;1;0;1;0;19;0;0;0;0
"02/07/2023";"07:14:00";"355";"Acidente c";"279.5";"BR-116/RJ";"Pista Norte";"Colisão traseira";0;0;0;0;0;0;0;0;2;0;3;1;0;0;0
"02/07/2023";"07:25:00";"356";"Acidente c";"145.6";"BR-116/SP";"Pista Norte";"Abalroamento longitudinal";0;1;0;0;0;0;0;0;0;1;1;1;0;0;0
"02/07/2023";"08:13:00";"376";"Acidente s";"230.7";"BR-116/RJ";"Pista Norte";"Choque em barreira New Jersey";0;0;0;0;0;0;0;0;1;0;1;0;0;0;0
"02/07/2023";"08:17:00";"377";"Acidente s";"227.6";"BR-116/SP";"Pista Sul";"Engavetamento";0;0;0;0;0;0;0;0;3;0;7;0;0;0;0
"02/07/2023";"09:17:00";"389";"Acidente s";"232.3";"BR-116/RJ";"Pista Norte";"Choque em barreira New Jersey";0;0;0;0;0;0;0;0;1;0;1;0;0;0;0
"02/07/2023";"10:07:00";"405";"Acidente c";"50";"BR-101/SP";"Pista Sul";"Abalroamento longitudinal";0;1;0;0;0;0;0;0;1;0;2;1;0;0;0
"03/07/2023";"12:24:00";"16";"Acidente s";"233.1";"BR-116/RJ";"Pista Norte";"Choque em objeto fixo";0;0;0;0;0;0;0;0;1;0;1;0;0;0;0
"03/07/2023";"02:56:00";"41";"Acidente c";"226";"BR-116/SP";"Pista Sul";"Colisão traseira";1;0;0;0;0;0;0;0;1;0;1;1;0;0;0
"03/07/2023";"05:01:00";"57";"Acidente c";"165.2";"BR-116/SP";"Pista Sul";"Engavetamento";2;0;0;0;0;0;0;0;0;0;1;0;1;0;0
"03/07/2023";"06:01:00";"72";"Acidente s";"165.2";"BR-116/SP";"Pista Sul";"Abalroamento longitudinal";1;0;0;0;0;0;0;0;1;0;3;0;0;0;0
"03/07/2023";"06:49:00";"93";"Acidente s";"226.4";"BR-116/RJ";"Pista Sul";"Choque em defensa";0;0;0;0;0;0;0;0;1;0;1;0;0;0;0
"03/07/2023";"06:59:00";"98";"Acidente s";"226.4";"BR-116/RJ";"Pista Sul";"Choque em objeto fixo";0;0;0;0;0;0;0;0;1;0;1;0;0;0;0
"03/07/2023";"07:50:00";"134";"Acidente s";"142.7";"BR-116/SP";"Pista Norte";"Engavetamento";0;0;0;0;0;0;0;0;4;0;4;0;0;0;0
"03/07/2023";"07:57:00";"138";"Acidente c";"139.3";"BR-116/SP";"Pista Sul";"Queda de moto";0;1;0;0;0;0;0;0;0;0;1;0;1;0;0
"03/07/2023";"08:20:00";"150";"Acidente s";"285";"BR-116/RJ";"Pista Sul";"Engavetamento";0;0;0;0;0;0;0;0;3;0;3;0;0;0;0
"03/07/2023";"08:33:00";"159";"Acidente s";"108.1";"BR-116/SP";"Pista Sul";"Engavetamento";0;1;0;0;0;0;0;0;6;1;10;0;0;0;0
"03/07/2023";"08:47:00";"167";"Acidente c";"109.6";"BR-116/SP";"Pista Sul";"Tombamento";1;0;0;0;0;0;0;0;0;0;1;0;1;0;0
"03/07/2023";"08:59:00";"173";"Acidente c";"145";"BR-116/SP";"Pista Sul";"Colisão traseira";0;0;0;0;0;0;0;0;0;2;0;1;0;0;0
"03/07/2023";"09:03:00";"174";"Acidente s";"109.6";"BR-116/SP";"Pista Sul";"Abalroamento longitudinal";1;1;0;0;0;0;0;0;0;0;2;0;0;0;0
"03/07/2023";"09:26:00";"190";"Acidente c";"217";"BR-116/SP";"Pista Sul";"Colisão traseira";0;1;0;0;0;0;0;0;1;0;1;1;0;0;0
"03/07/2023";"09:47:00";"201";"Acidente c";"124.45";"BR-116/SP";"Pista Norte";"Queda de moto";0;1;0;0;0;0;0;0;0;0;0;0;1;0;0
"03/07/2023";"02:39:00";"304";"Acidente c";"267.6";"BR-116/RJ";"Pista Sul";"Tombamento";1;0;0;0;0;0;0;0;0;0;0;0;0;1;0
"03/07/2023";"03:34:00";"327";"Acidente s";"228";"BR-116/SP";"Pista Sul";"Colisão traseira";0;0;0;0;0;0;1;0;1;0;2;0;0;0;0
"03/07/2023";"06:39:00";"400";"Acidente s";"221.35";"BR-116/SP";"Pista Norte";"Colisão traseira";1;0;0;0;0;0;0;0;1;0;3;0;0;0;0
"03/07/2023";"08:46:00";"440";"Acidente c";"292";"BR-116/RJ";"Pista Sul";"Colisão traseira";1;0;0;0;0;0;0;0;1;0;1;1;0;0;0
"03/07/2023";"09:16:00";"451";"Acidente c";"488";"BR-101/RJ";"Pista Sul";"Colisão traseira";1;0;0;0;0;0;0;0;1;0;1;2;0;0;0
"03/07/2023";"10:38:00";"486";"Acidente s";"228.7";"BR-116/SP";"Pista Norte";"Colisão traseira";0;0;0;0;0;0;0;0;1;1;3;0;0;0;0
"04/07/2023";"01:17:00";"34";"Acidente c";"60.85";"BR-116/SP";"Pista Sul";"Colisão traseira";0;0;0;0;0;0;1;0;1;1;16;1;0;0;0
"04/07/2023";"03:24:00";"63";"Acidente s";"100";"BR-116/SP";"Pista Sul";"Capotamento";0;0;0;0;0;1;0;0;0;0;1;0;0;0;0
"04/07/2023";"06:07:00";"87";"Acidente c";"207";"BR-116/SP";"Pista Sul";"Engavetamento";0;0;0;0;0;0;0;0;4;0;4;1;0;0;0
"04/07/2023";"07:33:00";"147";"Acidente s";"145.7";"BR-116/SP";"Pista Norte";"Colisão traseira";0;0;0;0;0;0;0;0;1;1;2;0;0;0;0
"04/07/2023";"08:37:00";"187";"Acidente c";"138.3";"BR-116/SP";"Pista Sul";"Colisão traseira";0;0;0;0;0;0;0;0;2;0;2;1;0;0;0
"04/07/2023";"09:28:00";"227";"Acidente c";"231";"BR-116/SP";"Pista Sul";"Engavetamento";1;0;0;0;0;0;0;0;3;0;5;1;0;0;0
"04/07/2023";"06:57:00";"507";"Acidente s";"285";"BR-116/RJ";"Pista Norte";"Colisão traseira";1;0;0;0;0;0;0;0;0;1;2;0;0;0;0
"04/07/2023";"07:11:00";"510";"Acidente s";"147.1";"BR-116/SP";"Pista Norte";"Colisão traseira";0;0;0;0;0;0;0;0;2;0;3;0;0;0;0
"04/07/2023";"08:42:00";"549";"Acidente s";"44.4";"BR-101/SP";"Pista Norte";"Choque em objeto fixo";0;0;0;0;0;0;0;0;1;0;2;0;0;0;0
"05/07/2023";"02:42:00";"45";"Acidente c";"59.6";"BR-116/SP";"Pista Sul";"Queda de moto";0;1;0;0;0;0;0;0;0;0;0;0;1;0;0
"05/07/2023";"05:56:00";"65";"Acidente s";"226.5";"BR-116/SP";"Pista Norte";"Colisão traseira";0;0;0;0;0;0;0;0;1;1;2;0;0;0;0
"05/07/2023";"07:13:00";"103";"Acidente s";"158.4";"BR-116/SP";"Pista Norte";"Engavetamento";1;0;0;0;0;0;0;0;2;0;3;0;0;0;0
"05/07/2023";"07:30:00";"116";"Acidente s";"52";"BR-116/SP";"Pista Sul";"Choque em barreira New Jersey";0;0;0;0;0;0;1;0;0;0;1;0;0;0;0
"05/07/2023";"08:18:00";"153";"Acidente c";"216.5";"BR-116/SP";"Pista Sul";"Queda de moto";0;1;0;0;0;0;0;0;0;0;0;1;0;0;0
"05/07/2023";"09:12:00";"188";"Acidente s";"279.4";"BR-116/RJ";"Pista Sul";"Choque em barreira New Jersey";0;0;0;0;0;0;0;0;1;0;1;0;0;0;0
"05/07/2023";"09:18:00";"192";"Acidente s";"222.7";"BR-116/SP";"Pista Sul";"Colisão traseira";0;0;0;0;0;0;0;0;2;0;2;0;0;0;0
"05/07/2023";"11:29:00";"275";"Acidente c";"58";"BR-116/SP";"Pista Norte";"Choque em objeto na pista";0;1;0;0;0;0;0;0;0;0;1;0;0;1;0
"05/07/2023";"12:07:00";"295";"Acidente c";"143.1";"BR-116/SP";"Pista Norte";"Colisão traseira";0;1;0;0;0;0;0;0;1;0;1;0;1;0;0
"05/07/2023";"01:23:00";"332";"Acidente c";"314.85";"BR-116/RJ";"Pista Norte";"Capotamento";0;0;0;0;0;0;0;0;1;0;0;0;1;0;0
"05/07/2023";"03:20:00";"389";"Acidente s";"160.2";"BR-116/SP";"Pista Norte";"Engavetamento";0;0;0;0;0;0;0;0;2;1;4;0;0;0;0
"05/07/2023";"05:22:00";"448";"Acidente c";"226.8";"BR-116/SP";"Pista Norte";"Engavetamento";0;2;0;0;0;0;0;0;1;0;2;0;1;0;0
"05/07/2023";"06:08:00";"477";"Acidente s";"402";"BR-101/RJ";"Pista Sul";"Choque em barreira New Jersey";0;0;0;0;0;0;0;0;1;0;1;0;0;0;0
"05/07/2023";"06:49:00";"504";"Acidente c";"149";"BR-116/SP";"Pista Sul";"Engavetamento";0;0;0;0;0;0;0;0;4;0;4;1;0;0;0
"05/07/2023";"07:06:00";"513";"Acidente s";"219";"BR-116/SP";"Pista Norte";"Abalroamento longitudinal";0;1;0;0;0;0;0;0;1;0;2;0;0;0;0
"05/07/2023";"09:39:00";"562";"Acidente c";"223.4";"BR-116/SP";"Pista Norte";"Queda de moto";0;1;0;0;0;0;0;0;0;0;0;1;0;0;0
"06/07/2023";"02:03:00";"35";"Acidente c";"232.8";"BR-116/RJ";"Pista Sul";"Colisão traseira";2;0;0;0;0;0;0;0;0;0;1;0;1;0;0
"06/07/2023";"04:46:00";"63";"Atropelame";"24.9";"BR-116/SP";"Pista Norte";"Atropelamento de pedestre caminhando";0;0;0;0;0;0;0;0;0;1;1;0;0;0;1
"06/07/2023";"06:13:00";"78";"Acidente s";"155.9";"BR-116/SP";"Pista Norte";"Choque em objeto fixo";0;0;0;0;0;0;0;0;1;0;1;0;0;0;0
"06/07/2023";"08:44:00";"166";"Acidente s";"215";"BR-116/SP";"Pista Sul";"Colisão traseira";2;0;0;0;0;0;0;0;0;0;3;0;0;0;0
"06/07/2023";"08:57:00";"169";"Acidente c";"224.2";"BR-116/SP";"Pista Norte";"Abalroamento longitudinal";0;1;0;0;0;0;0;0;1;0;1;1;0;0;0
"06/07/2023";"09:09:00";"174";"Atropelame";"383";"BR-101/RJ";"Pista Norte";"Atropelamento de pedestre caminhando";0;0;0;0;0;0;0;0;1;0;1;1;0;0;0
"06/07/2023";"09:28:00";"186";"Acidente c";"158.3";"BR-116/SP";"Pista Norte";"Engavetamento";0;0;0;0;0;0;0;0;4;0;6;1;0;0;0
"06/07/2023";"10:53:00";"228";"Acidente c";"220";"BR-116/SP";"Pista Sul";"Queda de moto";0;1;0;0;0;0;0;0;1;0;2;1;0;0;0
"06/07/2023";"12:05:00";"268";"Acidente s";"197";"BR-116/SP";"Pista Norte";"Colisão traseira";1;0;0;0;0;0;0;0;1;0;2;0;0;0;0
"06/07/2023";"12:52:00";"291";"Acidente s";"317.2";"BR-116/RJ";"Pista Norte";"Queda de moto";1;1;0;0;0;0;0;0;0;0;1;0;0;0;0
"06/07/2023";"01:10:00";"296";"Acidente s";"182.3";"BR-116/SP";"Pista Norte";"Colisão traseira";0;0;0;0;0;0;0;0;2;0;1;0;0;0;0
"06/07/2023";"03:29:00";"353";"Acidente s";"212.5";"BR-116/SP";"Pista Sul";"Choque em defensa";0;0;0;0;0;0;0;0;1;1;3;0;0;0;0
"06/07/2023";"03:52:00";"364";"Acidente s";"278.8";"BR-116/RJ";"Pista Norte";"Choque em barreira New Jersey";0;0;0;0;0;0;0;0;1;0;1;0;0;0;0
"06/07/2023";"05:59:00";"429";"Acidente c";"223";"BR-116/SP";"Pista Sul";"Colisão traseira";0;1;0;0;0;0;0;0;1;0;1;1;0;0;0
"06/07/2023";"06:55:00";"463";"Acidente c";"53";"BR-116/SP";"Pista Norte";"Atropelamento de animal";0;1;0;0;0;0;0;0;0;0;0;1;0;0;0
"06/07/2023";"08:13:00";"491";"Acidente c";"296.5";"BR-116/RJ";"Pista Norte";"Colisão traseira";0;0;0;0;0;1;0;0;1;0;1;1;0;0;0
"06/07/2023";"10:14:00";"532";"Acidente s";"312.6";"BR-116/RJ";"Pista Sul";"Choque em objeto fixo";0;0;0;0;0;0;0;0;1;0;2;0;0;0;0
"06/07/2023";"11:16:00";"547";"Acidente s";"96";"BR-116/SP";"Pista Norte";"Colisão traseira";2;0;0;0;0;0;0;0;1;0;3;0;0;0;0
"07/07/2023";"01:26:00";"27";"Acidente c";"63.5";"BR-116/SP";"Pista Norte";"Choque em objeto fixo";0;0;0;0;0;0;0;0;1;0;0;1;0;0;0
"07/07/2023";"01:56:00";"34";"Acidente c";"156.2";"BR-116/SP";"Pista Sul";"Capotamento";0;0;0;0;0;0;0;0;1;0;0;0;0;1;0
"07/07/2023";"05:42:00";"64";"Acidente s";"138.2";"BR-116/SP";"Pista Norte";"Choque em objeto fixo";0;0;0;0;0;0;0;0;1;0;1;0;0;0;0
"07/07/2023";"07:11:00";"114";"Acidente c";"145";"BR-116/SP";"Pista Norte";"Colisão traseira";1;0;0;0;0;0;0;0;2;0;4;0;1;0;0
"07/07/2023";"07:27:00";"130";"Acidente c";"220.2";"BR-116/SP";"Pista Sul";"Abalroamento longitudinal";0;1;0;0;0;0;1;0;0;0;1;1;0;0;0
"07/07/2023";"09:27:00";"203";"Acidente c";"116.1";"BR-116/SP";"Pista Norte";"Engavetamento";1;1;0;0;0;0;0;0;1;0;0;0;2;0;0
"07/07/2023";"10:14:00";"238";"Acidente c";"258.5";"BR-116/RJ";"Pista Norte";"Choque em objeto fixo";1;0;0;0;0;0;0;0;0;0;1;1;0;0;0
"07/07/2023";"10:29:00";"248";"Acidente c";"258.7";"BR-116/RJ";"Pista Norte";"Colisão traseira";0;0;0;0;0;0;0;0;2;0;2;0;1;0;0
"07/07/2023";"11:17:00";"286";"Acidente s";"227.5";"BR-116/RJ";"Pista Norte";"Choque em barreira New Jersey";0;0;0;0;0;0;0;0;1;0;1;0;0;0;0
"07/07/2023";"11:22:00";"289";"Acidente c";"220";"BR-116/SP";"Pista Sul";"Colisão traseira";0;1;0;0;0;0;0;0;1;0;1;1;0;0;0
"07/07/2023";"12:11:00";"300";"Acidente c";"218.5";"BR-116/SP";"Pista Sul";"Queda de moto";0;1;0;0;0;0;0;0;1;0;1;2;0;0;0
"07/07/2023";"12:13:00";"302";"Acidente c";"471.2";"BR-101/RJ";"Pista Norte";"Abalroamento longitudinal";0;0;0;0;0;0;0;0;2;0;0;1;1;0;0
"07/07/2023";"12:34:00";"313";"Acidente s";"101";"BR-116/SP";"Pista Norte";"Engavetamento";0;0;0;0;0;0;0;0;6;0;6;0;0;0;0
"07/07/2023";"12:36:00";"315";"Acidente s";"321";"BR-116/RJ";"Pista Sul";"Colisão traseira";0;0;0;0;0;0;0;0;2;0;0;0;0;0;0
"07/07/2023";"04:07:00";"416";"Acidente c";"224.3";"BR-116/SP";"Pista Norte";"Engavetamento";0;1;0;0;0;0;0;0;2;0;2;1;0;0;0
"07/07/2023";"04:24:00";"425";"Acidente s";"86.95";"BR-116/SP";"Pista Sul";"Abalroamento longitudinal";1;0;0;0;0;0;0;0;1;0;0;0;0;0;0
"07/07/2023";"04:29:00";"431";"Acidente s";"32";"BR-116/SP";"Pista Sul";"Choque em objeto na pista";1;0;0;0;0;0;0;0;1;0;4;0;0;0;0
"07/07/2023";"04:48:00";"435";"Acidente s";"23";"BR-116/SP";"Pista Norte";"Capotamento";0;0;0;0;0;0;0;0;1;1;3;0;0;0;0
"07/07/2023";"04:51:00";"436";"Acidente s";"469.8";"BR-101/RJ";"Pista Norte";"Colisão traseira";0;1;0;0;0;0;0;0;1;0;4;0;0;0;0
"07/07/2023";"07:53:00";"542";"Acidente s";"229.5";"BR-116/SP";"Pista Norte";"Engavetamento";0;0;0;0;0;0;0;0;4;0;8;0;0;0;0
"07/07/2023";"07:56:00";"543";"Acidente s";"229.5";"BR-116/SP";"Pista Norte";"Colisão traseira";0;0;0;0;0;0;0;0;1;1;2;0;0;0;0
"07/07/2023";"08:16:00";"555";"Acidente s";"135.1";"BR-116/SP";"Pista Norte";"Colisão traseira";0;0;0;0;0;0;1;0;1;0;7;0;0;0;0
"07/07/2023";"08:17:00";"556";"Acidente c";"134";"BR-116/SP";"Pista Norte";"Capotamento";0;0;0;0;0;0;0;0;1;0;0;0;1;0;0
"07/07/2023";"09:03:00";"578";"Acidente s";"477";"BR-101/RJ";"Pista Sul";"Choque em objeto fixo";0;0;0;0;0;0;0;0;1;0;1;0;0;0;0
"07/07/2023";"11:20:00";"634";"Acidente s";"14.1";"BR-116/SP";"Pista Sul";"Choque em objeto na pista";0;0;0;0;0;0;0;0;1;0;1;0;0;0;0
"07/07/2023";"11:22:00";"637";"Acidente s";"51";"BR-116/SP";"Pista Sul";"Choque em objeto fixo";0;0;0;0;0;0;0;0;1;0;1;0;0;0;0
"07/07/2023";"11:42:00";"641";"Acidente s";"14.9";"BR-116/SP";"Pista Sul";"Choque em objeto fixo";1;0;0;0;0;0;0;0;0;0;1;0;0;0;0
"08/07/2023";"12:10:00";"14";"Acidente s";"199";"BR-116/SP";"Pista Sul";"Colisão traseira";1;0;0;0;0;0;0;0;1;0;5;0;0;0;0
"08/07/2023";"01:22:00";"25";"Acidente s";"230.4";"BR-116/SP";"Pista Norte";"Choque em defensa";0;0;0;0;0;0;0;0;1;0;1;0;0;0;0
"08/07/2023";"06:19:00";"85";"Acidente c";"205.6";"BR-116/SP";"Pista Sul";"Abalroamento longitudinal";0;0;0;0;0;0;0;0;2;2;3;1;0;0;0
"08/07/2023";"06:21:00";"86";"Acidente c";"406";"BR-101/RJ";"Pista Sul";"Colisão frontal";0;1;0;0;0;0;0;0;1;0;5;1;0;0;0
"08/07/2023";"07:54:00";"137";"Acidente s";"112.2";"BR-116/SP";"Pista Norte";"Engavetamento";2;0;0;0;0;0;0;0;0;1;0;0;0;0;0
"08/07/2023";"07:58:00";"139";"Acidente s";"221.3";"BR-116/SP";"Pista Sul";"Colisão traseira";0;1;0;0;0;0;0;0;1;0;2;0;0;0;0
"08/07/2023";"08:06:00";"152";"Acidente s";"117.2";"BR-116/SP";"Pista Norte";"Colisão traseira";0;0;0;0;0;0;0;0;2;0;0;0;0;0;0
"08/07/2023";"08:31:00";"163";"Acidente s";"135.7";"BR-116/SP";"Pista Norte";"Engavetamento";0;0;0;0;0;0;0;0;4;0;14;0;0;0;0
"08/07/2023";"08:36:00";"167";"Acidente c";"130";"BR-116/SP";"Pista Norte";"Colisão traseira";0;0;0;0;0;0;0;0;2;0;6;1;0;0;0
"08/07/2023";"11:04:00";"247";"Acidente c";"188.1";"BR-116/SP";"Pista Norte";"Capotamento";0;0;0;0;0;1;0;0;0;1;2;0;1;0;0
"08/07/2023";"11:27:00";"256";"Acidente s";"130";"BR-116/SP";"Pista Norte";"Colisão traseira";0;0;0;0;0;0;0;0;2;0;2;0;0;0;0
"08/07/2023";"11:29:00";"257";"Acidente s";"1.5";"BR-101/SP";"Pista Sul";"Abalroamento longitudinal";0;0;0;0;0;1;0;0;1;0;3;0;0;0;0
"08/07/2023";"11:39:00";"268";"Acidente c";"90";"BR-116/SP";"Pista Sul";"Queda de moto";0;1;0;0;0;0;0;0;0;0;1;0;1;0;0
"08/07/2023";"12:03:00";"279";"Acidente c";"129.1";"BR-116/SP";"Pista Sul";"Colisão traseira";0;0;0;0;0;1;0;0;1;0;1;1;0;0;0
"08/07/2023";"12:16:00";"286";"Acidente s";"221.95";"BR-116/SP";"Pista Sul";"Engavetamento";1;0;0;0;0;0;0;0;1;1;3;0;0;0;0
"08/07/2023";"12:16:00";"285";"Acidente c";"280";"BR-116/RJ";"Pista Sul";"Choque em barreira New Jersey";1;0;0;0;0;0;0;0;0;0;0;2;0;0;0
"08/07/2023";"12:24:00";"291";"Acidente s";"190.6";"BR-116/SP";"Pista Norte";"Engavetamento";0;0;0;0;0;0;0;0;3;0;8;0;0;0;0
"08/07/2023";"01:19:00";"314";"Acidente c";"157.8";"BR-116/SP";"Pista Sul";"Queda de moto";0;1;0;0;0;0;0;0;0;0;0;2;0;0;0
"08/07/2023";"01:40:00";"321";"Acidente c";"217";"BR-116/SP";"Pista Sul";"Colisão traseira";0;1;0;0;0;0;0;0;1;0;3;1;0;0;0
"08/07/2023";"02:00:00";"335";"Acidente c";"155.75";"BR-116/SP";"Pista Norte";"Choque em objeto fixo";0;0;0;0;0;1;0;0;0;0;0;2;0;0;0
"08/07/2023";"02:20:00";"345";"Acidente c";"211";"BR-116/SP";"Pista Norte";"Abalroamento longitudinal";0;1;0;0;0;0;0;0;1;0;2;1;0;0;0
"08/07/2023";"03:07:00";"370";"Acidente c";"39";"BR-101/SP";"Pista Sul";"Queda de moto";0;1;0;0;0;0;0;0;0;0;0;1;0;1;0
"08/07/2023";"03:23:00";"379";"Acidente s";"100.9";"BR-116/SP";"Pista Sul";"Colisão traseira";0;0;0;0;0;0;0;0;2;0;0;0;0;0;0
"08/07/2023";"03:35:00";"385";"Acidente s";"182.1";"BR-116/SP";"Pista Norte";"Choque em objeto fixo";0;0;0;0;0;0;0;0;1;0;3;0;0;0;0
"08/07/2023";"04:23:00";"409";"Acidente s";"95.8";"BR-116/SP";"Pista Sul";"Choque em defensa";0;0;0;0;0;0;1;0;0;0;0;0;0;0;0
"08/07/2023";"04:32:00";"416";"Acidente s";"165";"BR-116/SP";"Pista Sul";"Capotamento";0;0;0;0;0;0;0;0;1;0;4;0;0;0;0
"08/07/2023";"07:18:00";"500";"Acidente s";"405";"BR-101/RJ";"Pista Sul";"Queda de ribanceira";0;0;0;0;0;0;0;0;1;0;1;0;0;0;0
"08/07/2023";"07:41:00";"512";"Acidente s";"154.4";"BR-116/SP";"Pista Sul";"Colisão traseira";0;0;0;0;0;0;0;0;1;1;2;0;0;0;0
"08/07/2023";"08:22:00";"529";"Acidente s";"105.8";"BR-116/SP";"Pista Sul";"Choque em barreira New Jersey";0;0;0;0;0;0;0;0;1;0;1;0;0;0;0