data;horario;n_da_ocorrencia;tipo_de_ocorrencia;km;trecho;sentido;tipo_de_acidente;automovel;bicicleta;caminhao;moto;onibus;outros;tracao_animal;transporte_de_cargas_especiais;trator_maquinas;utilitarios;ilesos;levemente_feridos;moderadamente_feridos;gravemente_feridos;mortos
"29/07/2023";"06:46:00";"84";"Acidente s";"3";"BR-101/SP";"Pista Sul";"Choque em objeto fixo";0;0;0;0;0;0;0;0;1;0;1;0;0;0;0
"29/07/2023";"07:31:00";"112";"Acidente s";"546.4";"BR-101/RJ";"Pista Sul";"Choque em objeto fixo";0;0;0;0;0;0;0;0;1;0;2;0;0;0;0
"29/07/2023";"07:44:00";"117";"Acidente s";"429";"BR-101/RJ";"Pista Norte";"Choque em objeto fixo";0;0;0;0;0;0;0;0;1;0;1;0;0;0;0
"29/07/2023";"09:04:00";"153";"Acidente s";"152.9";"BR-116/SP";"Pista Norte";"Choque em objeto fixo";0;0;0;0;0;0;0;0;1;0;1;0;0;0;0
"29/07/2023";"10:32:00";"192";"Acidente s";"226";"BR-116/RJ";"Pista Sul";"Choque em barreira New Jersey";0;0;0;0;0;0;0;0;1;0;0;0;0;0;0
"29/07/2023";"10:34:00";"193";"Acidente s";"232.9";"BR-116/RJ";"Pista Norte";"Choque em objeto fixo";0;0;0;0;0;0;0;0;1;0;1;0;0;0;0
"29/07/2023";"10:42:00";"197";"Acidente s";"232.4";"BR-116/RJ";"Pista Norte";"Choque em barreira New Jersey";0;0;0;0;0;0;0;0;1;0;0;0;0;0;0
"29/07/2023";"10:58:00";"203";"Acidente s";"429";"BR-101/RJ";"Pista Norte";"Choque em objeto fixo";0;0;0;0;0;0;0;0;1;0;0;0;0;0;0
"29/07/2023";"11:01:00";"205";"Acidente s";"246";"BR-116/RJ";"Pista Norte";"Choque em defensa";0;0;0;0;0;0;0;0;1;0;0;0;0;0;0
"29/07/2023";"11:07:00";"206";"Acidente s";"203";"BR-116/SP";"Pista Norte";"Colisão traseira";0;0;0;0;0;0;0;0;2;0;0;0;0;0;0
"29/07/2023";"11:41:00";"220";"Acidente s";"401";"BR-101/RJ";"Pista Sul";"Queda de ribanceira";0;0;0;0;0;0;0;0;1;0;1;0;0;0;0
"29/07/2023";"11:52:00";"225";"Acidente s";"254";"BR-116/RJ";"Pista Norte";"Choque em barreira New Jersey";0;0;0;0;0;0;0;0;1;0;0;0;0;0;0
"29/07/2023";"12:11:00";"231";"Acidente s";"555";"BR-101/RJ";"Pista Sul";"Capotamento";0;0;0;0;0;0;0;0;1;0;0;0;0;0;0
"29/07/2023";"12:31:00";"239";"Acidente s";"233.1";"BR-116/RJ";"Pista Norte";"Choque em barreira New Jersey";0;0;0;0;0;0;0;0;1;0;0;0;0;0;0
"29/07/2023";"12:42:00";"241";"Acidente c";"228.1";"BR-116/SP";"Pista Sul";"Colisão traseira";0;1;0;0;0;0;0;0;1;0;1;0;1;0;0
"29/07/2023";"12:54:00";"245";"Acidente s";"430";"BR-101/RJ";"Pista Norte";"Choque em defensa";0;0;0;0;0;0;0;0;1;0;0;0;0;0;0
"29/07/2023";"01:12:00";"254";"Acidente c";"230.9";"BR-116/RJ";"Pista Norte";"Abalroamento longitudinal";2;0;0;0;0;0;0;0;0;0;0;0;0;1;0
"29/07/2023";"02:18:00";"273";"Acidente s";"459";"BR-101/RJ";"Pista Norte";"Choque em objeto fixo";1;0;0;0;0;0;0;0;0;0;0;0;0;0;0
"29/07/2023";"02:29:00";"279";"Acidente s";"236";"BR-116/RJ";"Pista Norte";"Colisão traseira";0;0;0;0;0;0;0;0;2;0;0;0;0;0;0
"29/07/2023";"03:05:00";"299";"Acidente c";"34";"BR-116/SP";"Pista Norte";"Choque em defensa";0;0;0;0;0;0;0;0;1;0;0;4;0;0;0
"29/07/2023";"04:15:00";"329";"Acidente c";"212";"BR-116/SP";"Pista Sul";"Outros";0;0;0;0;0;0;0;0;1;0;0;1;0;0;0
"29/07/2023";"04:18:00";"330";"Acidente s";"204.5";"BR-116/SP";"Pista Norte";"Queda de moto";0;1;0;0;0;0;0;0;1;0;4;0;0;0;0
"29/07/2023";"04:49:00";"347";"Acidente s";"518";"BR-101/RJ";"Pista Norte";"Choque em objeto fixo";0;0;0;0;0;0;0;0;1;0;1;0;0;0;0
"29/07/2023";"05:08:00";"354";"Acidente s";"107.5";"BR-116/SP";"Pista Sul";"Engavetamento";0;0;0;0;0;0;0;0;3;0;7;0;0;0;0
"29/07/2023";"05:22:00";"366";"Acidente s";"482";"BR-101/RJ";"Pista Norte";"Abalroamento longitudinal";0;0;0;0;0;0;0;0;2;0;2;0;0;0;0
"29/07/2023";"07:29:00";"407";"Acidente s";"491";"BR-101/RJ";"Pista Sul";"Choque em objeto fixo";0;0;0;0;0;0;0;0;1;0;2;0;0;0;0
"29/07/2023";"09:07:00";"438";"Acidente c";"38";"BR-116/SP";"Pista Norte";"Capotamento";1;0;0;0;0;0;0;0;3;0;3;1;2;0;0
"29/07/2023";"09:34:00";"449";"Acidente s";"435";"BR-101/RJ";"Pista Sul";"Choque em objeto fixo";0;0;0;0;0;0;0;0;1;0;1;0;0;0;0
"29/07/2023";"09:43:00";"450";"Acidente c";"135";"BR-116/SP";"Pista Norte";"Colisão frontal";0;1;0;0;0;0;0;0;1;2;3;0;0;1;0
"29/07/2023";"09:55:00";"454";"Atropelame";"150.83";"BR-116/SP";"Pista Sul";"Atropelamento de pedestre atravessando";0;0;0;0;0;0;0;0;1;0;1;0;0;0;1
"29/07/2023";"10:13:00";"456";"Acidente s";"225";"BR-116/SP";"Pista Norte";"Choque em barreira New Jersey";0;0;0;0;0;0;0;0;1;0;4;0;0;0;0
"29/07/2023";"11:57:00";"476";"Acidente s";"213";"BR-116/SP";"Pista Sul";"Choque em barreira New Jersey";0;0;0;0;0;0;0;0;1;0;3;0;0;0;0
"30/07/2023";"12:07:00";"17";"Acidente s";"522.3";"BR-101/RJ";"Pista Sul";"Capotamento";0;0;0;0;0;0;0;0;1;0;1;0;0;0;0
"30/07/2023";"12:29:00";"24";"Acidente s";"221.5";"BR-116/SP";"Pista Sul";"Choque em barreira New Jersey";0;0;0;0;0;0;0;0;1;0;1;0;0;0;0
"30/07/2023";"12:36:00";"26";"Acidente c";"232.3";"BR-116/RJ";"Pista Norte";"Choque em barreira New Jersey";0;0;0;0;0;0;0;0;1;0;1;1;0;0;0
"30/07/2023";"12:44:00";"28";"Acidente s";"217.8";"BR-116/SP";"Pista Sul";"Capotamento";0;0;0;0;0;0;0;0;1;0;1;0;0;0;0
"30/07/2023";"01:26:00";"36";"Acidente s";"494";"BR-101/RJ";"Pista Norte";"Choque em objeto fixo";0;0;0;0;0;0;0;0;1;0;1;0;0;0;0
"30/07/2023";"04:11:00";"49";"Acidente s";"15.6";"BR-116/SP";"Pista Norte";"Choque em objeto fixo";0;0;0;0;0;0;0;0;2;0;2;0;0;0;0
"30/07/2023";"06:22:00";"64";"Acidente s";"222";"BR-116/SP";"Pista Norte";"Capotamento";0;0;0;0;0;0;0;0;2;0;3;0;0;0;0
"30/07/2023";"06:44:00";"72";"Acidente s";"551.5";"BR-101/RJ";"Pista Sul";"Choque em objeto fixo";0;0;0;0;0;0;0;0;1;0;2;0;0;0;0
"30/07/2023";"08:27:00";"110";"Acidente s";"132.8";"BR-116/SP";"Pista Norte";"Colisão traseira";0;0;0;0;0;0;0;0;2;0;1;0;0;0;0
"30/07/2023";"08:39:00";"112";"Acidente c";"225.9";"BR-116/SP";"Pista Norte";"Queda de moto";0;1;0;0;0;0;0;0;0;0;0;2;0;0;0
"30/07/2023";"08:46:00";"114";"Acidente s";"119.1";"BR-116/SP";"Pista Norte";"Colisão traseira";0;0;0;0;0;0;0;0;2;0;6;0;0;0;0
"30/07/2023";"11:13:00";"166";"Acidente c";"489";"BR-101/RJ";"Pista Norte";"Colisão frontal";0;0;0;0;0;0;0;0;3;0;0;0;0;5;0
"30/07/2023";"11:26:00";"169";"Acidente c";"65";"BR-116/SP";"Pista Sul";"Colisão traseira";1;1;0;0;0;0;0;0;0;0;1;0;1;0;0
"30/07/2023";"11:43:00";"178";"Acidente c";"132.9";"BR-116/SP";"Pista Norte";"Capotamento";1;0;0;0;0;0;0;0;1;0;3;0;1;0;0
"30/07/2023";"02:35:00";"248";"Acidente s";"106.1";"BR-116/SP";"Pista Sul";"Colisão traseira";0;0;0;0;0;0;0;0;2;0;0;0;0;0;0
"30/07/2023";"03:16:00";"261";"Acidente c";"504";"BR-101/RJ";"Pista Sul";"Colisão traseira";0;1;0;0;0;0;0;0;1;0;1;0;1;0;0
"30/07/2023";"03:21:00";"264";"Acidente s";"301.9";"BR-116/RJ";"Pista Norte";"Colisão traseira";0;0;0;0;0;0;0;0;2;0;0;0;0;0;0
"30/07/2023";"03:33:00";"273";"Acidente s";"155.3";"BR-116/SP";"Pista Sul";"Engavetamento";0;0;0;0;0;0;0;0;3;1;4;0;0;0;0
"30/07/2023";"04:05:00";"285";"Acidente s";"395";"BR-101/RJ";"Pista Norte";"Colisão traseira";0;0;0;0;0;0;0;0;2;0;2;0;0;0;0
"30/07/2023";"04:43:00";"306";"Acidente s";"320";"BR-116/RJ";"Pista Sul";"Colisão traseira";1;0;0;0;0;0;0;0;1;0;0;0;0;0;0
"30/07/2023";"06:39:00";"361";"Acidente s";"61.5";"BR-116/SP";"Pista Norte";"Choque em objeto fixo";0;0;0;0;0;0;0;0;1;0;1;0;0;0;0
"30/07/2023";"06:41:00";"363";"Acidente s";"165.2";"BR-116/SP";"Pista Sul";"Colisão traseira";0;0;0;0;0;0;0;0;2;0;8;0;0;0;0
"30/07/2023";"07:32:00";"385";"Acidente s";"72";"BR-116/SP";"Pista Sul";"Colisão traseira";0;0;0;0;0;0;0;0;2;0;4;0;0;0;0
"30/07/2023";"07:38:00";"387";"Acidente c";"387";"BR-101/RJ";"Pista Sul";"Colisão traseira";0;1;0;0;0;0;0;0;0;1;1;1;0;0;0
"30/07/2023";"09:13:00";"419";"Acidente s";"281";"BR-116/RJ";"Pista Sul";"Choque em barreira New Jersey";0;0;0;0;0;0;0;0;1;0;1;0;0;0;0
"30/07/2023";"09:45:00";"429";"Acidente c";"169.3";"BR-116/SP";"Pista Sul";"Colisão traseira";0;0;0;0;0;0;0;0;1;1;1;1;1;0;0
"30/07/2023";"10:32:00";"440";"Acidente s";"142.1";"BR-116/SP";"Pista Sul";"Colisão traseira";0;0;0;0;0;0;0;0;2;0;2;0;0;0;0
"30/07/2023";"11:25:00";"451";"Acidente s";"485";"BR-101/RJ";"Pista Norte";"Abalroamento longitudinal";1;0;0;0;0;0;0;0;2;0;7;0;0;0;0
"31/07/2023";"04:10:00";"40";"Acidente c";"97.7";"BR-116/SP";"Pista Norte";"Capotamento";0;0;0;0;0;0;0;0;1;0;0;1;0;0;0
"31/07/2023";"05:41:00";"52";"Acidente c";"229.2";"BR-116/SP";"Pista Sul";"Engavetamento";0;2;0;0;0;0;0;0;2;0;2;2;0;0;0
"31/07/2023";"05:47:00";"56";"Acidente s";"272";"BR-116/RJ";"Pista Norte";"Choque em barreira New Jersey";0;0;0;0;0;0;0;0;1;0;2;0;0;0;0
"31/07/2023";"06:44:00";"76";"Acidente c";"506";"BR-101/RJ";"Pista Sul";"Colisão frontal";0;0;0;0;0;0;0;0;2;0;0;0;1;1;0
"31/07/2023";"06:52:00";"82";"Acidente s";"220.3";"BR-116/SP";"Pista Sul";"Colisão traseira";0;0;0;0;0;0;0;0;1;1;2;0;0;0;0
"31/07/2023";"07:05:00";"90";"Acidente c";"210";"BR-116/SP";"Pista Sul";"Queda de moto";0;1;0;0;0;0;0;0;1;0;1;0;1;0;0
"31/07/2023";"08:48:00";"162";"Acidente s";"68";"BR-116/SP";"Pista Sul";"Abalroamento longitudinal";1;0;0;0;0;0;0;0;1;0;0;0;0;0;0
"31/07/2023";"12:27:00";"286";"Acidente s";"171";"BR-116/SP";"Pista Norte";"Colisão traseira";1;0;0;0;0;0;0;0;0;2;3;0;0;0;0
"31/07/2023";"12:41:00";"292";"Acidente s";"550";"BR-101/RJ";"Pista Norte";"Choque em objeto fixo";0;0;0;0;0;0;0;0;1;0;1;0;0;0;0
"31/07/2023";"01:39:00";"317";"Acidente s";"516";"BR-101/RJ";"Pista Norte";"Choque em objeto na pista";1;0;0;0;0;0;0;0;1;0;2;0;0;0;0
"31/07/2023";"03:52:00";"365";"Acidente s";"229.9";"BR-116/SP";"Pista Norte";"Capotamento";1;0;0;0;0;0;0;0;1;0;2;0;0;0;0
"31/07/2023";"05:09:00";"399";"Acidente s";"206.1";"BR-116/SP";"Pista Sul";"Colisão traseira";1;0;0;0;0;0;0;0;1;0;2;0;0;0;0
"31/07/2023";"06:00:00";"423";"Acidente s";"205.2";"BR-116/SP";"Pista Sul";"Engavetamento";0;0;0;0;0;0;0;0;2;1;6;0;0;0;0
"31/07/2023";"07:34:00";"465";"Acidente c";"506";"BR-101/RJ";"Pista Sul";"Colisão traseira";0;1;0;0;0;0;0;0;1;0;3;0;1;0;0
"31/07/2023";"08:00:00";"479";"Acidente c";"553";"BR-101/RJ";"Pista Norte";"Colisão traseira";0;1;0;0;0;0;0;0;1;0;1;2;0;0;0
"01/08/2023";"01:32:00";"23";"Acidente s";"269.4";"BR-116/RJ";"Pista Norte";"Choque em barreira New Jersey";0;0;0;0;0;0;0;0;1;0;4;0;0;0;0
"01/08/2023";"02:19:00";"30";"Atropelame";"160.6";"BR-116/SP";"Pista Norte";"Atropelamento de pedestre atravessando";0;0;1;0;0;0;0;0;1;1;3;0;1;0;0
"01/08/2023";"06:18:00";"66";"Atropelame";"43.5";"BR-101/SP";"Pista Norte";"Atropelamento de pedestre atravessando";0;0;0;0;0;0;0;0;0;1;1;1;0;0;0
"01/08/2023";"07:47:00";"127";"Acidente c";"138.35";"BR-116/SP";"Pista Sul";"Abalroamento longitudinal";0;1;0;0;0;0;0;0;1;0;3;1;0;0;0
"01/08/2023";"08:23:00";"166";"Acidente s";"111.7";"BR-116/SP";"Pista Norte";"Choque em objeto fixo";0;0;0;0;0;0;0;0;1;0;1;0;0;0;0
"01/08/2023";"08:42:00";"177";"Acidente c";"429";"BR-101/RJ";"Pista Sul";"Abalroamento longitudinal";0;1;0;0;0;0;0;0;1;0;1;1;0;0;0
"01/08/2023";"10:13:00";"225";"Acidente s";"324.9";"BR-116/RJ";"Pista Sul";"Choque em objeto fixo";0;0;0;0;0;0;0;0;1;0;0;0;0;0;0
"01/08/2023";"11:52:00";"278";"Acidente s";"506";"BR-101/RJ";"Pista Sul";"Engavetamento";0;0;0;0;0;0;0;0;3;0;3;0;0;0;0
"01/08/2023";"12:10:00";"286";"Acidente c";"34";"BR-116/SP";"Pista Norte";"Choque em objeto fixo";0;0;0;0;0;0;0;0;1;0;1;0;0;1;0
"01/08/2023";"12:10:00";"285";"Acidente c";"257.9";"BR-116/RJ";"Pista Sul";"Choque em barreira New Jersey";0;0;0;0;0;0;0;0;1;0;0;0;1;0;0
"01/08/2023";"12:22:00";"291";"Atropelame";"485";"BR-101/RJ";"Pista Sul";"Atropelamento de pedestre atravessando";0;0;0;0;0;0;0;0;1;0;1;0;1;0;0
"01/08/2023";"02:18:00";"343";"Acidente c";"134";"BR-116/SP";"Pista Norte";"Abalroamento longitudinal";0;1;0;0;0;0;0;0;1;0;1;1;0;0;0
"01/08/2023";"03:26:00";"374";"Acidente s";"425";"BR-101/RJ";"Pista Sul";"Abalroamento longitudinal";0;0;0;0;0;1;0;0;1;0;2;0;0;0;0
"01/08/2023";"03:28:00";"375";"Acidente s";"58";"BR-116/SP";"Pista Norte";"Capotamento";0;0;0;0;0;0;0;0;1;0;0;0;0;0;0
"01/08/2023";"04:06:00";"389";"Acidente s";"216.9";"BR-116/SP";"Pista Sul";"Choque em barreira New Jersey";0;0;0;0;0;0;0;0;1;0;1;0;0;0;0
"01/08/2023";"06:33:00";"453";"Acidente s";"146.2";"BR-116/SP";"Pista Norte";"Engavetamento";0;0;0;0;0;0;0;0;2;1;3;0;0;0;0
"01/08/2023";"07:24:00";"481";"Acidente c";"386";"BR-101/RJ";"Pista Norte";"Abalroamento longitudinal";0;0;0;0;0;0;0;0;2;0;2;1;0;0;0
"01/08/2023";"09:47:00";"516";"Acidente s";"229.8";"BR-116/SP";"Pista Norte";"Atropelamento de pedestre caminhando";0;0;0;1;0;0;0;0;0;0;19;0;0;0;0
"01/08/2023";"09:52:00";"518";"Acidente c";"117.65";"BR-116/SP";"Pista Norte";"Choque em objeto fixo";0;0;0;0;0;0;0;0;1;0;0;1;0;0;0
"02/08/2023";"08:07:00";"140";"Acidente c";"331.8";"BR-116/RJ";"Pista Norte";"Abalroamento longitudinal";1;0;0;0;0;0;0;0;1;0;3;1;0;0;0
"02/08/2023";"08:24:00";"149";"Acidente c";"228";"BR-116/SP";"Pista Sul";"Abalroamento longitudinal";0;1;0;0;0;0;0;0;1;0;2;2;0;0;0
"02/08/2023";"08:26:00";"151";"Acidente c";"134.65";"BR-116/SP";"Pista Sul";"Engavetamento";2;0;0;0;0;0;0;0;1;0;2;1;0;0;0
"02/08/2023";"08:44:00";"166";"Acidente s";"81.4";"BR-116/SP";"Pista Sul";"Abalroamento longitudinal";0;0;0;0;0;0;0;0;1;1;2;0;0;0;0
"02/08/2023";"11:55:00";"277";"Acidente s";"276";"BR-116/RJ";"Pista Sul";"Colisão traseira";0;0;0;0;0;0;0;0;2;0;0;0;0;0;0
"02/08/2023";"11:58:00";"278";"Acidente c";"218";"BR-116/SP";"Pista Norte";"Engavetamento";3;0;0;0;0;0;0;0;1;1;4;1;0;0;0
"02/08/2023";"02:33:00";"353";"Acidente s";"43";"BR-101/SP";"Pista Sul";"Abalroamento longitudinal";0;0;0;0;0;0;0;0;2;0;2;0;0;0;0
"02/08/2023";"03:39:00";"388";"Acidente s";"8.6";"BR-116/SP";"Pista Sul";"Choque em barreira New Jersey";0;0;0;0;0;0;0;0;1;0;3;0;0;0;0
"02/08/2023";"03:41:00";"390";"Acidente c";"144.95";"BR-116/SP";"Pista Norte";"Colisão traseira";0;0;0;0;0;0;0;0;2;0;4;1;0;0;0
"02/08/2023";"07:01:00";"489";"Acidente c";"138.4";"BR-116/SP";"Pista Norte";"Colisão traseira";0;0;0;0;0;0;0;0;2;0;2;0;1;0;0
"02/08/2023";"07:23:00";"500";"Acidente s";"246.2";"BR-116/RJ";"Pista Norte";"Abalroamento longitudinal";0;0;0;0;0;0;0;0;1;1;1;0;0;0;0
"02/08/2023";"07:41:00";"506";"Acidente c";"410.5";"BR-101/RJ";"Pista Sul";"Atropelamento de animal";0;1;0;1;0;0;0;0;1;0;8;4;0;0;0
"02/08/2023";"08:00:00";"515";"Acidente c";"147.5";"BR-116/SP";"Pista Norte";"Queda de moto";0;1;0;0;0;0;0;0;0;0;0;1;0;0;0
"02/08/2023";"08:56:00";"531";"Acidente s";"266.6";"BR-116/RJ";"Pista Sul";"Colisão traseira";2;0;0;0;0;0;0;0;0;0;2;0;0;0;0
"02/08/2023";"09:26:00";"540";"Acidente s";"253.4";"BR-116/RJ";"Pista Norte";"Abalroamento longitudinal";1;0;0;0;0;0;0;0;0;1;1;0;0;0;0
"02/08/2023";"10:03:00";"555";"Acidente c";"97";"BR-116/SP";"Pista Norte";"Queda de moto";0;1;0;0;0;0;0;0;0;0;0;0;2;0;0
"02/08/2023";"10:09:00";"557";"Acidente s";"466.6";"BR-101/RJ";"Pista Sul";"Queda de moto";0;1;0;0;0;0;0;0;0;0;2;0;0;0;0
"02/08/2023";"10:41:00";"559";"Acidente s";"230.7";"BR-116/SP";"Pista Sul";"Colisão traseira";0;0;0;0;0;0;0;0;2;0;2;0;0;0;0
"03/08/2023";"02:17:00";"40";"Acidente c";"226.3";"BR-116/SP";"Pista Norte";"Engavetamento";0;0;0;1;0;0;0;0;2;0;2;0;1;0;0
"03/08/2023";"03:49:00";"47";"Acidente c";"111.5";"BR-116/SP";"Pista Sul";"Colisão traseira";1;0;0;0;0;0;0;0;1;0;1;1;0;0;0
"03/08/2023";"05:59:00";"62";"Acidente s";"225.5";"BR-116/SP";"Pista Sul";"Engavetamento";0;0;0;0;0;0;0;0;2;1;3;0;0;0;0
"03/08/2023";"06:37:00";"79";"Acidente c";"229.2";"BR-116/SP";"Pista Sul";"Engavetamento";0;0;0;0;0;0;0;0;3;0;7;1;0;0;0
"03/08/2023";"07:08:00";"109";"Acidente c";"526";"BR-101/RJ";"Pista Norte";"Queda de moto";0;1;0;0;0;0;0;0;0;0;0;1;0;0;0
"03/08/2023";"07:16:00";"116";"Acidente c";"215.2";"BR-116/SP";"Pista Sul";"Queda de moto";0;1;0;0;0;0;0;0;1;0;3;1;0;0;0
"03/08/2023";"07:21:00";"123";"Acidente s";"230.4";"BR-116/RJ";"Pista Norte";"Choque Talude";1;0;0;0;0;0;0;0;0;0;1;0;0;0;0
"03/08/2023";"07:29:00";"125";"Acidente s";"213.2";"BR-116/SP";"Pista Sul";"Engavetamento";0;0;0;0;0;0;1;0;3;0;4;0;0;0;0
"03/08/2023";"07:36:00";"132";"Acidente c";"110.5";"BR-116/SP";"Pista Sul";"Colisão traseira";0;1;0;0;0;0;0;0;1;0;1;0;1;0;0
"03/08/2023";"07:37:00";"133";"Acidente c";"227.1";"BR-116/SP";"Pista Sul";"Abalroamento longitudinal";0;1;0;0;0;0;0;0;1;0;3;1;0;0;0
"03/08/2023";"07:45:00";"138";"Acidente c";"110";"BR-116/SP";"Pista Sul";"Colisão traseira";0;1;0;0;0;0;0;0;0;1;1;1;0;0;0
"03/08/2023";"08:24:00";"153";"Atropelame";"47.3";"BR-101/SP";"Pista Sul";"Atropelamento de pedestre atravessando";0;1;0;0;0;0;0;0;0;0;1;0;1;0;0
"03/08/2023";"09:17:00";"178";"Acidente s";"86.95";"BR-116/SP";"Pista Norte";"Colisão traseira";0;0;0;0;0;0;0;0;1;1;2;0;0;0;0
"03/08/2023";"11:54:00";"254";"Acidente s";"132.8";"BR-116/SP";"Pista Sul";"Abalroamento longitudinal";0;0;0;0;0;0;0;0;2;1;3;0;0;0;0
"03/08/2023";"02:22:00";"318";"Acidente c";"67";"BR-116/SP";"Pista Norte";"Queda de moto";0;1;0;0;0;0;0;0;0;0;0;0;1;0;0
"03/08/2023";"03:33:00";"346";"Acidente s";"218.2";"BR-116/SP";"Pista Sul";"Engavetamento";0;0;0;0;0;0;0;0;3;1;4;0;0;0;0
"03/08/2023";"04:32:00";"373";"Acidente s";"227.2";"BR-116/SP";"Pista Sul";"Tombamento";1;0;0;0;0;0;0;0;0;0;1;0;0;0;0
"03/08/2023";"05:23:00";"394";"Acidente c";"51.8";"BR-101/SP";"Pista Norte";"Engavetamento";0;0;0;0;0;0;0;0;4;0;5;0;1;0;0
"03/08/2023";"06:05:00";"420";"Acidente s";"104";"BR-116/SP";"Pista Norte";"Colisão traseira";1;0;0;1;0;0;0;0;0;0;11;0;0;0;0
"03/08/2023";"06:46:00";"435";"Acidente s";"211.5";"BR-116/SP";"Pista Norte";"Colisão traseira";1;0;0;0;0;0;0;0;1;1;3;0;0;0;0
"03/08/2023";"06:55:00";"437";"Acidente c";"221.5";"BR-116/SP";"Pista Sul";"Abalroamento longitudinal";0;1;0;0;0;0;0;0;1;0;1;2;0;0;0
"03/08/2023";"07:19:00";"451";"Acidente s";"228.5";"BR-116/SP";"Pista Norte";"Engavetamento";0;0;0;0;0;0;0;0;3;0;3;0;0;0;0
"03/08/2023";"09:17:00";"492";"Acidente s";"161.5";"BR-116/SP";"Pista Norte";"Colisão traseira";0;0;0;0;0;0;0;0;1;1;2;0;0;0;0
"03/08/2023";"11:04:00";"518";"Acidente s";"68.7";"BR-116/SP";"Pista Norte";"Colisão traseira";0;0;0;0;0;0;0;0;1;1;3;0;0;0;0
"04/08/2023";"02:54:00";"37";"Acidente c";"220.4";"BR-116/RJ";"Pista Norte";"Tombamento";1;0;0;0;0;0;0;0;0;0;0;0;1;0;0
"04/08/2023";"03:28:00";"41";"Acidente s";"86.4";"BR-116/SP";"Pista Sul";"Choque em defensa";1;0;0;0;0;0;0;0;0;0;1;0;0;0;0
"04/08/2023";"06:12:00";"68";"Acidente c";"161";"BR-116/SP";"Pista Norte";"Abalroamento longitudinal";0;1;1;0;0;0;0;0;0;0;0;1;1;0;0
"04/08/2023";"06:53:00";"87";"Acidente c";"227.4";"BR-116/SP";"Pista Sul";"Colisão traseira";0;1;0;0;0;0;0;0;1;1;2;1;0;0;0
"04/08/2023";"07:32:00";"111";"Acidente s";"211";"BR-116/SP";"Pista Norte";"Colisão traseira";1;0;0;0;0;0;0;0;1;0;2;0;0;0;0
"04/08/2023";"08:09:00";"133";"Acidente s";"109.2";"BR-116/SP";"Pista Sul";"Colisão traseira";0;0;0;0;0;0;0;0;1;1;2;0;0;0;0
"04/08/2023";"08:30:00";"148";"Acidente s";"210";"BR-116/SP";"Pista Sul";"Engavetamento";1;0;0;0;0;0;0;0;2;0;5;0;0;0;0
"04/08/2023";"09:07:00";"175";"Acidente s";"403";"BR-101/RJ";"Pista Sul";"Abalroamento longitudinal";0;0;0;0;0;0;0;0;1;1;3;0;0;0;0
"04/08/2023";"09:37:00";"194";"Acidente s";"108";"BR-116/SP";"Pista Sul";"Colisão traseira";0;0;0;0;0;0;0;0;2;0;8;0;0;0;0
"04/08/2023";"09:37:00";"193";"Acidente s";"407";"BR-101/RJ";"Pista Sul";"Abalroamento longitudinal";0;0;0;0;0;0;0;0;1;1;2;0;0;0;0
"04/08/2023";"10:42:00";"225";"Acidente s";"155";"BR-116/SP";"Pista Sul";"Colisão traseira";1;0;0;0;0;0;0;0;1;0;2;0;0;0;0
"04/08/2023";"12:25:00";"269";"Acidente s";"110";"BR-116/SP";"Pista Sul";"Colisão traseira";0;0;0;0;0;0;0;0;2;0;0;0;0;0;0
"04/08/2023";"01:15:00";"288";"Acidente s";"40.8";"BR-101/SP";"Pista Norte";"Colisão traseira";0;0;0;0;0;0;0;0;2;0;5;0;0;0;0
"04/08/2023";"02:30:00";"326";"Acidente c";"322";"BR-116/RJ";"Pista Sul";"Engavetamento";1;0;0;0;0;0;0;0;2;0;0;1;0;0;0
"04/08/2023";"03:51:00";"372";"Acidente c";"90";"BR-116/SP";"Pista Sul";"Colisão traseira";0;0;0;0;0;0;0;0;2;0;0;0;1;0;0
"04/08/2023";"04:04:00";"379";"Acidente s";"182.3";"BR-116/SP";"Pista Norte";"Colisão traseira";1;0;0;0;0;0;0;0;1;0;2;0;0;0;0
"04/08/2023";"05:14:00";"418";"Acidente s";"261.3";"BR-116/RJ";"Pista Norte";"Choque em objeto fixo";0;0;0;0;0;0;0;0;1;0;1;0;0;0;0
"04/08/2023";"05:28:00";"429";"Acidente s";"226";"BR-116/RJ";"Pista Sul";"Atropelamento de animal";0;0;0;0;0;0;0;0;1;0;3;0;0;0;0
"04/08/2023";"06:28:00";"458";"Atropelame";"55.3";"BR-116/SP";"Pista Norte";"Atropelamento de pedestre caminhando";0;0;0;0;0;0;0;0;1;0;5;0;0;1;0
"04/08/2023";"06:45:00";"468";"Acidente s";"47.9";"BR-101/SP";"Pista Sul";"Colisão traseira";0;0;0;0;0;0;0;0;2;0;5;0;0;0;0
"04/08/2023";"06:58:00";"474";"Acidente c";"214.4";"BR-116/SP";"Pista Norte";"Abalroamento longitudinal";0;1;0;0;0;0;0;0;1;0;1;1;0;0;0
"04/08/2023";"07:59:00";"491";"Acidente s";"47.6";"BR-101/SP";"Pista Sul";"Abalroamento longitudinal";0;1;0;0;0;0;0;0;1;0;2;0;0;0;0