data;horario;n_da_ocorrencia;tipo_de_ocorrencia;km;trecho;sentido;tipo_de_acidente;automovel;bicicleta;caminhao;moto;onibus;outros;tracao_animal;transporte_de_cargas_especiais;trator_maquinas;utilitarios;ilesos;levemente_feridos;moderadamente_feridos;gravemente_feridos;mortos
"04/08/2023";"09:26:00";"517";"Acidente c";"312.2";"BR-116/RJ";"Pista Sul";"Colisão traseira";1;1;0;0;0;0;0;0;1;0;5;0;1;0;0
"04/08/2023";"09:51:00";"533";"Acidente s";"279";"BR-116/RJ";"Pista Norte";"Abalroamento longitudinal";0;0;0;0;0;0;0;0;2;0;3;0;0;0;0
"04/08/2023";"11:00:00";"552";"Acidente s";"146";"BR-116/SP";"Pista Norte";"Colisão traseira";0;0;0;0;0;0;0;0;1;1;3;0;0;0;0
"05/08/2023";"01:26:00";"31";"Acidente c";"216.4";"BR-116/SP";"Pista Sul";"Queda de moto";0;1;0;0;0;0;0;0;1;0;1;0;1;0;0
"05/08/2023";"03:51:00";"46";"Acidente c";"216.85";"BR-116/SP";"Pista Sul";"Choque em defensa";0;1;0;0;0;0;0;0;1;0;1;2;0;0;0
"05/08/2023";"03:54:00";"47";"Acidente s";"99.35";"BR-116/SP";"Pista Sul";"Colisão traseira";1;0;0;0;0;0;0;0;1;0;2;0;0;0;0
"05/08/2023";"04:18:00";"51";"Acidente s";"54.9";"BR-116/SP";"Pista Norte";"Capotamento";0;0;0;0;0;0;0;0;1;0;1;0;0;0;0
"05/08/2023";"05:14:00";"63";"Acidente s";"72.4";"BR-116/SP";"Pista Sul";"Colisão traseira";1;0;0;0;0;0;0;0;1;0;4;0;0;0;0
"05/08/2023";"05:29:00";"67";"Acidente c";"167.5";"BR-116/SP";"Pista Sul";"Abalroamento longitudinal";1;0;0;0;0;0;0;0;1;0;1;0;1;0;0
"05/08/2023";"05:48:00";"72";"Acidente s";"495";"BR-101/RJ";"Pista Norte";"Colisão frontal";0;0;0;0;0;0;0;0;2;0;2;0;0;0;0
"05/08/2023";"05:59:00";"76";"Atropelame";"565.8";"BR-101/RJ";"Pista Sul";"Atropelamento de pedestre atravessando";0;1;1;0;0;0;0;0;0;0;2;1;0;0;0
"05/08/2023";"06:21:00";"84";"Acidente s";"20.1";"BR-116/SP";"Pista Sul";"Choque em defensa";0;0;0;0;0;0;0;0;1;0;2;0;0;0;0
"05/08/2023";"06:27:00";"88";"Acidente s";"72.4";"BR-116/SP";"Pista Sul";"Engavetamento";1;0;0;0;0;0;0;0;2;0;6;0;0;0;0
"05/08/2023";"07:48:00";"131";"Acidente s";"104.05";"BR-116/SP";"Pista Norte";"Engavetamento";0;0;0;0;0;0;0;0;4;0;9;0;0;0;0
"05/08/2023";"08:04:00";"141";"Acidente s";"229";"BR-116/SP";"Pista Sul";"Engavetamento";0;0;0;0;0;0;0;0;3;0;6;0;0;0;0
"05/08/2023";"09:35:00";"180";"Acidente s";"510.5";"BR-101/RJ";"Pista Sul";"Engavetamento";0;0;0;0;0;0;0;0;2;1;2;0;0;0;0
"05/08/2023";"10:30:00";"207";"Acidente c";"274.15";"BR-116/RJ";"Pista Norte";"Queda de moto";0;1;0;0;0;0;0;0;0;0;0;0;1;0;0
"05/08/2023";"11:15:00";"229";"Acidente s";"210.4";"BR-116/SP";"Pista Sul";"Colisão traseira";0;0;0;0;0;0;0;0;1;1;2;0;0;0;0
"05/08/2023";"11:28:00";"235";"Acidente s";"209.5";"BR-116/SP";"Pista Sul";"Colisão traseira";0;0;0;0;0;0;0;0;2;0;2;0;0;0;0
"05/08/2023";"11:40:00";"243";"Acidente c";"308.9";"BR-116/RJ";"Pista Sul";"Queda de moto";0;1;0;0;0;0;0;0;0;0;0;0;1;0;0
"05/08/2023";"12:32:00";"260";"Acidente c";"478";"BR-101/RJ";"Pista Sul";"Colisão traseira";0;1;0;0;0;0;0;0;0;1;1;1;0;0;0
"05/08/2023";"01:00:00";"268";"Acidente s";"158.8";"BR-116/SP";"Pista Norte";"Colisão traseira";0;0;0;0;0;0;0;0;2;0;5;0;0;0;0
"05/08/2023";"01:15:00";"278";"Acidente s";"158.8";"BR-116/SP";"Pista Norte";"Colisão traseira";0;0;0;0;0;0;0;0;2;0;3;0;0;0;0
"05/08/2023";"01:21:00";"283";"Acidente c";"38";"BR-116/SP";"Pista Norte";"Abalroamento longitudinal";0;1;0;0;0;1;0;0;0;0;0;3;0;0;0
"05/08/2023";"02:25:00";"313";"Acidente s";"483";"BR-101/RJ";"Pista Norte";"Colisão traseira";0;0;0;0;0;0;0;0;1;1;2;0;0;0;0
"05/08/2023";"02:34:00";"322";"Acidente s";"207.7";"BR-116/SP";"Pista Sul";"Colisão traseira";1;0;0;0;0;0;0;0;1;0;2;0;0;0;0
"05/08/2023";"03:03:00";"331";"Acidente s";"221.7";"BR-116/RJ";"Pista Sul";"Engavetamento";1;0;0;0;0;0;0;0;1;1;4;0;0;0;0
"05/08/2023";"03:21:00";"344";"Acidente s";"227.2";"BR-116/SP";"Pista Norte";"Colisão traseira";0;0;0;0;0;0;0;0;2;1;4;0;0;0;0
"05/08/2023";"04:52:00";"395";"Acidente c";"41.7";"BR-116/SP";"Pista Sul";"Queda de moto";0;1;0;0;0;0;0;0;0;0;0;0;1;0;0
"05/08/2023";"05:41:00";"423";"Acidente c";"480";"BR-101/RJ";"Pista Norte";"Choque em objeto fixo";0;0;0;0;0;0;0;0;1;0;0;1;0;0;0
"05/08/2023";"06:40:00";"452";"Acidente s";"147.8";"BR-116/SP";"Pista Norte";"Choque em barreira New Jersey";0;0;0;0;0;0;0;0;1;0;2;0;0;0;0
"05/08/2023";"10:21:00";"517";"Acidente c";"165.1";"BR-116/SP";"Pista Sul";"Abalroamento longitudinal";1;1;0;0;0;0;0;0;0;0;1;1;0;0;0
"05/08/2023";"10:27:00";"521";"Acidente c";"413.45";"BR-101/RJ";"Pista Norte";"Abalroamento longitudinal";0;1;0;0;0;0;0;0;1;0;2;0;2;1;0
"06/08/2023";"02:08:00";"31";"Acidente s";"124.7";"BR-116/SP";"Pista Norte";"Colisão traseira";0;0;0;0;0;0;1;0;1;0;18;0;0;0;0
"06/08/2023";"03:31:00";"40";"Acidente c";"217.3";"BR-116/SP";"Pista Norte";"Choque em objeto fixo";0;1;0;0;0;0;0;0;0;0;0;0;1;0;1
"06/08/2023";"03:45:00";"43";"Acidente s";"169.5";"BR-116/SP";"Pista Sul";"Choque em objeto na pista";0;0;0;0;0;0;0;0;1;0;1;0;0;0;0
"06/08/2023";"05:42:00";"60";"Atropelame";"99";"BR-116/SP";"Pista Sul";"Atropelamento de pedestre atravessando";0;0;0;0;0;0;0;0;0;1;1;1;0;0;0
"06/08/2023";"05:47:00";"63";"Acidente s";"91.22";"BR-116/SP";"Pista Norte";"Outros";0;0;0;0;0;0;0;0;1;0;0;0;0;0;0
"06/08/2023";"08:20:00";"131";"Acidente c";"407";"BR-101/RJ";"Pista Norte";"Queda de moto";0;1;0;0;0;0;0;0;0;0;0;1;0;0;0
"06/08/2023";"09:11:00";"153";"Acidente c";"126";"BR-116/SP";"Pista Sul";"Engavetamento";0;0;0;0;0;0;0;0;3;0;7;1;0;0;0
"06/08/2023";"09:56:00";"177";"Acidente c";"320.9";"BR-116/RJ";"Pista Norte";"Abalroamento longitudinal";0;0;0;0;0;0;0;0;2;0;0;0;2;0;0
"06/08/2023";"11:39:00";"219";"Acidente c";"50.9";"BR-116/SP";"Pista Sul";"Colisão traseira";0;0;0;0;0;0;0;0;2;0;0;4;0;0;0
"06/08/2023";"03:05:00";"313";"Acidente s";"284";"BR-116/RJ";"Pista Norte";"Colisão traseira";0;0;0;0;0;0;0;0;2;0;0;0;0;0;0
"06/08/2023";"03:32:00";"329";"Acidente s";"52";"BR-116/SP";"Pista Norte";"Abalroamento longitudinal";0;0;0;0;0;0;0;0;1;1;2;0;0;0;0
"06/08/2023";"04:18:00";"356";"Acidente c";"197.3";"BR-116/SP";"Pista Sul";"Colisão traseira";0;0;0;0;0;0;0;0;1;1;3;0;1;0;0
"06/08/2023";"04:23:00";"362";"Acidente s";"104";"BR-116/SP";"Pista Sul";"Engavetamento";0;0;0;0;0;0;0;0;4;0;2;0;0;0;0
"06/08/2023";"05:57:00";"418";"Acidente c";"557";"BR-101/RJ";"Pista Norte";"Queda de moto";0;1;0;0;0;0;0;0;0;0;0;1;0;0;0
"06/08/2023";"07:39:00";"476";"Acidente c";"211.9";"BR-116/SP";"Pista Sul";"Colisão traseira";0;2;0;0;0;0;0;0;0;0;1;1;0;0;0
"06/08/2023";"08:53:00";"503";"Acidente s";"154.85";"BR-116/SP";"Pista Sul";"Engavetamento";0;0;0;0;0;0;0;0;3;0;4;0;0;0;0
"06/08/2023";"09:13:00";"515";"Acidente c";"59";"BR-116/SP";"Pista Sul";"Colisão traseira";0;0;0;0;0;0;0;0;2;1;3;0;1;0;0
"06/08/2023";"11:47:00";"559";"Acidente s";"32.7";"BR-116/SP";"Pista Norte";"Colisão traseira";2;0;0;0;0;0;0;0;0;0;2;0;0;0;0
"07/08/2023";"01:52:00";"36";"Acidente s";"223.1";"BR-116/SP";"Pista Sul";"Choque em objeto fixo";0;0;0;0;0;0;0;0;1;0;1;0;0;0;0
"07/08/2023";"05:35:00";"62";"Acidente s";"232.3";"BR-116/RJ";"Pista Norte";"Abalroamento longitudinal";1;0;0;0;0;0;0;0;0;1;2;0;0;0;0
"07/08/2023";"06:52:00";"94";"Acidente c";"596.5";"BR-101/RJ";"Pista Sul";"Capotamento";0;0;0;0;0;0;0;0;1;0;0;0;1;0;0
"07/08/2023";"07:32:00";"130";"Acidente s";"153.95";"BR-116/SP";"Pista Sul";"Engavetamento";0;0;0;0;0;0;0;0;3;0;3;0;0;0;0
"07/08/2023";"08:07:00";"149";"Acidente s";"109.3";"BR-116/SP";"Pista Sul";"Engavetamento";0;0;0;0;0;0;0;0;2;1;1;0;0;0;0
"07/08/2023";"08:15:00";"158";"Acidente s";"247";"BR-116/RJ";"Pista Norte";"Abalroamento longitudinal";2;0;0;0;0;0;0;0;0;0;2;0;0;0;0
"07/08/2023";"08:39:00";"175";"Acidente s";"138.6";"BR-116/SP";"Pista Sul";"Colisão traseira";0;0;0;0;0;0;0;0;1;1;2;0;0;0;0
"07/08/2023";"08:49:00";"183";"Acidente s";"39.5";"BR-116/SP";"Pista Norte";"Choque em objeto fixo";0;0;0;0;0;0;0;0;1;0;1;0;0;0;0
"07/08/2023";"08:54:00";"189";"Acidente s";"108";"BR-116/SP";"Pista Sul";"Engavetamento";2;0;0;0;0;0;0;0;1;0;0;0;0;0;0
"07/08/2023";"08:54:00";"190";"Acidente c";"218";"BR-116/SP";"Pista Sul";"Abalroamento longitudinal";1;0;0;0;0;0;0;0;1;0;0;2;0;0;0
"07/08/2023";"09:01:00";"195";"Acidente c";"310";"BR-116/RJ";"Pista Norte";"Abalroamento longitudinal";0;1;0;0;0;0;0;0;1;0;1;1;0;0;0
"07/08/2023";"09:15:00";"206";"Acidente c";"155";"BR-116/SP";"Pista Sul";"Colisão traseira";1;1;0;0;0;0;0;0;0;0;1;0;1;0;0
"07/08/2023";"09:20:00";"211";"Acidente c";"386";"BR-101/RJ";"Pista Sul";"Engavetamento";0;1;0;0;0;0;0;0;1;1;2;1;0;0;0
"07/08/2023";"09:37:00";"221";"Acidente c";"260.3";"BR-116/RJ";"Pista Norte";"Queda de moto";0;1;0;0;0;0;0;0;0;0;0;0;1;0;0
"07/08/2023";"09:46:00";"226";"Acidente c";"471";"BR-101/RJ";"Pista Sul";"Colisão traseira";0;1;0;0;0;0;0;0;1;0;1;1;0;0;0
"07/08/2023";"10:06:00";"238";"Acidente s";"39.5";"BR-116/SP";"Pista Norte";"Colisão traseira";0;0;0;0;0;0;0;0;1;1;3;0;0;0;0
"07/08/2023";"11:01:00";"271";"Acidente s";"228";"BR-116/SP";"Pista Norte";"Abalroamento longitudinal";1;0;0;0;0;0;0;0;1;0;3;0;0;0;0
"07/08/2023";"11:11:00";"275";"Acidente s";"231.3";"BR-116/RJ";"Pista Sul";"Abalroamento longitudinal";1;0;0;0;0;0;0;0;0;1;2;0;0;0;0
"07/08/2023";"12:00:00";"296";"Acidente s";"127.5";"BR-116/SP";"Pista Sul";"Colisão traseira";0;0;0;0;0;0;0;0;2;0;2;0;0;0;0
"07/08/2023";"01:27:00";"333";"Acidente c";"219.2";"BR-116/SP";"Pista Norte";"Abalroamento longitudinal";1;0;0;0;0;0;0;0;1;0;3;1;0;0;0
"07/08/2023";"01:51:00";"345";"Acidente c";"135.6";"BR-116/SP";"Pista Sul";"Colisão traseira";0;1;0;0;0;0;0;0;1;0;1;2;0;0;0
"07/08/2023";"03:03:00";"381";"Acidente s";"155";"BR-116/SP";"Pista Sul";"Colisão traseira";1;0;0;0;0;0;1;0;0;0;2;0;0;0;0
"07/08/2023";"03:24:00";"387";"Acidente c";"309.2";"BR-116/RJ";"Pista Sul";"Queda de moto";0;1;0;0;0;0;0;0;0;0;0;0;1;0;0
"07/08/2023";"07:24:00";"506";"Acidente s";"214.3";"BR-116/SP";"Pista Norte";"Abalroamento longitudinal";0;0;0;0;0;0;0;0;2;0;2;0;0;0;0
"07/08/2023";"08:07:00";"527";"Acidente c";"317.9";"BR-116/RJ";"Pista Sul";"Queda de moto";0;1;0;0;0;0;0;0;0;0;0;0;1;0;0
"07/08/2023";"09:38:00";"562";"Atropelame";"186.42";"BR-116/SP";"Pista Norte";"Atropelamento de pedestre atravessando";0;0;0;0;0;0;0;0;1;1;2;0;0;0;1
"07/08/2023";"11:22:00";"582";"Acidente s";"213.1";"BR-116/SP";"Pista Norte";"Abalroamento longitudinal";1;0;0;0;0;0;0;0;1;0;2;0;0;0;0
"08/08/2023";"02:44:00";"56";"Acidente s";"209.1";"BR-116/SP";"Pista Sul";"Choque em barreira New Jersey";1;0;0;0;0;0;0;0;0;0;2;0;0;0;0
"08/08/2023";"03:12:00";"60";"Acidente s";"111.7";"BR-116/SP";"Pista Norte";"Choque em barreira New Jersey";1;0;0;0;0;0;0;0;0;0;1;0;0;0;0
"08/08/2023";"04:54:00";"67";"Acidente s";"398.6";"BR-101/RJ";"Pista Norte";"Atropelamento de animal";0;0;0;0;0;1;0;0;0;0;1;0;0;0;0
"08/08/2023";"06:59:00";"105";"Acidente c";"488";"BR-101/RJ";"Pista Sul";"Colisão traseira";0;1;0;0;0;0;0;0;1;0;1;1;0;0;0
"08/08/2023";"07:54:00";"138";"Acidente c";"183";"BR-116/SP";"Pista Norte";"Colisão traseira";0;0;0;0;0;0;0;0;2;0;0;0;2;0;0
"08/08/2023";"09:11:00";"180";"Acidente c";"543";"BR-101/RJ";"Pista Sul";"Choque em objeto fixo";0;0;0;0;0;0;0;0;1;0;0;2;0;0;0
"08/08/2023";"09:16:00";"183";"Acidente c";"99";"BR-116/SP";"Pista Norte";"Queda de moto";0;1;0;0;0;0;0;0;0;0;0;1;0;0;0
"08/08/2023";"09:51:00";"197";"Acidente s";"522";"BR-101/RJ";"Pista Sul";"Choque em objeto fixo";0;0;0;0;0;0;0;0;1;0;1;0;0;0;0
"08/08/2023";"11:14:00";"241";"Acidente c";"212.5";"BR-116/SP";"Pista Sul";"Colisão frontal";1;1;0;0;0;0;0;0;0;0;0;1;3;0;0
"08/08/2023";"12:00:00";"265";"Acidente s";"277.3";"BR-116/RJ";"Pista Norte";"Choque em barreira New Jersey";0;0;0;0;0;0;0;0;1;0;1;0;0;0;0
"08/08/2023";"12:33:00";"276";"Acidente c";"39";"BR-116/SP";"Pista Sul";"Queda de moto";0;1;0;0;0;0;0;0;0;0;0;1;0;0;0
"08/08/2023";"12:35:00";"277";"Acidente s";"484";"BR-101/RJ";"Pista Norte";"Colisão traseira";0;0;0;0;0;0;0;0;2;0;2;0;0;0;0
"08/08/2023";"01:06:00";"284";"Acidente s";"429.9";"BR-101/RJ";"Pista Norte";"Choque em objeto fixo";0;0;0;0;0;0;0;0;1;0;0;0;0;0;0
"08/08/2023";"02:27:00";"317";"Acidente s";"432";"BR-101/RJ";"Pista Norte";"Colisão frontal";0;0;0;0;0;0;0;0;2;0;3;0;0;0;0
"08/08/2023";"02:52:00";"327";"Acidente s";"524";"BR-101/RJ";"Pista Sul";"Abalroamento longitudinal";2;0;0;0;0;0;0;0;0;0;2;0;0;0;0
"08/08/2023";"03:00:00";"330";"Acidente c";"219";"BR-116/SP";"Pista Norte";"Queda de moto";0;1;0;0;0;0;0;0;0;0;1;1;0;0;0
"08/08/2023";"03:05:00";"332";"Acidente s";"28.5";"BR-101/SP";"Pista Sul";"Queda de ribanceira";1;0;0;0;0;0;0;0;0;0;2;0;0;0;0
"08/08/2023";"03:41:00";"343";"Acidente s";"208.2";"BR-116/SP";"Pista Norte";"Abalroamento longitudinal";1;0;0;0;0;0;0;0;1;0;2;0;0;0;0
"08/08/2023";"04:06:00";"350";"Acidente c";"219";"BR-116/SP";"Pista Sul";"Queda de moto";0;1;0;0;0;0;0;0;0;0;1;1;0;0;0
"08/08/2023";"08:00:00";"455";"Acidente c";"45.45";"BR-101/SP";"Pista Sul";"Capotamento";0;0;0;0;0;0;0;0;1;0;0;0;1;0;0
"09/08/2023";"05:35:00";"69";"Acidente s";"54.2";"BR-116/SP";"Pista Norte";"Abalroamento longitudinal";1;0;0;0;0;0;0;0;0;1;1;0;0;0;0
"09/08/2023";"06:05:00";"73";"Acidente c";"211";"BR-116/SP";"Pista Sul";"Choque em barreira New Jersey";0;0;0;0;0;0;0;0;1;0;0;0;0;1;0
"09/08/2023";"06:52:00";"97";"Acidente s";"294";"BR-116/RJ";"Pista Sul";"Abalroamento longitudinal";0;0;0;0;0;0;0;0;2;0;0;0;0;0;0
"09/08/2023";"07:11:00";"109";"Acidente c";"233.9";"BR-116/RJ";"Pista Norte";"Capotamento";0;0;0;0;0;0;0;0;1;0;1;0;2;0;0
"09/08/2023";"07:24:00";"123";"Acidente s";"432.7";"BR-101/RJ";"Pista Norte";"Choque em objeto fixo";0;0;0;0;0;0;0;0;1;0;1;0;0;0;0
"09/08/2023";"07:31:00";"126";"Acidente s";"226.3";"BR-116/RJ";"Pista Sul";"Choque em defensa";0;0;0;0;0;0;0;0;1;0;1;0;0;0;0
"09/08/2023";"09:04:00";"174";"Acidente c";"505";"BR-101/RJ";"Pista Sul";"Abalroamento longitudinal";0;1;0;0;0;0;0;0;1;0;1;0;1;0;0
"09/08/2023";"01:29:00";"303";"Acidente s";"201";"BR-116/SP";"Pista Norte";"Choque em barreira New Jersey";0;0;0;0;0;0;0;0;1;0;1;0;0;0;0
"09/08/2023";"05:01:00";"380";"Acidente c";"311.9";"BR-116/RJ";"Pista Norte";"Colisão traseira";0;0;0;0;0;0;0;0;2;0;3;0;4;0;0
"09/08/2023";"05:39:00";"401";"Acidente s";"447";"BR-101/RJ";"Pista Sul";"Capotamento";0;0;0;0;0;0;0;0;1;0;1;0;0;0;0
"09/08/2023";"05:42:00";"404";"Acidente c";"147.2";"BR-116/SP";"Pista Norte";"Colisão traseira";0;1;0;0;0;0;0;0;1;0;2;1;0;0;0
"09/08/2023";"07:38:00";"455";"Acidente c";"160.6";"BR-116/SP";"Pista Norte";"Choque em objeto fixo";0;1;0;0;0;0;0;0;0;0;0;0;0;1;0
"09/08/2023";"09:11:00";"486";"Acidente s";"210.1";"BR-116/SP";"Pista Sul";"Colisão traseira";1;0;0;0;0;0;0;0;1;0;3;0;0;0;0
"09/08/2023";"10:13:00";"503";"Acidente c";"220";"BR-116/SP";"Pista Norte";"Abalroamento longitudinal";0;1;0;0;0;0;0;0;1;0;1;1;0;0;0
"10/08/2023";"05:47:00";"64";"Atropelame";"75";"BR-116/SP";"Pista Norte";"Atropelamento de pedestre caminhando";0;0;0;0;0;0;0;0;1;0;1;0;1;0;0
"10/08/2023";"06:57:00";"103";"Acidente c";"51.1";"BR-116/SP";"Pista Sul";"Colisão traseira";0;1;0;0;0;0;0;0;1;0;1;1;0;0;0
"10/08/2023";"07:07:00";"113";"Acidente c";"210.05";"BR-116/SP";"Pista Norte";"Capotamento";0;0;0;0;0;0;0;0;1;0;0;1;0;0;0
"10/08/2023";"08:04:00";"165";"Acidente s";"158.3";"BR-116/SP";"Pista Norte";"Engavetamento";0;0;0;0;0;0;0;0;2;2;4;0;0;0;0
"10/08/2023";"08:29:00";"184";"Acidente c";"146.9";"BR-116/SP";"Pista Sul";"Engavetamento";0;0;0;0;0;0;1;0;2;0;4;2;0;0;0
"10/08/2023";"08:47:00";"196";"Acidente s";"147";"BR-116/SP";"Pista Sul";"Abalroamento longitudinal";1;0;0;0;0;0;0;0;1;0;2;0;0;0;0
"10/08/2023";"09:11:00";"212";"Acidente s";"143.9";"BR-116/SP";"Pista Sul";"Colisão traseira";0;0;0;0;0;0;0;0;2;0;2;0;0;0;0
"10/08/2023";"09:46:00";"232";"Acidente s";"143.9";"BR-116/SP";"Pista Sul";"Engavetamento";0;0;0;0;0;0;0;0;3;0;3;0;0;0;0
"10/08/2023";"09:58:00";"239";"Acidente s";"109.3";"BR-116/SP";"Pista Sul";"Abalroamento longitudinal";1;0;0;0;0;0;0;0;1;0;2;0;0;0;0
"10/08/2023";"10:18:00";"257";"Acidente c";"218.8";"BR-116/SP";"Pista Sul";"Abalroamento longitudinal";0;0;0;0;0;0;0;0;2;0;1;0;1;0;0
"10/08/2023";"12:04:00";"309";"Acidente c";"123";"BR-116/SP";"Pista Norte";"Engavetamento";1;0;0;0;0;0;0;0;4;0;3;2;0;1;0
"10/08/2023";"12:12:00";"316";"Acidente s";"182.3";"BR-116/SP";"Pista Norte";"Colisão traseira";2;0;0;0;0;0;0;0;0;0;2;0;0;0;0
"10/08/2023";"12:57:00";"336";"Acidente c";"127.6";"BR-116/SP";"Pista Norte";"Colisão traseira";0;1;0;0;0;0;0;0;1;0;1;0;0;1;0
"10/08/2023";"12:57:00";"337";"Acidente s";"504";"BR-101/RJ";"Pista Sul";"Colisão traseira";0;0;0;0;0;0;0;0;1;1;2;0;0;0;0
"10/08/2023";"02:27:00";"370";"Acidente s";"57.3";"BR-116/SP";"Pista Norte";"Colisão traseira";0;0;0;0;0;0;0;0;2;0;4;0;0;0;0
"10/08/2023";"02:45:00";"381";"Acidente s";"115.6";"BR-116/SP";"Pista Norte";"Queda de moto";0;1;0;0;0;0;0;0;0;0;1;0;0;0;0
"10/08/2023";"03:04:00";"390";"Acidente c";"217.9";"BR-116/SP";"Pista Norte";"Colisão traseira";0;1;0;0;0;0;0;0;1;0;2;0;1;0;0
"10/08/2023";"03:38:00";"403";"Acidente s";"233";"BR-116/RJ";"Pista Norte";"Abalroamento longitudinal";1;0;0;0;0;1;0;0;0;0;2;0;0;0;0
"10/08/2023";"04:07:00";"421";"Acidente s";"262.4";"BR-116/RJ";"Pista Norte";"Colisão traseira";0;0;0;0;0;0;0;0;2;0;3;0;0;0;0
"10/08/2023";"04:24:00";"430";"Acidente c";"303";"BR-116/RJ";"Pista Norte";"Colisão traseira";0;0;0;0;0;0;0;0;2;0;3;2;0;0;0
"10/08/2023";"04:27:00";"432";"Acidente s";"302.4";"BR-116/RJ";"Pista Norte";"Abalroamento longitudinal";1;0;0;0;0;0;0;0;1;0;3;0;0;0;0
"10/08/2023";"05:29:00";"461";"Acidente s";"220.15";"BR-116/SP";"Pista Norte";"Abalroamento longitudinal";0;0;0;0;0;0;0;0;1;1;2;0;0;0;0
"10/08/2023";"06:45:00";"510";"Acidente s";"223";"BR-116/SP";"Pista Sul";"Colisão traseira";0;1;0;0;0;0;0;0;1;0;4;0;0;0;0
"10/08/2023";"06:58:00";"519";"Acidente c";"302.7";"BR-116/RJ";"Pista Norte";"Engavetamento";2;0;0;0;0;0;0;0;1;0;2;1;0;0;0
"10/08/2023";"07:06:00";"525";"Acidente s";"218.9";"BR-116/SP";"Pista Norte";"Choque em barreira New Jersey";0;0;0;0;0;0;0;0;1;0;1;0;0;0;0
"10/08/2023";"07:41:00";"541";"Acidente c";"304.9";"BR-116/RJ";"Pista Norte";"Colisão traseira";0;0;0;0;0;0;1;0;1;0;1;0;1;0;0
"10/08/2023";"07:50:00";"546";"Acidente c";"196.2";"BR-116/SP";"Pista Norte";"Choque em barreira New Jersey";0;0;0;0;0;0;0;0;1;0;0;0;1;0;0
"10/08/2023";"08:24:00";"556";"Acidente c";"45.8";"BR-116/SP";"Pista Sul";"Choque em barreira New Jersey";0;0;0;0;0;0;0;0;1;0;1;1;0;0;0
"10/08/2023";"09:18:00";"571";"Acidente c";"401";"BR-101/RJ";"Pista Norte";"Choque em barreira New Jersey";0;0;0;0;0;0;0;0;1;0;0;0;1;0;0
"10/08/2023";"11:12:00";"594";"Acidente s";"185.5";"BR-116/SP";"Pista Sul";"Choque em defensa";0;0;0;0;0;0;0;0;1;0;2;0;0;0;0
"11/08/2023";"07:51:00";"160";"Acidente c";"169";"BR-116/SP";"Pista Norte";"Colisão traseira";1;1;0;0;0;0;0;0;0;0;1;0;1;0;0
"11/08/2023";"08:00:00";"166";"Acidente s";"160.4";"BR-116/SP";"Pista Norte";"Engavetamento";0;0;0;0;0;0;0;0;4;0;8;0;0;0;0
"11/08/2023";"08:27:00";"188";"Acidente s";"229.3";"BR-116/RJ";"Pista Norte";"Tombamento";1;0;0;0;0;0;0;0;0;0;1;0;0;0;0
"11/08/2023";"08:58:00";"211";"Acidente c";"518";"BR-101/RJ";"Pista Sul";"Queda de moto";0;1;0;0;0;0;0;0;0;0;0;0;0;2;0
"11/08/2023";"09:22:00";"227";"Acidente s";"97.1";"BR-116/SP";"Pista Norte";"Colisão traseira";0;0;0;0;0;0;0;0;3;0;4;0;0;0;0
"11/08/2023";"09:26:00";"231";"Acidente s";"140";"BR-116/SP";"Pista Sul";"Colisão traseira";0;0;0;0;0;0;0;0;1;1;3;0;0;0;0
"11/08/2023";"10:32:00";"262";"Acidente s";"490";"BR-101/RJ";"Pista Norte";"Colisão frontal";0;0;0;1;0;0;0;0;1;0;2;0;0;0;0
"11/08/2023";"12:44:00";"329";"Acidente s";"212.8";"BR-116/SP";"Pista Sul";"Abalroamento longitudinal";2;0;0;0;0;0;0;0;0;0;2;0;0;0;0
"11/08/2023";"01:28:00";"343";"Acidente s";"212.8";"BR-116/SP";"Pista Sul";"Colisão traseira";0;0;0;0;0;0;0;0;2;0;3;0;0;0;0
"11/08/2023";"02:55:00";"388";"Acidente s";"28.5";"BR-116/SP";"Pista Sul";"Choque em barreira New Jersey";1;0;0;0;0;0;0;0;0;0;1;0;0;0;0
"11/08/2023";"03:32:00";"405";"Acidente s";"232";"BR-116/RJ";"Pista Norte";"Choque em objeto fixo";1;0;0;0;0;0;0;0;0;0;2;0;0;0;0
"11/08/2023";"04:26:00";"429";"Acidente c";"215";"BR-116/SP";"Pista Norte";"Choque em barreira New Jersey";0;0;0;0;0;0;0;0;1;0;0;1;0;0;0
"11/08/2023";"04:31:00";"432";"Acidente s";"187.4";"BR-116/SP";"Pista Norte";"Choque em defensa";1;0;0;0;0;0;0;0;0;0;2;0;0;0;0
"11/08/2023";"05:00:00";"455";"Acidente s";"154.7";"BR-116/SP";"Pista Sul";"Abalroamento longitudinal";0;0;0;0;0;0;0;0;2;0;4;0;0;0;0
"11/08/2023";"05:37:00";"473";"Acidente s";"295";"BR-116/RJ";"Pista Norte";"Colisão traseira";0;0;0;0;0;0;0;0;2;0;4;0;0;0;0
"11/08/2023";"06:10:00";"490";"Acidente s";"239";"BR-116/RJ";"Pista Sul";"Abalroamento longitudinal";2;0;0;0;0;0;0;0;0;0;2;0;0;0;0