data;horario;n_da_ocorrencia;tipo_de_ocorrencia;km;trecho;sentido;tipo_de_acidente;automovel;bicicleta;caminhao;moto;onibus;outros;tracao_animal;transporte_de_cargas_especiais;trator_maquinas;utilitarios;ilesos;levemente_feridos;moderadamente_feridos;gravemente_feridos;mortos
"11/08/2023";"06:47:00";"520";"Acidente c";"147.6";"BR-116/SP";"Pista Norte";"Abalroamento longitudinal";0;1;0;0;0;0;0;0;1;0;1;1;0;0;0
"11/08/2023";"06:57:00";"526";"Acidente c";"494";"BR-101/RJ";"Pista Norte";"Abalroamento longitudinal";0;1;0;0;0;0;0;0;1;0;1;0;0;2;0
"11/08/2023";"07:06:00";"528";"Acidente c";"383";"BR-101/RJ";"Pista Sul";"Queda de moto";0;1;0;0;0;0;0;0;0;0;0;1;1;0;0
"11/08/2023";"10:11:00";"629";"Acidente c";"219.1";"BR-116/SP";"Pista Norte";"Colisão traseira";1;0;0;0;0;0;0;0;1;0;4;1;0;0;0
"12/08/2023";"12:06:00";"17";"Acidente s";"316.95";"BR-116/RJ";"Pista Norte";"Choque em defensa";0;0;0;0;0;0;0;0;1;0;2;0;0;0;0
"12/08/2023";"03:09:00";"52";"Atropelame";"58";"BR-116/SP";"Pista Sul";"Atropelamento de pedestre atravessando";0;0;0;1;0;0;0;0;0;0;48;0;0;0;1
"12/08/2023";"06:50:00";"98";"Acidente c";"54";"BR-116/SP";"Pista Norte";"Queda de moto";0;1;0;0;0;0;0;0;0;0;0;0;1;0;0
"12/08/2023";"07:47:00";"126";"Acidente c";"230.95";"BR-116/SP";"Pista Norte";"Choque em defensa";1;0;0;0;0;0;0;0;1;0;1;1;0;0;0
"12/08/2023";"08:59:00";"166";"Acidente c";"222.3";"BR-116/SP";"Pista Sul";"Abalroamento longitudinal";0;1;0;0;0;0;0;0;1;0;3;1;0;0;0
"12/08/2023";"09:29:00";"177";"Acidente s";"161";"BR-116/SP";"Pista Norte";"Colisão traseira";0;0;0;0;0;0;0;0;1;1;0;0;0;0;0
"12/08/2023";"09:44:00";"180";"Acidente c";"145";"BR-116/SP";"Pista Sul";"Colisão traseira";0;1;0;0;0;0;0;0;1;0;1;0;1;0;0
"12/08/2023";"10:51:00";"204";"Acidente c";"145";"BR-116/SP";"Pista Sul";"Colisão traseira";0;1;0;0;0;0;0;0;1;0;3;0;1;0;0
"12/08/2023";"11:03:00";"208";"Acidente c";"219.9";"BR-116/SP";"Pista Sul";"Capotamento";0;0;0;0;0;0;0;0;2;0;4;1;0;0;0
"12/08/2023";"12:04:00";"224";"Acidente c";"109.9";"BR-116/SP";"Pista Norte";"Engavetamento";0;0;0;0;0;0;0;0;3;0;0;2;0;0;0
"12/08/2023";"12:11:00";"227";"Acidente s";"218.3";"BR-116/SP";"Pista Sul";"Colisão traseira";0;0;0;0;0;0;0;0;1;1;5;0;0;0;0
"12/08/2023";"01:33:00";"262";"Acidente c";"532";"BR-101/RJ";"Pista Sul";"Colisão traseira";0;0;0;0;0;0;0;0;2;0;2;0;0;1;0
"12/08/2023";"02:04:00";"279";"Acidente c";"253";"BR-116/RJ";"Pista Sul";"Colisão frontal";0;0;0;0;0;0;1;0;1;0;1;3;1;0;0
"12/08/2023";"03:21:00";"311";"Acidente c";"155.8";"BR-116/SP";"Pista Sul";"Engavetamento";0;0;0;0;0;0;0;0;3;0;5;2;0;0;0
"12/08/2023";"04:31:00";"348";"Acidente s";"18.9";"BR-116/SP";"Pista Sul";"Tombamento";1;0;0;0;0;0;0;0;0;0;1;0;0;0;0
"12/08/2023";"04:36:00";"351";"Acidente s";"58";"BR-116/SP";"Pista Norte";"Choque em defensa";1;0;0;0;0;0;0;0;0;0;1;0;0;0;0
"12/08/2023";"04:52:00";"358";"Acidente c";"320";"BR-116/RJ";"Pista Norte";"Colisão traseira";0;0;0;0;0;0;0;0;1;1;1;1;1;0;0
"12/08/2023";"05:14:00";"364";"Acidente c";"385";"BR-101/RJ";"Pista Sul";"Engavetamento";0;0;0;0;0;0;0;0;3;0;4;1;0;0;0
"12/08/2023";"06:32:00";"390";"Acidente c";"49";"BR-101/SP";"Pista Sul";"Colisão traseira";0;1;0;0;0;0;0;0;1;0;1;1;0;0;0
"12/08/2023";"06:37:00";"392";"Acidente c";"268.5";"BR-116/RJ";"Pista Norte";"Colisão traseira";0;0;0;0;0;0;0;0;2;0;3;2;1;0;0
"12/08/2023";"07:21:00";"407";"Atropelame";"485";"BR-101/RJ";"Pista Sul";"Atropelamento de pedestre atravessando";0;0;0;0;0;0;0;0;0;1;1;0;0;1;0
"12/08/2023";"07:37:00";"415";"Acidente s";"281";"BR-116/RJ";"Pista Sul";"Abalroamento longitudinal";0;0;0;0;0;1;0;0;0;1;2;0;0;0;0
"12/08/2023";"08:29:00";"430";"Acidente s";"70.8";"BR-116/SP";"Pista Sul";"Choque em barreira New Jersey";0;0;0;0;0;0;0;0;1;0;5;0;0;0;0
"12/08/2023";"10:30:00";"458";"Acidente s";"226.4";"BR-116/SP";"Pista Sul";"Capotamento";0;0;0;0;0;0;0;0;1;0;1;0;0;0;0
"12/08/2023";"11:18:00";"464";"Acidente s";"24.05";"BR-116/SP";"Pista Norte";"Choque em objeto fixo";0;0;0;0;0;0;0;0;1;0;1;0;0;0;0
"12/08/2023";"11:54:00";"473";"Acidente s";"211.8";"BR-116/SP";"Pista Sul";"Choque em barreira New Jersey";0;0;0;0;0;0;0;0;1;0;1;0;0;0;0
"13/08/2023";"02:14:00";"29";"Acidente s";"509";"BR-101/RJ";"Pista Norte";"Outros";0;0;0;0;0;0;0;0;1;0;1;0;0;0;0
"13/08/2023";"10:26:00";"138";"Acidente s";"440.6";"BR-101/RJ";"Pista Sul";"Choque em objeto fixo";0;0;0;0;0;0;0;0;1;0;2;0;0;0;0
"13/08/2023";"10:36:00";"146";"Acidente c";"180";"BR-116/SP";"Pista Norte";"Capotamento";0;0;0;0;0;0;0;0;1;0;2;1;0;0;0
"13/08/2023";"11:53:00";"181";"Acidente s";"384";"BR-101/RJ";"Pista Norte";"Capotamento";0;0;0;0;0;0;0;0;1;0;1;0;0;0;0
"13/08/2023";"12:13:00";"186";"Acidente c";"274.3";"BR-116/RJ";"Pista Norte";"Capotamento";0;0;0;0;0;0;0;0;1;0;0;0;1;0;0
"13/08/2023";"02:27:00";"228";"Acidente s";"432.7";"BR-101/RJ";"Pista Norte";"Choque em objeto fixo";0;0;0;0;0;0;0;0;1;0;1;0;0;0;0
"13/08/2023";"05:20:00";"294";"Acidente s";"488";"BR-101/RJ";"Pista Sul";"Colisão traseira";0;0;0;0;0;1;0;0;1;1;4;0;0;0;0
"13/08/2023";"06:19:00";"320";"Acidente s";"284";"BR-116/RJ";"Pista Norte";"Colisão traseira";0;0;0;0;0;0;0;0;2;0;3;0;0;0;0
"13/08/2023";"07:00:00";"341";"Acidente c";"201";"BR-116/SP";"Pista Sul";"Queda de moto";0;1;0;0;0;0;0;0;0;0;0;2;0;0;0
"13/08/2023";"07:29:00";"349";"Acidente s";"221.4";"BR-116/SP";"Pista Sul";"Colisão traseira";0;0;0;0;0;0;0;0;1;1;4;0;0;0;0
"13/08/2023";"07:47:00";"354";"Acidente s";"428";"BR-101/RJ";"Pista Norte";"Abalroamento longitudinal";0;0;0;0;0;0;0;0;1;1;2;0;0;0;0
"13/08/2023";"09:02:00";"378";"Acidente s";"165.5";"BR-116/SP";"Pista Sul";"Abalroamento longitudinal";1;0;0;0;0;0;0;0;1;0;1;0;0;0;0
"13/08/2023";"09:02:00";"377";"Acidente s";"235.6";"BR-116/RJ";"Pista Norte";"Choque em barreira New Jersey";1;0;0;0;0;0;0;0;0;0;3;0;0;0;0
"13/08/2023";"10:08:00";"392";"Acidente c";"51.6";"BR-101/SP";"Pista Sul";"Abalroamento longitudinal";0;1;0;0;0;0;0;0;0;1;1;0;1;0;0
"13/08/2023";"11:54:00";"414";"Acidente c";"91.4";"BR-116/SP";"Pista Sul";"Colisão traseira";1;0;0;0;0;0;0;0;1;0;1;1;0;0;0
"14/08/2023";"12:12:00";"18";"Acidente s";"234";"BR-116/RJ";"Pista Norte";"Choque em barreira New Jersey";0;0;0;0;0;0;0;0;1;0;2;0;0;0;0
"14/08/2023";"04:29:00";"50";"Acidente s";"423";"BR-101/RJ";"Pista Sul";"Choque em objeto fixo";0;0;0;0;0;0;0;0;1;0;3;0;0;0;0
"14/08/2023";"06:46:00";"78";"Acidente c";"225";"BR-116/SP";"Pista Norte";"Queda de moto";0;1;0;0;0;0;0;0;1;0;1;1;1;0;0
"14/08/2023";"06:52:00";"85";"Acidente s";"226";"BR-116/RJ";"Pista Sul";"Choque em barreira New Jersey";0;0;0;0;0;0;0;0;1;0;2;0;0;0;0
"14/08/2023";"07:13:00";"97";"Acidente c";"392";"BR-101/RJ";"Pista Sul";"Colisão traseira";0;1;0;0;0;0;0;0;1;0;1;0;1;0;0
"14/08/2023";"07:25:00";"103";"Acidente c";"158.3";"BR-116/SP";"Pista Norte";"Colisão traseira";0;0;0;0;0;0;1;0;0;1;2;1;0;0;0
"14/08/2023";"09:00:00";"148";"Acidente c";"228";"BR-116/RJ";"Pista Norte";"Choque Talude";0;0;0;0;0;0;0;0;1;0;1;1;0;0;0
"14/08/2023";"10:39:00";"197";"Acidente c";"230.2";"BR-116/SP";"Pista Sul";"Colisão traseira";0;1;0;0;0;0;0;0;1;0;1;1;0;0;0
"14/08/2023";"10:40:00";"199";"Acidente c";"442.8";"BR-101/RJ";"Pista Sul";"Colisão frontal";0;0;0;1;0;0;0;0;1;0;42;3;0;0;2
"14/08/2023";"01:03:00";"242";"Acidente s";"224.3";"BR-116/SP";"Pista Sul";"Colisão traseira";0;0;0;0;0;0;0;0;2;0;2;0;0;0;0
"14/08/2023";"01:54:00";"262";"Acidente s";"524";"BR-101/RJ";"Pista Norte";"Choque em objeto fixo";0;0;0;0;0;0;0;0;1;0;1;0;0;0;0
"14/08/2023";"01:57:00";"265";"Acidente s";"480";"BR-101/RJ";"Pista Sul";"Choque em objeto fixo";0;0;0;0;0;0;0;0;1;0;1;0;0;0;0
"14/08/2023";"02:17:00";"273";"Acidente c";"484";"BR-101/RJ";"Pista Sul";"Engavetamento";0;2;0;0;0;0;0;0;1;0;2;2;0;0;0
"14/08/2023";"03:53:00";"318";"Acidente s";"51.35";"BR-116/SP";"Pista Norte";"Choque em objeto na pista";1;0;0;0;0;0;0;0;0;0;0;0;0;0;0
"14/08/2023";"04:11:00";"324";"Acidente c";"522";"BR-101/RJ";"Pista Norte";"Choque em objeto fixo";0;0;0;0;0;0;0;0;1;0;0;3;0;0;0
"14/08/2023";"06:20:00";"381";"Acidente c";"50.8";"BR-116/SP";"Pista Norte";"Colisão traseira";1;0;0;0;0;0;0;0;1;0;2;0;2;0;0
"14/08/2023";"06:34:00";"388";"Acidente c";"221.6";"BR-116/SP";"Pista Sul";"Abalroamento longitudinal";0;1;0;0;0;0;0;0;1;0;2;1;0;0;0
"14/08/2023";"06:37:00";"390";"Acidente c";"148";"BR-116/SP";"Pista Norte";"Colisão traseira";0;1;0;0;0;0;0;0;1;0;2;1;0;0;0
"14/08/2023";"11:00:00";"483";"Acidente s";"221.9";"BR-116/RJ";"Pista Sul";"Choque em objeto na pista";1;0;0;0;0;0;0;0;1;0;2;0;0;0;0
"15/08/2023";"01:48:00";"31";"Acidente s";"74.2";"BR-116/SP";"Pista Norte";"Abalroamento longitudinal";0;0;0;0;0;0;0;0;1;1;2;0;0;0;0
"15/08/2023";"04:34:00";"53";"Acidente s";"452";"BR-101/RJ";"Pista Sul";"Choque em objeto fixo";1;0;0;0;0;0;0;0;0;0;2;0;0;0;0
"15/08/2023";"06:22:00";"80";"Acidente s";"231";"BR-116/SP";"Pista Norte";"Abalroamento longitudinal";1;0;0;0;0;0;0;0;1;0;2;0;0;0;0
"15/08/2023";"07:36:00";"140";"Acidente s";"26.5";"BR-116/SP";"Pista Sul";"Colisão traseira";1;0;0;0;0;0;0;0;1;0;2;0;0;0;0
"15/08/2023";"08:56:00";"200";"Atropelame";"486";"BR-101/RJ";"Pista Sul";"Atropelamento de pedestre atravessando";0;0;0;0;0;0;0;0;1;0;1;0;0;1;0
"15/08/2023";"12:02:00";"302";"Acidente s";"228.9";"BR-116/SP";"Pista Sul";"Abalroamento longitudinal";1;0;0;0;0;0;1;0;0;0;3;0;0;0;0
"15/08/2023";"01:26:00";"341";"Acidente s";"45.8";"BR-101/SP";"Pista Norte";"Abalroamento longitudinal";0;0;0;0;0;0;0;0;1;1;3;0;0;0;0
"15/08/2023";"03:20:00";"376";"Acidente s";"224.1";"BR-116/SP";"Pista Norte";"Colisão traseira";1;0;0;1;0;0;0;0;0;0;46;0;0;0;0
"15/08/2023";"03:55:00";"395";"Acidente c";"107.15";"BR-116/SP";"Pista Sul";"Colisão traseira";2;0;0;0;0;0;0;0;0;0;1;0;1;0;0
"15/08/2023";"08:44:00";"513";"Acidente s";"528.65";"BR-101/RJ";"Pista Norte";"Choque em objeto fixo";0;0;0;0;0;0;0;0;1;0;5;0;0;0;0
"16/08/2023";"03:00:00";"32";"Acidente s";"232.3";"BR-116/RJ";"Pista Norte";"Tombamento";1;0;0;0;0;0;0;0;0;0;1;0;0;0;0
"16/08/2023";"05:17:00";"54";"Atropelame";"210.6";"BR-116/SP";"Pista Norte";"Atropelamento de pedestre atravessando";0;0;1;0;0;0;0;0;1;0;1;1;0;0;0
"16/08/2023";"06:00:00";"60";"Acidente s";"476";"BR-101/RJ";"Pista Sul";"Choque em objeto fixo";0;0;0;0;0;0;0;0;1;0;2;0;0;0;0
"16/08/2023";"08:07:00";"139";"Acidente c";"336.8";"BR-116/RJ";"Pista Sul";"Queda de moto";0;1;0;0;0;0;0;0;0;0;0;2;0;0;0
"16/08/2023";"08:50:00";"173";"Acidente s";"247.2";"BR-116/RJ";"Pista Norte";"Colisão traseira";1;0;0;0;0;0;0;0;1;0;5;0;0;0;0
"16/08/2023";"09:17:00";"193";"Acidente s";"227.8";"BR-116/SP";"Pista Sul";"Engavetamento";0;2;0;0;0;0;0;0;1;0;3;0;0;0;0
"16/08/2023";"11:51:00";"279";"Acidente s";"77.9";"BR-116/SP";"Pista Sul";"Atropelamento de animal";0;0;0;0;0;0;0;0;1;0;1;0;0;0;0
"16/08/2023";"01:27:00";"329";"Acidente c";"290";"BR-116/RJ";"Pista Norte";"Choque em defensa";2;0;0;0;0;0;0;0;1;0;2;0;2;0;0
"16/08/2023";"02:15:00";"358";"Acidente c";"154.7";"BR-116/SP";"Pista Sul";"Abalroamento longitudinal";0;1;0;0;0;0;0;0;0;1;1;1;0;0;0
"16/08/2023";"05:02:00";"439";"Acidente s";"388";"BR-101/RJ";"Pista Norte";"Colisão traseira";0;0;0;0;0;0;0;0;2;0;2;0;0;0;0
"16/08/2023";"05:30:00";"450";"Acidente s";"213";"BR-116/SP";"Pista Norte";"Colisão traseira";0;0;0;0;0;0;0;0;2;0;2;0;0;0;0
"16/08/2023";"08:43:00";"547";"Acidente s";"30";"BR-116/SP";"Pista Sul";"Colisão traseira";2;0;0;0;0;0;0;0;0;0;2;0;0;0;0
"16/08/2023";"09:12:00";"555";"Acidente s";"539.3";"BR-101/RJ";"Pista Norte";"Choque em objeto fixo";0;0;0;0;0;0;0;0;1;0;1;0;0;0;0
"16/08/2023";"09:53:00";"569";"Acidente s";"226.2";"BR-116/SP";"Pista Sul";"Colisão traseira";1;0;0;0;0;0;0;0;0;1;2;0;0;0;0
"16/08/2023";"11:32:00";"601";"Acidente c";"144.65";"BR-116/SP";"Pista Sul";"Abalroamento longitudinal";1;0;0;0;0;0;0;0;1;0;1;0;0;1;0
"17/08/2023";"04:33:00";"51";"Acidente c";"308.8";"BR-116/RJ";"Pista Sul";"Atropelamento de animal";0;0;0;0;0;0;0;0;2;0;0;1;0;0;0
"17/08/2023";"07:35:00";"123";"Acidente s";"331";"BR-116/RJ";"Pista Norte";"Tombamento";1;0;0;0;0;0;0;0;0;0;0;0;0;0;0
"17/08/2023";"07:57:00";"137";"Acidente s";"209.5";"BR-116/SP";"Pista Norte";"Colisão traseira";0;0;0;0;0;0;0;0;2;0;2;0;0;0;0
"17/08/2023";"08:01:00";"138";"Acidente c";"263";"BR-116/RJ";"Pista Norte";"Colisão traseira";1;0;0;0;0;0;0;0;0;1;1;1;0;0;0
"17/08/2023";"08:40:00";"162";"Acidente c";"113";"BR-116/SP";"Pista Sul";"Queda de moto";0;1;0;0;0;0;0;0;0;0;0;1;0;0;0
"17/08/2023";"08:43:00";"166";"Acidente s";"205.6";"BR-116/SP";"Pista Sul";"Engavetamento";0;0;0;0;0;0;0;0;4;0;4;0;0;0;0
"17/08/2023";"09:04:00";"176";"Acidente c";"481.5";"BR-101/RJ";"Pista Sul";"Queda de moto";0;1;0;0;0;0;0;0;0;0;0;1;0;0;0
"17/08/2023";"11:28:00";"234";"Acidente s";"229.8";"BR-116/SP";"Pista Sul";"Engavetamento";0;0;0;0;0;0;0;0;3;0;7;0;0;0;0
"17/08/2023";"01:20:00";"279";"Acidente s";"127.8";"BR-116/SP";"Pista Norte";"Choque em defensa";0;0;0;0;0;0;0;0;1;0;0;0;0;0;0
"17/08/2023";"02:54:00";"326";"Acidente s";"155.2";"BR-116/SP";"Pista Sul";"Engavetamento";0;0;0;0;0;0;0;0;1;2;3;0;0;0;0
"17/08/2023";"04:49:00";"379";"Acidente c";"174.6";"BR-116/SP";"Pista Norte";"Capotamento";0;0;0;0;0;0;0;0;1;0;1;1;0;0;0
"17/08/2023";"05:56:00";"415";"Acidente c";"153.8";"BR-116/SP";"Pista Sul";"Abalroamento longitudinal";0;1;0;0;0;0;0;0;1;0;1;1;0;0;0
"17/08/2023";"06:14:00";"429";"Acidente c";"75";"BR-116/SP";"Pista Sul";"Queda de moto";0;1;0;0;0;0;0;0;0;0;0;1;0;0;0
"17/08/2023";"07:55:00";"473";"Acidente c";"108.7";"BR-116/SP";"Pista Sul";"Abalroamento longitudinal";0;1;0;0;0;0;0;0;0;1;1;2;0;0;0
"17/08/2023";"08:47:00";"500";"Acidente c";"160.15";"BR-116/SP";"Pista Sul";"Tombamento";1;0;0;0;0;0;0;0;0;0;0;0;0;1;0
"17/08/2023";"10:14:00";"522";"Acidente s";"217.2";"BR-116/SP";"Pista Sul";"Colisão traseira";0;0;0;0;0;0;0;0;1;1;3;0;0;0;0
"18/08/2023";"12:41:00";"27";"Acidente s";"59.2";"BR-116/SP";"Pista Norte";"Abalroamento longitudinal";2;0;0;0;0;0;0;0;0;0;2;0;0;0;0
"18/08/2023";"05:29:00";"75";"Acidente c";"56.6";"BR-116/SP";"Pista Sul";"Atropelamento de animal";1;0;0;0;0;0;0;0;0;0;0;1;0;0;0
"18/08/2023";"06:43:00";"106";"Acidente c";"227.3";"BR-116/SP";"Pista Sul";"Queda de moto";0;1;0;0;0;0;0;0;0;1;1;1;0;0;0
"18/08/2023";"06:59:00";"117";"Atropelame";"278.9";"BR-116/RJ";"Pista Sul";"Atropelamento de pedestre caminhando";1;0;0;0;0;0;0;0;0;0;2;0;0;0;1
"18/08/2023";"07:19:00";"128";"Acidente s";"318";"BR-116/RJ";"Pista Norte";"Engavetamento";0;0;0;0;0;0;0;0;3;0;6;0;0;0;0
"18/08/2023";"07:50:00";"152";"Acidente s";"147.1";"BR-116/SP";"Pista Norte";"Engavetamento";0;0;0;0;0;0;0;0;2;1;1;0;0;0;0
"18/08/2023";"08:16:00";"166";"Acidente s";"211.2";"BR-116/SP";"Pista Sul";"Colisão traseira";0;0;0;0;0;0;0;0;2;0;2;0;0;0;0
"18/08/2023";"08:24:00";"173";"Acidente c";"222.8";"BR-116/SP";"Pista Sul";"Queda de moto";0;1;0;0;0;0;0;0;0;0;0;1;0;0;0
"18/08/2023";"09:14:00";"206";"Acidente c";"280";"BR-116/RJ";"Pista Sul";"Colisão traseira";0;1;0;0;0;0;0;0;1;0;1;0;1;0;0
"18/08/2023";"09:21:00";"208";"Acidente c";"207";"BR-116/SP";"Pista Sul";"Abalroamento longitudinal";0;1;0;0;0;0;0;0;1;0;4;1;0;0;0
"18/08/2023";"09:23:00";"211";"Acidente c";"275";"BR-116/RJ";"Pista Sul";"Abalroamento longitudinal";1;0;0;0;0;0;0;0;1;0;1;3;0;0;0
"18/08/2023";"10:47:00";"256";"Acidente s";"154.9";"BR-116/SP";"Pista Sul";"Engavetamento";0;0;0;1;0;0;0;0;2;0;16;0;0;0;0
"18/08/2023";"10:48:00";"259";"Acidente s";"250";"BR-116/RJ";"Pista Norte";"Colisão traseira";0;0;0;0;0;0;0;0;1;1;1;0;0;0;0
"18/08/2023";"11:12:00";"265";"Acidente s";"273";"BR-116/RJ";"Pista Sul";"Abalroamento longitudinal";0;0;0;0;0;0;1;0;1;0;4;0;0;0;0
"18/08/2023";"12:18:00";"290";"Acidente s";"228.5";"BR-116/SP";"Pista Norte";"Colisão traseira";0;0;0;0;0;0;0;0;2;0;0;0;0;0;0
"18/08/2023";"12:30:00";"295";"Acidente s";"11.2";"BR-101/SP";"Pista Sul";"Abalroamento longitudinal";0;0;0;0;0;0;0;0;2;0;4;0;0;0;0
"18/08/2023";"12:34:00";"296";"Acidente c";"271";"BR-116/RJ";"Pista Sul";"Abalroamento longitudinal";0;1;0;0;0;0;0;0;1;0;1;1;0;0;0
"18/08/2023";"01:06:00";"310";"Acidente s";"291";"BR-116/RJ";"Pista Sul";"Abalroamento longitudinal";1;0;0;0;0;0;0;0;1;0;0;0;0;0;0
"18/08/2023";"02:02:00";"337";"Acidente s";"77";"BR-116/SP";"Pista Norte";"Abalroamento longitudinal";0;0;0;0;0;0;0;0;2;0;0;0;0;0;0
"18/08/2023";"02:17:00";"348";"Acidente s";"93.6";"BR-116/SP";"Pista Norte";"Abalroamento longitudinal";0;2;0;0;0;0;0;0;0;0;0;0;0;0;0
"18/08/2023";"02:32:00";"355";"Acidente s";"416";"BR-101/RJ";"Pista Sul";"Abalroamento longitudinal";0;0;0;0;0;0;0;0;2;0;2;0;0;0;0
"18/08/2023";"02:34:00";"357";"Acidente s";"229";"BR-116/SP";"Pista Sul";"Engavetamento";0;0;0;0;0;0;1;0;2;0;3;0;0;0;0
"18/08/2023";"03:03:00";"370";"Acidente c";"112.1";"BR-116/SP";"Pista Sul";"Engavetamento";0;1;0;0;0;0;0;0;1;1;1;1;0;0;0
"18/08/2023";"03:08:00";"371";"Acidente s";"117";"BR-116/SP";"Pista Norte";"Engavetamento";2;0;0;0;0;0;1;0;0;0;0;0;0;0;0
"18/08/2023";"03:25:00";"377";"Acidente c";"476.8";"BR-101/RJ";"Pista Norte";"Colisão frontal";0;2;0;0;0;0;0;0;0;0;0;0;3;0;0
"18/08/2023";"03:36:00";"381";"Acidente c";"226.1";"BR-116/SP";"Pista Sul";"Abalroamento longitudinal";0;1;0;0;0;0;0;0;0;1;1;1;0;0;0
"18/08/2023";"03:48:00";"390";"Acidente s";"389";"BR-101/RJ";"Pista Sul";"Choque em objeto na pista";0;0;0;0;0;0;0;0;1;0;3;0;0;0;0
"18/08/2023";"04:49:00";"417";"Acidente c";"71.3";"BR-116/SP";"Pista Norte";"Abalroamento longitudinal";0;1;0;0;0;0;0;0;2;0;3;1;0;0;0
"18/08/2023";"05:22:00";"434";"Acidente c";"142";"BR-116/SP";"Pista Norte";"Engavetamento";0;0;0;0;0;0;0;0;4;1;7;1;1;0;0
"18/08/2023";"05:32:00";"437";"Acidente c";"104.8";"BR-116/SP";"Pista Sul";"Abalroamento longitudinal";0;1;0;0;0;0;0;0;1;0;1;1;0;0;0
"18/08/2023";"06:25:00";"475";"Acidente c";"105";"BR-116/SP";"Pista Sul";"Engavetamento";0;0;0;0;0;0;0;0;3;0;3;0;1;0;0
"18/08/2023";"06:28:00";"480";"Atropelame";"243";"BR-116/RJ";"Pista Norte";"Atropelamento de pedestre caminhando";0;1;0;0;0;0;0;0;0;0;1;0;1;0;0
"18/08/2023";"09:11:00";"556";"Acidente s";"563";"BR-101/RJ";"Pista Norte";"Choque em objeto fixo";0;0;0;0;0;0;0;0;1;0;1;0;0;0;0
"18/08/2023";"10:48:00";"578";"Acidente c";"186.1";"BR-116/SP";"Pista Norte";"Choque em defensa";0;0;0;0;0;0;0;0;1;0;3;1;0;0;0
"19/08/2023";"12:00:00";"17";"Acidente s";"520";"BR-101/RJ";"Pista Norte";"Choque em objeto fixo";1;0;0;0;0;0;0;0;0;0;1;0;0;0;0
"19/08/2023";"12:13:00";"19";"Acidente s";"310.5";"BR-116/RJ";"Pista Sul";"Atropelamento de animal";0;0;0;0;0;0;0;0;1;0;1;0;0;0;0
"19/08/2023";"02:54:00";"61";"Acidente s";"145.4";"BR-116/SP";"Pista Norte";"Choque em objeto fixo";0;0;0;0;0;0;0;0;1;0;1;0;0;0;0
"19/08/2023";"06:58:00";"118";"Acidente s";"218.1";"BR-116/SP";"Pista Norte";"Abalroamento longitudinal";0;0;0;0;0;0;0;0;2;0;5;0;0;0;0
"19/08/2023";"07:40:00";"148";"Acidente s";"143.6";"BR-116/SP";"Pista Norte";"Colisão traseira";0;0;0;0;0;0;0;0;1;1;3;0;0;0;0
"19/08/2023";"08:36:00";"182";"Acidente c";"149.1";"BR-116/SP";"Pista Norte";"Colisão traseira";0;2;0;0;0;0;0;0;0;0;1;1;0;0;0
"19/08/2023";"08:39:00";"183";"Acidente s";"225.9";"BR-116/SP";"Pista Norte";"Colisão traseira";0;0;0;0;0;0;0;0;1;1;3;0;0;0;0
"19/08/2023";"08:52:00";"190";"Acidente c";"149.2";"BR-116/SP";"Pista Norte";"Engavetamento";0;0;0;0;0;0;0;0;3;0;9;2;1;0;0
"19/08/2023";"09:30:00";"215";"Acidente s";"72.2";"BR-116/SP";"Pista Norte";"Queda de ribanceira";1;0;0;0;0;0;0;0;0;0;1;0;0;0;0
"19/08/2023";"11:24:00";"286";"Acidente s";"216.7";"BR-116/RJ";"Pista Sul";"Engavetamento";0;0;0;0;0;0;0;0;3;0;3;0;0;0;0
"19/08/2023";"12:34:00";"324";"Acidente s";"129.3";"BR-116/SP";"Pista Norte";"Queda de moto";0;1;0;0;0;0;0;0;0;0;2;0;0;0;0
"19/08/2023";"12:47:00";"327";"Acidente c";"43.1";"BR-101/SP";"Pista Norte";"Colisão frontal";0;0;0;0;0;0;0;0;2;0;3;1;0;0;0
"19/08/2023";"01:59:00";"366";"Acidente c";"52.6";"BR-116/SP";"Pista Norte";"Queda de moto";0;1;0;0;0;0;0;0;0;0;0;1;1;0;0
"19/08/2023";"03:10:00";"416";"Acidente c";"114";"BR-116/SP";"Pista Sul";"Abalroamento longitudinal";1;0;0;0;0;0;0;0;1;0;2;2;0;0;0
"19/08/2023";"03:11:00";"417";"Acidente s";"144.55";"BR-116/SP";"Pista Sul";"Colisão traseira";0;0;0;0;0;0;0;0;2;0;6;0;0;0;0
"19/08/2023";"03:35:00";"425";"Acidente s";"277";"BR-116/RJ";"Pista Norte";"Abalroamento longitudinal";0;0;0;0;0;0;0;0;2;0;7;0;0;0;0
"19/08/2023";"05:48:00";"484";"Acidente s";"212.9";"BR-116/SP";"Pista Norte";"Queda de moto";0;1;0;0;0;0;0;0;0;0;2;0;0;0;0
"19/08/2023";"07:31:00";"532";"Acidente s";"389.85";"BR-101/RJ";"Pista Norte";"Choque em defensa";1;0;0;0;0;0;0;0;0;0;1;0;0;0;0
"19/08/2023";"07:54:00";"538";"Acidente s";"486";"BR-101/RJ";"Pista Sul";"Colisão traseira";0;0;0;0;0;1;0;0;1;0;3;0;0;0;0
"19/08/2023";"09:39:00";"573";"Acidente c";"327.5";"BR-116/RJ";"Pista Sul";"Choque em barreira New Jersey";0;0;0;0;0;0;0;0;1;0;0;1;0;0;0