data;horario;n_da_ocorrencia;tipo_de_ocorrencia;km;trecho;sentido;tipo_de_acidente;automovel;bicicleta;caminhao;moto;onibus;outros;tracao_animal;transporte_de_cargas_especiais;trator_maquinas;utilitarios;ilesos;levemente_feridos;moderadamente_feridos;gravemente_feridos;mortos
"19/08/2023";"10:56:00";"587";"Acidente c";"506.4";"BR-101/RJ";"Pista Sul";"Queda de moto";0;1;0;0;0;0;0;0;1;0;1;0;0;1;0
"19/08/2023";"11:29:00";"594";"Acidente s";"480.6";"BR-101/RJ";"Pista Sul";"Capotamento";0;0;0;0;0;0;0;0;1;0;1;0;0;0;0
"20/08/2023";"12:39:00";"24";"Acidente s";"38";"BR-116/SP";"Pista Sul";"Choque em barreira New Jersey";0;0;0;0;0;0;0;0;1;0;2;0;0;0;0
"20/08/2023";"12:59:00";"28";"Acidente s";"114.4";"BR-116/SP";"Pista Sul";"Capotamento";0;0;0;0;0;0;0;0;2;0;2;0;0;0;0
"20/08/2023";"01:35:00";"33";"Acidente c";"229.8";"BR-116/SP";"Pista Norte";"Capotamento";0;0;0;0;0;0;0;0;2;0;1;1;0;0;0
"20/08/2023";"02:33:00";"44";"Atropelame";"393.7";"BR-101/RJ";"Pista Sul";"Atropelamento de pedestre caminhando";0;0;0;0;0;0;0;0;1;0;1;1;0;0;1
"20/08/2023";"03:44:00";"52";"Acidente s";"217.6";"BR-116/SP";"Pista Norte";"Abalroamento longitudinal";0;0;0;1;0;0;0;0;1;0;53;0;0;0;0
"20/08/2023";"05:30:00";"70";"Acidente s";"391.6";"BR-101/RJ";"Pista Sul";"Choque em barreira New Jersey";0;0;0;0;0;0;0;0;1;0;2;0;0;0;0
"20/08/2023";"08:08:00";"114";"Acidente c";"228.8";"BR-116/SP";"Pista Norte";"Abalroamento longitudinal";0;1;0;0;0;0;0;0;1;0;2;1;0;0;0
"20/08/2023";"09:26:00";"153";"Acidente c";"98.7";"BR-116/SP";"Pista Norte";"Queda de moto";0;1;0;0;0;0;0;0;0;0;0;1;0;0;0
"20/08/2023";"10:43:00";"184";"Atropelame";"244.8";"BR-116/RJ";"Pista Sul";"Atropelamento de pedestre atravessando";0;0;0;0;0;0;0;0;0;1;1;0;1;0;0
"20/08/2023";"12:09:00";"216";"Acidente s";"253";"BR-116/RJ";"Pista Sul";"Colisão traseira";0;0;0;0;0;0;0;0;2;0;7;0;0;0;0
"20/08/2023";"01:00:00";"245";"Acidente s";"255.4";"BR-116/RJ";"Pista Norte";"Choque em defensa";0;0;0;0;0;0;0;0;1;0;1;0;0;0;0
"20/08/2023";"01:05:00";"246";"Acidente c";"154";"BR-116/SP";"Pista Sul";"Colisão traseira";0;1;0;0;0;0;0;0;1;0;2;2;0;0;0
"20/08/2023";"01:39:00";"259";"Acidente s";"279.3";"BR-116/RJ";"Pista Sul";"Choque em objeto fixo";0;0;0;0;0;0;0;0;1;0;3;0;0;0;0
"20/08/2023";"01:45:00";"261";"Acidente s";"106.5";"BR-116/SP";"Pista Sul";"Abalroamento longitudinal";0;0;0;0;0;0;0;0;1;1;3;0;0;0;0
"20/08/2023";"03:57:00";"317";"Acidente s";"101";"BR-116/SP";"Pista Sul";"Colisão traseira";0;1;0;0;0;0;0;0;1;0;2;0;0;0;0
"20/08/2023";"04:30:00";"335";"Acidente c";"215.4";"BR-116/SP";"Pista Norte";"Abalroamento longitudinal";0;1;0;0;0;0;0;0;0;1;2;0;1;0;0
"20/08/2023";"05:55:00";"383";"Acidente s";"395";"BR-101/RJ";"Pista Sul";"Colisão traseira";0;0;0;0;0;0;0;0;2;0;5;0;0;0;0
"20/08/2023";"06:37:00";"409";"Acidente s";"198.65";"BR-116/SP";"Pista Norte";"Queda de moto";0;1;0;0;0;0;0;0;0;0;1;0;0;0;0
"20/08/2023";"08:35:00";"451";"Acidente s";"405.1";"BR-101/RJ";"Pista Norte";"Atropelamento de animal";0;0;0;0;0;0;0;0;1;0;1;0;0;0;0
"20/08/2023";"09:17:00";"466";"Acidente s";"218.8";"BR-116/SP";"Pista Sul";"Colisão traseira";0;0;0;0;0;0;0;0;1;1;2;0;0;0;0
"20/08/2023";"09:28:00";"471";"Acidente s";"207.2";"BR-116/SP";"Pista Sul";"Colisão traseira";0;0;0;0;0;0;0;0;2;0;5;0;0;0;0
"20/08/2023";"10:27:00";"488";"Acidente s";"223";"BR-116/SP";"Pista Norte";"Queda de ribanceira";0;0;0;0;0;0;0;0;1;0;1;0;0;0;0
"20/08/2023";"11:47:00";"503";"Acidente c";"230.8";"BR-116/SP";"Pista Sul";"Colisão traseira";0;0;0;0;0;0;0;0;2;0;0;4;0;0;0
"21/08/2023";"02:10:00";"28";"Acidente s";"215.7";"BR-116/SP";"Pista Sul";"Choque em barreira New Jersey";0;0;0;0;0;0;0;0;1;0;1;0;0;0;0
"21/08/2023";"02:15:00";"29";"Acidente c";"105.1";"BR-116/SP";"Pista Sul";"Choque em objeto fixo";0;0;0;0;0;0;0;0;1;0;0;1;0;0;0
"21/08/2023";"04:25:00";"43";"Acidente s";"88.1";"BR-116/SP";"Pista Sul";"Atropelamento de animal";0;0;0;0;0;0;0;0;2;0;7;0;0;0;0
"21/08/2023";"05:27:00";"53";"Acidente s";"230";"BR-116/RJ";"Pista Norte";"Abalroamento longitudinal";1;0;0;0;0;0;0;0;0;1;2;0;0;0;0
"21/08/2023";"05:57:00";"60";"Acidente s";"472";"BR-101/RJ";"Pista Sul";"Queda de moto";0;1;0;0;0;0;0;0;0;0;1;0;0;0;0
"21/08/2023";"07:21:00";"119";"Acidente c";"220";"BR-116/SP";"Pista Sul";"Abalroamento longitudinal";0;1;0;0;0;0;0;0;1;0;1;1;0;0;0
"21/08/2023";"07:59:00";"148";"Acidente s";"142.5";"BR-116/SP";"Pista Norte";"Engavetamento";0;0;0;0;0;1;0;0;3;0;4;0;0;0;0
"21/08/2023";"08:26:00";"167";"Acidente c";"528";"BR-101/RJ";"Pista Sul";"Abalroamento longitudinal";0;1;0;0;0;0;0;0;1;0;1;1;0;0;0
"21/08/2023";"09:06:00";"194";"Acidente s";"221.8";"BR-116/SP";"Pista Sul";"Abalroamento longitudinal";0;0;0;0;0;0;0;0;1;1;2;0;0;0;0
"21/08/2023";"09:20:00";"212";"Acidente s";"154.2";"BR-116/SP";"Pista Sul";"Engavetamento";1;0;0;0;0;0;0;0;2;0;4;0;0;0;0
"21/08/2023";"10:07:00";"240";"Acidente c";"71";"BR-116/SP";"Pista Sul";"Abalroamento longitudinal";1;1;0;0;0;0;0;0;0;0;1;1;0;0;0
"21/08/2023";"11:40:00";"301";"Acidente s";"134.9";"BR-116/SP";"Pista Norte";"Colisão traseira";0;0;0;0;0;0;0;0;1;1;2;0;0;0;0
"21/08/2023";"01:12:00";"344";"Acidente c";"201";"BR-116/SP";"Pista Norte";"Queda de moto";0;1;0;0;0;0;0;0;0;0;0;0;1;0;0
"21/08/2023";"01:14:00";"346";"Acidente s";"7.7";"BR-116/SP";"Pista Norte";"Colisão traseira";0;0;0;0;0;0;1;0;1;0;0;0;0;0;0
"21/08/2023";"01:45:00";"359";"Acidente s";"115.3";"BR-116/SP";"Pista Norte";"Colisão traseira";1;0;0;0;0;0;0;0;1;0;2;0;0;0;0
"21/08/2023";"02:44:00";"395";"Acidente c";"45.8";"BR-116/SP";"Pista Norte";"Queda de moto";0;1;0;0;0;0;0;0;0;0;0;0;1;0;0
"21/08/2023";"03:08:00";"410";"Acidente s";"98.8";"BR-116/SP";"Pista Sul";"Tombamento";1;0;0;0;0;0;0;0;0;0;1;0;0;0;0
"21/08/2023";"03:13:00";"414";"Acidente s";"5.6";"BR-116/SP";"Pista Sul";"Choque em objeto fixo";0;0;0;0;0;0;0;0;1;0;3;0;0;0;0
"21/08/2023";"04:31:00";"451";"Acidente s";"302.8";"BR-116/RJ";"Pista Sul";"Engavetamento";1;0;0;0;0;0;0;0;1;1;3;0;0;0;0
"21/08/2023";"05:09:00";"462";"Acidente c";"223";"BR-116/SP";"Pista Sul";"Abalroamento longitudinal";0;1;0;0;0;0;0;0;0;1;1;1;0;0;0
"21/08/2023";"06:01:00";"494";"Acidente c";"142.4";"BR-116/SP";"Pista Norte";"Queda de moto";0;1;0;0;0;0;0;0;0;0;0;1;0;0;0
"21/08/2023";"06:12:00";"499";"Acidente s";"296";"BR-116/RJ";"Pista Norte";"Colisão traseira";2;0;0;0;0;0;0;0;0;0;2;0;0;0;0
"21/08/2023";"06:17:00";"500";"Acidente s";"148.7";"BR-116/SP";"Pista Norte";"Colisão traseira";0;0;0;0;0;0;0;0;2;0;2;0;0;0;0
"21/08/2023";"07:51:00";"538";"Acidente c";"278.8";"BR-116/RJ";"Pista Norte";"Abalroamento longitudinal";0;0;0;0;0;0;0;0;2;0;1;0;1;0;0
"21/08/2023";"07:58:00";"541";"Acidente c";"399";"BR-101/RJ";"Pista Sul";"Queda de moto";0;1;0;0;0;0;0;0;0;0;0;1;1;0;0
"21/08/2023";"10:45:00";"587";"Acidente c";"148.55";"BR-116/SP";"Pista Norte";"Queda de moto";0;1;0;0;0;0;0;0;0;0;0;1;1;0;0
"21/08/2023";"11:13:00";"593";"Acidente c";"142.3";"BR-116/SP";"Pista Sul";"Engavetamento";1;0;0;0;0;0;0;0;2;0;2;0;1;0;0
"22/08/2023";"05:19:00";"63";"Acidente c";"258.5";"BR-116/RJ";"Pista Norte";"Colisão traseira";2;0;0;0;0;0;0;0;0;0;0;2;0;0;0
"22/08/2023";"07:04:00";"108";"Acidente c";"284.7";"BR-116/RJ";"Pista Sul";"Abalroamento longitudinal";1;0;0;0;0;0;0;0;1;0;1;1;0;0;0
"22/08/2023";"07:14:00";"114";"Acidente c";"112.8";"BR-116/SP";"Pista Sul";"Colisão traseira";0;0;0;0;0;0;0;0;1;1;1;0;1;0;0
"22/08/2023";"07:40:00";"130";"Acidente s";"111.6";"BR-116/SP";"Pista Sul";"Colisão traseira";2;0;0;0;0;0;0;0;0;0;2;0;0;0;0
"22/08/2023";"07:43:00";"133";"Acidente s";"221";"BR-116/SP";"Pista Norte";"Engavetamento";0;0;0;0;0;0;0;0;2;1;3;0;0;0;0
"22/08/2023";"07:47:00";"134";"Acidente s";"155.1";"BR-116/SP";"Pista Sul";"Colisão traseira";0;0;0;0;0;0;0;0;2;0;2;0;0;0;0
"22/08/2023";"07:56:00";"142";"Acidente s";"112.5";"BR-116/SP";"Pista Sul";"Colisão traseira";1;0;0;0;0;0;0;0;1;0;3;0;0;0;0
"22/08/2023";"10:12:00";"223";"Acidente s";"157.6";"BR-116/SP";"Pista Sul";"Engavetamento";0;0;0;0;0;0;0;0;3;0;3;0;0;0;0
"22/08/2023";"01:53:00";"312";"Acidente c";"479";"BR-101/RJ";"Pista Norte";"Queda de moto";0;1;0;0;0;0;0;0;0;0;0;2;0;0;0
"22/08/2023";"03:47:00";"367";"Acidente s";"124.1";"BR-116/SP";"Pista Norte";"Colisão traseira";0;0;0;0;0;0;0;0;1;1;3;0;0;0;0
"22/08/2023";"06:37:00";"448";"Atropelame";"34.7";"BR-101/SP";"Pista Norte";"Atropelamento de pedestre atravessando";1;0;0;0;0;0;0;0;0;0;2;0;0;0;1
"22/08/2023";"09:10:00";"507";"Acidente s";"403";"BR-101/RJ";"Pista Sul";"Choque em barreira New Jersey";0;0;0;0;0;0;0;0;1;0;1;0;0;0;0
"22/08/2023";"09:37:00";"513";"Acidente c";"208";"BR-116/SP";"Pista Norte";"Queda de moto";0;1;0;0;0;0;0;0;0;0;0;1;0;0;0
"23/08/2023";"12:18:00";"24";"Acidente s";"301.8";"BR-116/RJ";"Pista Sul";"Colisão traseira";2;0;0;0;0;0;0;0;0;0;2;0;0;0;0
"23/08/2023";"03:45:00";"60";"Acidente s";"279.5";"BR-116/RJ";"Pista Sul";"Choque em defensa";1;0;0;0;0;0;0;0;0;0;1;0;0;0;0
"23/08/2023";"05:27:00";"71";"Acidente c";"14";"BR-116/SP";"Pista Sul";"Atropelamento de animal";0;0;0;0;0;0;0;0;1;0;0;0;0;2;0
"23/08/2023";"06:46:00";"100";"Acidente c";"213.1";"BR-116/SP";"Pista Sul";"Queda de moto";0;1;0;0;0;0;0;0;0;0;0;2;0;0;0
"23/08/2023";"07:23:00";"130";"Acidente c";"145";"BR-116/SP";"Pista Sul";"Abalroamento longitudinal";1;1;0;0;0;0;0;0;0;1;2;1;0;0;0
"23/08/2023";"07:42:00";"142";"Acidente s";"112.7";"BR-116/SP";"Pista Norte";"Engavetamento";0;0;0;0;0;0;0;0;2;1;1;0;0;0;0
"23/08/2023";"08:03:00";"160";"Acidente c";"316.9";"BR-116/RJ";"Pista Norte";"Abalroamento longitudinal";0;1;0;0;0;0;0;0;1;0;1;1;0;0;0
"23/08/2023";"08:06:00";"162";"Acidente s";"221";"BR-116/SP";"Pista Sul";"Abalroamento longitudinal";1;0;0;1;0;0;0;0;0;0;3;0;0;0;0
"23/08/2023";"08:07:00";"164";"Acidente s";"223";"BR-116/SP";"Pista Sul";"Colisão traseira";0;0;0;0;0;0;0;0;2;0;2;0;0;0;0
"23/08/2023";"10:22:00";"236";"Acidente c";"228.8";"BR-116/SP";"Pista Sul";"Abalroamento longitudinal";1;1;0;0;0;0;0;0;0;0;1;0;1;0;0
"23/08/2023";"04:55:00";"429";"Acidente c";"113.3";"BR-116/SP";"Pista Norte";"Engavetamento";0;0;0;0;0;0;0;0;3;0;2;2;0;0;0
"23/08/2023";"05:19:00";"442";"Acidente s";"113.3";"BR-116/SP";"Pista Norte";"Colisão traseira";1;0;0;0;0;0;0;0;1;0;3;0;0;0;0
"23/08/2023";"06:40:00";"498";"Acidente s";"220";"BR-116/SP";"Pista Norte";"Abalroamento longitudinal";1;0;0;0;0;0;0;0;1;0;2;0;0;0;0
"23/08/2023";"07:00:00";"507";"Acidente c";"229";"BR-116/SP";"Pista Norte";"Abalroamento longitudinal";1;1;0;0;0;0;0;0;0;0;1;1;0;0;0
"23/08/2023";"07:13:00";"516";"Acidente s";"207";"BR-116/SP";"Pista Sul";"Engavetamento";0;0;0;0;0;0;0;0;3;0;6;0;0;0;0
"23/08/2023";"09:51:00";"575";"Acidente s";"228";"BR-116/SP";"Pista Sul";"Colisão traseira";0;0;0;0;0;0;0;0;2;0;3;0;0;0;0
"23/08/2023";"11:32:00";"599";"Acidente s";"38.4";"BR-116/SP";"Pista Norte";"Choque em barreira New Jersey";1;0;0;0;0;0;0;0;0;0;1;0;0;0;0
"24/08/2023";"12:12:00";"20";"Acidente s";"384.5";"BR-101/RJ";"Pista Norte";"Choque em objeto fixo";0;0;0;0;0;0;0;0;1;0;1;0;0;0;0
"24/08/2023";"12:34:00";"26";"Acidente c";"149.5";"BR-116/SP";"Pista Norte";"Colisão traseira";0;0;0;0;0;0;0;0;1;1;1;1;0;0;0
"24/08/2023";"01:50:00";"40";"Acidente c";"61.4";"BR-116/SP";"Pista Sul";"Choque em defensa";1;0;0;0;0;0;0;0;0;0;0;1;0;0;0
"24/08/2023";"06:27:00";"94";"Acidente s";"323.4";"BR-116/RJ";"Pista Sul";"Abalroamento longitudinal";0;0;0;0;0;0;0;0;2;0;2;0;0;0;0
"24/08/2023";"06:30:00";"96";"Acidente s";"213.9";"BR-116/SP";"Pista Sul";"Abalroamento longitudinal";1;0;0;0;0;0;0;0;1;0;5;0;0;0;0
"24/08/2023";"07:06:00";"122";"Acidente c";"219.1";"BR-116/SP";"Pista Sul";"Abalroamento longitudinal";0;1;0;0;0;0;0;0;1;0;1;1;0;0;0
"24/08/2023";"08:20:00";"194";"Acidente s";"219";"BR-116/RJ";"Pista Norte";"Colisão traseira";1;0;0;0;0;0;0;0;1;0;2;0;0;0;0
"24/08/2023";"09:50:00";"260";"Acidente s";"303";"BR-116/RJ";"Pista Norte";"Abalroamento longitudinal";1;0;0;0;0;0;0;0;1;0;2;0;0;0;0
"24/08/2023";"12:29:00";"365";"Acidente s";"221.7";"BR-116/SP";"Pista Norte";"Engavetamento";0;0;0;0;0;2;0;0;1;0;6;0;0;0;0
"24/08/2023";"02:29:00";"445";"Acidente s";"40.8";"BR-101/SP";"Pista Norte";"Choque Talude";0;0;0;0;0;0;0;0;1;0;1;0;0;0;0
"24/08/2023";"03:37:00";"483";"Acidente s";"110.3";"BR-116/SP";"Pista Norte";"Abalroamento longitudinal";0;0;0;0;0;0;0;0;2;0;2;0;0;0;0
"24/08/2023";"03:56:00";"497";"Acidente c";"508";"BR-101/RJ";"Pista Sul";"Engavetamento";0;2;1;0;0;0;0;0;1;1;2;1;1;0;0
"24/08/2023";"04:27:00";"513";"Acidente c";"225";"BR-116/SP";"Pista Norte";"Colisão traseira";0;1;0;0;0;0;0;0;0;1;2;1;0;0;0
"24/08/2023";"04:35:00";"515";"Acidente s";"229";"BR-116/SP";"Pista Norte";"Colisão traseira";1;0;0;0;0;0;1;0;0;0;2;0;0;0;0
"24/08/2023";"04:42:00";"522";"Acidente s";"192.5";"BR-116/SP";"Pista Sul";"Choque em barreira New Jersey";0;0;0;0;0;0;1;0;0;0;1;0;0;0;0
"24/08/2023";"05:09:00";"540";"Acidente c";"471.7";"BR-101/RJ";"Pista Norte";"Abalroamento longitudinal";0;1;0;0;0;0;0;0;1;0;1;1;0;0;0
"24/08/2023";"06:19:00";"579";"Acidente s";"301.5";"BR-116/RJ";"Pista Norte";"Colisão traseira";1;0;0;0;0;0;0;0;1;0;2;0;0;0;0
"24/08/2023";"06:22:00";"580";"Acidente s";"111.1";"BR-116/SP";"Pista Sul";"Choque em barreira New Jersey";0;0;0;0;0;0;0;0;1;0;1;0;0;0;0
"24/08/2023";"06:44:00";"598";"Atropelame";"310.9";"BR-116/RJ";"Pista Sul";"Atropelamento de pedestre atravessando";0;0;1;0;0;0;0;0;0;1;1;0;1;0;0
"24/08/2023";"06:51:00";"601";"Acidente s";"147.28";"BR-116/SP";"Pista Sul";"Engavetamento";0;0;0;0;0;0;0;0;2;1;4;0;0;0;0
"24/08/2023";"06:51:00";"602";"Acidente s";"320";"BR-116/RJ";"Pista Sul";"Colisão traseira";1;0;0;0;0;0;0;0;1;0;3;0;0;0;0
"24/08/2023";"07:00:00";"608";"Acidente c";"215.5";"BR-116/SP";"Pista Norte";"Abalroamento longitudinal";0;1;0;0;0;0;0;0;1;0;2;1;0;0;0
"24/08/2023";"07:01:00";"611";"Acidente c";"12.3";"BR-116/SP";"Pista Sul";"Queda de ribanceira";1;0;0;0;0;0;0;0;0;0;0;0;1;0;0
"24/08/2023";"09:35:00";"667";"Acidente c";"187.2";"BR-116/SP";"Pista Norte";"Choque em defensa";0;0;0;0;0;0;0;0;1;0;0;1;0;0;0
"24/08/2023";"10:30:00";"689";"Acidente c";"218.2";"BR-116/SP";"Pista Norte";"Queda de moto";0;1;0;0;0;0;0;0;0;0;1;1;0;0;0
"24/08/2023";"11:23:00";"706";"Acidente s";"24.4";"BR-116/SP";"Pista Norte";"Abalroamento longitudinal";0;0;0;0;0;0;0;0;1;1;1;0;0;0;0
"24/08/2023";"11:30:00";"710";"Acidente s";"215.8";"BR-116/RJ";"Pista Norte";"Colisão traseira";2;0;0;0;0;0;0;0;0;0;2;0;0;0;0
"25/08/2023";"04:25:00";"67";"Acidente s";"199";"BR-116/SP";"Pista Sul";"Colisão traseira";1;0;0;0;0;0;0;0;1;0;2;0;0;0;0
"25/08/2023";"06:26:00";"93";"Acidente c";"207";"BR-116/SP";"Pista Sul";"Colisão traseira";0;0;0;0;0;0;0;0;2;0;1;1;0;0;0
"25/08/2023";"06:57:00";"117";"Acidente s";"129";"BR-116/SP";"Pista Norte";"Abalroamento longitudinal";1;0;0;0;0;0;0;0;0;1;2;0;0;0;0
"25/08/2023";"07:59:00";"179";"Acidente s";"259.9";"BR-116/RJ";"Pista Sul";"Abalroamento longitudinal";0;0;0;0;0;0;0;0;1;1;3;0;0;0;0
"25/08/2023";"08:21:00";"202";"Acidente c";"134.45";"BR-116/SP";"Pista Sul";"Colisão traseira";0;0;0;0;0;0;0;0;3;0;2;3;0;0;0
"25/08/2023";"10:45:00";"288";"Acidente s";"582.5";"BR-101/RJ";"Pista Sul";"Abalroamento longitudinal";0;0;0;0;0;0;0;0;1;1;2;0;0;0;0
"25/08/2023";"12:19:00";"338";"Acidente s";"155.55";"BR-116/SP";"Pista Sul";"Engavetamento";3;0;0;0;0;0;0;0;0;0;4;0;0;0;0
"25/08/2023";"01:21:00";"371";"Acidente s";"312";"BR-116/RJ";"Pista Sul";"Abalroamento longitudinal";1;0;0;0;0;0;1;0;0;0;13;0;0;0;0
"25/08/2023";"01:28:00";"375";"Acidente s";"184.5";"BR-116/SP";"Pista Sul";"Choque em objeto fixo";1;0;0;0;0;0;0;0;0;0;1;0;0;0;0
"25/08/2023";"02:41:00";"419";"Acidente s";"229";"BR-116/SP";"Pista Sul";"Engavetamento";0;0;0;0;0;0;0;0;1;2;6;0;0;0;0
"25/08/2023";"04:48:00";"481";"Acidente s";"437.4";"BR-101/RJ";"Pista Sul";"Choque em objeto fixo";0;0;0;0;0;0;0;0;1;0;1;0;0;0;0
"25/08/2023";"05:09:00";"490";"Acidente s";"150.3";"BR-116/SP";"Pista Norte";"Colisão traseira";0;0;0;0;0;0;2;0;0;0;2;0;0;0;0
"25/08/2023";"05:35:00";"505";"Acidente s";"120.7";"BR-116/SP";"Pista Sul";"Choque em objeto na pista";0;0;0;0;0;0;0;0;2;0;7;0;0;0;0
"25/08/2023";"05:45:00";"508";"Acidente c";"400.6";"BR-101/RJ";"Pista Norte";"Choque em barreira New Jersey";0;0;0;1;0;0;0;0;1;0;4;0;1;0;0
"25/08/2023";"06:07:00";"527";"Acidente s";"104.75";"BR-116/SP";"Pista Sul";"Engavetamento";0;0;0;0;0;0;0;0;2;1;6;0;0;0;0
"25/08/2023";"06:25:00";"538";"Acidente c";"418";"BR-101/RJ";"Pista Norte";"Colisão frontal";0;0;0;0;0;0;0;0;3;0;2;0;1;0;0
"25/08/2023";"06:27:00";"539";"Acidente c";"205.1";"BR-116/SP";"Pista Sul";"Colisão traseira";1;0;0;0;0;0;0;0;1;0;1;1;0;0;0
"25/08/2023";"06:30:00";"541";"Acidente c";"486";"BR-101/RJ";"Pista Norte";"Queda de moto";0;1;0;0;0;0;0;0;0;0;0;0;1;0;0
"25/08/2023";"06:30:00";"542";"Acidente s";"73.6";"BR-116/SP";"Pista Norte";"Choque em barreira New Jersey";0;0;0;0;0;0;0;0;1;0;2;0;0;0;0
"25/08/2023";"07:05:00";"560";"Acidente s";"109.2";"BR-116/SP";"Pista Sul";"Colisão traseira";0;0;0;0;0;0;0;0;1;1;2;0;0;0;0
"25/08/2023";"09:05:00";"609";"Acidente s";"187.1";"BR-116/SP";"Pista Norte";"Choque em barreira New Jersey";0;0;0;0;0;0;0;0;1;0;1;0;0;0;0
"25/08/2023";"10:50:00";"644";"Acidente c";"308.4";"BR-116/RJ";"Pista Sul";"Colisão traseira";1;1;0;0;0;0;0;0;0;0;1;0;0;0;1
"25/08/2023";"11:13:00";"650";"Acidente c";"220";"BR-116/SP";"Pista Sul";"Choque em barreira New Jersey";1;0;0;0;0;0;0;0;0;0;0;0;1;0;0
"25/08/2023";"11:31:00";"657";"Acidente s";"214.5";"BR-116/SP";"Pista Sul";"Choque em barreira New Jersey";0;0;0;0;0;0;0;0;1;0;2;0;0;0;0
"26/08/2023";"01:11:00";"34";"Atropelame";"222.5";"BR-116/SP";"Pista Sul";"Atropelamento de pedestre caminhando";0;0;0;1;0;0;0;0;0;0;31;0;1;0;0
"26/08/2023";"01:42:00";"38";"Atropelame";"222.5";"BR-116/SP";"Pista Sul";"Atropelamento de pedestre caminhando";0;0;0;0;0;0;0;0;0;1;1;0;1;0;0
"26/08/2023";"03:01:00";"57";"Acidente s";"490";"BR-101/RJ";"Pista Sul";"Choque em objeto fixo";0;0;0;0;0;1;0;0;0;0;1;0;0;0;0
"26/08/2023";"04:22:00";"70";"Acidente s";"217.9";"BR-116/SP";"Pista Norte";"Tombamento";1;0;0;0;0;0;0;0;0;0;3;0;0;0;0
"26/08/2023";"06:04:00";"84";"Acidente c";"314";"BR-116/RJ";"Pista Norte";"Abalroamento longitudinal";0;0;0;0;0;0;0;0;2;0;1;0;1;0;0
"26/08/2023";"06:46:00";"99";"Acidente c";"71.3";"BR-116/SP";"Pista Norte";"Queda de ribanceira";0;0;0;0;0;0;0;0;1;0;0;1;0;0;0
"26/08/2023";"06:50:00";"102";"Acidente s";"275";"BR-116/RJ";"Pista Sul";"Engavetamento";1;1;0;0;0;0;0;0;1;0;5;0;0;0;0
"26/08/2023";"08:05:00";"138";"Acidente s";"26";"BR-116/SP";"Pista Sul";"Choque em objeto fixo";0;0;0;0;0;0;0;0;1;0;3;0;0;0;0
"26/08/2023";"08:18:00";"146";"Acidente s";"182.3";"BR-116/SP";"Pista Norte";"Colisão traseira";0;0;0;0;0;0;0;0;2;0;2;0;0;0;0
"26/08/2023";"08:24:00";"148";"Acidente s";"269";"BR-116/RJ";"Pista Sul";"Colisão traseira";0;0;0;0;0;0;0;0;2;0;5;0;0;0;0
"26/08/2023";"08:27:00";"149";"Acidente s";"415";"BR-101/RJ";"Pista Sul";"Capotamento";0;0;0;0;0;0;1;0;0;0;1;0;0;0;0
"26/08/2023";"08:50:00";"152";"Acidente s";"26";"BR-116/SP";"Pista Sul";"Capotamento";0;0;0;0;0;0;0;0;1;0;2;0;0;0;0
"26/08/2023";"08:56:00";"157";"Acidente c";"234";"BR-116/RJ";"Pista Norte";"Choque em barreira New Jersey";0;0;0;0;0;0;0;0;1;0;0;2;0;0;0
"26/08/2023";"08:58:00";"158";"Acidente s";"146.4";"BR-116/SP";"Pista Norte";"Colisão traseira";0;0;0;1;0;0;1;0;0;0;11;0;0;0;0
"26/08/2023";"09:16:00";"165";"Acidente s";"515";"BR-101/RJ";"Pista Sul";"Choque em objeto fixo";0;0;0;0;0;0;0;0;1;0;1;0;0;0;0
"26/08/2023";"09:44:00";"175";"Acidente s";"26";"BR-116/SP";"Pista Sul";"Choque em barreira New Jersey";0;0;0;0;0;0;0;0;1;0;0;0;0;0;0
"26/08/2023";"09:46:00";"176";"Acidente s";"235.5";"BR-116/RJ";"Pista Norte";"Choque em barreira New Jersey";0;0;0;0;0;0;0;0;1;0;2;0;0;0;0
"26/08/2023";"10:27:00";"202";"Acidente c";"246.5";"BR-116/RJ";"Pista Sul";"Choque em barreira New Jersey";0;0;0;0;0;0;0;0;1;0;0;1;0;0;0
"26/08/2023";"11:50:00";"235";"Acidente s";"225.9";"BR-116/RJ";"Pista Sul";"Choque em objeto fixo";0;0;0;0;0;0;0;0;1;0;2;0;0;0;0
"26/08/2023";"12:09:00";"241";"Acidente s";"496";"BR-101/RJ";"Pista Sul";"Choque em defensa";0;0;0;0;0;0;0;0;1;0;1;0;0;0;0
"26/08/2023";"02:33:00";"290";"Acidente s";"213";"BR-116/SP";"Pista Sul";"Colisão traseira";0;0;0;0;0;0;0;0;2;0;2;0;0;0;0
"26/08/2023";"03:30:00";"306";"Acidente s";"308";"BR-116/RJ";"Pista Norte";"Atropelamento de animal";0;0;0;0;0;0;0;0;1;0;4;0;0;0;0
"26/08/2023";"03:35:00";"308";"Acidente c";"529";"BR-101/RJ";"Pista Sul";"Capotamento";0;0;0;0;0;0;0;0;1;0;2;1;0;0;0
"26/08/2023";"04:00:00";"320";"Acidente s";"234.2";"BR-116/RJ";"Pista Norte";"Choque em defensa";0;0;0;0;0;0;0;0;1;0;5;0;0;0;0