data;horario;n_da_ocorrencia;tipo_de_ocorrencia;km;trecho;sentido;tipo_de_acidente;automovel;bicicleta;caminhao;moto;onibus;outros;tracao_animal;transporte_de_cargas_especiais;trator_maquinas;utilitarios;ilesos;levemente_feridos;moderadamente_feridos;gravemente_feridos;mortos
"09/09/2023";"10:10:00";"224";"Acidente c";"504";"BR-101/RJ";"Pista Norte";"Abalroamento longitudinal";0;0;0;0;0;0;0;0;2;0;3;0;1;0;0
"09/09/2023";"10:14:00";"227";"Acidente c";"44.9";"BR-101/SP";"Pista Norte";"Colisão traseira";0;1;0;0;0;0;0;0;1;0;2;1;0;0;0
"09/09/2023";"10:31:00";"237";"Acidente s";"119";"BR-116/SP";"Pista Norte";"Colisão traseira";0;0;0;0;0;0;0;0;1;1;1;0;0;0;0
"09/09/2023";"11:58:00";"277";"Acidente s";"1.4";"BR-101/SP";"Pista Norte";"Choque em objeto fixo";0;0;0;0;0;0;0;0;1;0;3;0;0;0;0
"09/09/2023";"12:11:00";"283";"Acidente c";"389";"BR-101/RJ";"Pista Sul";"Choque em objeto fixo";0;0;0;0;0;0;0;0;1;0;0;0;1;0;0
"09/09/2023";"12:49:00";"300";"Acidente c";"477";"BR-101/RJ";"Pista Sul";"Choque em objeto fixo";0;1;0;0;0;0;0;0;0;0;0;1;0;0;0
"09/09/2023";"01:52:00";"329";"Acidente c";"90";"BR-116/SP";"Pista Sul";"Capotamento";0;0;0;0;0;0;0;0;1;0;1;2;2;0;0
"09/09/2023";"01:54:00";"330";"Acidente s";"143";"BR-116/SP";"Pista Norte";"Engavetamento";0;0;0;0;0;0;0;0;1;1;2;0;0;0;0
"09/09/2023";"01:59:00";"332";"Acidente c";"428";"BR-101/RJ";"Pista Norte";"Abalroamento longitudinal";0;0;0;0;0;0;0;0;2;0;1;0;0;1;0
"09/09/2023";"02:35:00";"345";"Acidente c";"156.2";"BR-116/SP";"Pista Norte";"Colisão traseira";0;1;0;0;0;0;0;0;1;0;1;1;0;0;0
"09/09/2023";"04:29:00";"407";"Acidente s";"102.6";"BR-116/SP";"Pista Sul";"Colisão traseira";0;0;0;0;0;0;0;0;2;0;7;0;0;0;0
"09/09/2023";"08:20:00";"525";"Acidente c";"35";"BR-101/SP";"Pista Sul";"Colisão traseira";0;0;0;0;0;0;0;0;2;0;3;1;0;0;0
"09/09/2023";"09:04:00";"537";"Acidente c";"253.48";"BR-116/RJ";"Pista Norte";"Colisão traseira";2;0;0;0;0;0;0;0;0;0;1;0;1;0;0
"09/09/2023";"09:29:00";"544";"Acidente c";"557";"BR-101/RJ";"Pista Sul";"Colisão frontal";0;0;0;0;0;0;0;0;2;0;1;1;1;0;0
"09/09/2023";"09:54:00";"552";"Acidente s";"526";"BR-101/RJ";"Pista Norte";"Choque em objeto fixo";0;0;0;0;0;0;0;0;1;0;1;0;0;0;0
"09/09/2023";"10:03:00";"554";"Acidente s";"224.1";"BR-116/SP";"Pista Norte";"Choque em defensa";0;0;0;0;0;0;0;0;1;0;2;0;0;0;0
"09/09/2023";"11:01:00";"566";"Acidente s";"390";"BR-101/RJ";"Pista Sul";"Abalroamento longitudinal";0;0;0;0;0;0;0;0;2;0;2;0;0;0;0
"09/09/2023";"11:17:00";"571";"Acidente c";"321.3";"BR-116/RJ";"Pista Sul";"Colisão traseira";0;0;0;0;0;0;0;0;2;0;0;0;3;0;0
"09/09/2023";"11:47:00";"575";"Acidente c";"109";"BR-116/SP";"Pista Norte";"Capotamento";0;0;0;0;0;0;0;0;1;0;0;0;1;0;0
"10/09/2023";"12:20:00";"19";"Acidente s";"212.7";"BR-116/SP";"Pista Norte";"Choque em defensa";0;0;0;0;0;0;0;0;1;0;3;0;0;0;0
"10/09/2023";"02:19:00";"46";"Acidente s";"230.2";"BR-116/SP";"Pista Norte";"Choque em defensa";1;0;0;0;0;0;0;0;0;0;1;0;0;0;0
"10/09/2023";"03:03:00";"52";"Acidente c";"202";"BR-116/SP";"Pista Norte";"Capotamento";0;0;0;0;0;0;0;0;1;0;1;1;0;0;0
"10/09/2023";"04:46:00";"66";"Acidente s";"40";"BR-116/SP";"Pista Norte";"Colisão traseira";0;0;0;0;0;0;0;0;2;0;2;0;0;0;0
"10/09/2023";"05:02:00";"69";"Acidente c";"101.5";"BR-116/SP";"Pista Sul";"Queda de moto";0;1;0;0;0;0;0;0;0;0;0;0;1;0;0
"10/09/2023";"05:07:00";"70";"Acidente c";"476";"BR-101/RJ";"Pista Norte";"Queda de moto";0;1;0;0;0;0;0;0;0;0;0;0;2;0;0
"10/09/2023";"06:13:00";"82";"Acidente s";"407";"BR-101/RJ";"Pista Norte";"Choque em defensa";0;0;0;0;0;0;0;0;1;0;1;0;0;0;0
"10/09/2023";"07:39:00";"122";"Acidente c";"504";"BR-101/RJ";"Pista Sul";"Abalroamento longitudinal";0;0;0;0;0;0;0;0;2;0;1;3;1;0;0
"10/09/2023";"08:07:00";"137";"Acidente s";"195";"BR-116/SP";"Pista Norte";"Colisão traseira";1;0;0;0;0;0;0;0;1;0;2;0;0;0;0
"10/09/2023";"09:11:00";"167";"Acidente c";"226.3";"BR-116/RJ";"Pista Sul";"Queda de moto";0;1;0;0;0;0;0;0;0;0;0;1;0;0;0
"10/09/2023";"09:17:00";"173";"Acidente s";"565";"BR-101/RJ";"Pista Norte";"Colisão traseira";0;0;0;0;0;0;0;0;1;1;3;0;0;0;0
"10/09/2023";"10:54:00";"216";"Acidente c";"142.5";"BR-116/SP";"Pista Sul";"Engavetamento";0;0;0;0;0;0;0;0;4;0;5;4;0;0;0
"10/09/2023";"10:58:00";"217";"Acidente s";"139.3";"BR-116/SP";"Pista Sul";"Engavetamento";0;0;0;0;0;0;0;0;4;0;10;0;0;0;0
"10/09/2023";"11:04:00";"220";"Acidente s";"97.7";"BR-116/SP";"Pista Sul";"Colisão traseira";0;0;0;0;0;0;0;0;1;1;3;0;0;0;0
"10/09/2023";"11:17:00";"227";"Acidente s";"419.9";"BR-101/RJ";"Pista Sul";"Colisão traseira";0;0;0;0;0;0;0;0;2;0;4;0;0;0;0
"10/09/2023";"11:37:00";"234";"Acidente s";"76.5";"BR-116/SP";"Pista Sul";"Colisão traseira";0;0;0;0;0;0;0;0;2;0;2;0;0;0;0
"10/09/2023";"11:47:00";"238";"Acidente s";"136";"BR-116/SP";"Pista Sul";"Colisão traseira";0;0;0;0;0;0;0;0;2;0;5;0;0;0;0
"10/09/2023";"12:29:00";"259";"Acidente s";"290.9";"BR-116/RJ";"Pista Sul";"Colisão traseira";0;0;0;0;0;0;0;0;1;1;2;0;0;0;0
"10/09/2023";"12:31:00";"261";"Acidente c";"136";"BR-116/SP";"Pista Sul";"Engavetamento";0;0;0;0;0;0;0;0;3;0;3;2;0;0;0
"10/09/2023";"12:41:00";"267";"Acidente s";"312";"BR-116/RJ";"Pista Norte";"Engavetamento";0;0;0;0;0;0;0;0;3;0;6;0;0;0;0
"10/09/2023";"01:22:00";"284";"Acidente s";"61";"BR-116/SP";"Pista Sul";"Colisão traseira";0;0;0;0;0;0;1;0;1;0;16;0;0;0;0
"10/09/2023";"01:39:00";"296";"Acidente c";"103.2";"BR-116/SP";"Pista Sul";"Engavetamento";0;0;0;0;0;0;0;0;3;0;5;3;0;0;0
"10/09/2023";"02:04:00";"312";"Acidente s";"61.2";"BR-116/SP";"Pista Sul";"Colisão traseira";0;0;0;0;0;0;0;0;2;0;3;0;0;0;0
"10/09/2023";"02:21:00";"327";"Acidente c";"61";"BR-116/SP";"Pista Sul";"Engavetamento";0;0;0;0;0;0;0;0;3;0;11;1;0;0;0
"10/09/2023";"02:56:00";"345";"Acidente s";"299";"BR-116/RJ";"Pista Norte";"Engavetamento";0;0;0;0;0;0;0;0;3;0;9;0;0;0;0
"10/09/2023";"03:09:00";"350";"Acidente s";"299";"BR-116/RJ";"Pista Norte";"Colisão traseira";0;0;0;0;0;0;0;0;2;0;5;0;0;0;0
"10/09/2023";"03:36:00";"363";"Acidente c";"152";"BR-116/SP";"Pista Sul";"Engavetamento";1;0;0;0;0;0;0;0;1;1;4;1;0;0;0
"10/09/2023";"05:20:00";"426";"Atropelame";"418";"BR-101/RJ";"Pista Sul";"Atropelamento de pedestre caminhando";0;0;0;0;0;0;0;0;1;0;5;0;1;0;0
"10/09/2023";"06:11:00";"446";"Atropelame";"473.6";"BR-101/RJ";"Pista Norte";"Atropelamento de pedestre atravessando";0;0;0;0;0;0;0;0;0;1;1;1;0;0;0
"10/09/2023";"06:56:00";"472";"Acidente s";"248.15";"BR-116/RJ";"Pista Sul";"Choque em objeto fixo";0;0;0;0;0;0;0;0;1;0;4;0;0;0;0
"10/09/2023";"07:58:00";"515";"Acidente s";"463";"BR-101/RJ";"Pista Sul";"Choque em barreira New Jersey";0;0;0;0;0;0;0;0;1;0;2;0;0;0;0
"10/09/2023";"09:32:00";"564";"Acidente s";"205.2";"BR-116/SP";"Pista Sul";"Colisão traseira";0;0;0;0;0;0;0;0;2;0;4;0;0;0;0
"10/09/2023";"10:10:00";"579";"Acidente s";"147.2";"BR-116/SP";"Pista Sul";"Engavetamento";0;0;0;0;0;0;0;0;3;0;6;0;0;0;0
"11/09/2023";"01:11:00";"43";"Acidente s";"92.2";"BR-116/SP";"Pista Norte";"Abalroamento longitudinal";0;0;0;1;0;0;1;0;1;0;47;0;0;0;0
"11/09/2023";"05:15:00";"72";"Acidente c";"416.5";"BR-101/RJ";"Pista Norte";"Abalroamento longitudinal";0;0;0;0;0;0;0;0;2;0;1;0;1;0;0
"11/09/2023";"06:14:00";"95";"Acidente s";"428";"BR-101/RJ";"Pista Norte";"Abalroamento longitudinal";0;0;0;0;0;0;0;0;2;0;2;0;0;0;0
"11/09/2023";"06:15:00";"99";"Acidente c";"506";"BR-101/RJ";"Pista Sul";"Abalroamento longitudinal";0;1;0;0;0;0;0;0;1;0;1;1;0;0;0
"11/09/2023";"06:25:00";"104";"Acidente s";"231.6";"BR-116/RJ";"Pista Norte";"Colisão traseira";1;0;0;0;0;0;0;0;0;1;2;0;0;0;0
"11/09/2023";"06:31:00";"108";"Acidente s";"272.7";"BR-116/RJ";"Pista Sul";"Choque em objeto fixo";0;0;0;0;0;0;0;0;1;0;3;0;0;0;0
"11/09/2023";"06:47:00";"117";"Acidente c";"154.4";"BR-116/SP";"Pista Sul";"Colisão traseira";0;1;0;0;0;0;0;0;0;1;1;1;0;0;0
"11/09/2023";"07:52:00";"157";"Acidente s";"161";"BR-116/SP";"Pista Norte";"Colisão traseira";0;0;0;0;0;0;0;0;3;0;7;0;0;0;0
"11/09/2023";"08:50:00";"189";"Acidente c";"222.6";"BR-116/SP";"Pista Sul";"Colisão traseira";0;1;0;0;0;0;0;0;1;0;1;1;0;0;0
"11/09/2023";"09:40:00";"211";"Acidente s";"295";"BR-116/RJ";"Pista Sul";"Choque em barreira New Jersey";0;0;0;0;0;0;0;0;1;0;1;0;0;0;0
"11/09/2023";"12:46:00";"297";"Acidente s";"156.1";"BR-116/SP";"Pista Norte";"Abalroamento longitudinal";1;0;0;0;0;0;0;0;1;0;4;0;0;0;0
"11/09/2023";"12:54:00";"301";"Acidente c";"52.2";"BR-116/SP";"Pista Norte";"Queda de moto";0;1;0;0;0;0;0;0;0;0;1;0;2;0;0
"11/09/2023";"03:20:00";"375";"Acidente s";"138.2";"BR-116/SP";"Pista Norte";"Queda de ribanceira";0;0;0;0;0;0;0;0;1;0;1;0;0;0;0
"11/09/2023";"04:31:00";"414";"Acidente c";"492";"BR-101/RJ";"Pista Sul";"Colisão traseira";0;0;0;0;0;0;0;0;2;0;1;3;0;0;0
"11/09/2023";"04:35:00";"418";"Acidente s";"48";"BR-101/SP";"Pista Sul";"Abalroamento longitudinal";0;1;0;0;0;0;0;0;1;0;2;0;0;0;0
"11/09/2023";"04:38:00";"422";"Acidente c";"145";"BR-116/SP";"Pista Sul";"Queda de moto";0;1;0;0;0;0;0;0;0;0;0;1;0;0;0
"11/09/2023";"05:35:00";"453";"Atropelame";"185.25";"BR-116/SP";"Pista Norte";"Atropelamento de pedestre atravessando";0;0;0;1;0;0;0;0;0;0;51;0;0;0;1
"11/09/2023";"05:52:00";"464";"Acidente c";"152.4";"BR-116/SP";"Pista Sul";"Engavetamento";0;0;0;1;0;0;0;0;2;0;43;1;0;0;0
"11/09/2023";"06:26:00";"478";"Acidente c";"299.8";"BR-116/RJ";"Pista Norte";"Colisão traseira";0;0;0;0;0;0;0;0;2;0;1;0;1;0;0
"11/09/2023";"06:47:00";"484";"Acidente c";"487";"BR-101/RJ";"Pista Sul";"Engavetamento";0;0;0;0;0;0;0;0;3;0;3;0;1;0;0
"11/09/2023";"08:39:00";"540";"Acidente s";"211";"BR-116/SP";"Pista Sul";"Abalroamento longitudinal";0;1;0;0;0;0;0;0;0;1;2;0;0;0;0
"11/09/2023";"09:10:00";"550";"Acidente c";"226.3";"BR-116/RJ";"Pista Sul";"Tombamento";1;0;0;0;0;0;0;0;0;0;0;1;0;0;0
"11/09/2023";"10:32:00";"577";"Acidente s";"216.8";"BR-116/SP";"Pista Sul";"Colisão traseira";0;0;0;1;0;0;0;0;1;0;2;0;0;0;0
"12/09/2023";"03:41:00";"50";"Acidente s";"132";"BR-116/SP";"Pista Norte";"Colisão traseira";1;0;0;0;0;0;0;0;0;1;2;0;0;0;0
"12/09/2023";"06:52:00";"123";"Acidente c";"471";"BR-101/RJ";"Pista Norte";"Abalroamento transversal";0;0;0;0;0;0;0;0;2;0;4;1;0;0;0
"12/09/2023";"08:07:00";"190";"Acidente c";"135.6";"BR-116/SP";"Pista Sul";"Colisão traseira";0;1;0;0;0;0;0;0;1;0;3;2;0;0;0
"12/09/2023";"10:01:00";"279";"Acidente c";"525";"BR-101/RJ";"Pista Sul";"Abalroamento transversal";0;1;0;0;0;0;0;0;1;0;1;0;1;0;0
"12/09/2023";"10:49:00";"315";"Acidente s";"223.1";"BR-116/SP";"Pista Norte";"Engavetamento";0;0;0;0;0;0;0;0;1;2;3;0;0;0;0
"12/09/2023";"11:53:00";"352";"Acidente c";"279";"BR-116/RJ";"Pista Norte";"Queda de moto";0;1;0;0;0;0;0;0;0;0;0;0;1;0;0
"12/09/2023";"12:25:00";"370";"Acidente c";"217.2";"BR-116/RJ";"Pista Norte";"Abalroamento longitudinal";1;0;0;0;0;0;1;0;0;0;3;0;1;0;0
"12/09/2023";"02:32:00";"429";"Acidente c";"211.2";"BR-116/SP";"Pista Sul";"Queda de moto";0;1;0;0;0;0;0;0;0;0;0;1;0;0;0
"12/09/2023";"02:43:00";"434";"Acidente s";"110.7";"BR-116/SP";"Pista Sul";"Choque em barreira New Jersey";1;0;0;0;0;0;0;0;1;0;2;0;0;0;0
"12/09/2023";"03:23:00";"454";"Acidente s";"208.6";"BR-116/SP";"Pista Norte";"Colisão traseira";2;0;0;0;0;0;0;0;0;0;2;0;0;0;0
"12/09/2023";"06:55:00";"565";"Acidente c";"212.1";"BR-116/SP";"Pista Sul";"Colisão traseira";0;1;0;1;0;0;0;0;0;0;4;1;0;0;0
"12/09/2023";"07:03:00";"572";"Acidente c";"423";"BR-101/RJ";"Pista Sul";"Colisão frontal";0;1;0;0;0;0;0;0;1;0;1;0;1;0;0
"12/09/2023";"10:00:00";"649";"Acidente c";"155.2";"BR-116/SP";"Pista Norte";"Abalroamento longitudinal";0;0;0;0;0;0;0;0;2;0;2;1;0;0;0
"12/09/2023";"10:26:00";"654";"Acidente c";"387";"BR-101/RJ";"Pista Sul";"Colisão traseira";1;1;0;0;0;0;0;0;0;0;0;1;0;0;0
"12/09/2023";"11:32:00";"668";"Acidente s";"239";"BR-116/RJ";"Pista Sul";"Abalroamento longitudinal";1;0;0;0;0;0;0;0;0;1;1;0;0;0;0
"13/09/2023";"02:06:00";"38";"Acidente c";"47";"BR-116/SP";"Pista Sul";"Abalroamento longitudinal";2;0;0;0;0;0;0;0;0;0;1;0;0;1;0
"13/09/2023";"05:47:00";"76";"Acidente s";"283.6";"BR-116/RJ";"Pista Norte";"Colisão traseira";1;0;0;0;0;0;0;0;0;1;2;0;0;0;0
"13/09/2023";"06:33:00";"99";"Acidente s";"204.5";"BR-116/SP";"Pista Sul";"Queda de moto";0;1;0;0;0;0;0;0;0;0;1;0;0;0;0
"13/09/2023";"06:40:00";"103";"Acidente c";"139.5";"BR-116/SP";"Pista Sul";"Queda de moto";0;1;0;0;0;0;0;0;0;0;0;0;1;0;0
"13/09/2023";"07:09:00";"130";"Acidente s";"149.3";"BR-116/SP";"Pista Sul";"Abalroamento longitudinal";0;0;0;0;0;0;0;0;1;1;2;0;0;0;0
"13/09/2023";"07:12:00";"131";"Acidente c";"230.4";"BR-116/SP";"Pista Sul";"Colisão traseira";0;1;0;0;0;0;0;0;1;0;4;2;0;0;0
"13/09/2023";"08:03:00";"183";"Acidente c";"216.9";"BR-116/SP";"Pista Sul";"Abalroamento longitudinal";0;1;0;0;1;0;0;0;1;0;3;0;0;1;0
"13/09/2023";"09:15:00";"240";"Acidente c";"226.35";"BR-116/RJ";"Pista Sul";"Tombamento";2;0;0;0;0;0;0;0;0;0;1;0;1;0;0
"13/09/2023";"09:46:00";"259";"Acidente s";"17.1";"BR-116/SP";"Pista Norte";"Choque em objeto na pista";0;0;0;0;0;0;0;0;1;0;3;0;0;0;0
"13/09/2023";"09:52:00";"261";"Acidente s";"33.9";"BR-116/SP";"Pista Sul";"Choque em objeto fixo";0;0;0;0;0;0;0;0;1;0;1;0;0;0;0
"13/09/2023";"10:50:00";"288";"Acidente s";"576";"BR-101/RJ";"Pista Norte";"Colisão traseira";0;0;0;0;0;0;0;0;1;1;4;0;0;0;0
"13/09/2023";"01:17:00";"366";"Acidente c";"225.4";"BR-116/RJ";"Pista Norte";"Queda de moto";0;1;0;0;0;0;0;0;0;1;1;1;0;0;0
"13/09/2023";"02:45:00";"415";"Acidente s";"155.5";"BR-116/SP";"Pista Norte";"Abalroamento longitudinal";1;0;0;0;0;0;0;0;1;0;3;0;0;0;0
"13/09/2023";"04:07:00";"467";"Acidente s";"65.5";"BR-116/SP";"Pista Sul";"Colisão traseira";0;0;0;0;0;0;0;0;2;0;3;0;0;0;0
"13/09/2023";"05:19:00";"507";"Acidente c";"506";"BR-101/RJ";"Pista Sul";"Colisão traseira";0;1;0;0;0;0;1;0;0;0;1;0;1;0;0
"13/09/2023";"06:03:00";"529";"Acidente c";"244";"BR-116/RJ";"Pista Norte";"Choque em barreira New Jersey";0;0;0;0;0;0;0;0;1;0;0;1;0;0;0
"13/09/2023";"06:16:00";"537";"Acidente c";"400";"BR-101/RJ";"Pista Sul";"Atropelamento de pedestre atravessando";0;1;0;0;0;0;0;0;0;0;0;0;2;0;0
"13/09/2023";"06:17:00";"538";"Acidente s";"480";"BR-101/RJ";"Pista Norte";"Colisão traseira";0;1;0;0;0;0;0;0;1;0;0;0;0;0;0
"13/09/2023";"06:22:00";"542";"Acidente c";"229.5";"BR-116/SP";"Pista Norte";"Colisão traseira";0;2;0;0;0;0;0;0;0;0;1;2;0;0;0
"13/09/2023";"07:02:00";"564";"Acidente s";"492";"BR-101/RJ";"Pista Norte";"Colisão traseira";0;0;0;0;0;0;0;0;2;0;2;0;0;0;0
"13/09/2023";"07:35:00";"578";"Acidente c";"551";"BR-101/RJ";"Pista Norte";"Atropelamento de pedestre atravessando";1;0;0;0;0;0;0;0;0;0;0;0;0;0;1
"13/09/2023";"09:03:00";"612";"Acidente s";"154";"BR-116/SP";"Pista Norte";"Abalroamento longitudinal";1;0;0;0;0;0;0;0;1;0;2;0;0;0;0
"14/09/2023";"12:15:00";"20";"Acidente s";"158";"BR-116/SP";"Pista Sul";"Choque em objeto na pista";0;0;0;0;0;0;0;0;1;0;1;0;0;0;0
"14/09/2023";"12:25:00";"22";"Acidente c";"414.2";"BR-101/RJ";"Pista Sul";"Colisão traseira";0;1;0;0;0;0;0;0;1;0;0;2;0;0;0
"14/09/2023";"04:17:00";"67";"Acidente s";"407.5";"BR-101/RJ";"Pista Sul";"Choque em barreira New Jersey";0;0;0;0;0;0;0;0;1;0;1;0;0;0;0
"14/09/2023";"06:56:00";"128";"Acidente c";"206";"BR-116/SP";"Pista Norte";"Queda de moto";0;1;0;0;0;0;0;0;0;0;0;1;0;0;0
"14/09/2023";"06:56:00";"129";"Acidente s";"309";"BR-116/RJ";"Pista Sul";"Colisão traseira";0;0;0;0;0;0;0;0;2;0;5;0;0;0;0
"14/09/2023";"07:15:00";"145";"Acidente s";"230";"BR-116/SP";"Pista Norte";"Engavetamento";1;0;0;0;0;0;0;0;2;0;5;0;0;0;0
"14/09/2023";"07:21:00";"148";"Acidente c";"303.7";"BR-116/RJ";"Pista Sul";"Abalroamento longitudinal";0;2;0;0;0;0;0;0;1;0;1;0;1;0;1
"14/09/2023";"07:42:00";"165";"Acidente c";"144.2";"BR-116/SP";"Pista Sul";"Engavetamento";0;0;0;0;0;0;0;0;5;0;7;1;0;0;0
"14/09/2023";"07:46:00";"166";"Acidente c";"304";"BR-116/RJ";"Pista Norte";"Engavetamento";0;0;0;0;0;0;0;0;2;1;3;1;0;0;0
"14/09/2023";"09:05:00";"218";"Acidente s";"229.1";"BR-116/RJ";"Pista Norte";"Choque em barreira New Jersey";1;0;0;0;0;0;0;0;0;0;1;0;0;0;0
"14/09/2023";"09:37:00";"233";"Acidente s";"415";"BR-101/RJ";"Pista Norte";"Abalroamento longitudinal";0;0;0;0;0;0;1;0;1;0;2;0;0;0;0
"14/09/2023";"09:50:00";"244";"Acidente s";"158";"BR-116/SP";"Pista Norte";"Engavetamento";0;0;0;0;0;0;0;0;2;1;6;0;0;0;0
"14/09/2023";"11:15:00";"279";"Acidente s";"244.2";"BR-116/RJ";"Pista Sul";"Engavetamento";1;0;0;1;0;0;0;0;0;1;27;0;0;0;0
"14/09/2023";"02:34:00";"386";"Acidente c";"155.6";"BR-116/SP";"Pista Norte";"Queda de moto";0;1;0;0;0;0;0;0;0;0;0;1;0;0;0
"14/09/2023";"04:13:00";"438";"Acidente c";"231";"BR-116/SP";"Pista Sul";"Queda de moto";0;1;0;0;0;0;0;0;0;0;0;1;0;0;0
"14/09/2023";"04:36:00";"451";"Acidente c";"422";"BR-101/RJ";"Pista Sul";"Colisão frontal";2;0;0;0;0;0;0;0;0;0;2;0;1;0;0
"14/09/2023";"05:05:00";"460";"Acidente c";"254.55";"BR-116/RJ";"Pista Sul";"Colisão frontal";0;0;0;0;0;0;0;0;2;0;4;1;0;0;0
"14/09/2023";"05:06:00";"461";"Acidente c";"482";"BR-101/RJ";"Pista Norte";"Colisão traseira";0;0;0;0;0;0;0;0;2;0;2;1;0;0;0
"14/09/2023";"05:19:00";"470";"Acidente s";"102.8";"BR-116/SP";"Pista Sul";"Choque em barreira New Jersey";1;0;0;0;0;0;0;0;0;0;1;0;0;0;0
"14/09/2023";"05:24:00";"471";"Acidente s";"226.4";"BR-116/RJ";"Pista Sul";"Choque em barreira New Jersey";0;0;0;0;0;0;0;0;1;0;1;0;0;0;0
"14/09/2023";"05:39:00";"475";"Acidente s";"147";"BR-116/SP";"Pista Norte";"Engavetamento";0;0;0;0;0;0;0;0;3;0;5;0;0;0;0
"14/09/2023";"05:55:00";"480";"Acidente c";"264.7";"BR-116/RJ";"Pista Norte";"Queda de ribanceira";0;0;0;0;0;0;0;0;1;0;1;0;2;0;0
"14/09/2023";"06:57:00";"521";"Acidente c";"81.1";"BR-116/SP";"Pista Sul";"Abalroamento longitudinal";1;1;0;0;0;0;0;0;0;0;1;0;1;0;0
"14/09/2023";"08:08:00";"547";"Acidente s";"146";"BR-116/SP";"Pista Sul";"Engavetamento";0;0;0;0;0;0;0;0;3;0;4;0;0;0;0
"14/09/2023";"09:16:00";"565";"Acidente s";"39.5";"BR-101/SP";"Pista Sul";"Choque em objeto fixo";0;0;0;0;0;0;0;0;1;0;1;0;0;0;0
"14/09/2023";"10:21:00";"583";"Acidente s";"214.3";"BR-116/SP";"Pista Norte";"Colisão traseira";0;0;0;0;0;0;0;0;1;1;3;0;0;0;0
"14/09/2023";"10:21:00";"582";"Acidente s";"46.8";"BR-101/SP";"Pista Norte";"Colisão traseira";0;0;0;0;0;0;0;0;1;1;2;0;0;0;0
"14/09/2023";"11:52:00";"604";"Acidente c";"328.8";"BR-116/RJ";"Pista Norte";"Colisão traseira";0;0;0;0;0;0;0;0;2;0;3;1;0;0;0
"15/09/2023";"01:14:00";"35";"Acidente s";"461.5";"BR-101/RJ";"Pista Sul";"Choque em objeto fixo";0;0;0;0;0;0;0;0;1;0;1;0;0;0;0
"15/09/2023";"03:20:00";"47";"Acidente s";"232.1";"BR-116/RJ";"Pista Norte";"Choque em barreira New Jersey";1;0;0;0;0;0;0;0;0;0;1;0;0;0;0
"15/09/2023";"04:04:00";"51";"Acidente s";"144.8";"BR-116/SP";"Pista Sul";"Colisão traseira";2;0;0;0;0;0;0;0;0;0;2;0;0;0;0
"15/09/2023";"06:59:00";"93";"Acidente s";"143.6";"BR-116/SP";"Pista Norte";"Choque em objeto fixo";0;0;0;0;0;0;0;0;1;0;1;0;0;0;0
"15/09/2023";"07:04:00";"99";"Acidente s";"132.3";"BR-116/SP";"Pista Sul";"Abalroamento longitudinal";1;0;0;0;0;0;0;0;1;0;2;0;0;0;0
"15/09/2023";"07:14:00";"109";"Acidente s";"419";"BR-101/RJ";"Pista Sul";"Colisão traseira";0;0;0;0;0;0;0;0;1;1;2;0;0;0;0
"15/09/2023";"07:27:00";"119";"Acidente s";"495";"BR-101/RJ";"Pista Norte";"Abalroamento longitudinal";1;0;0;0;0;0;0;0;1;0;3;0;0;0;0
"15/09/2023";"07:50:00";"145";"Acidente s";"221";"BR-116/SP";"Pista Sul";"Abalroamento longitudinal";0;0;0;0;0;0;0;0;2;0;2;0;0;0;0
"15/09/2023";"09:32:00";"212";"Acidente s";"56.3";"BR-116/SP";"Pista Norte";"Colisão traseira";0;0;0;0;0;0;0;0;2;0;3;0;0;0;0
"15/09/2023";"10:58:00";"257";"Acidente s";"431";"BR-101/RJ";"Pista Sul";"Choque em objeto fixo";1;0;0;0;0;0;0;0;0;0;1;0;0;0;0
"15/09/2023";"01:44:00";"326";"Acidente s";"50.3";"BR-101/SP";"Pista Norte";"Colisão traseira";0;0;0;0;0;0;0;0;2;0;3;0;0;0;0
"15/09/2023";"04:36:00";"404";"Acidente c";"228.5";"BR-116/SP";"Pista Sul";"Colisão traseira";0;1;0;0;0;0;0;0;1;0;1;1;0;0;0
"15/09/2023";"05:44:00";"435";"Acidente c";"258.8";"BR-116/RJ";"Pista Sul";"Colisão frontal";0;0;0;0;0;0;0;0;2;0;1;1;1;0;0
"15/09/2023";"06:29:00";"459";"Acidente c";"103.9";"BR-116/SP";"Pista Sul";"Engavetamento";0;0;0;0;0;0;0;0;3;0;5;1;0;0;0
"15/09/2023";"06:38:00";"466";"Acidente c";"230.8";"BR-116/SP";"Pista Norte";"Colisão traseira";0;1;0;0;0;0;0;0;0;1;1;1;0;0;0
"15/09/2023";"06:57:00";"473";"Acidente s";"280.4";"BR-116/RJ";"Pista Norte";"Engavetamento";0;0;0;0;0;0;0;0;3;0;6;0;0;0;0
"15/09/2023";"06:59:00";"474";"Acidente s";"495";"BR-101/RJ";"Pista Sul";"Capotamento";0;0;0;0;0;0;0;0;1;0;3;0;0;0;0
"15/09/2023";"07:06:00";"477";"Acidente s";"100";"BR-116/SP";"Pista Sul";"Colisão traseira";0;0;0;0;0;0;0;0;2;0;2;0;0;0;0