data;horario;n_da_ocorrencia;tipo_de_ocorrencia;km;trecho;sentido;tipo_de_acidente;automovel;bicicleta;caminhao;moto;onibus;outros;tracao_animal;transporte_de_cargas_especiais;trator_maquinas;utilitarios;ilesos;levemente_feridos;moderadamente_feridos;gravemente_feridos;mortos
"15/09/2023";"07:49:00";"495";"Acidente c";"320.6";"BR-116/RJ";"Pista Sul";"Choque em objeto fixo";0;0;0;0;0;0;0;0;1;0;0;0;1;0;0
"15/09/2023";"08:37:00";"517";"Acidente s";"226.3";"BR-116/RJ";"Pista Sul";"Choque em objeto fixo";0;0;0;0;0;0;0;0;1;0;1;0;0;0;0
"15/09/2023";"09:09:00";"538";"Acidente c";"300.4";"BR-116/RJ";"Pista Norte";"Abalroamento longitudinal";0;1;0;0;0;0;0;0;0;1;1;0;0;1;0
"15/09/2023";"09:25:00";"543";"Acidente s";"275";"BR-116/RJ";"Pista Norte";"Capotamento";0;0;0;0;0;0;0;0;1;0;1;0;0;0;0
"15/09/2023";"09:40:00";"547";"Acidente s";"230.2";"BR-116/RJ";"Pista Norte";"Choque em barreira New Jersey";0;0;0;0;0;0;0;0;1;0;1;0;0;0;0
"15/09/2023";"10:34:00";"563";"Acidente c";"389.4";"BR-101/RJ";"Pista Sul";"Engavetamento";0;0;0;0;0;1;0;0;2;0;2;0;0;2;0
"15/09/2023";"10:54:00";"568";"Acidente s";"224.8";"BR-116/RJ";"Pista Sul";"Choque em barreira New Jersey";0;0;0;0;0;0;0;0;1;0;1;0;0;0;0
"15/09/2023";"11:05:00";"574";"Acidente s";"542.6";"BR-101/RJ";"Pista Sul";"Choque em defensa";0;0;0;0;0;0;0;0;1;0;1;0;0;0;0
"16/09/2023";"03:24:00";"50";"Atropelame";"49";"BR-101/SP";"Pista Norte";"Atropelamento de pedestre atravessando";1;0;0;0;0;0;0;0;0;0;1;0;1;0;0
"16/09/2023";"07:25:00";"131";"Acidente s";"259.4";"BR-116/RJ";"Pista Sul";"Choque em objeto fixo";0;0;0;0;0;0;0;0;1;0;1;0;0;0;0
"16/09/2023";"07:57:00";"162";"Acidente c";"145.7";"BR-116/SP";"Pista Sul";"Engavetamento";0;1;0;0;0;0;0;0;1;1;2;1;0;0;0
"16/09/2023";"09:03:00";"193";"Acidente s";"156.7";"BR-116/SP";"Pista Norte";"Colisão traseira";0;0;0;0;0;0;0;0;1;1;7;0;0;0;0
"16/09/2023";"11:43:00";"287";"Acidente c";"117.8";"BR-116/SP";"Pista Norte";"Colisão traseira";0;0;0;0;0;0;0;0;2;0;2;1;0;0;0
"16/09/2023";"11:49:00";"288";"Acidente s";"442";"BR-101/RJ";"Pista Norte";"Choque em objeto fixo";0;0;0;0;0;0;0;0;1;0;4;0;0;0;0
"16/09/2023";"02:09:00";"360";"Acidente s";"296";"BR-116/RJ";"Pista Norte";"Choque em barreira New Jersey";0;0;0;0;0;0;0;0;1;0;1;0;0;0;0
"16/09/2023";"02:40:00";"377";"Acidente c";"493";"BR-101/RJ";"Pista Norte";"Atropelamento de animal";0;1;0;0;0;0;0;0;0;0;0;1;1;0;0
"16/09/2023";"03:43:00";"410";"Acidente c";"145.3";"BR-116/SP";"Pista Norte";"Colisão traseira";0;1;0;0;0;0;0;0;1;0;1;1;0;0;0
"16/09/2023";"03:50:00";"415";"Acidente s";"29";"BR-101/SP";"Pista Norte";"Abalroamento longitudinal";0;0;0;0;0;0;0;0;2;0;5;0;0;0;0
"16/09/2023";"04:04:00";"421";"Acidente s";"140.4";"BR-116/SP";"Pista Sul";"Engavetamento";0;0;0;0;0;0;0;0;1;2;3;0;0;0;0
"16/09/2023";"04:13:00";"425";"Acidente c";"222.3";"BR-116/SP";"Pista Norte";"Abalroamento longitudinal";0;1;0;0;0;0;0;0;1;0;4;1;0;0;0
"16/09/2023";"05:13:00";"457";"Acidente c";"422";"BR-101/RJ";"Pista Norte";"Capotamento";0;0;0;0;0;0;0;0;2;0;1;1;0;0;0
"16/09/2023";"06:38:00";"501";"Acidente c";"525";"BR-101/RJ";"Pista Norte";"Abalroamento longitudinal";0;0;0;0;0;0;0;0;2;0;0;1;0;0;0
"16/09/2023";"07:11:00";"517";"Atropelame";"212.3";"BR-116/SP";"Pista Norte";"Atropelamento de pedestre atravessando";0;0;1;0;0;0;0;0;0;1;1;0;0;0;1
"16/09/2023";"09:06:00";"566";"Acidente s";"395.5";"BR-101/RJ";"Pista Norte";"Atropelamento de pedestre atravessando";0;0;1;0;0;0;0;0;1;0;3;0;0;0;0
"16/09/2023";"09:30:00";"577";"Acidente s";"525";"BR-101/RJ";"Pista Norte";"Abalroamento longitudinal";1;0;0;1;0;0;0;0;0;0;0;0;0;0;0
"16/09/2023";"09:36:00";"579";"Acidente c";"116.8";"BR-116/SP";"Pista Sul";"Colisão traseira";0;0;0;0;0;0;0;0;2;0;2;2;1;0;0
"16/09/2023";"10:51:00";"600";"Acidente c";"229.9";"BR-116/SP";"Pista Sul";"Colisão traseira";0;0;0;1;0;0;0;0;1;0;2;1;0;0;0
"17/09/2023";"01:15:00";"35";"Acidente s";"386";"BR-101/RJ";"Pista Sul";"Abalroamento longitudinal";0;0;0;0;0;0;0;0;2;0;2;0;0;0;0
"17/09/2023";"03:55:00";"55";"Acidente s";"167.8";"BR-116/SP";"Pista Norte";"Atropelamento de animal";0;0;0;0;0;0;0;0;1;0;2;0;0;0;0
"17/09/2023";"07:08:00";"105";"Acidente c";"298.8";"BR-116/RJ";"Pista Norte";"Tombamento";1;0;0;0;0;0;0;0;0;0;0;2;1;0;0
"17/09/2023";"08:05:00";"131";"Acidente c";"520";"BR-101/RJ";"Pista Norte";"Colisão frontal";0;0;0;0;0;0;0;0;2;0;0;0;0;7;0
"17/09/2023";"09:26:00";"161";"Acidente c";"226";"BR-116/RJ";"Pista Sul";"Queda de moto";0;1;0;0;0;0;0;0;0;0;0;2;0;0;0
"17/09/2023";"09:41:00";"170";"Acidente s";"519";"BR-101/RJ";"Pista Sul";"Colisão traseira";0;0;0;0;0;0;0;0;2;0;2;0;0;0;0
"17/09/2023";"12:20:00";"243";"Acidente s";"202.5";"BR-116/SP";"Pista Norte";"Colisão traseira";0;0;0;0;0;0;0;0;1;1;5;0;0;0;0
"17/09/2023";"02:56:00";"308";"Acidente c";"386";"BR-101/RJ";"Pista Norte";"Colisão traseira";0;1;0;0;0;0;0;0;1;0;1;2;1;0;0
"17/09/2023";"07:15:00";"453";"Atropelame";"85.9";"BR-116/SP";"Pista Sul";"Atropelamento de pedestre caminhando";0;0;0;0;0;0;0;0;1;0;1;0;0;0;1
"17/09/2023";"07:50:00";"478";"Acidente s";"416";"BR-101/RJ";"Pista Norte";"Choque em barreira New Jersey";0;0;0;0;0;1;0;0;0;0;1;0;0;0;0
"17/09/2023";"08:26:00";"489";"Acidente s";"199.4";"BR-116/SP";"Pista Sul";"Abalroamento longitudinal";1;0;0;0;0;0;0;0;1;0;3;0;0;0;0
"17/09/2023";"08:57:00";"499";"Acidente s";"196.8";"BR-116/SP";"Pista Norte";"Choque em objeto fixo";0;0;0;0;0;0;0;0;1;0;1;0;0;0;0
"17/09/2023";"09:11:00";"511";"Acidente c";"29.5";"BR-101/SP";"Pista Norte";"Abalroamento longitudinal";0;0;0;0;0;0;0;0;1;1;1;1;0;0;0
"17/09/2023";"09:43:00";"520";"Acidente c";"490";"BR-101/RJ";"Pista Sul";"Queda de moto";0;0;0;0;0;0;0;0;1;2;2;1;1;0;0
"17/09/2023";"09:55:00";"522";"Acidente c";"408";"BR-101/RJ";"Pista Norte";"Capotamento";0;0;0;0;0;1;0;0;0;0;0;1;0;0;0
"17/09/2023";"10:00:00";"526";"Acidente s";"384.5";"BR-101/RJ";"Pista Sul";"Colisão traseira";0;0;0;0;0;0;0;0;1;1;2;0;0;0;0
"18/09/2023";"12:33:00";"30";"Acidente c";"308.75";"BR-116/RJ";"Pista Sul";"Colisão traseira";1;0;0;0;0;0;0;0;1;0;1;0;0;1;0
"18/09/2023";"01:17:00";"47";"Acidente s";"257.8";"BR-116/RJ";"Pista Sul";"Choque em objeto fixo";0;0;0;0;0;0;0;0;1;0;3;0;0;0;0
"18/09/2023";"06:39:00";"116";"Acidente s";"187.6";"BR-116/SP";"Pista Norte";"Choque em barreira New Jersey";0;0;0;0;0;0;1;0;0;0;1;0;0;0;0
"18/09/2023";"07:05:00";"138";"Acidente c";"225.4";"BR-116/SP";"Pista Sul";"Colisão traseira";0;1;0;0;0;0;0;0;1;0;1;1;0;0;0
"18/09/2023";"07:08:00";"141";"Acidente s";"139.2";"BR-116/SP";"Pista Sul";"Engavetamento";0;0;0;0;0;0;0;0;3;0;4;0;0;0;0
"18/09/2023";"07:24:00";"151";"Acidente s";"131.4";"BR-116/SP";"Pista Sul";"Engavetamento";0;0;0;0;0;0;0;0;2;2;4;0;0;0;0
"18/09/2023";"09:32:00";"263";"Acidente c";"226.4";"BR-116/SP";"Pista Sul";"Colisão traseira";1;1;0;0;0;0;0;0;0;0;1;1;0;0;0
"18/09/2023";"09:47:00";"271";"Acidente s";"101";"BR-116/SP";"Pista Norte";"Abalroamento longitudinal";0;0;0;0;0;0;0;0;3;0;5;0;0;0;0
"18/09/2023";"10:56:00";"321";"Acidente c";"469";"BR-101/RJ";"Pista Norte";"Queda de moto";0;1;0;0;0;0;0;0;0;0;0;2;0;0;0
"18/09/2023";"11:02:00";"325";"Acidente s";"230";"BR-116/SP";"Pista Sul";"Choque em objeto fixo";1;0;0;0;0;0;0;0;0;0;1;0;0;0;0
"18/09/2023";"12:29:00";"384";"Acidente s";"224.6";"BR-116/SP";"Pista Norte";"Colisão traseira";0;0;0;0;0;0;1;0;1;0;3;0;0;0;0
"18/09/2023";"12:56:00";"398";"Acidente c";"240.7";"BR-116/RJ";"Pista Sul";"Colisão traseira";0;0;0;0;0;0;0;0;2;0;4;1;0;0;0
"18/09/2023";"02:20:00";"445";"Acidente c";"427";"BR-101/RJ";"Pista Norte";"Colisão frontal";0;0;0;0;0;0;1;0;1;0;1;0;1;0;0
"18/09/2023";"03:20:00";"488";"Acidente s";"235.9";"BR-116/RJ";"Pista Norte";"Colisão traseira";0;0;0;0;0;0;0;0;1;1;2;0;0;0;0
"18/09/2023";"04:47:00";"541";"Acidente s";"120";"BR-116/SP";"Pista Norte";"Engavetamento";0;0;0;0;0;0;0;0;3;1;1;0;0;0;0
"18/09/2023";"04:48:00";"542";"Acidente c";"514";"BR-101/RJ";"Pista Sul";"Queda de moto";0;1;0;0;0;0;0;0;0;0;0;1;0;0;0
"18/09/2023";"05:06:00";"553";"Acidente s";"51.2";"BR-116/SP";"Pista Norte";"Queda de moto";0;1;0;0;0;0;0;0;0;0;1;0;0;0;0
"18/09/2023";"07:38:00";"640";"Acidente s";"233";"BR-116/RJ";"Pista Norte";"Atropelamento de animal";0;0;0;1;0;0;0;0;0;0;32;0;0;0;0
"18/09/2023";"07:50:00";"649";"Acidente s";"227";"BR-116/RJ";"Pista Sul";"Choque em objeto fixo";1;0;0;0;0;0;0;0;0;0;1;0;0;0;0
"19/09/2023";"12:08:00";"20";"Acidente s";"419";"BR-101/RJ";"Pista Sul";"Choque em objeto fixo";0;0;0;0;0;0;1;0;0;0;1;0;0;0;0
"19/09/2023";"01:46:00";"51";"Acidente s";"227.65";"BR-116/SP";"Pista Sul";"Capotamento";0;0;0;0;0;0;0;0;1;0;1;0;0;0;0
"19/09/2023";"05:00:00";"81";"Acidente c";"142.1";"BR-116/SP";"Pista Norte";"Capotamento";0;0;0;0;0;0;1;0;0;0;0;1;0;0;0
"19/09/2023";"06:36:00";"112";"Atropelame";"575";"BR-101/RJ";"Pista Sul";"Atropelamento de pedestre atravessando";0;1;1;0;0;0;0;0;0;0;0;2;0;0;0
"19/09/2023";"07:00:00";"130";"Acidente c";"111.1";"BR-116/SP";"Pista Norte";"Queda de moto";1;1;0;0;0;0;0;0;0;0;1;1;0;0;0
"19/09/2023";"08:55:00";"212";"Acidente s";"258";"BR-116/RJ";"Pista Norte";"Choque em objeto na pista";0;0;0;0;0;0;0;0;1;0;1;0;0;0;0
"19/09/2023";"09:06:00";"225";"Acidente s";"223.9";"BR-116/SP";"Pista Sul";"Colisão traseira";0;0;0;0;0;0;0;0;1;1;1;0;0;0;0
"19/09/2023";"10:44:00";"288";"Acidente c";"315.9";"BR-116/RJ";"Pista Norte";"Colisão traseira";0;1;0;0;0;0;0;0;1;0;1;1;0;0;0
"19/09/2023";"01:55:00";"386";"Acidente s";"411";"BR-101/RJ";"Pista Sul";"Choque Talude";0;0;0;0;0;0;0;0;1;0;4;0;0;0;0
"19/09/2023";"02:26:00";"406";"Acidente s";"411";"BR-101/RJ";"Pista Sul";"Abalroamento longitudinal";0;0;0;0;0;0;0;0;1;1;2;0;0;0;0
"19/09/2023";"03:03:00";"429";"Acidente s";"56";"BR-116/SP";"Pista Norte";"Engavetamento";3;0;0;0;0;0;0;0;0;1;4;0;0;0;0
"19/09/2023";"03:12:00";"433";"Acidente s";"51";"BR-116/SP";"Pista Norte";"Choque em objeto fixo";0;0;0;0;0;0;0;0;1;0;1;0;0;0;0
"19/09/2023";"04:00:00";"453";"Acidente c";"223.3";"BR-116/SP";"Pista Norte";"Colisão traseira";0;1;0;0;0;0;1;0;0;0;1;1;0;0;0
"19/09/2023";"05:29:00";"492";"Acidente s";"56.4";"BR-116/SP";"Pista Sul";"Colisão traseira";0;0;0;0;0;0;0;0;2;0;5;0;0;0;0
"19/09/2023";"05:49:00";"501";"Acidente c";"220.3";"BR-116/SP";"Pista Norte";"Abalroamento longitudinal";0;1;0;0;0;0;0;0;1;0;2;1;0;0;0
"19/09/2023";"06:26:00";"533";"Acidente s";"86.4";"BR-116/SP";"Pista Norte";"Abalroamento longitudinal";1;0;0;0;0;0;0;0;1;0;3;0;0;0;0
"19/09/2023";"06:47:00";"549";"Acidente s";"230.1";"BR-116/SP";"Pista Sul";"Engavetamento";0;0;0;0;0;0;0;0;2;1;3;0;0;0;0
"19/09/2023";"08:37:00";"600";"Acidente c";"244.6";"BR-116/RJ";"Pista Sul";"Colisão traseira";3;0;0;0;0;0;0;0;0;0;2;0;1;0;0
"19/09/2023";"08:41:00";"601";"Acidente c";"230.2";"BR-116/SP";"Pista Sul";"Choque em defensa";0;1;0;0;0;0;0;0;0;0;0;0;0;0;2
"19/09/2023";"09:19:00";"610";"Acidente s";"209";"BR-116/SP";"Pista Sul";"Colisão traseira";2;0;0;0;0;0;0;0;0;0;2;0;0;0;0
"19/09/2023";"11:10:00";"648";"Acidente s";"211.3";"BR-116/SP";"Pista Norte";"Engavetamento";1;0;0;0;0;0;0;0;2;0;7;0;0;0;0
"20/09/2023";"02:54:00";"44";"Acidente s";"468.5";"BR-101/RJ";"Pista Norte";"Atropelamento de animal";0;0;0;0;0;0;0;0;1;0;4;0;0;0;0
"20/09/2023";"06:24:00";"84";"Acidente c";"212";"BR-116/SP";"Pista Sul";"Engavetamento";0;0;0;0;0;0;0;0;3;0;2;1;0;0;0
"20/09/2023";"07:51:00";"155";"Acidente c";"93.15";"BR-116/SP";"Pista Norte";"Capotamento";0;0;0;0;0;0;0;0;1;0;0;2;2;0;0
"20/09/2023";"08:03:00";"161";"Acidente s";"578.4";"BR-101/RJ";"Pista Sul";"Colisão traseira";0;0;0;0;0;0;0;0;2;0;2;0;0;0;0
"20/09/2023";"08:47:00";"179";"Acidente s";"86";"BR-116/SP";"Pista Norte";"Abalroamento longitudinal";1;0;0;0;0;0;0;0;1;0;3;0;0;0;0
"20/09/2023";"08:53:00";"184";"Acidente s";"96.5";"BR-116/SP";"Pista Norte";"Colisão traseira";1;0;0;0;0;0;0;0;1;0;2;0;0;0;0
"20/09/2023";"10:20:00";"246";"Acidente s";"227.5";"BR-116/SP";"Pista Sul";"Colisão traseira";0;0;0;0;0;0;0;0;2;0;2;0;0;0;0
"20/09/2023";"10:43:00";"260";"Acidente c";"262";"BR-116/RJ";"Pista Sul";"Choque em objeto na pista";0;0;0;0;0;0;1;0;1;0;1;1;1;0;0
"20/09/2023";"11:54:00";"300";"Acidente c";"216";"BR-116/RJ";"Pista Sul";"Choque em defensa";0;0;0;0;0;0;0;0;1;0;0;2;0;0;0
"20/09/2023";"02:46:00";"390";"Acidente c";"219";"BR-116/SP";"Pista Sul";"Colisão frontal";0;1;0;0;0;0;0;0;1;0;2;1;0;0;0
"20/09/2023";"05:22:00";"476";"Acidente c";"154.9";"BR-116/SP";"Pista Sul";"Abalroamento longitudinal";0;1;0;0;0;0;0;0;0;1;0;0;1;0;0
"20/09/2023";"05:49:00";"496";"Acidente s";"145.3";"BR-116/SP";"Pista Sul";"Engavetamento";0;0;0;0;0;0;0;0;1;2;3;0;0;0;0
"20/09/2023";"06:59:00";"530";"Acidente s";"127";"BR-116/SP";"Pista Sul";"Abalroamento longitudinal";1;0;0;0;0;0;0;0;1;0;4;0;0;0;0
"20/09/2023";"07:27:00";"546";"Atropelame";"213";"BR-116/SP";"Pista Norte";"Atropelamento de pedestre atravessando";0;0;0;0;0;0;0;0;1;0;1;0;0;1;0
"20/09/2023";"07:30:00";"549";"Acidente c";"523";"BR-101/RJ";"Pista Sul";"Choque em objeto fixo";0;1;0;0;0;0;0;0;0;0;0;1;0;0;0
"20/09/2023";"10:12:00";"616";"Acidente s";"114.7";"BR-116/SP";"Pista Norte";"Choque em objeto na pista";0;0;0;0;0;0;0;0;1;0;1;0;0;0;0
"21/09/2023";"03:00:00";"40";"Acidente s";"94.7";"BR-116/SP";"Pista Norte";"Colisão traseira";1;0;0;0;0;0;0;0;0;1;2;0;0;0;0
"21/09/2023";"05:05:00";"62";"Acidente s";"231";"BR-116/SP";"Pista Sul";"Engavetamento";0;0;0;0;0;0;0;0;2;2;4;0;0;0;0
"21/09/2023";"05:46:00";"74";"Acidente s";"214.4";"BR-116/SP";"Pista Sul";"Abalroamento longitudinal";1;0;0;0;0;0;0;0;1;0;4;0;0;0;0
"21/09/2023";"06:43:00";"109";"Acidente c";"460";"BR-101/RJ";"Pista Norte";"Queda de moto";0;1;0;0;0;0;0;0;1;0;0;1;0;0;0
"21/09/2023";"06:49:00";"115";"Acidente c";"125";"BR-116/SP";"Pista Sul";"Colisão traseira";1;1;0;0;0;0;0;0;0;0;1;1;0;0;0
"21/09/2023";"07:03:00";"125";"Acidente c";"472";"BR-101/RJ";"Pista Sul";"Abalroamento longitudinal";0;1;0;0;0;0;0;0;1;0;1;0;1;0;0
"21/09/2023";"07:57:00";"167";"Acidente c";"268";"BR-116/RJ";"Pista Sul";"Choque em barreira New Jersey";0;0;0;0;0;0;0;0;1;0;0;1;0;0;0
"21/09/2023";"09:09:00";"234";"Acidente s";"182.5";"BR-116/SP";"Pista Norte";"Tombamento";0;0;0;0;0;1;0;0;0;0;1;0;0;0;0
"21/09/2023";"09:42:00";"262";"Acidente s";"158.3";"BR-116/SP";"Pista Norte";"Engavetamento";0;0;0;0;0;0;0;0;2;1;4;0;0;0;0
"21/09/2023";"10:07:00";"279";"Acidente s";"525";"BR-101/RJ";"Pista Sul";"Abalroamento longitudinal";1;0;0;0;0;0;0;0;1;0;2;0;0;0;0
"21/09/2023";"11:14:00";"322";"Acidente c";"168.4";"BR-116/SP";"Pista Sul";"Choque em barreira New Jersey";0;0;0;0;0;0;1;0;0;0;0;2;0;0;0
"21/09/2023";"02:59:00";"424";"Acidente c";"300";"BR-116/RJ";"Pista Sul";"Abalroamento longitudinal";2;0;0;0;0;0;0;0;0;0;0;0;1;0;1
"21/09/2023";"04:53:00";"487";"Acidente s";"152.3";"BR-116/SP";"Pista Norte";"Colisão traseira";0;0;0;0;0;0;0;0;1;1;2;0;0;0;0
"21/09/2023";"05:08:00";"496";"Acidente s";"155.1";"BR-116/SP";"Pista Sul";"Colisão traseira";0;0;0;0;0;0;0;0;2;0;2;0;0;0;0
"21/09/2023";"05:27:00";"507";"Acidente s";"212.3";"BR-116/SP";"Pista Norte";"Engavetamento";0;0;0;0;0;0;0;0;4;0;7;0;0;0;0
"21/09/2023";"05:30:00";"514";"Acidente c";"300";"BR-116/RJ";"Pista Norte";"Engavetamento";0;0;0;0;0;0;0;0;3;0;7;1;0;0;0
"21/09/2023";"06:16:00";"532";"Acidente s";"321";"BR-116/RJ";"Pista Sul";"Choque em barreira New Jersey";0;0;0;0;0;0;0;0;1;0;1;0;0;0;0
"21/09/2023";"06:23:00";"538";"Acidente s";"229.92";"BR-116/SP";"Pista Sul";"Colisão traseira";1;0;0;0;0;0;0;0;1;0;2;0;0;0;0
"21/09/2023";"07:16:00";"571";"Acidente c";"479";"BR-101/RJ";"Pista Sul";"Colisão frontal";0;1;0;0;0;0;0;0;1;0;1;0;0;1;0
"21/09/2023";"07:17:00";"573";"Atropelame";"83";"BR-116/SP";"Pista Norte";"Atropelamento de pedestre atravessando";0;1;0;0;0;0;0;0;1;0;1;0;1;0;0
"21/09/2023";"07:28:00";"579";"Acidente s";"225.5";"BR-116/SP";"Pista Norte";"Colisão traseira";0;0;0;0;0;0;0;0;2;0;3;0;0;0;0
"21/09/2023";"08:28:00";"608";"Acidente s";"273";"BR-116/RJ";"Pista Norte";"Colisão traseira";1;0;0;0;0;1;0;0;0;0;0;0;0;0;0
"21/09/2023";"10:39:00";"642";"Acidente s";"58.9";"BR-116/SP";"Pista Norte";"Colisão traseira";2;0;0;0;0;0;0;0;0;0;2;0;0;0;0
"21/09/2023";"11:14:00";"658";"Acidente c";"217";"BR-116/SP";"Pista Sul";"Capotamento";0;0;0;0;0;0;0;0;1;0;0;1;0;0;0
"21/09/2023";"11:20:00";"660";"Acidente c";"187.8";"BR-116/SP";"Pista Norte";"Abalroamento longitudinal";0;1;0;0;0;0;0;0;2;0;5;1;0;0;0
"22/09/2023";"04:15:00";"67";"Acidente s";"117.6";"BR-116/SP";"Pista Sul";"Abalroamento longitudinal";2;0;0;0;0;0;0;0;0;0;2;0;0;0;0
"22/09/2023";"05:34:00";"80";"Acidente s";"211.7";"BR-116/SP";"Pista Norte";"Choque em barreira New Jersey";1;0;0;0;0;0;0;0;0;0;1;0;0;0;0
"22/09/2023";"08:09:00";"219";"Acidente s";"211.5";"BR-116/SP";"Pista Norte";"Engavetamento";0;0;0;0;0;0;0;0;2;2;4;0;0;0;0
"22/09/2023";"10:34:00";"346";"Acidente c";"270";"BR-116/RJ";"Pista Norte";"Colisão traseira";1;0;0;0;0;0;0;0;1;0;2;1;1;0;0
"22/09/2023";"12:07:00";"410";"Acidente s";"261.3";"BR-116/RJ";"Pista Sul";"Abalroamento longitudinal";0;0;0;0;0;0;0;0;1;1;2;0;0;0;0
"22/09/2023";"12:08:00";"412";"Acidente c";"219";"BR-116/SP";"Pista Sul";"Colisão traseira";1;0;0;0;0;0;0;0;1;0;1;0;0;1;0
"22/09/2023";"01:46:00";"463";"Acidente c";"158";"BR-116/SP";"Pista Norte";"Colisão traseira";0;1;0;0;0;0;0;0;0;1;1;0;2;0;0
"22/09/2023";"02:59:00";"500";"Acidente s";"211";"BR-116/SP";"Pista Norte";"Abalroamento longitudinal";1;0;0;0;0;0;0;0;1;0;2;0;0;0;0
"22/09/2023";"03:40:00";"529";"Acidente c";"286";"BR-116/RJ";"Pista Norte";"Capotamento";0;0;0;0;0;0;0;0;1;0;0;0;1;0;0
"22/09/2023";"05:36:00";"614";"Acidente s";"220";"BR-116/SP";"Pista Norte";"Colisão traseira";1;0;0;0;0;0;0;0;1;0;3;0;0;0;0
"22/09/2023";"06:00:00";"629";"Acidente s";"228";"BR-116/RJ";"Pista Sul";"Colisão traseira";1;0;0;0;0;0;0;0;0;1;3;0;0;0;0
"22/09/2023";"06:02:00";"630";"Acidente s";"187.15";"BR-116/SP";"Pista Norte";"Choque em objeto fixo";0;0;0;0;0;0;0;0;1;0;4;0;0;0;0
"22/09/2023";"06:57:00";"667";"Acidente s";"104.8";"BR-116/SP";"Pista Sul";"Colisão traseira";0;0;0;0;0;0;0;0;2;0;3;0;0;0;0
"22/09/2023";"07:28:00";"677";"Acidente s";"208.1";"BR-116/SP";"Pista Sul";"Engavetamento";0;0;0;0;0;0;0;0;2;2;4;0;0;0;0
"23/09/2023";"01:16:00";"38";"Acidente s";"139.9";"BR-116/SP";"Pista Norte";"Abalroamento longitudinal";0;0;0;0;0;0;0;0;1;1;3;0;0;0;0
"23/09/2023";"05:34:00";"76";"Atropelame";"141.35";"BR-116/SP";"Pista Norte";"Atropelamento de pedestre atravessando";0;0;0;0;0;0;0;0;0;1;1;0;0;0;1
"23/09/2023";"07:59:00";"148";"Acidente c";"103.7";"BR-116/SP";"Pista Norte";"Engavetamento";0;0;0;0;0;0;0;0;4;1;11;1;0;0;0
"23/09/2023";"08:05:00";"153";"Acidente s";"228.3";"BR-116/SP";"Pista Sul";"Colisão traseira";0;0;0;0;0;0;0;0;1;1;2;0;0;0;0
"23/09/2023";"08:16:00";"160";"Acidente c";"230";"BR-116/SP";"Pista Sul";"Colisão traseira";0;1;0;0;0;0;0;0;1;0;2;1;0;0;0
"23/09/2023";"10:10:00";"231";"Acidente s";"278";"BR-116/RJ";"Pista Norte";"Abalroamento longitudinal";1;0;0;0;0;0;0;0;1;0;3;0;0;0;0
"23/09/2023";"11:20:00";"265";"Acidente c";"126";"BR-116/SP";"Pista Norte";"Colisão traseira";0;0;0;0;0;0;0;0;2;0;1;2;0;0;0
"23/09/2023";"11:33:00";"271";"Acidente s";"126.5";"BR-116/SP";"Pista Norte";"Colisão traseira";0;0;0;0;0;0;1;0;1;0;2;0;0;0;0
"23/09/2023";"11:42:00";"280";"Acidente s";"429.8";"BR-101/RJ";"Pista Sul";"Choque em objeto fixo";0;0;0;0;0;0;0;0;1;0;1;0;0;0;0
"23/09/2023";"11:55:00";"285";"Acidente s";"262";"BR-116/RJ";"Pista Norte";"Choque em objeto fixo";0;0;0;0;0;0;0;0;1;0;1;0;0;0;0
"23/09/2023";"12:38:00";"305";"Acidente c";"67";"BR-116/SP";"Pista Norte";"Engavetamento";0;1;0;0;0;0;0;0;2;0;4;2;0;0;0
"23/09/2023";"01:01:00";"315";"Acidente s";"230.3";"BR-116/SP";"Pista Norte";"Engavetamento";1;0;0;0;0;0;0;0;0;2;3;0;0;0;0
"23/09/2023";"01:23:00";"329";"Acidente s";"156";"BR-116/SP";"Pista Norte";"Engavetamento";0;0;0;0;0;0;0;0;1;2;3;0;0;0;0
"23/09/2023";"02:09:00";"351";"Acidente s";"413";"BR-101/RJ";"Pista Norte";"Colisão traseira";0;0;0;0;0;0;0;0;1;1;2;0;0;0;0
"23/09/2023";"02:38:00";"368";"Acidente s";"96.4";"BR-116/SP";"Pista Sul";"Colisão traseira";0;0;0;0;0;0;0;0;2;0;7;0;0;0;0
"23/09/2023";"02:39:00";"370";"Acidente s";"300";"BR-116/RJ";"Pista Sul";"Queda de ribanceira";0;0;0;0;0;0;0;0;1;0;1;0;0;0;0
"23/09/2023";"03:36:00";"406";"Acidente s";"38";"BR-101/SP";"Pista Norte";"Choque em objeto fixo";0;0;0;0;0;0;0;0;1;0;5;0;0;0;0
"23/09/2023";"04:07:00";"424";"Acidente s";"230.4";"BR-116/SP";"Pista Sul";"Colisão traseira";0;0;0;0;0;0;0;0;1;1;2;0;0;0;0
"23/09/2023";"04:13:00";"428";"Acidente s";"141.7";"BR-116/SP";"Pista Norte";"Colisão traseira";0;0;0;0;0;0;0;0;1;1;3;0;0;0;0
"23/09/2023";"04:21:00";"430";"Acidente c";"61";"BR-116/SP";"Pista Sul";"Queda de moto";0;1;0;0;0;0;0;0;0;0;0;0;2;0;0