data;horario;n_da_ocorrencia;tipo_de_ocorrencia;km;trecho;sentido;tipo_de_acidente;automovel;bicicleta;caminhao;moto;onibus;outros;tracao_animal;transporte_de_cargas_especiais;trator_maquinas;utilitarios;ilesos;levemente_feridos;moderadamente_feridos;gravemente_feridos;mortos
"30/09/2023";"07:45:00";"508";"Acidente s";"156";"BR-116/SP";"Pista Sul";"Abalroamento longitudinal";1;0;0;0;0;0;0;0;1;0;2;0;0;0;0
"30/09/2023";"07:55:00";"513";"Acidente s";"589.5";"BR-101/RJ";"Pista Sul";"Colisão traseira";0;0;0;0;0;0;0;0;2;0;3;0;0;0;0
"30/09/2023";"08:01:00";"516";"Acidente s";"243";"BR-116/RJ";"Pista Sul";"Abalroamento longitudinal";1;0;0;0;0;0;0;0;1;0;2;0;0;0;0
"30/09/2023";"09:54:00";"552";"Acidente s";"117.65";"BR-116/SP";"Pista Norte";"Choque em objeto fixo";0;0;0;0;0;0;0;0;1;0;1;0;0;0;0
"30/09/2023";"11:18:00";"575";"Acidente s";"220";"BR-116/RJ";"Pista Sul";"Atropelamento de animal";0;0;0;0;0;0;0;0;2;0;7;0;0;0;0
"01/10/2023";"12:48:00";"35";"Acidente c";"144";"BR-116/SP";"Pista Norte";"Capotamento";0;0;0;0;0;1;0;0;1;0;1;1;0;0;0
"01/10/2023";"02:16:00";"56";"Acidente s";"511";"BR-101/RJ";"Pista Sul";"Choque em objeto fixo";0;0;0;0;0;1;0;0;0;0;1;0;0;0;0
"01/10/2023";"03:33:00";"68";"Acidente s";"223";"BR-116/SP";"Pista Norte";"Outros";0;0;0;0;0;0;0;0;1;0;1;0;0;0;0
"01/10/2023";"04:48:00";"83";"Acidente s";"224.95";"BR-116/SP";"Pista Sul";"Choque em barreira New Jersey";0;0;0;0;0;0;0;0;1;0;1;0;0;0;0
"01/10/2023";"04:48:00";"82";"Acidente s";"191.6";"BR-116/SP";"Pista Norte";"Capotamento";0;0;0;0;0;0;0;0;1;0;1;0;0;0;0
"01/10/2023";"05:22:00";"89";"Acidente c";"36.6";"BR-116/SP";"Pista Sul";"Choque em defensa";0;0;0;0;0;0;0;0;1;0;0;0;1;0;0
"01/10/2023";"05:55:00";"97";"Acidente c";"381";"BR-101/RJ";"Pista Norte";"Atropelamento de pedestre atravessando";0;0;1;0;0;0;0;0;1;0;1;1;0;0;0
"01/10/2023";"06:15:00";"106";"Acidente s";"217.8";"BR-116/SP";"Pista Norte";"Choque em barreira New Jersey";0;0;0;0;0;0;0;0;1;0;2;0;0;0;0
"01/10/2023";"06:16:00";"107";"Acidente c";"65";"BR-116/SP";"Pista Sul";"Abalroamento longitudinal";1;0;0;0;0;0;0;0;1;0;1;1;0;0;0
"01/10/2023";"06:22:00";"108";"Acidente s";"90";"BR-116/SP";"Pista Norte";"Choque em objeto fixo";1;0;0;0;0;0;0;0;0;0;1;0;0;0;0
"01/10/2023";"06:35:00";"113";"Acidente c";"43.3";"BR-101/SP";"Pista Norte";"Choque em objeto fixo";0;0;0;0;0;0;0;0;1;0;0;1;0;0;0
"01/10/2023";"07:16:00";"123";"Atropelame";"231";"BR-116/SP";"Pista Norte";"Atropelamento de pedestre caminhando";0;0;0;0;0;0;0;0;0;1;1;0;1;0;0
"01/10/2023";"07:20:00";"125";"Acidente c";"296";"BR-116/RJ";"Pista Norte";"Outros";0;0;0;0;0;0;0;0;1;0;0;6;0;0;0
"01/10/2023";"08:30:00";"157";"Acidente s";"330.8";"BR-116/RJ";"Pista Norte";"Choque em barreira New Jersey";0;0;0;0;0;0;0;0;1;0;1;0;0;0;0
"01/10/2023";"08:35:00";"158";"Acidente c";"180.9";"BR-116/SP";"Pista Norte";"Choque em objeto na pista";0;0;0;0;0;0;0;0;1;0;0;1;0;0;0
"01/10/2023";"09:42:00";"189";"Acidente s";"132.8";"BR-116/SP";"Pista Norte";"Choque em objeto fixo";0;0;0;0;0;0;0;0;1;0;1;0;0;0;0
"01/10/2023";"09:49:00";"192";"Acidente s";"105";"BR-116/SP";"Pista Sul";"Abalroamento longitudinal";1;0;0;0;0;0;0;0;1;0;3;0;0;0;0
"01/10/2023";"11:20:00";"226";"Acidente s";"224.05";"BR-116/RJ";"Pista Norte";"Choque em objeto fixo";0;0;0;0;0;0;0;0;1;0;1;0;0;0;0
"01/10/2023";"11:39:00";"235";"Acidente s";"213";"BR-116/SP";"Pista Sul";"Choque em barreira New Jersey";0;0;0;0;0;0;0;0;1;0;1;0;0;0;0
"01/10/2023";"11:41:00";"237";"Acidente s";"421";"BR-101/RJ";"Pista Sul";"Choque em defensa";0;0;0;0;0;0;0;0;1;0;1;0;0;0;0
"01/10/2023";"11:54:00";"241";"Acidente s";"274";"BR-116/RJ";"Pista Sul";"Choque em defensa";0;0;0;0;0;0;0;0;1;0;2;0;0;0;0
"01/10/2023";"11:58:00";"242";"Acidente c";"198";"BR-116/SP";"Pista Norte";"Choque em barreira New Jersey";0;0;0;0;0;0;0;0;1;0;2;1;0;0;0
"01/10/2023";"12:53:00";"262";"Acidente s";"222.9";"BR-116/SP";"Pista Norte";"Choque em defensa";0;0;0;0;0;0;0;0;1;0;1;0;0;0;0
"01/10/2023";"12:58:00";"265";"Acidente s";"38.7";"BR-116/SP";"Pista Norte";"Choque em defensa";1;0;0;0;0;0;0;0;1;0;2;0;0;0;0
"01/10/2023";"01:37:00";"284";"Acidente c";"85.1";"BR-116/SP";"Pista Sul";"Abalroamento longitudinal";0;1;0;0;0;0;0;0;0;1;1;1;0;0;0
"01/10/2023";"01:38:00";"285";"Acidente s";"565";"BR-101/RJ";"Pista Sul";"Choque em objeto fixo";0;0;0;0;0;0;0;0;1;0;1;0;0;0;0
"01/10/2023";"01:54:00";"293";"Acidente s";"442";"BR-101/RJ";"Pista Norte";"Choque em objeto fixo";0;0;0;0;0;0;0;0;1;0;1;0;0;0;0
"01/10/2023";"02:42:00";"315";"Acidente s";"26.3";"BR-116/SP";"Pista Sul";"Choque em objeto fixo";0;0;0;0;0;0;0;0;1;0;1;0;0;0;0
"01/10/2023";"03:06:00";"323";"Acidente s";"106.6";"BR-116/SP";"Pista Sul";"Colisão traseira";0;0;0;0;0;0;0;0;2;0;4;0;0;0;0
"01/10/2023";"03:29:00";"329";"Acidente s";"43.2";"BR-116/SP";"Pista Norte";"Colisão traseira";1;0;0;1;0;0;0;0;0;0;47;0;0;0;0
"01/10/2023";"03:30:00";"330";"Acidente s";"388";"BR-101/RJ";"Pista Sul";"Choque em objeto fixo";0;0;0;0;0;0;0;0;1;0;1;0;0;0;0
"01/10/2023";"03:41:00";"335";"Acidente s";"100";"BR-116/SP";"Pista Sul";"Engavetamento";0;0;0;0;0;0;0;0;2;1;6;0;0;0;0
"01/10/2023";"03:52:00";"337";"Acidente s";"429";"BR-101/RJ";"Pista Sul";"Choque em objeto fixo";0;0;0;0;0;0;0;0;1;0;1;0;0;0;0
"01/10/2023";"04:28:00";"355";"Acidente c";"279.2";"BR-116/RJ";"Pista Sul";"Choque em defensa";0;0;0;0;0;0;0;0;2;0;3;1;0;0;0
"01/10/2023";"05:29:00";"380";"Acidente s";"226";"BR-116/RJ";"Pista Sul";"Choque em objeto fixo";0;0;0;0;0;0;0;0;1;0;2;0;0;0;0
"01/10/2023";"05:52:00";"388";"Acidente s";"312.7";"BR-116/RJ";"Pista Norte";"Choque em objeto fixo";0;0;0;0;0;0;0;0;1;0;1;0;0;0;0
"01/10/2023";"06:03:00";"393";"Acidente c";"244.1";"BR-116/RJ";"Pista Sul";"Capotamento";0;0;0;0;0;0;0;0;1;0;0;0;1;0;0
"01/10/2023";"06:09:00";"398";"Acidente s";"227";"BR-116/RJ";"Pista Norte";"Choque em defensa";0;0;0;0;0;0;0;0;1;0;2;0;0;0;0
"01/10/2023";"06:15:00";"402";"Acidente c";"74.3";"BR-116/SP";"Pista Sul";"Abalroamento longitudinal";0;1;0;0;0;0;0;0;1;0;1;0;1;0;0
"01/10/2023";"06:37:00";"419";"Acidente c";"226.5";"BR-116/SP";"Pista Norte";"Queda de moto";0;1;0;0;0;0;0;0;0;0;0;1;0;0;0
"01/10/2023";"07:48:00";"440";"Acidente s";"179.5";"BR-116/SP";"Pista Sul";"Engavetamento";1;0;0;0;0;0;0;0;3;0;5;0;0;0;0
"01/10/2023";"10:58:00";"481";"Acidente s";"295";"BR-116/RJ";"Pista Norte";"Choque em objeto na pista";0;0;0;0;0;0;0;0;3;0;3;0;0;0;0
"01/10/2023";"11:04:00";"483";"Acidente s";"295";"BR-116/RJ";"Pista Sul";"Choque em objeto na pista";0;0;0;0;0;0;0;0;3;0;3;0;0;0;0
"01/10/2023";"11:12:00";"488";"Acidente s";"205.7";"BR-116/SP";"Pista Norte";"Choque em barreira New Jersey";0;0;0;0;0;0;0;0;1;0;1;0;0;0;0
"01/10/2023";"11:52:00";"498";"Acidente s";"223";"BR-116/SP";"Pista Norte";"Colisão traseira";0;0;0;0;0;0;0;0;2;0;3;0;0;0;0
"01/10/2023";"11:58:00";"500";"Acidente s";"114.6";"BR-116/SP";"Pista Norte";"Colisão traseira";0;0;0;0;0;0;0;0;1;1;3;0;0;0;0
"02/10/2023";"04:40:00";"42";"Acidente s";"167.7";"BR-116/SP";"Pista Sul";"Colisão traseira";1;0;0;0;0;0;0;0;1;0;2;0;0;0;0
"02/10/2023";"05:38:00";"49";"Acidente s";"226.3";"BR-116/RJ";"Pista Sul";"Choque em defensa";0;0;0;0;0;0;0;0;1;0;1;0;0;0;0
"02/10/2023";"05:39:00";"50";"Acidente c";"216";"BR-116/SP";"Pista Sul";"Choque em barreira New Jersey";0;0;0;0;0;0;0;0;1;0;0;1;2;0;0
"02/10/2023";"06:09:00";"61";"Acidente c";"210";"BR-116/SP";"Pista Sul";"Abalroamento longitudinal";0;1;0;0;0;0;0;0;1;0;1;1;0;0;0
"02/10/2023";"06:30:00";"74";"Acidente s";"224";"BR-116/RJ";"Pista Norte";"Choque em objeto fixo";0;0;0;0;0;0;0;0;1;0;1;0;0;0;0
"02/10/2023";"07:02:00";"96";"Acidente s";"247.2";"BR-116/RJ";"Pista Norte";"Capotamento";0;0;0;0;0;0;0;0;1;0;1;0;0;0;0
"02/10/2023";"07:15:00";"108";"Acidente c";"392.8";"BR-101/RJ";"Pista Norte";"Queda de moto";0;1;0;0;0;0;0;0;0;0;0;1;0;0;0
"02/10/2023";"07:57:00";"144";"Acidente s";"576";"BR-101/RJ";"Pista Norte";"Engavetamento";0;0;0;0;0;0;0;0;2;1;3;0;0;0;0
"02/10/2023";"08:29:00";"168";"Acidente c";"228.8";"BR-116/SP";"Pista Sul";"Abalroamento longitudinal";0;2;0;0;0;0;0;0;0;0;0;2;2;0;0
"02/10/2023";"10:31:00";"272";"Acidente s";"540.2";"BR-101/RJ";"Pista Sul";"Choque em objeto fixo";0;0;0;0;0;0;0;0;1;0;1;0;0;0;0
"02/10/2023";"10:33:00";"274";"Acidente s";"199";"BR-116/SP";"Pista Norte";"Choque em objeto na pista";0;0;0;0;0;0;0;0;1;1;2;0;0;0;0
"02/10/2023";"11:01:00";"290";"Acidente s";"65.14";"BR-116/SP";"Pista Sul";"Outros";0;0;0;0;0;0;0;0;1;0;2;0;0;0;0
"02/10/2023";"11:52:00";"317";"Acidente c";"128.8";"BR-116/SP";"Pista Sul";"Queda de moto";0;1;0;0;0;0;0;0;0;0;0;0;1;0;0
"02/10/2023";"01:31:00";"363";"Atropelame";"226.3";"BR-116/RJ";"Pista Norte";"Atropelamento de pedestre caminhando";0;0;0;0;0;0;0;0;0;1;1;0;0;1;0
"02/10/2023";"01:37:00";"367";"Acidente s";"538";"BR-101/RJ";"Pista Sul";"Choque em objeto fixo";1;0;0;0;0;0;0;0;0;0;1;0;0;0;0
"02/10/2023";"02:51:00";"402";"Acidente s";"434";"BR-101/RJ";"Pista Norte";"Choque em objeto fixo";1;0;0;0;0;0;0;0;0;0;2;0;0;0;0
"02/10/2023";"02:55:00";"406";"Acidente c";"442";"BR-101/RJ";"Pista Sul";"Colisão frontal";0;0;0;0;0;0;0;0;2;0;2;0;1;0;0
"02/10/2023";"04:18:00";"446";"Acidente s";"528.2";"BR-101/RJ";"Pista Sul";"Choque em objeto fixo";0;0;0;0;0;0;0;0;1;0;1;0;0;0;0
"02/10/2023";"04:35:00";"454";"Acidente c";"430";"BR-101/RJ";"Pista Norte";"Choque Talude";0;0;0;0;0;0;0;0;1;0;0;1;0;0;0
"02/10/2023";"06:35:00";"522";"Acidente s";"203";"BR-116/SP";"Pista Norte";"Engavetamento";0;0;0;0;0;0;0;0;2;1;6;0;0;0;0
"02/10/2023";"06:47:00";"529";"Acidente s";"211.7";"BR-116/SP";"Pista Norte";"Abalroamento longitudinal";0;0;0;0;0;0;0;0;1;1;2;0;0;0;0
"02/10/2023";"07:25:00";"539";"Acidente c";"219";"BR-116/SP";"Pista Sul";"Colisão traseira";0;1;0;0;0;0;0;0;1;0;1;1;0;0;0
"02/10/2023";"11:13:00";"607";"Acidente s";"579";"BR-101/RJ";"Pista Sul";"Choque em objeto fixo";0;0;0;0;0;0;0;0;1;0;1;0;0;0;0
"03/10/2023";"02:15:00";"44";"Acidente c";"222.6";"BR-116/SP";"Pista Sul";"Queda de moto";0;1;0;0;0;0;0;0;0;0;0;0;1;0;0
"03/10/2023";"07:12:00";"120";"Acidente s";"542";"BR-101/RJ";"Pista Norte";"Choque em objeto fixo";0;0;0;0;0;0;0;0;1;0;2;0;0;0;0
"03/10/2023";"07:39:00";"140";"Acidente c";"138.1";"BR-116/SP";"Pista Sul";"Colisão traseira";0;1;0;0;0;0;0;0;1;0;2;1;0;0;0
"03/10/2023";"09:00:00";"203";"Acidente c";"165.2";"BR-116/SP";"Pista Norte";"Engavetamento";0;0;0;0;0;0;0;0;3;0;6;1;0;0;0
"03/10/2023";"09:02:00";"206";"Acidente s";"227";"BR-116/SP";"Pista Sul";"Colisão traseira";0;0;0;0;0;0;0;0;2;0;2;0;0;0;0
"03/10/2023";"09:57:00";"255";"Acidente s";"209";"BR-116/SP";"Pista Norte";"Colisão traseira";0;0;0;0;0;0;0;0;1;1;1;0;0;0;0
"03/10/2023";"11:08:00";"302";"Acidente s";"227";"BR-116/SP";"Pista Sul";"Colisão traseira";0;0;0;0;0;0;0;0;2;0;2;0;0;0;0
"03/10/2023";"11:52:00";"320";"Acidente c";"108.85";"BR-116/SP";"Pista Norte";"Tombamento";1;0;0;0;0;0;0;0;1;0;1;1;0;0;0
"03/10/2023";"12:18:00";"329";"Acidente c";"210.1";"BR-116/SP";"Pista Sul";"Capotamento";0;0;0;0;0;0;0;0;1;0;0;1;0;0;0
"03/10/2023";"12:28:00";"334";"Acidente c";"231";"BR-116/SP";"Pista Sul";"Engavetamento";0;0;0;0;0;0;0;0;3;0;4;1;0;0;0
"03/10/2023";"12:56:00";"346";"Acidente c";"222";"BR-116/SP";"Pista Norte";"Colisão traseira";0;1;0;0;0;0;0;0;1;0;3;0;1;0;0
"03/10/2023";"02:51:00";"404";"Acidente c";"21";"BR-116/SP";"Pista Sul";"Queda de moto";0;1;0;0;0;0;0;0;0;0;0;0;0;1;0
"03/10/2023";"04:33:00";"452";"Acidente c";"197.8";"BR-116/SP";"Pista Sul";"Colisão traseira";1;1;0;0;0;0;0;0;0;0;1;0;0;1;0
"03/10/2023";"05:53:00";"492";"Acidente c";"135.7";"BR-116/SP";"Pista Sul";"Abalroamento longitudinal";0;1;0;0;0;0;0;0;1;0;1;0;1;0;0
"03/10/2023";"11:53:00";"616";"Acidente c";"51.1";"BR-116/SP";"Pista Norte";"Queda de moto";0;1;0;0;0;0;0;0;0;0;0;0;0;1;0
"04/10/2023";"12:37:00";"26";"Acidente s";"278.8";"BR-116/RJ";"Pista Norte";"Choque em objeto fixo";1;0;0;0;0;0;0;0;0;0;1;0;0;0;0
"04/10/2023";"01:58:00";"36";"Acidente c";"251.6";"BR-116/RJ";"Pista Norte";"Choque em objeto na pista";0;0;0;0;0;0;0;0;1;0;0;2;0;0;0
"04/10/2023";"02:32:00";"42";"Acidente c";"251.6";"BR-116/RJ";"Pista Norte";"Choque em objeto na pista";0;0;0;0;0;0;0;0;1;0;0;2;0;0;0
"04/10/2023";"07:25:00";"131";"Acidente s";"225.4";"BR-116/SP";"Pista Sul";"Abalroamento longitudinal";0;0;0;0;0;0;0;0;2;0;2;0;0;0;0
"04/10/2023";"08:08:00";"166";"Acidente c";"154.4";"BR-116/SP";"Pista Norte";"Queda de moto";0;1;0;0;0;0;0;0;0;0;1;0;1;0;0
"04/10/2023";"08:14:00";"169";"Acidente c";"218.4";"BR-116/SP";"Pista Norte";"Queda de moto";0;1;0;0;0;0;0;0;0;0;1;1;0;0;0
"04/10/2023";"09:24:00";"227";"Acidente c";"223";"BR-116/SP";"Pista Sul";"Colisão traseira";0;1;0;0;0;0;0;0;0;1;1;2;0;0;0
"04/10/2023";"10:02:00";"253";"Acidente c";"482";"BR-101/RJ";"Pista Norte";"Abalroamento longitudinal";0;1;0;0;0;0;0;0;1;0;1;0;1;0;0
"04/10/2023";"11:05:00";"295";"Acidente s";"151";"BR-116/SP";"Pista Sul";"Colisão traseira";1;0;0;0;0;0;0;0;0;1;2;0;0;0;0
"04/10/2023";"12:22:00";"321";"Acidente c";"169.8";"BR-116/SP";"Pista Norte";"Colisão traseira";0;1;0;0;0;0;0;0;1;0;2;0;0;1;0
"04/10/2023";"07:06:00";"539";"Acidente s";"22.5";"BR-116/SP";"Pista Norte";"Atropelamento de animal";0;0;0;0;0;0;0;0;1;0;1;0;0;0;0
"04/10/2023";"07:39:00";"547";"Acidente c";"202.7";"BR-116/SP";"Pista Norte";"Engavetamento";1;0;0;0;0;0;0;0;2;1;6;1;0;0;0
"04/10/2023";"08:05:00";"560";"Acidente s";"471";"BR-101/RJ";"Pista Norte";"Abalroamento longitudinal";0;0;0;1;0;0;0;0;1;0;2;0;0;0;0
"04/10/2023";"09:14:00";"585";"Acidente s";"88.15";"BR-116/SP";"Pista Norte";"Atropelamento de animal";0;0;0;0;0;0;0;0;1;0;1;0;0;0;0
"04/10/2023";"10:42:00";"622";"Acidente s";"219.6";"BR-116/SP";"Pista Norte";"Abalroamento longitudinal";1;0;0;0;0;0;0;0;0;1;2;0;0;0;0
"05/10/2023";"04:52:00";"49";"Acidente s";"390";"BR-101/RJ";"Pista Norte";"Choque em barreira New Jersey";0;0;0;0;0;0;0;0;1;0;1;0;0;0;0
"05/10/2023";"06:08:00";"73";"Acidente s";"227.6";"BR-116/SP";"Pista Sul";"Abalroamento longitudinal";0;0;0;0;0;0;0;0;1;1;2;0;0;0;0
"05/10/2023";"06:33:00";"89";"Acidente s";"230.8";"BR-116/SP";"Pista Norte";"Abalroamento longitudinal";1;0;0;0;0;0;0;0;1;0;2;0;0;0;0
"05/10/2023";"06:56:00";"101";"Acidente s";"138.55";"BR-116/SP";"Pista Sul";"Engavetamento";2;0;0;0;0;0;0;0;2;0;4;0;0;0;0
"05/10/2023";"07:02:00";"104";"Acidente s";"70.8";"BR-116/SP";"Pista Norte";"Choque em barreira New Jersey";0;0;0;0;0;0;0;0;1;0;2;0;0;0;0
"05/10/2023";"07:42:00";"137";"Acidente s";"144";"BR-116/SP";"Pista Norte";"Colisão traseira";0;0;0;0;0;0;0;0;2;0;2;0;0;0;0
"05/10/2023";"07:51:00";"146";"Acidente s";"162";"BR-116/SP";"Pista Norte";"Colisão traseira";1;0;0;0;0;0;0;0;1;0;3;0;0;0;0
"05/10/2023";"07:55:00";"149";"Acidente c";"146.8";"BR-116/SP";"Pista Sul";"Queda de moto";0;1;0;0;0;0;0;0;0;0;0;0;1;0;0
"05/10/2023";"07:56:00";"153";"Acidente s";"327.3";"BR-116/RJ";"Pista Norte";"Choque em barreira New Jersey";0;0;0;0;0;0;0;0;1;0;1;0;0;0;0
"05/10/2023";"08:11:00";"162";"Acidente s";"22.3";"BR-116/SP";"Pista Sul";"Choque em barreira New Jersey";1;0;0;0;0;0;0;0;0;0;1;0;0;0;0
"05/10/2023";"08:16:00";"165";"Acidente c";"304.9";"BR-116/RJ";"Pista Norte";"Outros";2;0;0;0;0;0;0;0;1;0;3;1;0;0;0
"05/10/2023";"08:40:00";"186";"Acidente c";"107";"BR-116/SP";"Pista Sul";"Colisão traseira";1;0;0;0;0;0;0;0;1;0;3;1;0;0;0
"05/10/2023";"09:39:00";"224";"Acidente s";"215.1";"BR-116/SP";"Pista Sul";"Abalroamento longitudinal";0;0;0;0;0;0;0;0;1;1;2;0;0;0;0
"05/10/2023";"11:42:00";"297";"Acidente c";"206";"BR-116/SP";"Pista Sul";"Abalroamento longitudinal";0;1;0;0;0;0;0;0;1;0;1;1;0;0;0
"05/10/2023";"03:07:00";"420";"Acidente s";"290";"BR-116/RJ";"Pista Sul";"Colisão traseira";0;0;0;0;0;0;0;0;2;0;2;0;0;0;0
"05/10/2023";"03:24:00";"429";"Acidente s";"23.85";"BR-116/SP";"Pista Norte";"Outros";0;0;0;0;0;0;0;0;1;0;0;0;0;0;0
"05/10/2023";"04:35:00";"478";"Acidente s";"291";"BR-116/RJ";"Pista Norte";"Colisão traseira";0;0;0;0;0;0;0;0;2;0;0;0;0;0;0
"05/10/2023";"05:53:00";"511";"Acidente c";"97";"BR-116/SP";"Pista Norte";"Queda de moto";0;1;0;0;0;0;0;0;0;0;0;0;1;0;0
"05/10/2023";"06:35:00";"537";"Acidente s";"205.1";"BR-116/SP";"Pista Sul";"Colisão traseira";0;0;0;0;0;0;0;0;2;0;2;0;0;0;0
"05/10/2023";"07:10:00";"560";"Acidente s";"326.1";"BR-116/RJ";"Pista Norte";"Choque em objeto fixo";0;0;0;0;0;0;0;0;1;0;1;0;0;0;0
"05/10/2023";"07:22:00";"565";"Acidente c";"225";"BR-116/SP";"Pista Norte";"Engavetamento";1;1;0;0;0;0;0;0;1;0;2;1;0;0;0
"05/10/2023";"08:02:00";"587";"Acidente c";"43.3";"BR-101/SP";"Pista Sul";"Colisão frontal";0;1;0;0;0;0;0;0;1;0;0;1;0;1;0
"05/10/2023";"09:12:00";"623";"Acidente s";"542.3";"BR-101/RJ";"Pista Norte";"Choque em objeto fixo";0;0;0;0;0;0;0;0;1;0;1;0;0;0;0
"05/10/2023";"10:42:00";"657";"Acidente c";"163.3";"BR-116/SP";"Pista Norte";"Queda de moto";0;1;0;0;0;0;0;0;0;0;0;0;0;1;0
"06/10/2023";"06:34:00";"124";"Acidente s";"219.6";"BR-116/RJ";"Pista Norte";"Choque em barreira New Jersey";0;0;0;0;0;0;0;0;1;0;2;0;0;0;0
"06/10/2023";"06:44:00";"133";"Acidente c";"491";"BR-101/RJ";"Pista Sul";"Colisão frontal";0;1;0;0;0;0;0;0;1;0;1;0;0;0;1
"06/10/2023";"06:49:00";"136";"Acidente c";"456";"BR-101/RJ";"Pista Norte";"Colisão frontal";0;0;0;0;0;0;1;0;1;0;0;1;1;0;0
"06/10/2023";"06:53:00";"139";"Acidente s";"276";"BR-116/RJ";"Pista Sul";"Choque em barreira New Jersey";0;0;0;0;0;0;0;0;1;0;1;0;0;0;0
"06/10/2023";"07:33:00";"182";"Acidente s";"234.45";"BR-116/RJ";"Pista Sul";"Colisão traseira";1;0;0;0;0;0;0;0;1;0;2;0;0;0;0
"06/10/2023";"07:48:00";"194";"Acidente c";"425";"BR-101/RJ";"Pista Sul";"Abalroamento longitudinal";0;0;0;0;0;0;0;0;2;0;0;7;0;0;0
"06/10/2023";"07:48:00";"193";"Acidente s";"267.8";"BR-116/RJ";"Pista Sul";"Abalroamento longitudinal";1;0;0;0;0;0;0;0;1;0;2;0;0;0;0
"06/10/2023";"08:38:00";"237";"Acidente s";"271";"BR-116/RJ";"Pista Sul";"Choque em objeto na pista";0;0;0;0;0;0;0;0;1;0;1;0;0;0;0
"06/10/2023";"09:02:00";"259";"Acidente s";"24.2";"BR-116/SP";"Pista Norte";"Choque em barreira New Jersey";0;0;0;0;0;0;0;0;1;0;2;0;0;0;0
"06/10/2023";"09:03:00";"260";"Acidente c";"215.95";"BR-116/SP";"Pista Sul";"Colisão traseira";0;1;0;0;0;0;0;0;0;1;1;1;0;0;0
"06/10/2023";"09:16:00";"266";"Acidente s";"215.95";"BR-116/SP";"Pista Sul";"Choque em defensa";0;0;0;0;0;0;0;0;1;0;0;0;0;0;0
"06/10/2023";"09:17:00";"267";"Acidente s";"488";"BR-101/RJ";"Pista Sul";"Abalroamento longitudinal";2;0;0;0;0;0;0;0;0;0;2;0;0;0;0
"06/10/2023";"09:29:00";"285";"Acidente s";"385";"BR-101/RJ";"Pista Sul";"Choque em objeto fixo";0;0;0;0;0;0;0;0;1;0;1;0;0;0;0
"06/10/2023";"11:21:00";"363";"Acidente c";"215.1";"BR-116/SP";"Pista Norte";"Queda de moto";0;1;0;0;0;0;0;0;0;0;0;1;0;0;0
"06/10/2023";"12:02:00";"383";"Acidente s";"97.6";"BR-116/SP";"Pista Sul";"Engavetamento";0;0;0;0;0;0;0;0;4;0;12;0;0;0;0
"06/10/2023";"02:05:00";"453";"Acidente s";"151.5";"BR-116/SP";"Pista Norte";"Engavetamento";1;1;0;0;0;0;0;0;1;0;4;0;0;0;0
"06/10/2023";"02:25:00";"461";"Acidente s";"152.2";"BR-116/SP";"Pista Norte";"Choque em barreira New Jersey";1;0;0;0;0;0;0;0;0;0;1;0;0;0;0
"06/10/2023";"02:26:00";"462";"Acidente s";"211";"BR-116/SP";"Pista Sul";"Choque em barreira New Jersey";0;0;0;0;0;0;0;0;1;0;1;0;0;0;0
"06/10/2023";"03:42:00";"504";"Acidente s";"104.75";"BR-116/SP";"Pista Norte";"Choque em barreira New Jersey";0;0;0;0;0;0;0;0;1;0;2;0;0;0;0
"06/10/2023";"04:37:00";"530";"Acidente s";"334.1";"BR-116/RJ";"Pista Sul";"Choque em barreira New Jersey";1;0;0;0;0;0;0;0;0;0;1;0;0;0;0
"06/10/2023";"04:48:00";"540";"Acidente c";"229";"BR-116/SP";"Pista Norte";"Colisão traseira";0;1;0;0;0;0;0;0;1;0;1;0;0;1;0
"06/10/2023";"05:24:00";"559";"Acidente s";"179.3";"BR-116/SP";"Pista Sul";"Outros";1;0;0;0;0;0;0;0;0;0;1;0;0;0;0
"06/10/2023";"05:48:00";"577";"Acidente c";"250";"BR-116/RJ";"Pista Sul";"Choque em barreira New Jersey";0;0;0;0;0;1;0;0;0;1;2;0;1;0;0
"06/10/2023";"06:02:00";"582";"Acidente s";"104.1";"BR-116/SP";"Pista Sul";"Colisão traseira";0;1;0;0;0;0;0;0;1;0;2;0;0;0;0
"06/10/2023";"06:15:00";"590";"Acidente s";"442";"BR-101/RJ";"Pista Norte";"Choque em objeto fixo";0;0;0;0;0;0;0;0;1;0;0;0;0;0;0
"06/10/2023";"06:45:00";"612";"Acidente c";"398";"BR-101/RJ";"Pista Sul";"Colisão traseira";0;0;0;0;0;0;0;0;2;0;0;3;0;0;0
"06/10/2023";"06:52:00";"615";"Acidente s";"108.5";"BR-116/SP";"Pista Sul";"Colisão traseira";1;0;0;0;0;0;0;0;1;0;2;0;0;0;0
"06/10/2023";"07:12:00";"636";"Acidente s";"214.8";"BR-116/SP";"Pista Norte";"Colisão traseira";0;0;0;0;0;0;0;0;1;1;3;0;0;0;0
"06/10/2023";"07:25:00";"647";"Atropelame";"85.55";"BR-116/SP";"Pista Norte";"Atropelamento de pedestre caminhando";0;0;0;0;0;0;0;0;1;0;2;1;0;0;0