data;horario;n_da_ocorrencia;tipo_de_ocorrencia;km;trecho;sentido;tipo_de_acidente;automovel;bicicleta;caminhao;moto;onibus;outros;tracao_animal;transporte_de_cargas_especiais;trator_maquinas;utilitarios;ilesos;levemente_feridos;moderadamente_feridos;gravemente_feridos;mortos
"12/10/2023";"11:21:00";"275";"Acidente s";"425";"BR-101/RJ";"Pista Sul";"Choque em objeto fixo";0;0;0;0;0;0;0;0;1;0;1;0;0;0;0
"12/10/2023";"12:24:00";"315";"Acidente s";"269.7";"BR-116/RJ";"Pista Norte";"Capotamento";0;0;0;0;0;0;1;0;0;1;4;0;0;0;0
"12/10/2023";"12:49:00";"332";"Acidente c";"138.9";"BR-116/SP";"Pista Norte";"Engavetamento";0;1;0;0;0;0;0;0;2;0;5;0;2;0;0
"12/10/2023";"01:10:00";"345";"Acidente s";"506";"BR-101/RJ";"Pista Sul";"Colisão traseira";0;0;0;0;0;0;0;0;2;0;2;0;0;0;0
"12/10/2023";"01:18:00";"349";"Acidente s";"74.2";"BR-116/SP";"Pista Sul";"Choque em defensa";1;0;0;0;0;0;0;0;0;0;1;0;0;0;0
"12/10/2023";"01:30:00";"356";"Acidente s";"227";"BR-116/SP";"Pista Sul";"Colisão traseira";0;0;0;0;0;0;0;0;1;1;2;0;0;0;0
"12/10/2023";"01:41:00";"366";"Acidente c";"86";"BR-116/SP";"Pista Sul";"Abalroamento longitudinal";0;2;0;0;0;0;0;0;1;0;4;1;0;0;0
"12/10/2023";"02:56:00";"407";"Acidente c";"117";"BR-116/SP";"Pista Sul";"Queda de moto";0;1;0;0;0;0;0;0;0;0;0;2;0;0;0
"12/10/2023";"03:10:00";"414";"Acidente c";"197";"BR-116/SP";"Pista Norte";"Choque em objeto fixo";0;0;0;0;0;0;0;0;1;0;2;1;0;0;0
"12/10/2023";"04:23:00";"454";"Acidente s";"150";"BR-116/SP";"Pista Norte";"Abalroamento longitudinal";0;0;0;0;0;0;0;0;1;1;2;0;0;0;0
"12/10/2023";"04:52:00";"472";"Acidente s";"51.1";"BR-116/SP";"Pista Norte";"Colisão traseira";0;0;0;0;0;0;0;0;2;0;4;0;0;0;0
"12/10/2023";"05:23:00";"495";"Acidente s";"233.5";"BR-116/RJ";"Pista Norte";"Colisão traseira";0;0;0;0;0;0;0;0;2;0;5;0;0;0;0
"12/10/2023";"06:12:00";"519";"Acidente s";"31.6";"BR-116/SP";"Pista Sul";"Choque em barreira New Jersey";1;0;0;0;0;0;0;0;1;0;2;0;0;0;0
"12/10/2023";"07:27:00";"554";"Acidente s";"276.4";"BR-116/RJ";"Pista Norte";"Choque em barreira New Jersey";1;0;0;0;0;0;0;0;0;0;1;0;0;0;0
"12/10/2023";"07:44:00";"562";"Acidente s";"482";"BR-101/RJ";"Pista Sul";"Colisão traseira";0;0;0;0;0;0;0;0;1;1;2;0;0;0;0
"12/10/2023";"08:05:00";"571";"Acidente s";"276.4";"BR-116/RJ";"Pista Norte";"Abalroamento longitudinal";0;0;0;0;0;0;0;0;2;0;2;0;0;0;0
"12/10/2023";"11:31:00";"640";"Acidente s";"246";"BR-116/RJ";"Pista Sul";"Choque em defensa";0;0;0;0;0;0;0;0;1;0;1;0;0;0;0
"13/10/2023";"12:19:00";"21";"Acidente s";"74.1";"BR-116/SP";"Pista Norte";"Choque em barreira New Jersey";0;0;0;0;0;0;0;0;1;0;1;0;0;0;0
"13/10/2023";"03:06:00";"39";"Acidente s";"222";"BR-116/SP";"Pista Norte";"Choque em barreira New Jersey";0;0;0;0;0;0;0;0;1;0;1;0;0;0;0
"13/10/2023";"04:05:00";"49";"Acidente c";"167.8";"BR-116/SP";"Pista Norte";"Atropelamento de animal";1;0;0;0;0;0;0;0;1;0;1;2;0;0;0
"13/10/2023";"10:32:00";"203";"Acidente s";"226.4";"BR-116/RJ";"Pista Norte";"Choque em defensa";0;0;0;0;0;0;0;0;1;0;1;0;0;0;0
"13/10/2023";"10:53:00";"216";"Acidente s";"234";"BR-116/RJ";"Pista Sul";"Choque em barreira New Jersey";0;0;0;0;0;0;0;0;1;0;1;0;0;0;0
"13/10/2023";"11:07:00";"227";"Acidente s";"417";"BR-101/RJ";"Pista Norte";"Choque em barreira New Jersey";0;0;0;0;0;0;0;0;1;0;5;0;0;0;0
"13/10/2023";"12:15:00";"259";"Acidente s";"220.6";"BR-116/RJ";"Pista Sul";"Choque em barreira New Jersey";0;0;0;0;0;0;0;0;1;0;3;0;0;0;0
"13/10/2023";"02:12:00";"292";"Acidente s";"234";"BR-116/RJ";"Pista Norte";"Capotamento";0;0;0;0;0;0;0;0;1;0;1;0;0;0;0
"13/10/2023";"02:31:00";"300";"Acidente s";"268.6";"BR-116/RJ";"Pista Sul";"Capotamento";0;0;0;0;0;0;0;0;1;0;0;0;0;0;0
"13/10/2023";"04:35:00";"345";"Acidente c";"150.2";"BR-116/SP";"Pista Sul";"Engavetamento";0;0;0;0;0;0;0;0;2;1;3;2;0;0;0
"13/10/2023";"04:41:00";"347";"Acidente s";"217";"BR-116/SP";"Pista Sul";"Colisão traseira";0;1;0;0;0;0;0;0;1;0;2;0;0;0;0
"13/10/2023";"04:47:00";"349";"Acidente c";"219";"BR-116/SP";"Pista Sul";"Colisão traseira";0;1;0;0;0;0;0;0;1;0;1;1;0;0;0
"13/10/2023";"06:54:00";"407";"Acidente c";"207.3";"BR-116/SP";"Pista Norte";"Abalroamento longitudinal";0;0;0;0;0;0;0;0;2;0;2;0;1;0;0
"13/10/2023";"07:44:00";"430";"Acidente c";"220";"BR-116/SP";"Pista Norte";"Abalroamento longitudinal";0;1;0;0;0;0;0;0;1;0;1;1;0;0;0
"13/10/2023";"08:18:00";"446";"Acidente s";"567";"BR-101/RJ";"Pista Norte";"Atropelamento de animal";0;0;0;0;0;0;0;0;1;0;1;0;0;0;0
"13/10/2023";"09:34:00";"473";"Acidente s";"228.9";"BR-116/SP";"Pista Sul";"Abalroamento longitudinal";0;0;0;0;0;0;0;0;2;0;2;0;0;0;0
"14/10/2023";"01:26:00";"33";"Acidente s";"191";"BR-116/SP";"Pista Norte";"Atropelamento de animal";0;0;0;0;0;0;0;0;1;0;5;0;0;0;0
"14/10/2023";"06:16:00";"68";"Acidente c";"554";"BR-101/RJ";"Pista Norte";"Colisão frontal";0;0;0;0;0;0;1;0;1;0;0;5;0;0;1
"14/10/2023";"06:52:00";"81";"Acidente c";"245.4";"BR-116/RJ";"Pista Sul";"Choque em objeto fixo";0;0;0;0;0;0;0;0;1;0;0;4;0;0;0
"14/10/2023";"07:43:00";"101";"Acidente s";"442";"BR-101/RJ";"Pista Norte";"Colisão traseira";0;0;0;0;0;0;0;0;2;0;4;0;0;0;0
"14/10/2023";"07:48:00";"103";"Acidente s";"515";"BR-101/RJ";"Pista Norte";"Choque em defensa";0;0;0;0;0;0;0;0;1;0;1;0;0;0;0
"14/10/2023";"08:10:00";"113";"Acidente s";"137.9";"BR-116/SP";"Pista Norte";"Colisão traseira";0;0;0;0;0;0;0;0;1;1;2;0;0;0;0
"14/10/2023";"08:33:00";"128";"Acidente s";"229.95";"BR-116/RJ";"Pista Norte";"Choque em objeto fixo";1;0;0;0;0;0;0;0;0;0;1;0;0;0;0
"14/10/2023";"10:51:00";"204";"Acidente s";"491";"BR-101/RJ";"Pista Sul";"Choque Talude";0;0;0;1;0;0;0;0;0;0;1;0;0;0;0
"14/10/2023";"12:16:00";"233";"Acidente s";"247.2";"BR-116/RJ";"Pista Norte";"Choque em defensa";0;0;0;0;0;0;0;0;1;0;3;0;0;0;0
"14/10/2023";"01:23:00";"253";"Acidente s";"182.3";"BR-116/SP";"Pista Norte";"Colisão traseira";1;0;0;0;0;0;0;0;1;0;3;0;0;0;0
"14/10/2023";"01:48:00";"264";"Acidente s";"515";"BR-101/RJ";"Pista Sul";"Abalroamento longitudinal";0;0;0;0;0;0;0;0;2;0;2;0;0;0;0
"14/10/2023";"01:54:00";"270";"Acidente c";"157.9";"BR-116/SP";"Pista Sul";"Queda de moto";0;1;0;0;0;0;0;0;0;0;0;0;1;0;0
"14/10/2023";"03:11:00";"313";"Acidente s";"219";"BR-116/SP";"Pista Norte";"Abalroamento longitudinal";0;0;0;1;0;0;0;0;1;0;5;0;0;0;0
"14/10/2023";"04:29:00";"341";"Acidente c";"40.4";"BR-116/SP";"Pista Norte";"Choque em barreira New Jersey";0;0;0;0;0;0;0;0;1;0;0;1;0;0;0
"14/10/2023";"05:54:00";"368";"Acidente s";"500.4";"BR-101/RJ";"Pista Norte";"Choque em objeto fixo";0;0;0;0;0;0;0;0;1;0;3;0;0;0;0
"14/10/2023";"05:54:00";"369";"Acidente s";"429.2";"BR-101/RJ";"Pista Norte";"Choque em objeto fixo";0;0;0;0;0;0;0;0;1;0;1;0;0;0;0
"14/10/2023";"06:42:00";"401";"Acidente s";"244";"BR-116/RJ";"Pista Sul";"Choque em objeto fixo";0;0;0;0;0;0;0;0;1;0;1;0;0;0;0
"14/10/2023";"11:05:00";"480";"Acidente c";"438.5";"BR-101/RJ";"Pista Sul";"Choque em objeto fixo";0;0;0;0;0;0;0;0;1;0;0;0;1;0;0
"15/10/2023";"01:08:00";"31";"Acidente s";"157.2";"BR-116/SP";"Pista Norte";"Queda de ribanceira";0;0;0;0;0;0;0;0;1;0;1;0;0;0;0
"15/10/2023";"01:47:00";"27";"Acidente c";"2.8";"BR-116/SP";"Pista Sul";"Choque em objeto fixo";0;0;0;1;0;0;0;0;0;0;23;3;6;0;0
"15/10/2023";"02:12:00";"41";"Acidente s";"175.6";"BR-116/SP";"Pista Sul";"Atropelamento de animal";0;0;0;0;0;0;0;0;1;0;2;0;0;0;0
"15/10/2023";"04:43:00";"67";"Atropelame";"155.6";"BR-116/SP";"Pista Norte";"Atropelamento de pedestre atravessando";0;0;1;0;0;0;0;0;0;1;1;1;0;0;0
"15/10/2023";"05:21:00";"72";"Acidente s";"229.15";"BR-116/RJ";"Pista Norte";"Choque Talude";0;0;0;0;0;0;0;0;1;0;1;0;0;0;0
"15/10/2023";"06:25:00";"84";"Acidente s";"231";"BR-116/SP";"Pista Sul";"Colisão traseira";0;0;0;0;0;0;0;0;1;1;5;0;0;0;0
"15/10/2023";"09:04:00";"153";"Acidente c";"116.4";"BR-116/SP";"Pista Norte";"Queda de moto";0;1;0;0;0;0;0;0;0;0;0;2;0;0;0
"15/10/2023";"12:48:00";"265";"Acidente s";"76";"BR-116/SP";"Pista Sul";"Engavetamento";0;0;0;0;0;1;0;0;2;0;5;0;0;0;0
"15/10/2023";"01:35:00";"283";"Acidente s";"106.7";"BR-116/SP";"Pista Sul";"Engavetamento";0;0;0;0;0;0;0;0;2;1;3;0;0;0;0
"15/10/2023";"01:56:00";"295";"Acidente s";"209.3";"BR-116/SP";"Pista Norte";"Abalroamento longitudinal";0;0;0;0;0;0;0;0;3;0;5;0;0;0;0
"15/10/2023";"02:20:00";"307";"Acidente s";"103";"BR-116/SP";"Pista Sul";"Colisão traseira";0;0;0;0;0;0;0;0;1;1;1;0;0;0;0
"15/10/2023";"02:26:00";"312";"Acidente s";"100";"BR-116/SP";"Pista Sul";"Colisão traseira";0;0;0;0;0;0;0;0;2;0;0;0;0;0;0
"15/10/2023";"02:26:00";"313";"Acidente s";"149.2";"BR-116/SP";"Pista Sul";"Engavetamento";0;0;0;0;0;0;1;0;1;1;7;0;0;0;0
"15/10/2023";"03:30:00";"345";"Acidente c";"248.5";"BR-116/RJ";"Pista Norte";"Engavetamento";0;0;0;0;0;0;0;0;3;0;9;3;1;0;0
"15/10/2023";"04:07:00";"369";"Acidente s";"104.5";"BR-116/SP";"Pista Sul";"Colisão traseira";0;0;0;0;0;0;0;0;2;0;6;0;0;0;0
"15/10/2023";"04:27:00";"379";"Acidente s";"118.2";"BR-116/SP";"Pista Sul";"Engavetamento";0;0;0;0;0;0;0;0;1;4;5;0;0;0;0
"15/10/2023";"08:04:00";"504";"Acidente c";"48.5";"BR-101/SP";"Pista Norte";"Abalroamento longitudinal";0;1;0;0;0;0;0;0;1;0;3;1;0;0;0
"15/10/2023";"11:29:00";"588";"Acidente s";"213.75";"BR-116/SP";"Pista Sul";"Choque em barreira New Jersey";0;0;0;0;0;0;0;0;1;0;1;0;0;0;0
"16/10/2023";"01:47:00";"43";"Acidente s";"154";"BR-116/SP";"Pista Sul";"Capotamento";0;0;0;0;0;0;0;0;1;0;2;0;0;0;0
"16/10/2023";"02:24:00";"51";"Acidente c";"139.4";"BR-116/SP";"Pista Norte";"Choque em defensa";0;0;0;0;0;0;0;0;1;0;3;2;0;0;0
"16/10/2023";"04:17:00";"66";"Acidente s";"334";"BR-116/RJ";"Pista Norte";"Abalroamento longitudinal";1;0;0;0;0;0;0;0;1;0;2;0;0;0;0
"16/10/2023";"06:53:00";"116";"Acidente c";"165.6";"BR-116/SP";"Pista Norte";"Queda de moto";0;1;0;0;0;0;0;0;0;0;0;2;0;0;0
"16/10/2023";"08:02:00";"180";"Acidente s";"227.7";"BR-116/SP";"Pista Sul";"Abalroamento longitudinal";0;0;0;0;0;0;0;0;1;1;2;0;0;0;0
"16/10/2023";"08:04:00";"181";"Acidente c";"320.3";"BR-116/RJ";"Pista Norte";"Abalroamento longitudinal";1;0;0;0;0;0;0;0;1;0;1;1;0;0;0
"16/10/2023";"08:59:00";"225";"Acidente s";"154.3";"BR-116/SP";"Pista Sul";"Colisão traseira";0;0;0;0;0;0;0;0;2;0;2;0;0;0;0
"16/10/2023";"09:03:00";"227";"Acidente s";"196.5";"BR-116/SP";"Pista Sul";"Choque Talude";0;0;0;0;0;0;0;0;1;0;1;0;0;0;0
"16/10/2023";"09:09:00";"235";"Acidente c";"499";"BR-101/RJ";"Pista Sul";"Choque em objeto fixo";0;0;0;0;0;0;0;0;1;0;0;1;0;0;0
"16/10/2023";"09:44:00";"263";"Acidente s";"218";"BR-116/SP";"Pista Sul";"Engavetamento";0;0;0;0;0;0;1;0;2;0;6;0;0;0;0
"16/10/2023";"09:48:00";"267";"Acidente c";"146";"BR-116/SP";"Pista Norte";"Queda de moto";0;1;0;0;0;0;0;0;0;0;0;1;0;0;0
"16/10/2023";"10:13:00";"290";"Acidente c";"224";"BR-116/SP";"Pista Norte";"Colisão traseira";0;1;0;0;0;0;0;0;1;0;1;0;1;0;0
"16/10/2023";"10:24:00";"296";"Acidente s";"81";"BR-116/SP";"Pista Sul";"Tombamento";1;0;0;0;0;0;0;0;0;0;1;0;0;0;0
"16/10/2023";"11:59:00";"351";"Acidente s";"228.9";"BR-116/SP";"Pista Sul";"Colisão traseira";0;0;0;0;0;1;0;0;1;0;3;0;0;0;0
"16/10/2023";"02:40:00";"440";"Acidente s";"249.8";"BR-116/RJ";"Pista Sul";"Choque em barreira New Jersey";0;0;0;0;0;0;0;0;1;0;1;0;0;0;0
"16/10/2023";"02:55:00";"453";"Acidente c";"84.4";"BR-116/SP";"Pista Sul";"Queda de moto";0;1;0;0;0;0;0;0;0;0;0;2;0;0;0
"16/10/2023";"03:03:00";"460";"Acidente s";"74.6";"BR-116/SP";"Pista Norte";"Abalroamento longitudinal";0;0;0;0;0;0;0;0;1;1;4;0;0;0;0
"16/10/2023";"03:59:00";"498";"Acidente s";"229.4";"BR-116/SP";"Pista Norte";"Colisão traseira";0;1;0;0;0;0;0;0;1;0;3;0;0;0;0
"16/10/2023";"04:18:00";"511";"Acidente c";"220";"BR-116/SP";"Pista Norte";"Abalroamento longitudinal";0;1;0;0;0;0;0;0;1;0;2;0;1;0;0
"16/10/2023";"06:29:00";"592";"Acidente c";"334.5";"BR-116/RJ";"Pista Sul";"Choque em barreira New Jersey";0;0;0;0;0;0;0;0;1;0;0;1;1;0;0
"16/10/2023";"07:57:00";"636";"Atropelame";"554";"BR-101/RJ";"Pista Norte";"Atropelamento de pedestre caminhando";0;0;0;0;0;0;0;0;0;1;1;0;0;0;1
"17/10/2023";"12:11:00";"20";"Acidente s";"225";"BR-116/SP";"Pista Sul";"Colisão traseira";1;1;0;0;0;0;0;0;0;0;2;0;0;0;0
"17/10/2023";"01:50:00";"48";"Acidente s";"63";"BR-116/SP";"Pista Sul";"Choque em barreira New Jersey";1;0;0;0;0;0;0;0;0;0;0;0;0;0;0
"17/10/2023";"02:34:00";"57";"Acidente c";"326.1";"BR-116/RJ";"Pista Norte";"Choque em objeto fixo";0;0;0;0;0;0;0;0;1;1;2;1;0;0;0
"17/10/2023";"02:40:00";"59";"Acidente s";"229";"BR-116/SP";"Pista Norte";"Choque em barreira New Jersey";0;0;0;0;0;0;0;0;1;0;1;0;0;0;0
"17/10/2023";"06:55:00";"128";"Acidente s";"51";"BR-116/SP";"Pista Norte";"Choque em objeto fixo";0;0;0;0;0;0;0;0;1;0;2;0;0;0;0
"17/10/2023";"07:40:00";"154";"Acidente s";"265";"BR-116/RJ";"Pista Sul";"Choque em defensa";0;0;0;0;0;0;0;0;1;0;4;0;0;0;0
"17/10/2023";"08:08:00";"178";"Acidente c";"229.3";"BR-116/SP";"Pista Norte";"Abalroamento longitudinal";0;1;0;0;0;0;0;0;1;0;2;1;0;0;0
"17/10/2023";"08:42:00";"210";"Acidente s";"511";"BR-101/RJ";"Pista Norte";"Colisão traseira";0;0;0;0;0;0;0;0;1;1;2;0;0;0;0
"17/10/2023";"08:58:00";"227";"Acidente s";"282";"BR-116/RJ";"Pista Norte";"Choque em defensa";1;0;0;0;0;0;0;0;0;0;1;0;0;0;0
"17/10/2023";"09:16:00";"242";"Acidente c";"198";"BR-116/SP";"Pista Sul";"Abalroamento longitudinal";0;1;0;0;0;0;1;0;0;1;3;1;0;0;0
"17/10/2023";"12:22:00";"354";"Acidente c";"322";"BR-116/RJ";"Pista Norte";"Colisão traseira";0;1;0;0;0;0;0;0;1;0;0;2;0;1;0
"17/10/2023";"12:33:00";"357";"Acidente c";"224.8";"BR-116/SP";"Pista Norte";"Colisão traseira";0;1;0;0;0;0;0;0;0;1;1;0;1;0;0
"17/10/2023";"03:53:00";"469";"Acidente s";"206";"BR-116/SP";"Pista Norte";"Colisão traseira";2;0;0;0;0;0;0;0;0;0;2;0;0;0;0
"17/10/2023";"04:03:00";"476";"Acidente s";"206";"BR-116/SP";"Pista Norte";"Colisão traseira";1;0;0;0;0;0;0;0;1;0;4;0;0;0;0
"17/10/2023";"06:20:00";"534";"Acidente s";"222.05";"BR-116/SP";"Pista Norte";"Abalroamento longitudinal";0;2;0;0;0;0;0;0;0;0;3;0;0;0;0
"17/10/2023";"06:27:00";"539";"Acidente s";"281.1";"BR-116/RJ";"Pista Norte";"Abalroamento longitudinal";1;0;0;0;0;0;0;0;1;0;3;0;0;0;0
"17/10/2023";"06:33:00";"542";"Acidente c";"208.5";"BR-116/SP";"Pista Norte";"Colisão traseira";0;0;0;0;0;0;0;0;2;0;4;0;1;0;0
"17/10/2023";"10:30:00";"632";"Acidente s";"309.5";"BR-116/RJ";"Pista Sul";"Colisão traseira";0;0;0;0;0;0;0;0;2;0;6;0;0;0;0
"17/10/2023";"10:44:00";"633";"Acidente s";"54.1";"BR-116/SP";"Pista Norte";"Colisão traseira";2;0;0;0;0;0;0;0;0;0;0;0;0;0;0
"17/10/2023";"11:38:00";"643";"Acidente c";"183.6";"BR-116/SP";"Pista Sul";"Colisão traseira";2;0;0;0;0;0;0;0;0;0;1;0;1;0;0
"18/10/2023";"12:12:00";"18";"Acidente c";"154.85";"BR-116/SP";"Pista Sul";"Colisão traseira";1;1;0;0;0;0;0;0;0;1;2;0;0;1;1
"18/10/2023";"01:43:00";"36";"Acidente s";"212";"BR-116/SP";"Pista Norte";"Atropelamento de animal";0;0;0;0;0;0;0;0;1;0;7;0;0;0;0
"18/10/2023";"05:37:00";"72";"Acidente c";"228.5";"BR-116/SP";"Pista Norte";"Colisão traseira";0;0;0;0;0;0;0;0;1;1;1;1;0;0;0
"18/10/2023";"07:18:00";"134";"Acidente c";"206";"BR-116/SP";"Pista Sul";"Queda de moto";0;1;0;0;0;0;0;0;0;1;1;1;0;0;0
"18/10/2023";"08:21:00";"188";"Acidente s";"477";"BR-101/RJ";"Pista Sul";"Colisão traseira";0;0;0;1;0;0;0;0;1;0;2;0;0;0;0
"18/10/2023";"12:25:00";"342";"Acidente c";"506";"BR-101/RJ";"Pista Sul";"Abalroamento longitudinal";0;0;0;1;0;0;0;0;0;1;1;1;0;0;0
"18/10/2023";"12:37:00";"349";"Acidente s";"232.2";"BR-116/RJ";"Pista Sul";"Colisão traseira";2;0;0;0;0;0;0;0;0;0;2;0;0;0;0
"18/10/2023";"03:02:00";"428";"Acidente c";"144.6";"BR-116/SP";"Pista Sul";"Abalroamento longitudinal";1;0;0;0;0;0;0;0;1;0;6;1;0;0;0
"18/10/2023";"03:24:00";"438";"Acidente s";"142.4";"BR-116/SP";"Pista Sul";"Abalroamento longitudinal";0;0;0;0;0;0;0;0;2;1;3;0;0;0;0
"18/10/2023";"04:43:00";"478";"Acidente c";"229.2";"BR-116/RJ";"Pista Norte";"Tombamento";1;0;0;0;0;0;0;0;0;0;0;1;0;0;0
"18/10/2023";"06:45:00";"524";"Acidente c";"232";"BR-116/RJ";"Pista Norte";"Abalroamento longitudinal";3;0;0;1;0;0;0;0;0;0;17;0;1;0;0
"18/10/2023";"09:20:00";"577";"Atropelame";"175.2";"BR-116/SP";"Pista Norte";"Atropelamento de pedestre caminhando";0;0;0;0;0;0;0;0;1;0;2;0;0;0;1
"18/10/2023";"11:00:00";"602";"Acidente s";"102.6";"BR-116/SP";"Pista Norte";"Colisão traseira";1;0;0;0;0;0;0;0;0;1;2;0;0;0;0
"18/10/2023";"11:16:00";"606";"Acidente s";"103.6";"BR-116/SP";"Pista Norte";"Colisão traseira";2;0;0;0;0;0;0;0;0;0;2;0;0;0;0
"19/10/2023";"06:44:00";"104";"Acidente s";"220.7";"BR-116/SP";"Pista Norte";"Engavetamento";0;0;0;0;0;0;0;0;3;0;3;0;0;0;0
"19/10/2023";"07:31:00";"134";"Acidente s";"222.1";"BR-116/SP";"Pista Norte";"Engavetamento";0;0;0;0;0;0;0;0;4;0;5;0;0;0;0
"19/10/2023";"08:09:00";"158";"Acidente s";"223";"BR-116/SP";"Pista Sul";"Abalroamento longitudinal";0;1;0;0;0;0;0;0;1;0;2;0;0;0;0
"19/10/2023";"08:17:00";"165";"Acidente s";"211.1";"BR-116/SP";"Pista Sul";"Colisão traseira";2;0;0;0;0;0;0;0;0;0;2;0;0;0;0
"19/10/2023";"08:46:00";"195";"Acidente s";"226.7";"BR-116/SP";"Pista Norte";"Abalroamento longitudinal";0;0;0;0;0;0;0;0;1;1;3;0;0;0;0
"19/10/2023";"09:15:00";"220";"Acidente s";"418";"BR-101/RJ";"Pista Sul";"Choque em objeto fixo";0;0;0;0;0;0;0;0;1;0;1;0;0;0;0
"19/10/2023";"10:33:00";"273";"Acidente c";"146.2";"BR-116/SP";"Pista Sul";"Queda de moto";0;1;0;0;0;0;0;0;0;0;0;1;0;0;0
"19/10/2023";"10:48:00";"279";"Acidente s";"429";"BR-101/RJ";"Pista Norte";"Choque em objeto fixo";1;0;0;0;0;0;0;0;0;0;2;0;0;0;0
"19/10/2023";"12:09:00";"326";"Acidente c";"230.6";"BR-116/SP";"Pista Sul";"Abalroamento longitudinal";0;1;0;0;0;0;0;0;1;0;1;1;1;0;0
"19/10/2023";"02:14:00";"392";"Atropelame";"219";"BR-116/SP";"Pista Norte";"Atropelamento de pedestre caminhando";0;0;0;0;0;0;0;0;0;1;1;0;1;0;0
"19/10/2023";"02:34:00";"402";"Acidente s";"229.8";"BR-116/RJ";"Pista Norte";"Choque Talude";1;0;0;0;0;0;0;0;0;0;1;0;0;0;0
"19/10/2023";"04:18:00";"447";"Acidente c";"224.5";"BR-116/SP";"Pista Norte";"Abalroamento longitudinal";1;1;0;0;0;0;0;0;1;0;2;0;0;2;0
"19/10/2023";"05:43:00";"480";"Acidente c";"145.45";"BR-116/SP";"Pista Norte";"Queda de moto";0;1;0;0;0;0;0;0;0;0;0;0;2;0;0
"19/10/2023";"10:11:00";"606";"Acidente s";"211.3";"BR-116/SP";"Pista Sul";"Capotamento";0;0;0;0;0;0;0;0;1;0;1;0;0;0;0
"19/10/2023";"11:13:00";"625";"Acidente s";"103.25";"BR-116/SP";"Pista Norte";"Colisão traseira";2;0;0;0;0;0;0;0;0;0;2;0;0;0;0
"20/10/2023";"01:39:00";"40";"Acidente s";"230.5";"BR-116/SP";"Pista Norte";"Colisão traseira";1;0;0;0;0;0;0;0;1;0;1;0;0;0;0
"20/10/2023";"03:22:00";"58";"Acidente c";"544";"BR-101/RJ";"Pista Sul";"Choque em objeto na pista";1;0;0;0;0;0;0;0;0;0;0;2;1;0;0
"20/10/2023";"05:58:00";"86";"Acidente s";"136.61";"BR-116/SP";"Pista Norte";"Abalroamento longitudinal";1;0;0;0;0;0;1;0;1;0;4;0;0;0;0
"20/10/2023";"07:20:00";"140";"Acidente c";"221.9";"BR-116/SP";"Pista Sul";"Colisão traseira";0;1;0;0;0;0;0;0;1;0;1;1;0;0;0
"20/10/2023";"07:45:00";"155";"Acidente s";"482.5";"BR-101/RJ";"Pista Sul";"Colisão frontal";1;0;0;0;0;0;0;0;1;0;5;0;0;0;0
"20/10/2023";"08:49:00";"201";"Acidente c";"227.5";"BR-116/SP";"Pista Sul";"Abalroamento longitudinal";0;1;0;0;0;0;0;0;1;0;1;1;0;0;0
"20/10/2023";"09:59:00";"251";"Acidente c";"43";"BR-101/SP";"Pista Sul";"Queda de moto";0;1;0;0;0;0;0;0;0;0;0;1;0;0;0
"20/10/2023";"10:22:00";"265";"Acidente s";"295";"BR-116/RJ";"Pista Sul";"Abalroamento longitudinal";1;0;0;0;0;0;0;0;1;0;2;0;0;0;0
"20/10/2023";"11:42:00";"306";"Acidente s";"229.6";"BR-116/SP";"Pista Sul";"Colisão traseira";0;0;0;0;0;0;0;0;1;1;3;0;0;0;0
"20/10/2023";"12:25:00";"331";"Acidente s";"145";"BR-116/SP";"Pista Norte";"Choque em barreira New Jersey";0;0;0;0;0;0;0;0;1;0;1;0;0;0;0
"20/10/2023";"01:02:00";"348";"Acidente s";"262.2";"BR-116/RJ";"Pista Norte";"Choque em barreira New Jersey";0;0;0;0;0;0;0;0;1;0;1;0;0;0;0
"20/10/2023";"02:25:00";"389";"Acidente c";"226";"BR-116/SP";"Pista Norte";"Choque em objeto fixo";1;0;0;0;0;0;0;0;0;0;0;1;0;0;0
"20/10/2023";"02:51:00";"417";"Acidente c";"557";"BR-101/RJ";"Pista Norte";"Queda de moto";0;1;0;0;0;0;0;0;0;0;0;1;0;0;0
"20/10/2023";"03:34:00";"436";"Acidente s";"106.4";"BR-116/SP";"Pista Sul";"Colisão traseira";0;0;0;0;0;0;0;0;2;0;2;0;0;0;0
"20/10/2023";"04:06:00";"449";"Acidente c";"490";"BR-101/RJ";"Pista Norte";"Choque Talude";1;0;0;0;0;0;0;0;0;0;0;1;0;0;0
"20/10/2023";"04:46:00";"464";"Acidente s";"36.3";"BR-116/SP";"Pista Sul";"Choque em defensa";0;0;0;0;0;0;0;0;1;0;1;0;0;0;0
"20/10/2023";"07:13:00";"530";"Acidente c";"107";"BR-116/SP";"Pista Sul";"Abalroamento longitudinal";0;0;0;0;0;0;0;0;2;0;5;0;1;0;0
"20/10/2023";"09:42:00";"592";"Acidente s";"233";"BR-116/RJ";"Pista Sul";"Choque em objeto fixo";0;0;0;0;0;0;0;0;1;0;5;0;0;0;0