data;horario;n_da_ocorrencia;tipo_de_ocorrencia;km;trecho;sentido;tipo_de_acidente;automovel;bicicleta;caminhao;moto;onibus;outros;tracao_animal;transporte_de_cargas_especiais;trator_maquinas;utilitarios;ilesos;levemente_feridos;moderadamente_feridos;gravemente_feridos;mortos
"29/10/2023";"09:01:00";"175";"Acidente s";"75";"BR-116/SP";"Pista Norte";"Colisão traseira";0;0;0;0;0;0;0;0;2;0;5;0;0;0;0
"29/10/2023";"09:11:00";"179";"Acidente s";"22.3";"BR-116/SP";"Pista Sul";"Choque Talude";0;0;0;0;0;0;0;0;1;0;1;0;0;0;0
"29/10/2023";"12:54:00";"290";"Acidente s";"120.5";"BR-116/SP";"Pista Norte";"Queda de moto";0;1;0;0;0;0;0;0;0;0;2;0;0;0;0
"29/10/2023";"02:58:00";"352";"Acidente c";"45.75";"BR-101/SP";"Pista Sul";"Queda de moto";0;1;0;0;0;0;0;0;0;0;0;2;0;0;0
"29/10/2023";"04:24:00";"403";"Acidente c";"227";"BR-116/SP";"Pista Sul";"Colisão traseira";0;0;0;1;0;0;0;0;1;0;62;2;0;0;0
"29/10/2023";"05:21:00";"438";"Acidente s";"145";"BR-116/SP";"Pista Sul";"Abalroamento longitudinal";0;0;0;0;0;0;0;0;1;1;1;0;0;0;0
"29/10/2023";"05:39:00";"443";"Acidente s";"236.4";"BR-116/RJ";"Pista Norte";"Choque em barreira New Jersey";0;0;0;0;0;0;0;0;1;0;2;0;0;0;0
"29/10/2023";"05:56:00";"461";"Acidente s";"182";"BR-116/SP";"Pista Sul";"Choque em defensa";0;0;0;0;0;0;0;0;1;0;2;0;0;0;0
"29/10/2023";"06:09:00";"469";"Acidente s";"232.5";"BR-116/RJ";"Pista Norte";"Capotamento";0;0;0;0;0;0;0;0;1;0;2;0;0;0;0
"29/10/2023";"06:25:00";"476";"Acidente c";"69.8";"BR-116/SP";"Pista Sul";"Choque em barreira New Jersey";0;0;0;0;0;0;0;0;1;0;0;2;0;0;0
"29/10/2023";"07:07:00";"496";"Acidente s";"134.4";"BR-116/SP";"Pista Norte";"Abalroamento longitudinal";1;0;0;0;0;0;0;0;1;0;4;0;0;0;0
"29/10/2023";"07:09:00";"497";"Acidente c";"145.9";"BR-116/SP";"Pista Sul";"Engavetamento";0;0;0;0;0;0;0;0;1;3;4;0;1;0;0
"29/10/2023";"07:31:00";"509";"Acidente c";"389";"BR-101/RJ";"Pista Norte";"Choque em barreira New Jersey";0;0;0;0;0;0;0;0;1;0;0;1;0;0;0
"29/10/2023";"07:39:00";"513";"Acidente c";"40.5";"BR-101/SP";"Pista Sul";"Queda de moto";0;1;0;0;0;0;0;0;0;0;1;1;0;0;0
"29/10/2023";"09:45:00";"568";"Acidente s";"524";"BR-101/RJ";"Pista Norte";"Choque em objeto fixo";0;0;0;0;0;0;0;0;1;0;2;0;0;0;0
"29/10/2023";"09:51:00";"569";"Acidente s";"183.6";"BR-116/SP";"Pista Norte";"Choque em objeto fixo";1;0;0;0;0;0;0;0;0;0;1;0;0;0;0
"29/10/2023";"10:59:00";"580";"Acidente s";"542";"BR-101/RJ";"Pista Norte";"Choque em objeto fixo";0;0;0;0;0;0;0;0;1;0;2;0;0;0;0
"29/10/2023";"11:05:00";"583";"Acidente s";"222.9";"BR-116/SP";"Pista Sul";"Abalroamento longitudinal";0;0;0;0;0;0;0;0;1;1;2;0;0;0;0
"29/10/2023";"11:39:00";"590";"Acidente c";"476";"BR-101/RJ";"Pista Sul";"Choque em objeto fixo";0;0;0;0;0;0;0;0;1;0;1;1;0;0;0
"30/10/2023";"12:25:00";"24";"Acidente c";"427";"BR-101/RJ";"Pista Sul";"Choque em objeto fixo";0;0;0;0;0;0;0;0;1;0;0;1;0;0;0
"30/10/2023";"02:59:00";"53";"Acidente c";"41.6";"BR-116/SP";"Pista Sul";"Colisão traseira";1;0;0;1;0;0;0;0;0;0;2;9;0;1;0
"30/10/2023";"05:29:00";"74";"Acidente c";"267.6";"BR-116/RJ";"Pista Sul";"Tombamento";1;0;0;0;0;0;0;0;0;0;1;0;1;0;0
"30/10/2023";"07:32:00";"152";"Acidente c";"258.7";"BR-116/RJ";"Pista Sul";"Choque em veículo parado na pista";1;1;0;0;0;0;0;0;0;0;1;1;0;0;0
"30/10/2023";"08:00:00";"174";"Acidente c";"203";"BR-116/SP";"Pista Sul";"Queda de moto";0;1;0;0;0;0;0;0;0;0;0;1;0;0;0
"30/10/2023";"03:06:00";"490";"Acidente s";"226.8";"BR-116/SP";"Pista Sul";"Choque em barreira New Jersey";0;0;0;0;0;0;0;0;1;0;1;0;0;0;0
"30/10/2023";"05:14:00";"562";"Acidente c";"575";"BR-101/RJ";"Pista Norte";"Colisão traseira";0;1;0;0;0;0;0;0;1;0;1;1;0;0;0
"30/10/2023";"07:32:00";"654";"Acidente s";"217";"BR-116/SP";"Pista Sul";"Colisão traseira";0;1;0;0;0;0;0;0;1;0;2;0;0;0;0
"30/10/2023";"07:52:00";"666";"Acidente c";"230.2";"BR-116/RJ";"Pista Sul";"Queda de moto";0;1;0;0;0;0;0;0;0;0;0;1;0;0;0
"31/10/2023";"04:36:00";"69";"Acidente s";"79.2";"BR-116/SP";"Pista Sul";"Colisão traseira";1;0;0;1;0;0;0;0;0;0;40;0;0;0;0
"31/10/2023";"06:58:00";"129";"Acidente s";"524";"BR-101/RJ";"Pista Sul";"Abalroamento longitudinal";0;0;0;0;0;0;0;0;2;0;3;0;0;0;0
"31/10/2023";"07:37:00";"159";"Acidente c";"221.3";"BR-116/SP";"Pista Norte";"Abalroamento longitudinal";1;1;0;0;0;0;0;0;1;0;2;0;0;0;1
"31/10/2023";"09:25:00";"238";"Acidente c";"223.5";"BR-116/SP";"Pista Sul";"Engavetamento";0;2;0;0;0;0;0;0;1;0;2;1;0;0;0
"31/10/2023";"10:42:00";"286";"Acidente s";"9.2";"BR-116/SP";"Pista Sul";"Colisão traseira";1;0;0;0;0;0;0;0;1;0;2;0;0;0;0
"31/10/2023";"12:19:00";"338";"Acidente c";"218.2";"BR-116/SP";"Pista Norte";"Colisão traseira";1;0;0;0;0;0;0;0;0;1;2;1;0;0;0
"31/10/2023";"01:11:00";"359";"Acidente s";"229";"BR-116/SP";"Pista Sul";"Choque em barreira New Jersey";0;0;0;0;0;0;0;0;1;1;2;0;0;0;0
"31/10/2023";"01:27:00";"370";"Acidente s";"221.2";"BR-116/SP";"Pista Sul";"Engavetamento";1;0;0;0;0;0;0;0;2;0;3;0;0;0;0
"31/10/2023";"02:07:00";"386";"Acidente c";"487";"BR-101/RJ";"Pista Sul";"Abalroamento longitudinal";0;1;0;0;0;0;0;0;1;0;1;0;1;0;0
"31/10/2023";"03:46:00";"451";"Acidente s";"146";"BR-116/SP";"Pista Sul";"Colisão traseira";0;0;0;0;0;0;0;0;1;1;3;0;0;0;0
"31/10/2023";"05:53:00";"519";"Acidente s";"413";"BR-101/RJ";"Pista Sul";"Choque em objeto fixo";0;0;0;0;0;0;0;0;1;0;1;0;0;0;0
"31/10/2023";"06:27:00";"535";"Acidente s";"216.6";"BR-116/SP";"Pista Norte";"Engavetamento";0;0;0;0;0;0;0;0;3;0;10;0;0;0;0
"31/10/2023";"06:43:00";"543";"Acidente c";"226";"BR-116/SP";"Pista Norte";"Abalroamento longitudinal";0;1;0;0;0;0;0;0;1;1;3;2;0;0;0
"31/10/2023";"07:17:00";"562";"Atropelame";"305.8";"BR-116/RJ";"Pista Sul";"Atropelamento de pedestre atravessando";0;0;0;0;0;0;0;0;0;1;1;0;1;0;0
"31/10/2023";"07:26:00";"568";"Acidente c";"216.4";"BR-116/SP";"Pista Sul";"Engavetamento";0;0;0;0;0;0;0;0;3;0;2;2;0;0;0
"31/10/2023";"08:26:00";"589";"Acidente s";"217";"BR-116/SP";"Pista Sul";"Colisão traseira";0;0;0;1;0;0;0;0;1;0;2;0;0;0;0
"31/10/2023";"09:51:00";"620";"Acidente s";"515";"BR-101/RJ";"Pista Sul";"Choque Talude";0;0;0;0;0;0;0;0;1;0;1;0;0;0;0
"31/10/2023";"11:37:00";"647";"Acidente s";"483";"BR-101/RJ";"Pista Norte";"Choque em objeto fixo";0;0;0;0;0;0;0;0;1;0;4;0;0;0;0
"01/11/2023";"12:01:00";"20";"Acidente s";"248.3";"BR-116/RJ";"Pista Sul";"Choque em objeto na pista";0;0;0;0;0;0;0;0;2;0;4;0;0;0;0
"01/11/2023";"03:20:00";"48";"Acidente s";"81";"BR-116/SP";"Pista Sul";"Tombamento";1;0;0;0;0;0;0;0;0;0;1;0;0;0;0
"01/11/2023";"05:35:00";"71";"Acidente c";"387";"BR-101/RJ";"Pista Norte";"Abalroamento longitudinal";0;1;0;0;0;0;0;0;1;0;1;1;0;0;0
"01/11/2023";"06:21:00";"91";"Acidente s";"197.5";"BR-116/SP";"Pista Norte";"Choque em barreira New Jersey";1;0;0;0;0;0;0;0;0;0;1;0;0;0;0
"01/11/2023";"06:39:00";"105";"Acidente s";"5";"BR-101/SP";"Pista Norte";"Choque em objeto fixo";1;0;0;0;0;0;0;0;0;0;2;0;0;0;0
"01/11/2023";"07:59:00";"166";"Acidente s";"307";"BR-116/RJ";"Pista Norte";"Colisão traseira";0;0;0;0;0;0;0;0;2;0;1;0;0;0;0
"01/11/2023";"08:11:00";"170";"Acidente s";"452.7";"BR-101/RJ";"Pista Sul";"Engavetamento";0;0;0;0;0;0;0;0;3;0;3;0;0;0;0
"01/11/2023";"09:09:00";"210";"Acidente s";"165.65";"BR-116/SP";"Pista Sul";"Colisão traseira";2;0;0;0;0;0;0;0;0;0;3;0;0;0;0
"01/11/2023";"09:19:00";"220";"Acidente c";"209.2";"BR-116/SP";"Pista Norte";"Colisão traseira";0;0;0;0;0;0;0;0;1;1;1;1;0;0;0
"01/11/2023";"12:36:00";"315";"Acidente s";"198";"BR-116/SP";"Pista Sul";"Choque em objeto fixo";0;0;0;0;0;0;0;0;1;0;1;0;0;0;0
"01/11/2023";"03:05:00";"384";"Acidente c";"220";"BR-116/RJ";"Pista Norte";"Choque em barreira New Jersey";0;0;0;0;0;0;0;0;1;0;0;0;1;0;0
"01/11/2023";"04:32:00";"424";"Acidente s";"159";"BR-116/SP";"Pista Norte";"Colisão traseira";0;0;0;0;0;0;0;0;1;1;3;0;0;0;0
"01/11/2023";"04:50:00";"437";"Acidente c";"221";"BR-116/SP";"Pista Norte";"Queda de moto";0;1;0;0;0;0;0;0;0;0;1;0;1;0;0
"01/11/2023";"05:48:00";"464";"Atropelame";"216.55";"BR-116/SP";"Pista Sul";"Atropelamento de pedestre atravessando";0;0;0;0;0;0;0;0;1;0;0;2;0;0;1
"01/11/2023";"08:27:00";"555";"Acidente c";"44";"BR-101/SP";"Pista Sul";"Abalroamento longitudinal";0;1;0;0;0;1;0;0;0;1;2;1;0;0;0
"01/11/2023";"11:00:00";"606";"Acidente c";"259.4";"BR-116/RJ";"Pista Sul";"Colisão traseira";0;0;0;0;0;0;0;0;1;1;2;0;1;0;0
"01/11/2023";"11:18:00";"607";"Acidente c";"394.6";"BR-101/RJ";"Pista Norte";"Queda de moto";0;1;0;0;0;0;0;0;0;0;1;1;0;0;0
"02/11/2023";"12:43:00";"24";"Acidente c";"289";"BR-116/RJ";"Pista Norte";"Choque em objeto fixo";0;0;0;0;0;0;0;0;1;0;0;3;1;0;0
"02/11/2023";"12:56:00";"27";"Acidente s";"492";"BR-101/RJ";"Pista Norte";"Queda de moto";0;1;0;0;0;0;0;0;0;0;1;0;0;0;0
"02/11/2023";"01:46:00";"36";"Acidente c";"214.1";"BR-116/SP";"Pista Norte";"Colisão traseira";0;1;0;0;0;0;0;0;1;0;1;1;0;0;0
"02/11/2023";"02:47:00";"42";"Acidente c";"51.6";"BR-101/SP";"Pista Sul";"Abalroamento longitudinal";0;1;0;0;0;0;0;0;1;0;2;1;0;0;0
"02/11/2023";"04:37:00";"61";"Acidente s";"408";"BR-101/RJ";"Pista Norte";"Atropelamento de animal";0;0;0;0;0;0;0;0;3;0;5;0;0;0;0
"02/11/2023";"06:56:00";"123";"Acidente s";"480";"BR-101/RJ";"Pista Sul";"Capotamento";0;0;0;0;0;0;0;0;1;0;1;0;0;0;0
"02/11/2023";"07:10:00";"134";"Acidente s";"270.8";"BR-116/RJ";"Pista Norte";"Engavetamento";0;0;0;0;0;0;0;0;3;0;8;0;0;0;0
"02/11/2023";"07:30:00";"147";"Acidente s";"225";"BR-116/SP";"Pista Norte";"Engavetamento";0;0;0;1;0;0;0;0;2;0;7;0;0;0;0
"02/11/2023";"07:35:00";"150";"Acidente c";"201.05";"BR-116/SP";"Pista Sul";"Tombamento";1;0;0;0;0;0;0;0;0;0;0;1;0;0;0
"02/11/2023";"07:41:00";"153";"Acidente s";"115.5";"BR-116/SP";"Pista Norte";"Engavetamento";0;0;0;0;0;0;0;0;2;1;4;0;0;0;0
"02/11/2023";"08:35:00";"179";"Acidente s";"121.5";"BR-116/SP";"Pista Norte";"Colisão traseira";0;0;0;0;0;0;0;0;2;0;4;0;0;0;0
"02/11/2023";"08:46:00";"187";"Acidente s";"124";"BR-116/SP";"Pista Norte";"Colisão traseira";0;0;0;0;0;0;0;0;2;0;3;0;0;0;0
"02/11/2023";"08:49:00";"190";"Acidente s";"157.9";"BR-116/SP";"Pista Norte";"Colisão traseira";0;0;0;0;0;0;0;0;2;0;8;0;0;0;0
"02/11/2023";"09:45:00";"214";"Acidente s";"161";"BR-116/SP";"Pista Norte";"Abalroamento longitudinal";1;0;0;0;0;0;0;0;1;0;3;0;0;0;0
"02/11/2023";"12:18:00";"306";"Acidente s";"162.6";"BR-116/SP";"Pista Norte";"Colisão traseira";0;0;0;0;0;0;0;0;1;1;2;0;0;0;0
"02/11/2023";"01:36:00";"344";"Acidente c";"46";"BR-101/SP";"Pista Sul";"Colisão frontal";0;1;0;0;0;0;0;0;1;0;1;1;0;0;0
"02/11/2023";"04:07:00";"420";"Acidente s";"43.5";"BR-101/SP";"Pista Norte";"Choque em objeto fixo";0;0;0;0;0;0;0;0;1;0;2;0;0;0;0
"02/11/2023";"04:08:00";"421";"Acidente s";"23.3";"BR-116/SP";"Pista Norte";"Abalroamento longitudinal";0;0;0;0;0;0;0;0;2;0;2;0;0;0;0
"02/11/2023";"04:33:00";"430";"Atropelame";"322.1";"BR-116/RJ";"Pista Norte";"Atropelamento de pedestre atravessando";0;0;1;0;0;0;0;0;1;0;1;0;1;0;0
"02/11/2023";"07:54:00";"517";"Atropelame";"212.9";"BR-116/SP";"Pista Norte";"Atropelamento de pedestre caminhando";0;0;0;0;0;0;0;0;1;0;1;1;0;0;1
"03/11/2023";"06:55:00";"109";"Acidente c";"214.9";"BR-116/SP";"Pista Norte";"Colisão traseira";0;0;0;0;0;0;0;0;2;0;3;1;0;0;0
"03/11/2023";"08:08:00";"162";"Acidente s";"229";"BR-116/RJ";"Pista Norte";"Choque Talude";1;0;0;0;0;0;0;0;0;0;1;0;0;0;0
"03/11/2023";"08:16:00";"170";"Acidente s";"233.4";"BR-116/RJ";"Pista Norte";"Engavetamento";0;0;0;0;0;0;0;0;3;0;3;0;0;0;0
"03/11/2023";"10:37:00";"269";"Acidente s";"212.2";"BR-116/SP";"Pista Sul";"Choque em barreira New Jersey";0;0;0;0;0;0;0;0;1;0;1;0;0;0;0
"03/11/2023";"12:54:00";"343";"Acidente c";"220.5";"BR-116/SP";"Pista Norte";"Abalroamento longitudinal";1;0;0;0;0;0;0;0;1;0;0;2;0;0;0
"03/11/2023";"01:11:00";"348";"Acidente s";"233.4";"BR-116/RJ";"Pista Sul";"Colisão traseira";1;0;0;0;0;0;0;0;1;0;4;0;0;0;0
"03/11/2023";"02:01:00";"378";"Acidente s";"74.5";"BR-116/SP";"Pista Sul";"Choque em barreira New Jersey";1;0;0;0;0;0;0;0;0;0;1;0;0;0;0
"03/11/2023";"03:00:00";"405";"Acidente c";"305";"BR-116/RJ";"Pista Norte";"Choque em objeto fixo";1;0;0;0;0;0;0;0;0;0;0;0;1;0;0
"03/11/2023";"04:37:00";"452";"Acidente s";"105";"BR-116/SP";"Pista Sul";"Colisão traseira";1;0;0;0;0;0;0;0;1;0;3;0;0;0;0
"03/11/2023";"06:16:00";"521";"Acidente c";"148";"BR-116/SP";"Pista Norte";"Engavetamento";0;0;0;0;0;0;0;0;3;0;6;1;0;0;0
"03/11/2023";"06:27:00";"526";"Acidente c";"214.5";"BR-116/SP";"Pista Norte";"Colisão traseira";0;0;0;0;0;0;0;0;2;0;2;1;0;0;0
"03/11/2023";"07:03:00";"549";"Acidente c";"445";"BR-101/RJ";"Pista Norte";"Colisão traseira";0;0;0;0;0;0;0;0;2;0;0;3;0;0;0
"03/11/2023";"08:11:00";"583";"Acidente s";"277.4";"BR-116/RJ";"Pista Norte";"Choque em barreira New Jersey";0;0;0;0;0;0;0;0;1;0;4;0;0;0;0
"03/11/2023";"08:33:00";"598";"Acidente s";"296";"BR-116/RJ";"Pista Sul";"Choque em objeto fixo";0;0;0;0;0;0;0;0;1;0;1;0;0;0;0
"04/11/2023";"04:15:00";"68";"Acidente s";"201.2";"BR-116/SP";"Pista Norte";"Choque em objeto fixo";0;0;0;0;0;0;0;0;1;0;1;0;0;0;0
"04/11/2023";"04:22:00";"69";"Acidente s";"155.7";"BR-116/SP";"Pista Sul";"Engavetamento";0;0;0;0;0;0;0;0;1;2;4;0;0;0;0
"04/11/2023";"04:28:00";"72";"Acidente s";"160.9";"BR-116/SP";"Pista Norte";"Outros";0;0;0;0;0;0;0;0;1;0;1;0;0;0;0
"04/11/2023";"06:57:00";"113";"Acidente s";"417.7";"BR-101/RJ";"Pista Sul";"Choque em objeto fixo";0;0;0;0;0;0;0;0;1;0;2;0;0;0;0
"04/11/2023";"07:43:00";"134";"Acidente c";"227";"BR-116/SP";"Pista Sul";"Engavetamento";1;0;0;0;0;0;0;0;6;0;6;1;0;0;0
"04/11/2023";"09:59:00";"197";"Acidente c";"222.8";"BR-116/SP";"Pista Sul";"Colisão traseira";0;1;0;0;0;0;0;0;1;0;1;0;1;0;0
"04/11/2023";"01:23:00";"303";"Atropelame";"92.2";"BR-116/SP";"Pista Norte";"Atropelamento de pedestre atravessando";0;0;0;0;0;0;0;0;1;0;1;1;0;0;0
"04/11/2023";"01:45:00";"311";"Atropelame";"324.9";"BR-116/RJ";"Pista Norte";"Atropelamento de pedestre atravessando";0;0;0;0;0;0;0;0;1;0;1;1;0;0;0
"04/11/2023";"02:30:00";"327";"Acidente c";"108.9";"BR-116/SP";"Pista Sul";"Engavetamento";0;0;0;0;0;0;0;0;2;1;6;0;1;0;0
"04/11/2023";"03:32:00";"362";"Acidente c";"504";"BR-101/RJ";"Pista Norte";"Queda de moto";0;1;0;0;0;0;0;0;0;0;0;0;1;0;0
"04/11/2023";"04:06:00";"374";"Acidente c";"422.4";"BR-101/RJ";"Pista Sul";"Queda de moto";0;1;0;0;0;0;0;0;0;0;0;0;1;0;0
"04/11/2023";"04:32:00";"389";"Acidente s";"104.2";"BR-116/SP";"Pista Sul";"Engavetamento";0;0;0;0;0;0;0;0;3;2;15;0;0;0;0
"04/11/2023";"04:48:00";"399";"Acidente s";"103.3";"BR-116/SP";"Pista Sul";"Engavetamento";0;0;0;0;0;0;0;0;3;0;3;0;0;0;0
"04/11/2023";"06:28:00";"451";"Acidente s";"437";"BR-101/RJ";"Pista Norte";"Abalroamento longitudinal";0;0;0;1;0;0;0;0;1;0;2;0;0;0;0
"04/11/2023";"07:44:00";"483";"Acidente c";"533.8";"BR-101/RJ";"Pista Sul";"Colisão frontal";0;0;0;0;0;0;0;0;2;0;1;0;1;0;0
"04/11/2023";"08:53:00";"502";"Acidente s";"487";"BR-101/RJ";"Pista Sul";"Choque em objeto na pista";0;0;0;0;0;0;0;0;1;0;1;0;0;0;0
"04/11/2023";"10:31:00";"524";"Acidente s";"423";"BR-101/RJ";"Pista Sul";"Choque Talude";0;0;0;0;0;0;0;0;1;0;1;0;0;0;0
"04/11/2023";"10:59:00";"533";"Acidente c";"217.95";"BR-116/SP";"Pista Sul";"Colisão traseira";0;0;0;0;0;0;0;0;2;0;4;2;0;0;0
"04/11/2023";"11:52:00";"547";"Acidente c";"183.6";"BR-116/SP";"Pista Norte";"Engavetamento";0;0;0;0;0;0;0;0;3;0;6;1;0;0;0
"05/11/2023";"01:22:00";"31";"Acidente c";"215.3";"BR-116/SP";"Pista Sul";"Colisão traseira";0;0;0;1;0;0;0;0;3;0;1;4;0;0;1
"05/11/2023";"01:35:00";"34";"Acidente c";"216.1";"BR-116/SP";"Pista Norte";"Queda de moto";0;1;0;0;0;0;0;0;0;1;1;2;0;0;0
"05/11/2023";"01:51:00";"37";"Acidente s";"501";"BR-101/RJ";"Pista Norte";"Choque em objeto fixo";0;0;0;0;0;0;0;0;1;0;2;0;0;0;0
"05/11/2023";"04:06:00";"59";"Acidente c";"401";"BR-101/RJ";"Pista Sul";"Choque em objeto fixo";0;0;0;0;0;0;0;0;1;0;0;1;0;0;0
"05/11/2023";"05:19:00";"69";"Acidente s";"320";"BR-116/RJ";"Pista Sul";"Atropelamento de animal";0;0;0;0;0;0;0;0;1;0;1;0;0;0;0
"05/11/2023";"06:14:00";"82";"Acidente s";"586";"BR-101/RJ";"Pista Norte";"Choque em objeto fixo";0;0;0;0;0;0;0;0;1;0;1;0;0;0;0
"05/11/2023";"08:01:00";"121";"Acidente s";"88.1";"BR-116/SP";"Pista Sul";"Colisão traseira";2;0;0;0;0;0;0;0;0;0;3;0;0;0;0
"05/11/2023";"11:17:00";"198";"Acidente c";"142";"BR-116/SP";"Pista Sul";"Choque em defensa";0;0;0;0;0;0;0;0;1;0;0;1;0;0;0
"05/11/2023";"11:46:00";"215";"Acidente s";"139";"BR-116/SP";"Pista Sul";"Colisão traseira";1;0;0;0;0;0;0;0;1;0;3;0;0;0;0
"05/11/2023";"12:11:00";"224";"Acidente c";"197";"BR-116/SP";"Pista Norte";"Colisão traseira";1;0;0;0;0;0;0;0;1;0;1;3;0;0;0
"05/11/2023";"01:09:00";"247";"Acidente s";"471";"BR-101/RJ";"Pista Norte";"Choque em objeto fixo";0;0;0;0;0;0;0;0;1;0;1;0;0;0;0
"05/11/2023";"01:47:00";"268";"Acidente s";"76";"BR-116/SP";"Pista Sul";"Engavetamento";0;0;0;1;0;0;0;0;3;0;4;0;0;0;0
"05/11/2023";"04:23:00";"359";"Acidente s";"165";"BR-116/SP";"Pista Sul";"Colisão traseira";0;0;0;0;0;0;0;0;1;1;4;0;0;0;0
"05/11/2023";"04:53:00";"375";"Acidente c";"48.7";"BR-101/SP";"Pista Norte";"Abalroamento longitudinal";0;2;0;0;0;0;0;0;0;0;0;1;0;0;0
"05/11/2023";"06:08:00";"412";"Acidente c";"140";"BR-116/SP";"Pista Sul";"Abalroamento longitudinal";0;1;0;0;0;0;0;0;0;1;2;0;1;0;0
"05/11/2023";"06:51:00";"440";"Atropelame";"404";"BR-101/RJ";"Pista Sul";"Atropelamento de pedestre atravessando";0;0;0;0;0;0;0;0;0;1;1;0;1;0;0
"05/11/2023";"06:55:00";"442";"Atropelame";"68.6";"BR-116/SP";"Pista Sul";"Atropelamento de pedestre caminhando";0;1;0;0;0;0;0;0;0;0;1;0;1;0;0
"05/11/2023";"08:57:00";"487";"Acidente s";"218.8";"BR-116/SP";"Pista Norte";"Engavetamento";1;0;0;0;0;0;0;0;3;0;9;0;0;0;0
"05/11/2023";"09:09:00";"491";"Acidente c";"541";"BR-101/RJ";"Pista Sul";"Queda de moto";0;1;0;0;0;0;0;0;0;0;0;1;0;0;0
"05/11/2023";"11:55:00";"515";"Acidente s";"238";"BR-116/RJ";"Pista Norte";"Choque em defensa";0;0;0;0;0;0;0;0;1;0;1;0;0;0;0
"06/11/2023";"05:32:00";"62";"Acidente s";"231";"BR-116/SP";"Pista Norte";"Choque em defensa";1;0;0;0;0;0;0;0;0;0;1;0;0;0;0
"06/11/2023";"06:30:00";"82";"Acidente c";"114";"BR-116/SP";"Pista Norte";"Tombamento";0;0;0;0;0;0;1;0;0;0;0;1;0;0;0
"06/11/2023";"06:53:00";"103";"Acidente s";"207";"BR-116/SP";"Pista Sul";"Engavetamento";0;0;0;0;0;0;0;0;3;0;3;0;0;0;0
"06/11/2023";"07:06:00";"116";"Acidente s";"223";"BR-116/SP";"Pista Norte";"Engavetamento";0;0;0;0;0;0;0;0;3;0;3;0;0;0;0
"06/11/2023";"07:29:00";"127";"Acidente s";"471";"BR-101/RJ";"Pista Sul";"Abalroamento longitudinal";0;1;0;0;0;0;0;0;1;0;2;0;0;0;0
"06/11/2023";"08:00:00";"157";"Acidente c";"298";"BR-116/RJ";"Pista Norte";"Choque em objeto fixo";0;0;0;0;0;0;0;0;1;0;3;2;0;0;0
"06/11/2023";"10:16:00";"234";"Acidente c";"155";"BR-116/SP";"Pista Sul";"Colisão frontal";0;1;0;0;0;0;0;0;1;0;1;1;0;0;0
"06/11/2023";"10:33:00";"240";"Acidente s";"250.6";"BR-116/RJ";"Pista Sul";"Choque em objeto na pista";0;0;0;0;0;0;0;0;1;0;2;0;0;0;0
"06/11/2023";"11:24:00";"270";"Acidente s";"155";"BR-116/SP";"Pista Sul";"Engavetamento";0;0;0;0;0;0;0;0;4;0;4;0;0;0;0
"06/11/2023";"12:15:00";"295";"Acidente c";"164.15";"BR-116/SP";"Pista Norte";"Queda de moto";0;1;0;0;0;0;0;0;0;0;0;1;0;0;0
"06/11/2023";"12:28:00";"303";"Acidente c";"258.3";"BR-116/RJ";"Pista Sul";"Colisão traseira";0;0;0;0;0;0;0;0;2;0;4;2;0;0;0
"06/11/2023";"01:03:00";"334";"Acidente s";"317";"BR-116/RJ";"Pista Norte";"Choque em objeto fixo";1;0;0;0;0;0;0;0;0;0;2;0;0;0;0
"06/11/2023";"02:46:00";"385";"Acidente s";"201.4";"BR-116/SP";"Pista Sul";"Choque em objeto na pista";0;0;0;0;0;0;0;0;1;0;7;0;0;0;0
"06/11/2023";"02:47:00";"387";"Acidente s";"56.9";"BR-116/SP";"Pista Norte";"Choque em objeto fixo";1;0;0;0;0;0;0;0;0;0;1;0;0;0;0
"06/11/2023";"05:21:00";"457";"Acidente s";"158";"BR-116/SP";"Pista Norte";"Colisão traseira";0;0;0;0;0;0;0;0;2;0;4;0;0;0;0
"06/11/2023";"06:27:00";"500";"Acidente c";"117.4";"BR-116/SP";"Pista Norte";"Queda de ribanceira";0;0;0;0;0;0;0;0;1;0;0;0;1;1;0
"06/11/2023";"08:28:00";"552";"Atropelame";"146.72";"BR-116/SP";"Pista Norte";"Atropelamento de pedestre atravessando";0;0;0;0;0;0;0;0;0;1;1;0;0;0;1
"06/11/2023";"10:13:00";"591";"Acidente s";"222";"BR-116/SP";"Pista Norte";"Colisão traseira";0;0;0;0;0;0;0;0;2;0;2;0;0;0;0
"06/11/2023";"11:24:00";"612";"Acidente c";"138.5";"BR-116/SP";"Pista Sul";"Colisão traseira";0;1;0;0;0;0;0;0;1;0;1;1;0;0;0
"07/11/2023";"02:04:00";"36";"Acidente c";"13.85";"BR-116/SP";"Pista Norte";"Colisão traseira";2;0;0;1;0;0;0;0;0;0;44;1;3;1;0
"07/11/2023";"03:56:00";"47";"Acidente s";"165.9";"BR-116/SP";"Pista Norte";"Atropelamento de animal";0;0;0;0;0;0;0;0;1;0;1;0;0;0;0
"07/11/2023";"05:08:00";"62";"Acidente c";"22.5";"BR-116/SP";"Pista Norte";"Queda de ribanceira";1;0;0;0;0;0;0;0;0;0;0;1;0;0;0