data;horario;n_da_ocorrencia;tipo_de_ocorrencia;km;trecho;sentido;tipo_de_acidente;automovel;bicicleta;caminhao;moto;onibus;outros;tracao_animal;transporte_de_cargas_especiais;trator_maquinas;utilitarios;ilesos;levemente_feridos;moderadamente_feridos;gravemente_feridos;mortos
"14/11/2023";"11:11:00";"358";"Acidente c";"152.3";"BR-116/SP";"Pista Norte";"Queda de moto";0;1;0;0;0;0;0;0;0;0;0;1;0;0;0
"14/11/2023";"11:12:00";"359";"Acidente c";"257.1";"BR-116/RJ";"Pista Sul";"Abalroamento longitudinal";1;0;0;0;0;0;0;0;1;0;2;1;0;0;0
"14/11/2023";"03:20:00";"526";"Acidente s";"229.4";"BR-116/RJ";"Pista Norte";"Colisão traseira";1;0;0;0;0;0;0;0;1;0;2;0;0;0;0
"14/11/2023";"03:29:00";"536";"Acidente c";"226.8";"BR-116/SP";"Pista Norte";"Choque em barreira New Jersey";0;0;0;0;0;0;0;0;1;0;0;1;0;0;0
"14/11/2023";"05:26:00";"609";"Acidente s";"220.7";"BR-116/SP";"Pista Norte";"Engavetamento";1;0;0;0;0;0;0;0;2;0;4;0;0;0;0
"14/11/2023";"05:31:00";"612";"Acidente s";"429";"BR-101/RJ";"Pista Sul";"Abalroamento longitudinal";0;0;0;0;0;1;0;0;2;0;2;0;0;0;0
"14/11/2023";"05:55:00";"632";"Acidente c";"213";"BR-116/SP";"Pista Norte";"Engavetamento";1;2;0;0;0;0;0;0;0;1;3;1;1;0;0
"14/11/2023";"06:37:00";"657";"Acidente c";"161";"BR-116/SP";"Pista Norte";"Colisão traseira";0;1;0;0;0;0;0;0;1;0;1;1;0;0;0
"14/11/2023";"06:44:00";"661";"Acidente s";"69.5";"BR-116/SP";"Pista Norte";"Engavetamento";0;0;0;0;0;0;0;0;3;1;5;0;0;0;0
"14/11/2023";"07:34:00";"686";"Acidente s";"278.7";"BR-116/RJ";"Pista Sul";"Colisão traseira";1;0;0;0;0;0;0;0;1;0;2;0;0;0;0
"14/11/2023";"07:38:00";"690";"Acidente s";"488";"BR-101/RJ";"Pista Norte";"Abalroamento longitudinal";0;0;0;0;0;0;0;0;2;0;5;0;0;0;0
"14/11/2023";"08:17:00";"706";"Acidente c";"15.7";"BR-116/SP";"Pista Sul";"Choque em barreira New Jersey";1;0;0;0;0;0;0;0;0;0;0;0;0;1;0
"14/11/2023";"08:46:00";"725";"Atropelame";"64.4";"BR-116/SP";"Pista Sul";"Atropelamento de pedestre atravessando";0;0;1;0;0;0;0;0;0;1;1;1;0;0;0
"14/11/2023";"08:47:00";"726";"Acidente s";"487";"BR-101/RJ";"Pista Sul";"Engavetamento";1;0;0;0;0;0;0;0;2;0;6;0;0;0;0
"14/11/2023";"09:19:00";"741";"Atropelame";"484";"BR-101/RJ";"Pista Norte";"Atropelamento de pedestre atravessando";0;0;0;0;0;0;0;0;1;0;1;2;0;0;0
"14/11/2023";"11:40:00";"793";"Acidente c";"223";"BR-116/SP";"Pista Norte";"Queda de moto";0;1;0;0;0;0;0;0;0;0;0;1;0;0;0
"15/11/2023";"12:24:00";"24";"Acidente c";"194.35";"BR-116/SP";"Pista Norte";"Colisão traseira";1;1;0;0;0;0;0;0;0;0;1;0;0;0;1
"15/11/2023";"01:55:00";"42";"Acidente c";"193.4";"BR-116/SP";"Pista Sul";"Colisão traseira";1;0;0;0;0;0;0;0;0;1;1;0;1;0;0
"15/11/2023";"02:19:00";"48";"Acidente s";"277";"BR-116/RJ";"Pista Norte";"Choque em barreira New Jersey";1;0;0;0;0;0;0;0;0;0;1;0;0;0;0
"15/11/2023";"05:26:00";"76";"Acidente c";"315.2";"BR-116/RJ";"Pista Sul";"Choque em barreira New Jersey";0;0;0;0;0;0;0;0;1;0;0;0;1;0;0
"15/11/2023";"05:30:00";"77";"Acidente s";"129.4";"BR-116/SP";"Pista Sul";"Engavetamento";0;0;0;0;0;0;0;0;1;2;1;0;0;0;0
"15/11/2023";"07:14:00";"110";"Acidente s";"112.6";"BR-116/SP";"Pista Norte";"Colisão traseira";0;0;0;0;0;0;0;0;1;1;5;0;0;0;0
"15/11/2023";"07:51:00";"127";"Acidente s";"112.4";"BR-116/SP";"Pista Norte";"Colisão traseira";0;0;0;0;0;0;0;0;2;0;5;0;0;0;0
"15/11/2023";"08:12:00";"137";"Acidente s";"116";"BR-116/SP";"Pista Norte";"Engavetamento";0;0;0;0;0;0;0;0;4;0;9;0;0;0;0
"15/11/2023";"08:36:00";"144";"Acidente s";"229.1";"BR-116/SP";"Pista Norte";"Abalroamento longitudinal";1;0;0;0;0;0;0;0;1;0;3;0;0;0;0
"15/11/2023";"10:35:00";"227";"Acidente s";"108.6";"BR-116/SP";"Pista Norte";"Colisão traseira";2;0;0;0;0;0;0;0;0;0;2;0;0;0;0
"15/11/2023";"11:29:00";"262";"Acidente s";"156.1";"BR-116/SP";"Pista Norte";"Abalroamento longitudinal";0;0;0;0;0;0;0;0;1;1;3;0;0;0;0
"15/11/2023";"12:10:00";"286";"Acidente c";"111";"BR-116/SP";"Pista Sul";"Abalroamento longitudinal";0;1;0;0;0;0;0;0;1;0;3;0;2;0;0
"15/11/2023";"12:30:00";"296";"Acidente s";"95.38";"BR-116/SP";"Pista Norte";"Abalroamento longitudinal";1;0;0;1;0;0;0;0;0;0;20;0;0;0;0
"15/11/2023";"01:32:00";"330";"Acidente c";"229.2";"BR-116/RJ";"Pista Norte";"Queda de moto";0;1;0;0;0;0;0;0;0;0;0;2;0;0;0
"15/11/2023";"01:37:00";"332";"Acidente s";"576";"BR-101/RJ";"Pista Sul";"Colisão traseira";0;0;0;0;0;0;0;0;2;0;2;0;0;0;0
"15/11/2023";"01:47:00";"336";"Acidente s";"154";"BR-116/SP";"Pista Norte";"Choque em objeto na pista";0;0;0;0;0;0;0;0;1;0;2;0;0;0;0
"15/11/2023";"02:05:00";"347";"Acidente s";"99.1";"BR-116/SP";"Pista Sul";"Colisão traseira";2;0;0;0;0;0;0;0;0;0;2;0;0;0;0
"15/11/2023";"02:07:00";"348";"Acidente s";"154";"BR-116/SP";"Pista Norte";"Choque em objeto na pista";0;0;0;0;0;0;0;0;1;0;1;0;0;0;0
"15/11/2023";"02:27:00";"364";"Acidente s";"140.1";"BR-116/SP";"Pista Sul";"Engavetamento";0;0;0;0;0;0;0;0;4;0;10;0;0;0;0
"15/11/2023";"02:51:00";"381";"Acidente s";"157.9";"BR-116/SP";"Pista Sul";"Tombamento";1;0;0;0;0;0;0;0;0;0;2;0;0;0;0
"15/11/2023";"03:27:00";"400";"Acidente c";"267.5";"BR-116/RJ";"Pista Norte";"Colisão traseira";0;0;0;0;0;0;0;0;2;0;4;0;1;0;0
"15/11/2023";"04:21:00";"425";"Acidente s";"69";"BR-116/SP";"Pista Norte";"Colisão traseira";0;0;0;0;0;0;0;0;2;0;2;0;0;0;0
"15/11/2023";"04:41:00";"438";"Acidente s";"63.5";"BR-116/SP";"Pista Norte";"Choque em objeto fixo";0;0;0;0;0;0;0;0;1;0;3;0;0;0;0
"15/11/2023";"05:18:00";"463";"Acidente s";"19";"BR-116/SP";"Pista Sul";"Choque em objeto fixo";1;0;0;0;0;0;0;0;0;0;2;0;0;0;0
"15/11/2023";"06:44:00";"503";"Acidente s";"23.3";"BR-101/SP";"Pista Norte";"Queda de moto";0;1;0;0;0;0;0;0;0;0;1;0;0;0;0
"15/11/2023";"07:57:00";"528";"Acidente s";"228";"BR-116/RJ";"Pista Sul";"Choque em objeto fixo";0;0;0;0;0;0;0;0;1;0;1;0;0;0;0
"15/11/2023";"09:53:00";"566";"Acidente c";"51.2";"BR-116/SP";"Pista Sul";"Choque em objeto fixo";0;0;0;0;0;0;0;0;1;0;0;0;1;0;0
"15/11/2023";"10:02:00";"571";"Acidente s";"229.8";"BR-116/SP";"Pista Norte";"Choque em objeto fixo";0;0;0;0;0;0;0;0;1;0;1;0;0;0;0
"15/11/2023";"11:53:00";"593";"Acidente c";"226.5";"BR-116/SP";"Pista Norte";"Queda de moto";0;1;0;0;0;0;0;0;0;0;0;0;0;1;0
"16/11/2023";"02:54:00";"41";"Acidente s";"47.6";"BR-101/SP";"Pista Sul";"Atropelamento de animal";0;1;0;0;0;0;0;0;0;0;17;0;0;0;0
"16/11/2023";"05:07:00";"58";"Acidente c";"210.5";"BR-116/SP";"Pista Sul";"Colisão traseira";0;1;0;0;0;0;0;0;2;0;3;2;0;0;0
"16/11/2023";"07:54:00";"158";"Acidente s";"208";"BR-116/SP";"Pista Norte";"Abalroamento longitudinal";1;0;0;0;0;0;0;0;1;0;2;0;0;0;0
"16/11/2023";"08:05:00";"169";"Acidente s";"205";"BR-116/SP";"Pista Sul";"Abalroamento longitudinal";0;0;0;0;0;0;0;0;1;1;4;0;0;0;0
"16/11/2023";"08:45:00";"199";"Acidente s";"96.7";"BR-116/SP";"Pista Sul";"Colisão traseira";0;0;0;0;0;0;0;0;1;1;5;0;0;0;0
"16/11/2023";"10:22:00";"259";"Acidente s";"291";"BR-116/RJ";"Pista Norte";"Choque em barreira New Jersey";0;0;0;0;0;0;0;0;1;0;2;0;0;0;0
"16/11/2023";"10:39:00";"271";"Acidente s";"477.5";"BR-101/RJ";"Pista Sul";"Queda de moto";0;1;0;0;0;0;0;0;0;0;1;0;0;0;0
"16/11/2023";"10:50:00";"284";"Acidente c";"206";"BR-116/SP";"Pista Sul";"Abalroamento longitudinal";0;1;0;0;0;0;1;0;0;0;2;0;0;1;0
"16/11/2023";"11:47:00";"327";"Acidente c";"575";"BR-101/RJ";"Pista Sul";"Colisão traseira";0;1;0;0;0;0;0;0;1;0;2;0;1;0;0
"16/11/2023";"11:51:00";"331";"Acidente s";"144.9";"BR-116/SP";"Pista Norte";"Abalroamento longitudinal";1;0;0;0;0;0;0;0;1;0;2;0;0;0;0
"16/11/2023";"12:10:00";"344";"Acidente c";"98.8";"BR-116/SP";"Pista Norte";"Choque em objeto fixo";0;0;0;0;0;0;0;0;1;0;0;1;0;0;0
"16/11/2023";"12:21:00";"346";"Acidente c";"227";"BR-116/SP";"Pista Sul";"Queda de moto";0;1;0;0;0;0;0;0;0;0;0;1;0;0;0
"16/11/2023";"12:23:00";"347";"Acidente s";"140";"BR-116/SP";"Pista Norte";"Colisão traseira";0;0;0;0;0;0;1;0;1;0;4;0;0;0;0
"16/11/2023";"01:31:00";"390";"Acidente s";"205";"BR-116/SP";"Pista Norte";"Choque em defensa";0;0;0;0;0;0;0;0;1;0;1;0;0;0;0
"16/11/2023";"02:07:00";"409";"Acidente s";"19.1";"BR-116/SP";"Pista Sul";"Choque em barreira New Jersey";0;0;0;0;0;0;0;0;1;0;2;0;0;0;0
"16/11/2023";"05:27:00";"528";"Acidente s";"138.35";"BR-116/SP";"Pista Sul";"Colisão traseira";0;0;0;0;0;0;0;0;2;0;5;0;0;0;0
"16/11/2023";"07:56:00";"613";"Acidente c";"227.65";"BR-116/SP";"Pista Norte";"Colisão traseira";0;1;0;0;0;0;0;0;1;0;1;1;0;0;0
"16/11/2023";"09:04:00";"651";"Acidente c";"317.7";"BR-116/RJ";"Pista Sul";"Colisão traseira";1;0;0;0;0;0;0;0;1;0;1;1;0;0;0
"16/11/2023";"09:07:00";"652";"Acidente c";"124.3";"BR-116/SP";"Pista Norte";"Capotamento";1;0;0;0;0;0;0;0;2;0;2;1;0;0;0
"16/11/2023";"10:08:00";"674";"Acidente s";"126.65";"BR-116/SP";"Pista Norte";"Colisão traseira";1;0;0;0;0;0;0;0;1;0;3;0;0;0;0
"17/11/2023";"03:47:00";"60";"Acidente s";"133.8";"BR-116/SP";"Pista Norte";"Abalroamento longitudinal";1;0;0;1;0;0;0;0;0;0;64;0;0;0;0
"17/11/2023";"04:46:00";"71";"Atropelame";"78.65";"BR-116/SP";"Pista Sul";"Atropelamento de pedestre atravessando";1;0;1;0;0;0;0;0;0;0;1;0;0;1;0
"17/11/2023";"05:42:00";"92";"Acidente c";"502";"BR-101/RJ";"Pista Norte";"Queda de ribanceira";0;1;0;0;0;0;0;0;0;0;0;0;2;0;0
"17/11/2023";"06:45:00";"132";"Acidente c";"241.5";"BR-116/RJ";"Pista Norte";"Choque em barreira New Jersey";1;0;0;0;0;0;0;0;0;0;1;1;0;0;0
"17/11/2023";"08:05:00";"200";"Acidente c";"159.4";"BR-116/SP";"Pista Norte";"Colisão traseira";0;2;0;0;0;0;0;0;0;0;0;0;1;2;0
"17/11/2023";"08:41:00";"232";"Acidente s";"245.5";"BR-116/RJ";"Pista Norte";"Engavetamento";3;0;0;0;0;0;0;0;0;0;3;0;0;0;0
"17/11/2023";"08:46:00";"233";"Acidente c";"318";"BR-116/RJ";"Pista Norte";"Choque em barreira New Jersey";0;0;0;0;0;0;0;0;1;0;1;1;0;0;0
"17/11/2023";"11:29:00";"332";"Acidente s";"236";"BR-116/RJ";"Pista Sul";"Engavetamento";1;0;0;0;0;0;0;0;4;1;6;0;0;0;0
"17/11/2023";"11:56:00";"360";"Acidente c";"395";"BR-101/RJ";"Pista Norte";"Queda de moto";0;1;0;0;0;0;0;0;0;0;0;2;0;0;0
"17/11/2023";"01:20:00";"408";"Acidente c";"202.9";"BR-116/SP";"Pista Norte";"Abalroamento longitudinal";0;0;0;0;0;0;0;0;1;1;2;1;0;0;0
"17/11/2023";"02:04:00";"438";"Acidente s";"473";"BR-101/RJ";"Pista Sul";"Engavetamento";0;0;0;0;0;0;0;0;2;1;3;0;0;0;0
"17/11/2023";"02:52:00";"475";"Acidente c";"227.9";"BR-116/SP";"Pista Sul";"Colisão traseira";0;1;0;0;0;0;0;0;1;0;4;0;0;1;0
"17/11/2023";"03:13:00";"494";"Acidente s";"459";"BR-101/RJ";"Pista Sul";"Choque em objeto fixo";0;0;0;0;0;0;0;0;1;0;1;0;0;0;0
"17/11/2023";"03:24:00";"500";"Acidente c";"116";"BR-116/SP";"Pista Sul";"Colisão traseira";0;1;0;0;0;0;0;0;1;0;1;0;1;0;0
"17/11/2023";"03:58:00";"525";"Acidente c";"562";"BR-101/RJ";"Pista Norte";"Abalroamento transversal";0;1;0;0;0;0;0;0;1;0;1;0;1;0;0
"17/11/2023";"04:48:00";"545";"Acidente s";"486";"BR-101/RJ";"Pista Norte";"Colisão traseira";0;0;0;0;0;0;0;0;2;0;2;0;0;0;0
"17/11/2023";"04:59:00";"548";"Acidente s";"117";"BR-116/SP";"Pista Norte";"Queda de moto";0;1;0;0;0;0;0;0;0;0;0;0;0;0;0
"17/11/2023";"05:03:00";"556";"Acidente s";"117";"BR-116/SP";"Pista Norte";"Choque em objeto fixo";1;0;0;0;0;0;0;0;0;0;3;0;0;0;0
"17/11/2023";"06:16:00";"600";"Acidente c";"324";"BR-116/RJ";"Pista Norte";"Colisão traseira";0;0;0;0;0;0;0;0;2;0;3;0;1;0;0
"17/11/2023";"08:32:00";"692";"Acidente c";"230.2";"BR-116/SP";"Pista Norte";"Abalroamento longitudinal";0;1;0;0;0;0;0;0;0;1;0;1;0;0;0
"17/11/2023";"09:32:00";"716";"Acidente c";"316.7";"BR-116/RJ";"Pista Sul";"Colisão traseira";0;2;0;0;0;0;0;0;0;0;0;2;0;0;0
"17/11/2023";"09:46:00";"719";"Acidente s";"330.8";"BR-116/RJ";"Pista Norte";"Choque em barreira New Jersey";1;0;0;0;0;0;0;0;0;0;1;0;0;0;0
"18/11/2023";"12:09:00";"20";"Acidente s";"231";"BR-116/SP";"Pista Sul";"Colisão traseira";0;0;0;0;0;1;0;0;1;0;3;0;0;0;0
"18/11/2023";"01:28:00";"46";"Acidente s";"170.3";"BR-116/SP";"Pista Sul";"Colisão traseira";0;0;0;0;0;0;0;0;1;1;2;0;0;0;0
"18/11/2023";"01:37:00";"48";"Acidente c";"162.1";"BR-116/SP";"Pista Norte";"Colisão traseira";1;0;0;0;0;0;0;0;1;0;2;0;1;1;0
"18/11/2023";"01:55:00";"54";"Acidente c";"557.8";"BR-101/RJ";"Pista Norte";"Choque em defensa";0;0;0;0;0;0;0;0;1;0;1;1;0;0;0
"18/11/2023";"03:13:00";"72";"Acidente s";"271.2";"BR-116/RJ";"Pista Norte";"Choque em objeto na pista";0;0;0;0;0;0;0;0;1;0;3;0;0;0;0
"18/11/2023";"04:16:00";"84";"Acidente s";"404";"BR-101/RJ";"Pista Norte";"Choque em objeto na pista";0;0;0;0;0;0;0;0;1;0;2;0;0;0;0
"18/11/2023";"05:33:00";"100";"Acidente s";"116.9";"BR-116/SP";"Pista Sul";"Choque em objeto fixo";0;0;0;0;0;0;0;0;1;0;1;0;0;0;0
"18/11/2023";"05:39:00";"101";"Acidente c";"418";"BR-101/RJ";"Pista Sul";"Colisão frontal";0;0;0;0;0;0;0;0;2;0;0;2;0;1;0
"18/11/2023";"07:10:00";"147";"Acidente s";"160";"BR-116/SP";"Pista Norte";"Engavetamento";0;0;0;0;0;0;0;0;3;0;10;0;0;0;0
"18/11/2023";"07:11:00";"149";"Acidente c";"56";"BR-116/SP";"Pista Sul";"Queda de moto";0;1;0;0;0;0;0;0;0;0;1;1;0;0;0
"18/11/2023";"09:40:00";"268";"Acidente c";"169.3";"BR-116/SP";"Pista Norte";"Engavetamento";0;0;0;0;0;0;0;0;2;1;2;1;4;0;0
"18/11/2023";"09:44:00";"271";"Acidente s";"113.9";"BR-116/SP";"Pista Norte";"Colisão traseira";0;0;0;0;0;0;0;0;2;0;2;0;0;0;0
"18/11/2023";"10:01:00";"284";"Acidente s";"144.5";"BR-116/SP";"Pista Norte";"Colisão traseira";0;0;0;0;0;0;0;0;1;1;2;0;0;0;0
"18/11/2023";"11:35:00";"340";"Acidente s";"117";"BR-116/SP";"Pista Norte";"Choque em barreira New Jersey";0;0;0;0;0;0;0;0;1;0;1;0;0;0;0
"18/11/2023";"12:18:00";"362";"Acidente c";"291";"BR-116/RJ";"Pista Sul";"Capotamento";0;0;0;0;0;0;0;0;1;0;0;0;1;0;0
"18/11/2023";"01:01:00";"379";"Acidente c";"19";"BR-101/SP";"Pista Sul";"Colisão traseira";0;1;0;0;0;0;0;0;1;0;2;1;0;0;0
"18/11/2023";"02:53:00";"458";"Acidente c";"495";"BR-101/RJ";"Pista Sul";"Queda de moto";0;1;0;0;0;0;0;0;0;0;0;1;0;0;0
"18/11/2023";"03:12:00";"468";"Acidente s";"275.5";"BR-116/RJ";"Pista Norte";"Choque em objeto fixo";0;0;0;0;0;0;0;0;1;0;1;0;0;0;0
"18/11/2023";"03:24:00";"478";"Acidente c";"155";"BR-116/SP";"Pista Norte";"Abalroamento longitudinal";1;0;0;0;0;0;0;0;1;0;1;0;1;0;0
"18/11/2023";"03:34:00";"485";"Acidente s";"220.2";"BR-116/SP";"Pista Norte";"Colisão traseira";0;0;0;0;0;0;0;0;1;1;3;0;0;0;0
"18/11/2023";"03:37:00";"488";"Acidente c";"524";"BR-101/RJ";"Pista Sul";"Colisão traseira";0;1;0;0;0;0;0;0;1;0;1;1;0;0;0
"18/11/2023";"03:38:00";"489";"Acidente s";"45";"BR-101/SP";"Pista Norte";"Colisão traseira";0;0;0;0;0;0;0;0;2;0;2;0;0;0;0
"18/11/2023";"03:43:00";"493";"Acidente s";"387";"BR-101/RJ";"Pista Norte";"Colisão traseira";0;0;0;0;0;0;0;0;2;0;2;0;0;0;0
"18/11/2023";"03:52:00";"500";"Acidente c";"222";"BR-116/SP";"Pista Norte";"Colisão traseira";0;1;0;0;0;0;0;0;0;1;1;1;0;0;0
"18/11/2023";"05:01:00";"538";"Acidente s";"506";"BR-101/RJ";"Pista Sul";"Colisão traseira";0;0;0;0;0;1;0;0;1;0;5;0;0;0;0
"18/11/2023";"07:02:00";"615";"Acidente s";"289";"BR-116/RJ";"Pista Norte";"Choque em objeto na pista";0;0;0;0;0;0;0;0;1;0;4;0;0;0;0
"18/11/2023";"09:13:00";"681";"Acidente s";"265.2";"BR-116/RJ";"Pista Norte";"Choque em barreira New Jersey";0;0;0;0;0;0;0;0;1;0;1;0;0;0;0
"18/11/2023";"09:14:00";"683";"Atropelame";"44.5";"BR-101/SP";"Pista Norte";"Atropelamento de pedestre caminhando";0;0;0;0;0;0;0;0;1;0;1;1;0;0;0
"18/11/2023";"09:18:00";"684";"Acidente c";"221.1";"BR-116/SP";"Pista Norte";"Queda de moto";0;1;0;0;0;0;0;0;0;0;0;1;0;0;0
"18/11/2023";"09:21:00";"685";"Acidente c";"146.3";"BR-116/SP";"Pista Sul";"Abalroamento longitudinal";1;0;0;0;0;0;0;0;1;0;1;1;0;0;0
"18/11/2023";"10:15:00";"705";"Acidente c";"51.2";"BR-101/SP";"Pista Norte";"Abalroamento longitudinal";0;1;0;0;0;0;0;0;1;0;1;0;0;1;0
"18/11/2023";"11:26:00";"727";"Acidente c";"453";"BR-101/RJ";"Pista Norte";"Queda de moto";0;1;0;0;0;0;0;0;0;0;0;0;0;1;0
"19/11/2023";"12:47:00";"26";"Acidente c";"27.5";"BR-116/SP";"Pista Sul";"Capotamento";0;0;0;0;0;0;0;0;1;0;0;1;1;1;0
"19/11/2023";"02:59:00";"53";"Acidente s";"277.65";"BR-116/RJ";"Pista Sul";"Choque em barreira New Jersey";0;0;0;0;0;0;0;0;1;0;1;0;0;0;0
"19/11/2023";"03:19:00";"58";"Acidente c";"283.7";"BR-116/RJ";"Pista Norte";"Choque em barreira New Jersey";0;0;0;1;0;0;0;0;1;0;40;0;1;0;0
"19/11/2023";"05:18:00";"81";"Acidente c";"223.1";"BR-116/SP";"Pista Norte";"Choque em objeto fixo";0;0;0;0;0;0;0;0;1;0;1;1;0;0;0
"19/11/2023";"07:46:00";"130";"Acidente c";"36";"BR-116/SP";"Pista Sul";"Choque em defensa";0;0;0;0;0;0;0;0;1;0;0;1;0;0;0
"19/11/2023";"07:52:00";"133";"Acidente s";"314";"BR-116/RJ";"Pista Norte";"Choque em barreira New Jersey";0;0;0;0;0;0;0;0;1;0;1;0;0;0;0
"19/11/2023";"07:54:00";"135";"Acidente c";"111.8";"BR-116/SP";"Pista Norte";"Engavetamento";0;0;0;0;0;0;0;0;3;0;7;0;2;0;0
"19/11/2023";"08:44:00";"157";"Acidente s";"269.8";"BR-116/RJ";"Pista Norte";"Capotamento";0;0;0;0;0;0;0;0;1;0;2;0;0;0;0
"19/11/2023";"08:55:00";"164";"Acidente s";"417";"BR-101/RJ";"Pista Sul";"Abalroamento longitudinal";0;0;0;0;0;0;0;0;2;0;6;0;0;0;0
"19/11/2023";"09:05:00";"171";"Acidente s";"528";"BR-101/RJ";"Pista Sul";"Choque em objeto fixo";0;0;0;0;0;0;0;0;1;0;1;0;0;0;0
"19/11/2023";"09:43:00";"189";"Acidente s";"115";"BR-116/SP";"Pista Norte";"Colisão traseira";1;0;0;0;0;0;0;0;1;0;2;0;0;0;0
"19/11/2023";"09:49:00";"193";"Acidente s";"22";"BR-116/SP";"Pista Sul";"Choque em barreira New Jersey";0;0;0;0;0;0;0;0;1;0;1;0;0;0;0
"19/11/2023";"10:15:00";"203";"Acidente c";"51";"BR-101/SP";"Pista Sul";"Colisão frontal";0;2;0;0;0;0;0;0;1;0;2;1;0;0;0
"19/11/2023";"10:22:00";"206";"Acidente s";"232.4";"BR-116/RJ";"Pista Norte";"Choque em objeto fixo";0;0;0;0;0;0;0;0;1;0;2;0;0;0;0
"19/11/2023";"10:44:00";"219";"Acidente s";"401";"BR-101/RJ";"Pista Norte";"Capotamento";0;0;0;0;0;0;0;0;1;0;1;0;0;0;0
"19/11/2023";"11:39:00";"237";"Acidente s";"492";"BR-101/RJ";"Pista Sul";"Abalroamento longitudinal";0;0;0;0;0;0;0;0;2;0;7;0;0;0;0
"19/11/2023";"12:34:00";"250";"Acidente c";"122.8";"BR-116/SP";"Pista Norte";"Engavetamento";0;0;0;0;0;0;0;0;3;0;8;1;0;0;0
"19/11/2023";"02:39:00";"288";"Acidente c";"226.95";"BR-116/SP";"Pista Norte";"Colisão traseira";0;1;0;0;0;0;0;0;0;0;1;0;1;0;0
"19/11/2023";"04:32:00";"343";"Acidente c";"245.05";"BR-116/RJ";"Pista Norte";"Choque em barreira New Jersey";1;0;0;0;0;0;0;0;2;0;1;0;0;4;0
"19/11/2023";"05:02:00";"364";"Acidente s";"320.4";"BR-116/RJ";"Pista Norte";"Choque em defensa";0;0;0;0;0;0;0;0;1;0;4;0;0;0;0
"19/11/2023";"05:16:00";"372";"Acidente s";"478";"BR-101/RJ";"Pista Sul";"Choque Talude";0;0;0;0;0;0;0;0;1;0;1;0;0;0;0
"19/11/2023";"05:17:00";"374";"Acidente s";"283.3";"BR-116/RJ";"Pista Norte";"Choque Talude";0;0;0;0;0;0;0;0;1;0;3;0;0;0;0
"19/11/2023";"05:23:00";"377";"Atropelame";"40.3";"BR-101/SP";"Pista Sul";"Atropelamento de pedestre atravessando";0;0;2;0;0;0;0;0;1;0;1;1;1;0;0
"19/11/2023";"05:27:00";"380";"Acidente s";"317.3";"BR-116/RJ";"Pista Norte";"Choque em barreira New Jersey";0;0;0;0;0;0;0;0;1;0;1;0;0;0;0
"19/11/2023";"05:41:00";"387";"Acidente s";"37.6";"BR-116/SP";"Pista Norte";"Choque em barreira New Jersey";0;0;0;0;0;0;0;0;1;0;1;0;0;0;0
"19/11/2023";"05:58:00";"394";"Acidente s";"224";"BR-116/RJ";"Pista Norte";"Capotamento";0;0;0;0;0;0;0;0;1;0;1;0;0;0;0
"19/11/2023";"06:17:00";"406";"Acidente s";"34";"BR-116/SP";"Pista Sul";"Choque em objeto fixo";1;0;0;0;0;0;0;0;0;0;2;0;0;0;0
"19/11/2023";"06:25:00";"410";"Acidente s";"423.9";"BR-101/RJ";"Pista Sul";"Choque em objeto fixo";0;0;0;0;0;0;0;0;1;0;1;0;0;0;0
"19/11/2023";"07:40:00";"434";"Acidente s";"576";"BR-101/RJ";"Pista Sul";"Abalroamento longitudinal";0;0;0;0;0;0;0;0;2;0;2;0;0;0;0
"19/11/2023";"07:54:00";"439";"Acidente s";"417";"BR-101/RJ";"Pista Sul";"Choque Talude";0;0;0;0;0;0;0;0;1;0;1;0;0;0;0
"19/11/2023";"08:07:00";"443";"Acidente s";"426.8";"BR-101/RJ";"Pista Sul";"Choque em objeto fixo";0;0;0;0;0;0;0;0;1;0;1;0;0;0;0
"19/11/2023";"08:43:00";"452";"Acidente s";"216";"BR-116/SP";"Pista Sul";"Colisão traseira";0;0;0;0;0;0;0;0;1;1;2;0;0;0;0
"19/11/2023";"09:25:00";"459";"Acidente c";"41.5";"BR-116/SP";"Pista Norte";"Colisão traseira";0;1;0;0;0;0;0;0;1;0;5;0;2;0;0
"19/11/2023";"09:45:00";"463";"Acidente s";"41.7";"BR-116/SP";"Pista Sul";"Choque em barreira New Jersey";1;0;0;0;0;0;0;0;0;0;3;0;0;0;0
"19/11/2023";"11:10:00";"484";"Acidente c";"234";"BR-116/RJ";"Pista Norte";"Choque Talude";0;0;0;0;0;0;0;0;1;0;2;2;0;0;0
"19/11/2023";"11:18:00";"489";"Acidente s";"322";"BR-116/RJ";"Pista Norte";"Choque em objeto fixo";0;0;0;0;0;0;0;0;1;0;1;0;0;0;0
"20/11/2023";"02:25:00";"44";"Acidente c";"480";"BR-101/RJ";"Pista Sul";"Capotamento";0;0;0;0;0;0;0;0;1;0;0;0;2;0;0
"20/11/2023";"06:40:00";"81";"Acidente c";"388";"BR-101/RJ";"Pista Sul";"Colisão traseira";0;1;0;1;0;0;0;0;0;0;1;1;0;0;0
"20/11/2023";"09:28:00";"149";"Acidente s";"429";"BR-101/RJ";"Pista Norte";"Choque em objeto fixo";0;0;0;0;0;0;0;0;1;0;3;0;0;0;0