data;horario;n_da_ocorrencia;tipo_de_ocorrencia;km;trecho;sentido;tipo_de_acidente;automovel;bicicleta;caminhao;moto;onibus;outros;tracao_animal;transporte_de_cargas_especiais;trator_maquinas;utilitarios;ilesos;levemente_feridos;moderadamente_feridos;gravemente_feridos;mortos
"20/11/2023";"10:50:00";"182";"Acidente c";"501";"BR-101/RJ";"Pista Sul";"Colisão traseira";0;0;0;0;0;0;0;0;2;0;2;1;0;0;0
"20/11/2023";"11:12:00";"192";"Acidente s";"223";"BR-116/RJ";"Pista Sul";"Choque em objeto fixo";0;0;0;0;0;0;0;0;1;0;0;0;0;0;0
"20/11/2023";"12:21:00";"227";"Acidente s";"442";"BR-101/RJ";"Pista Norte";"Choque em objeto fixo";0;0;0;0;0;0;0;0;1;0;2;0;0;0;0
"20/11/2023";"12:25:00";"229";"Acidente s";"154.2";"BR-116/SP";"Pista Sul";"Colisão traseira";0;0;0;0;0;0;0;0;2;0;4;0;0;0;0
"20/11/2023";"01:05:00";"240";"Acidente s";"139.1";"BR-116/SP";"Pista Sul";"Engavetamento";0;0;0;0;0;0;0;0;3;0;7;0;0;0;0
"20/11/2023";"01:40:00";"255";"Acidente s";"226.3";"BR-116/RJ";"Pista Sul";"Choque em defensa";0;0;0;0;0;0;0;0;1;0;1;0;0;0;0
"20/11/2023";"01:56:00";"263";"Acidente s";"226.3";"BR-116/RJ";"Pista Sul";"Choque em defensa";0;0;0;0;0;0;0;0;1;0;1;0;0;0;0
"20/11/2023";"02:01:00";"270";"Acidente s";"226.3";"BR-116/RJ";"Pista Sul";"Choque em defensa";0;0;0;0;0;0;0;0;1;0;2;0;0;0;0
"20/11/2023";"02:27:00";"280";"Acidente s";"219.9";"BR-116/RJ";"Pista Norte";"Abalroamento longitudinal";1;0;0;0;0;0;0;0;1;0;3;0;0;0;0
"20/11/2023";"03:55:00";"338";"Acidente s";"266";"BR-116/RJ";"Pista Norte";"Colisão traseira";1;0;0;0;0;0;0;0;1;0;4;0;0;0;0
"20/11/2023";"05:06:00";"383";"Acidente c";"230.2";"BR-116/SP";"Pista Sul";"Colisão traseira";0;1;0;0;0;0;0;0;1;0;5;0;0;1;0
"20/11/2023";"07:11:00";"426";"Acidente s";"23.2";"BR-116/SP";"Pista Norte";"Choque em objeto fixo";0;0;0;0;0;0;0;0;1;0;4;0;0;0;0
"20/11/2023";"07:12:00";"428";"Acidente s";"386.6";"BR-101/RJ";"Pista Sul";"Abalroamento longitudinal";0;0;0;0;0;0;0;0;2;0;2;0;0;0;0
"20/11/2023";"07:27:00";"435";"Acidente s";"242";"BR-116/RJ";"Pista Sul";"Outros";0;0;0;0;0;0;0;0;1;0;5;0;0;0;0
"20/11/2023";"08:18:00";"460";"Acidente s";"105";"BR-116/SP";"Pista Sul";"Engavetamento";0;0;0;0;0;0;0;0;3;0;3;0;0;0;0
"20/11/2023";"08:29:00";"463";"Acidente c";"36.3";"BR-116/SP";"Pista Norte";"Abalroamento longitudinal";0;0;0;1;0;0;0;0;1;0;49;1;0;0;0
"20/11/2023";"08:48:00";"469";"Acidente c";"221.5";"BR-116/SP";"Pista Norte";"Engavetamento";1;0;0;0;0;0;0;0;2;0;3;1;0;0;0
"20/11/2023";"09:43:00";"491";"Acidente s";"49";"BR-116/SP";"Pista Norte";"Atropelamento de animal";0;0;0;0;0;0;0;0;1;0;3;0;0;0;0
"20/11/2023";"10:33:00";"510";"Acidente s";"70";"BR-116/SP";"Pista Norte";"Abalroamento longitudinal";0;0;0;1;0;0;0;0;1;0;44;0;0;0;0
"20/11/2023";"11:14:00";"522";"Acidente s";"141.5";"BR-116/SP";"Pista Sul";"Colisão traseira";0;0;0;0;0;0;0;0;2;0;7;0;0;0;0
"21/11/2023";"12:54:00";"36";"Acidente s";"56.7";"BR-116/SP";"Pista Sul";"Atropelamento de animal";0;0;0;0;0;0;0;0;1;0;2;0;0;0;0
"21/11/2023";"01:28:00";"47";"Acidente c";"563.6";"BR-101/RJ";"Pista Norte";"Choque em objeto fixo";0;0;0;0;0;0;0;0;1;0;2;1;1;0;0
"21/11/2023";"06:08:00";"106";"Acidente s";"208";"BR-116/SP";"Pista Sul";"Colisão traseira";0;0;0;0;0;0;0;0;1;1;2;0;0;0;0
"21/11/2023";"06:36:00";"126";"Acidente s";"208.5";"BR-116/SP";"Pista Sul";"Colisão traseira";1;0;0;0;0;0;0;0;1;0;3;0;0;0;0
"21/11/2023";"07:14:00";"153";"Acidente s";"264.3";"BR-116/RJ";"Pista Sul";"Choque em barreira New Jersey";0;0;0;0;0;0;0;0;1;0;0;0;0;0;0
"21/11/2023";"07:22:00";"157";"Acidente c";"224.3";"BR-116/SP";"Pista Norte";"Colisão traseira";0;0;0;1;0;0;0;0;1;0;1;1;0;0;0
"21/11/2023";"09:35:00";"279";"Acidente c";"227.9";"BR-116/SP";"Pista Sul";"Abalroamento longitudinal";0;2;0;0;0;0;0;0;0;0;1;0;1;0;0
"21/11/2023";"10:46:00";"329";"Acidente c";"263.8";"BR-116/RJ";"Pista Sul";"Engavetamento";2;0;0;0;0;0;0;0;1;0;2;2;0;0;0
"21/11/2023";"11:45:00";"356";"Acidente c";"506";"BR-101/RJ";"Pista Norte";"Colisão traseira";0;0;0;0;0;0;0;0;2;0;1;1;0;0;0
"21/11/2023";"12:00:00";"364";"Acidente c";"429";"BR-101/RJ";"Pista Norte";"Queda de moto";0;1;0;0;0;0;0;0;0;0;0;1;0;0;0
"21/11/2023";"12:11:00";"370";"Acidente c";"507.5";"BR-101/RJ";"Pista Norte";"Colisão traseira";0;0;0;0;0;0;0;0;1;1;1;1;0;0;0
"21/11/2023";"12:14:00";"373";"Acidente c";"125";"BR-116/SP";"Pista Sul";"Queda de moto";0;1;0;0;0;0;0;0;0;0;0;0;2;0;0
"21/11/2023";"12:16:00";"378";"Acidente c";"489.9";"BR-101/RJ";"Pista Sul";"Queda de moto";0;1;0;0;0;0;0;0;0;0;0;1;0;0;0
"21/11/2023";"01:23:00";"421";"Acidente s";"261.3";"BR-116/RJ";"Pista Norte";"Choque em objeto fixo";0;0;0;0;0;0;0;0;1;0;3;0;0;0;0
"21/11/2023";"02:24:00";"450";"Acidente s";"145.1";"BR-116/SP";"Pista Sul";"Colisão traseira";0;0;0;0;0;0;0;0;2;0;2;0;0;0;0
"21/11/2023";"03:25:00";"490";"Acidente s";"209.5";"BR-116/SP";"Pista Norte";"Engavetamento";2;0;0;0;0;0;0;0;1;0;3;0;0;0;0
"21/11/2023";"03:55:00";"504";"Acidente s";"32.6";"BR-116/SP";"Pista Sul";"Choque em barreira New Jersey";1;0;0;0;0;0;0;0;0;0;1;0;0;0;0
"21/11/2023";"04:56:00";"525";"Acidente c";"226.8";"BR-116/SP";"Pista Sul";"Queda de moto";0;1;0;0;0;0;0;0;0;0;0;1;0;0;0
"21/11/2023";"05:06:00";"536";"Acidente s";"492.5";"BR-101/RJ";"Pista Sul";"Choque em defensa";0;0;0;0;0;0;0;0;1;0;1;0;0;0;0
"21/11/2023";"05:26:00";"548";"Acidente s";"293";"BR-116/RJ";"Pista Norte";"Choque em barreira New Jersey";0;0;0;0;0;1;0;0;0;0;1;0;0;0;0
"21/11/2023";"05:35:00";"556";"Acidente c";"145";"BR-116/SP";"Pista Sul";"Colisão traseira";0;0;0;0;0;0;0;0;2;0;2;0;1;0;0
"21/11/2023";"07:52:00";"636";"Acidente c";"456";"BR-101/RJ";"Pista Sul";"Abalroamento longitudinal";0;2;0;0;0;0;0;0;0;0;0;2;0;0;0
"21/11/2023";"10:01:00";"692";"Atropelame";"486";"BR-101/RJ";"Pista Norte";"Atropelamento de pedestre atravessando";0;0;0;0;0;0;0;0;1;0;1;0;0;1;0
"21/11/2023";"11:06:00";"716";"Acidente s";"114.2";"BR-116/SP";"Pista Sul";"Choque em objeto fixo";0;0;0;0;0;0;0;0;1;0;1;0;0;0;0
"21/11/2023";"11:59:00";"728";"Acidente s";"202";"BR-116/SP";"Pista Norte";"Colisão traseira";1;0;0;0;0;0;0;0;1;0;4;0;0;0;0
"22/11/2023";"12:36:00";"27";"Acidente c";"102.5";"BR-116/SP";"Pista Norte";"Colisão traseira";1;0;0;0;0;0;0;0;1;0;2;1;0;0;0
"22/11/2023";"12:41:00";"28";"Acidente c";"103.2";"BR-116/SP";"Pista Norte";"Engavetamento";2;0;0;0;0;0;0;0;1;0;2;0;0;0;3
"22/11/2023";"05:43:00";"77";"Acidente s";"229";"BR-116/RJ";"Pista Norte";"Choque em barreira New Jersey";0;0;0;0;0;0;0;0;1;0;1;0;0;0;0
"22/11/2023";"06:12:00";"96";"Acidente s";"212.9";"BR-116/SP";"Pista Norte";"Choque em defensa";0;0;0;0;0;0;0;0;1;0;1;0;0;0;0
"22/11/2023";"06:32:00";"103";"Acidente s";"216.5";"BR-116/SP";"Pista Sul";"Abalroamento longitudinal";0;0;0;0;0;0;0;0;3;0;3;0;0;0;0
"22/11/2023";"07:03:00";"137";"Acidente c";"155.2";"BR-116/SP";"Pista Sul";"Colisão traseira";0;1;0;0;0;0;0;0;1;0;1;1;0;0;0
"22/11/2023";"08:33:00";"209";"Acidente s";"71";"BR-116/SP";"Pista Norte";"Abalroamento longitudinal";0;0;0;0;0;0;0;0;2;0;0;0;0;0;0
"22/11/2023";"09:45:00";"262";"Acidente s";"10.2";"BR-116/SP";"Pista Norte";"Colisão traseira";0;0;0;0;0;0;0;0;2;0;0;0;0;0;0
"22/11/2023";"10:41:00";"298";"Acidente c";"507";"BR-101/RJ";"Pista Sul";"Colisão frontal";0;0;0;0;0;0;0;0;2;0;1;0;0;0;2
"22/11/2023";"12:24:00";"340";"Acidente c";"219.1";"BR-116/SP";"Pista Norte";"Colisão traseira";0;0;0;0;0;0;0;0;1;1;2;1;0;0;0
"22/11/2023";"01:11:00";"378";"Acidente c";"227";"BR-116/RJ";"Pista Sul";"Queda de moto";0;1;0;0;0;0;0;0;0;0;0;1;0;0;0
"22/11/2023";"02:05:00";"414";"Acidente c";"205.9";"BR-116/SP";"Pista Sul";"Choque em objeto fixo";1;0;0;0;0;0;0;0;0;0;0;1;0;0;0
"22/11/2023";"03:43:00";"473";"Acidente c";"223.5";"BR-116/SP";"Pista Sul";"Queda de moto";0;1;0;0;0;0;0;0;0;0;0;1;0;0;0
"22/11/2023";"04:29:00";"502";"Acidente s";"381";"BR-101/RJ";"Pista Sul";"Colisão traseira";2;0;0;0;0;0;0;0;0;0;2;0;0;0;0
"22/11/2023";"04:42:00";"509";"Acidente c";"43.45";"BR-116/SP";"Pista Norte";"Capotamento";0;0;0;0;0;0;1;0;0;0;0;1;1;0;0
"22/11/2023";"05:41:00";"534";"Acidente c";"470.7";"BR-101/RJ";"Pista Norte";"Abalroamento longitudinal";0;1;0;1;0;0;0;0;0;0;1;0;1;0;0
"22/11/2023";"05:47:00";"536";"Acidente c";"485";"BR-101/RJ";"Pista Norte";"Queda de moto";0;1;0;0;0;0;0;0;0;0;0;1;0;0;0
"22/11/2023";"06:59:00";"569";"Acidente c";"46.8";"BR-116/SP";"Pista Norte";"Colisão traseira";0;0;0;0;0;0;0;0;2;0;0;2;0;0;0
"22/11/2023";"07:04:00";"575";"Acidente c";"48.7";"BR-116/SP";"Pista Norte";"Colisão traseira";1;0;0;0;0;0;0;0;1;0;0;4;0;0;0
"22/11/2023";"07:24:00";"582";"Acidente s";"147.5";"BR-116/SP";"Pista Norte";"Engavetamento";0;0;0;0;0;0;0;0;3;0;4;0;0;0;0
"22/11/2023";"08:39:00";"615";"Acidente s";"223";"BR-116/RJ";"Pista Norte";"Choque em barreira New Jersey";0;0;0;0;0;0;0;0;1;0;1;0;0;0;0
"22/11/2023";"08:45:00";"617";"Acidente s";"461";"BR-101/RJ";"Pista Norte";"Choque em objeto fixo";1;0;0;0;0;0;0;0;0;0;1;0;0;0;0
"22/11/2023";"09:43:00";"648";"Atropelame";"176.92";"BR-116/SP";"Pista Norte";"Atropelamento de pedestre atravessando";1;0;0;0;0;0;0;0;0;0;1;0;0;0;1
"22/11/2023";"09:43:00";"649";"Acidente s";"542";"BR-101/RJ";"Pista Sul";"Choque em objeto fixo";0;0;0;0;0;0;0;0;1;0;1;0;0;0;0
"22/11/2023";"10:45:00";"666";"Acidente c";"269.4";"BR-116/RJ";"Pista Norte";"Choque em barreira New Jersey";1;0;0;0;0;1;0;0;0;0;1;1;2;0;0
"22/11/2023";"11:50:00";"686";"Acidente c";"325.7";"BR-116/RJ";"Pista Sul";"Engavetamento";3;0;0;0;0;0;0;0;0;0;2;0;0;1;0
"23/11/2023";"07:23:00";"146";"Acidente s";"156.1";"BR-116/SP";"Pista Sul";"Colisão traseira";0;0;0;0;0;0;0;0;2;0;2;0;0;0;0
"23/11/2023";"07:46:00";"160";"Acidente c";"1";"BR-116/SP";"Pista Norte";"Colisão traseira";1;0;0;0;0;0;0;0;0;1;1;0;0;1;0
"23/11/2023";"07:49:00";"163";"Acidente c";"316";"BR-116/RJ";"Pista Norte";"Queda de moto";0;1;0;0;0;0;0;0;0;1;1;0;1;0;0
"23/11/2023";"09:02:00";"216";"Acidente s";"226.1";"BR-116/SP";"Pista Norte";"Queda de moto";0;1;0;0;0;0;0;0;0;0;1;0;0;0;0
"23/11/2023";"10:08:00";"271";"Acidente s";"490.5";"BR-101/RJ";"Pista Sul";"Choque em objeto fixo";0;0;0;0;0;0;0;0;1;0;1;0;0;0;0
"23/11/2023";"10:11:00";"273";"Acidente s";"221.7";"BR-116/SP";"Pista Norte";"Engavetamento";0;0;0;0;0;0;0;0;3;0;5;0;0;0;0
"23/11/2023";"11:29:00";"308";"Acidente s";"90.65";"BR-116/SP";"Pista Sul";"Choque em barreira New Jersey";0;0;0;0;0;0;0;0;1;0;1;0;0;0;0
"23/11/2023";"11:43:00";"316";"Acidente s";"90.66";"BR-116/SP";"Pista Sul";"Colisão traseira";1;0;0;0;0;0;0;0;0;1;2;0;0;0;0
"23/11/2023";"11:58:00";"323";"Acidente c";"382";"BR-101/RJ";"Pista Sul";"Queda de moto";0;1;0;0;0;0;0;0;0;0;0;0;1;0;0
"23/11/2023";"12:04:00";"328";"Acidente c";"221.9";"BR-116/SP";"Pista Sul";"Colisão traseira";0;1;0;0;0;0;0;0;0;1;0;1;0;0;0
"23/11/2023";"12:53:00";"346";"Acidente c";"139.8";"BR-116/SP";"Pista Sul";"Queda de moto";0;1;0;0;0;0;0;0;0;0;0;2;0;0;0
"23/11/2023";"01:04:00";"353";"Acidente s";"316.7";"BR-116/RJ";"Pista Norte";"Abalroamento transversal";0;0;0;0;0;0;0;0;2;0;4;0;0;0;0
"23/11/2023";"02:24:00";"392";"Acidente c";"288";"BR-116/RJ";"Pista Sul";"Choque em objeto na pista";1;0;0;0;0;0;0;0;1;0;2;1;0;0;0
"23/11/2023";"02:45:00";"402";"Acidente s";"123";"BR-116/SP";"Pista Sul";"Abalroamento longitudinal";1;0;0;0;0;0;0;0;1;0;3;0;0;0;0
"23/11/2023";"03:01:00";"414";"Acidente s";"472";"BR-101/RJ";"Pista Norte";"Choque em objeto fixo";0;0;0;0;0;0;0;0;1;0;1;0;0;0;0
"23/11/2023";"03:20:00";"420";"Acidente c";"222.8";"BR-116/SP";"Pista Norte";"Colisão traseira";0;2;0;0;0;0;0;0;0;0;1;1;0;0;0
"23/11/2023";"03:25:00";"424";"Acidente s";"124.5";"BR-116/SP";"Pista Norte";"Colisão traseira";0;0;0;0;0;0;0;0;2;0;3;0;0;0;0
"23/11/2023";"03:37:00";"429";"Acidente s";"119.1";"BR-116/SP";"Pista Sul";"Engavetamento";1;0;0;0;0;0;0;0;2;0;3;0;0;0;0
"23/11/2023";"04:47:00";"458";"Acidente s";"186.3";"BR-116/SP";"Pista Norte";"Choque em defensa";0;0;0;0;0;0;0;0;1;0;0;0;0;0;0
"23/11/2023";"05:56:00";"500";"Acidente s";"231";"BR-116/SP";"Pista Norte";"Engavetamento";1;0;0;0;0;0;0;0;2;0;4;0;0;0;0
"23/11/2023";"06:03:00";"504";"Acidente c";"227.15";"BR-116/SP";"Pista Norte";"Abalroamento longitudinal";0;1;0;0;0;0;0;0;1;0;1;1;0;0;0
"23/11/2023";"07:07:00";"543";"Acidente s";"529";"BR-101/RJ";"Pista Sul";"Choque em objeto fixo";0;0;0;0;0;0;0;0;1;0;1;0;0;0;0
"23/11/2023";"07:08:00";"544";"Acidente s";"529";"BR-101/RJ";"Pista Sul";"Colisão traseira";0;0;0;0;0;0;0;0;1;1;2;0;0;0;0
"23/11/2023";"07:38:00";"557";"Acidente c";"225.5";"BR-116/SP";"Pista Sul";"Choque em barreira New Jersey";0;1;0;0;0;0;0;0;0;0;0;1;0;0;0
"23/11/2023";"08:12:00";"574";"Acidente c";"22.5";"BR-116/SP";"Pista Sul";"Tombamento";1;0;0;0;0;0;0;0;0;0;2;1;0;0;0
"23/11/2023";"09:49:00";"613";"Acidente c";"117.6";"BR-116/SP";"Pista Norte";"Capotamento";0;0;0;0;0;0;0;0;1;0;0;0;1;0;0
"23/11/2023";"11:29:00";"637";"Acidente c";"139.6";"BR-116/SP";"Pista Norte";"Colisão traseira";0;1;0;0;0;0;0;0;0;1;1;0;0;1;0
"24/11/2023";"12:02:00";"20";"Acidente c";"332.55";"BR-116/RJ";"Pista Norte";"Colisão traseira";2;0;0;0;0;0;0;0;0;0;1;0;0;1;0
"24/11/2023";"03:29:00";"58";"Acidente s";"229.85";"BR-116/RJ";"Pista Sul";"Choque em objeto fixo";1;0;0;0;0;0;0;0;0;0;1;0;0;0;0
"24/11/2023";"04:14:00";"66";"Acidente c";"331.3";"BR-116/RJ";"Pista Norte";"Colisão traseira";0;0;0;1;0;0;0;0;0;1;43;6;0;0;0
"24/11/2023";"04:34:00";"74";"Acidente c";"308.75";"BR-116/RJ";"Pista Sul";"Choque em objeto fixo";0;0;0;0;0;0;0;0;1;0;0;2;0;0;0
"24/11/2023";"04:51:00";"77";"Acidente s";"384";"BR-101/RJ";"Pista Norte";"Choque em barreira New Jersey";0;0;0;0;0;0;0;0;1;0;1;0;0;0;0
"24/11/2023";"05:28:00";"84";"Acidente s";"227.3";"BR-116/RJ";"Pista Norte";"Capotamento";0;0;0;0;0;0;0;0;1;0;1;0;0;0;0
"24/11/2023";"06:58:00";"124";"Acidente s";"429.5";"BR-101/RJ";"Pista Norte";"Abalroamento longitudinal";0;0;0;0;0;0;1;0;1;0;2;0;0;0;0
"24/11/2023";"07:23:00";"138";"Acidente c";"220.5";"BR-116/SP";"Pista Norte";"Abalroamento longitudinal";0;1;0;0;0;0;0;0;1;0;1;1;0;0;0
"24/11/2023";"08:02:00";"164";"Acidente s";"208";"BR-116/SP";"Pista Sul";"Abalroamento longitudinal";0;1;0;0;0;0;0;0;0;1;2;0;0;0;0
"24/11/2023";"08:32:00";"180";"Acidente c";"244";"BR-116/RJ";"Pista Sul";"Queda de moto";0;1;0;0;0;0;0;0;0;0;1;1;0;0;0
"24/11/2023";"08:44:00";"190";"Acidente s";"113.9";"BR-116/SP";"Pista Sul";"Colisão traseira";0;0;0;0;0;0;0;0;1;1;2;0;0;0;0
"24/11/2023";"09:01:00";"201";"Acidente s";"432.5";"BR-101/RJ";"Pista Norte";"Choque em barreira New Jersey";0;0;0;0;0;0;0;0;1;0;1;0;0;0;0
"24/11/2023";"09:28:00";"217";"Acidente s";"91.65";"BR-116/SP";"Pista Norte";"Colisão traseira";0;0;0;0;0;0;0;0;1;1;3;0;0;0;0
"24/11/2023";"11:04:00";"263";"Acidente c";"548.1";"BR-101/RJ";"Pista Norte";"Capotamento";0;0;0;0;0;0;0;0;1;0;2;0;0;1;0
"24/11/2023";"11:24:00";"271";"Acidente s";"454";"BR-101/RJ";"Pista Sul";"Choque em objeto fixo";0;0;0;0;0;0;0;0;1;0;2;0;0;0;0
"24/11/2023";"11:42:00";"279";"Acidente s";"515";"BR-101/RJ";"Pista Norte";"Choque em defensa";0;0;0;0;0;0;0;0;1;0;1;0;0;0;0
"24/11/2023";"11:56:00";"284";"Acidente c";"226.8";"BR-116/RJ";"Pista Sul";"Choque em defensa";1;0;0;0;0;0;0;0;0;0;0;1;0;0;0
"24/11/2023";"11:59:00";"285";"Acidente s";"20";"BR-101/SP";"Pista Norte";"Choque em objeto fixo";0;0;0;0;0;0;0;0;1;0;1;0;0;0;0
"24/11/2023";"12:13:00";"291";"Acidente s";"102.7";"BR-116/SP";"Pista Norte";"Colisão traseira";0;0;0;0;0;0;0;0;2;0;6;0;0;0;0
"24/11/2023";"01:59:00";"333";"Acidente s";"146.8";"BR-116/SP";"Pista Norte";"Colisão traseira";1;0;0;0;0;0;0;0;1;0;1;0;0;0;0
"24/11/2023";"02:20:00";"346";"Acidente c";"225.6";"BR-116/SP";"Pista Sul";"Choque em objeto fixo";0;0;0;0;0;0;0;0;1;0;0;0;1;0;0
"24/11/2023";"02:32:00";"351";"Acidente s";"226";"BR-116/RJ";"Pista Norte";"Choque em objeto fixo";0;0;0;0;0;0;0;0;1;0;1;0;0;0;0
"24/11/2023";"02:53:00";"361";"Acidente s";"226";"BR-116/RJ";"Pista Norte";"Choque em objeto fixo";1;0;0;0;0;0;0;0;0;0;1;0;0;0;0
"24/11/2023";"03:01:00";"365";"Acidente s";"513";"BR-101/RJ";"Pista Sul";"Colisão traseira";0;0;0;0;0;0;0;0;2;0;3;0;0;0;0
"24/11/2023";"03:42:00";"383";"Acidente c";"105.7";"BR-116/SP";"Pista Norte";"Choque em barreira New Jersey";0;0;0;0;0;0;0;0;1;0;0;0;1;0;0
"24/11/2023";"04:18:00";"404";"Acidente s";"46.5";"BR-116/SP";"Pista Sul";"Abalroamento longitudinal";1;0;0;0;0;0;1;0;0;0;2;0;0;0;0
"24/11/2023";"04:22:00";"405";"Acidente s";"106.6";"BR-116/SP";"Pista Norte";"Choque em objeto na pista";0;0;0;0;0;0;0;0;1;0;1;0;0;0;0
"24/11/2023";"04:54:00";"422";"Acidente c";"11.3";"BR-116/SP";"Pista Sul";"Choque em barreira New Jersey";0;0;0;0;0;0;0;0;1;0;0;2;0;0;0
"24/11/2023";"05:11:00";"429";"Acidente s";"220.9";"BR-116/RJ";"Pista Norte";"Choque em objeto fixo";0;0;0;0;0;0;0;0;1;0;4;0;0;0;0
"24/11/2023";"05:47:00";"448";"Acidente s";"231.5";"BR-116/RJ";"Pista Norte";"Choque em objeto fixo";0;0;0;0;0;0;0;0;1;0;4;0;0;0;0
"24/11/2023";"06:12:00";"455";"Acidente s";"226.45";"BR-116/RJ";"Pista Norte";"Choque em defensa";0;0;0;0;0;0;0;0;1;0;1;0;0;0;0
"24/11/2023";"06:29:00";"460";"Acidente c";"142.95";"BR-116/SP";"Pista Norte";"Abalroamento longitudinal";0;1;0;0;0;0;0;0;1;0;1;0;1;0;0
"24/11/2023";"06:31:00";"461";"Atropelame";"215.6";"BR-116/SP";"Pista Norte";"Atropelamento de pedestre atravessando";0;0;1;0;0;0;0;0;1;0;1;0;1;0;0
"24/11/2023";"06:51:00";"476";"Acidente c";"408";"BR-101/RJ";"Pista Sul";"Colisão traseira";0;1;0;0;0;0;0;0;1;1;5;0;0;1;0
"24/11/2023";"08:00:00";"518";"Acidente s";"21";"BR-101/SP";"Pista Sul";"Colisão traseira";0;0;0;0;0;0;0;0;2;0;4;0;0;0;0
"24/11/2023";"09:27:00";"552";"Acidente c";"197.1";"BR-116/SP";"Pista Sul";"Colisão traseira";1;0;0;0;0;0;0;0;1;0;3;1;0;0;0
"24/11/2023";"09:37:00";"555";"Acidente s";"24.4";"BR-116/SP";"Pista Sul";"Colisão traseira";0;0;0;0;0;0;0;0;1;1;4;0;0;0;0
"24/11/2023";"09:43:00";"556";"Acidente c";"212.5";"BR-116/SP";"Pista Norte";"Colisão traseira";0;1;0;0;0;0;0;0;0;1;2;1;0;0;0
"24/11/2023";"09:46:00";"558";"Acidente s";"164.85";"BR-116/SP";"Pista Norte";"Engavetamento";1;0;0;0;0;0;0;0;3;0;8;0;0;0;0
"25/11/2023";"07:38:00";"153";"Acidente c";"30.7";"BR-116/SP";"Pista Norte";"Colisão traseira";1;0;0;0;0;0;0;0;1;0;4;0;2;0;0
"25/11/2023";"07:53:00";"162";"Acidente s";"53.3";"BR-116/SP";"Pista Norte";"Colisão traseira";1;0;0;0;0;0;0;0;0;1;1;0;0;0;0
"25/11/2023";"08:09:00";"169";"Acidente s";"304.1";"BR-116/RJ";"Pista Norte";"Colisão traseira";1;0;0;0;0;0;0;0;1;0;3;0;0;0;0
"25/11/2023";"08:40:00";"184";"Acidente s";"116.3";"BR-116/SP";"Pista Norte";"Colisão traseira";0;0;0;0;0;0;0;0;1;1;7;0;0;0;0
"25/11/2023";"09:57:00";"250";"Acidente s";"216.9";"BR-116/SP";"Pista Sul";"Choque em barreira New Jersey";0;0;0;0;0;0;0;0;1;0;3;0;0;0;0
"25/11/2023";"10:34:00";"271";"Acidente c";"259";"BR-116/RJ";"Pista Sul";"Choque em barreira New Jersey";0;0;0;0;0;0;0;0;1;0;3;0;0;1;0
"25/11/2023";"02:34:00";"393";"Acidente s";"134";"BR-116/SP";"Pista Sul";"Colisão traseira";0;0;0;0;0;0;0;0;1;1;4;0;0;0;0
"25/11/2023";"02:53:00";"403";"Acidente s";"134";"BR-116/SP";"Pista Sul";"Colisão traseira";0;0;0;0;0;0;0;0;1;1;4;0;0;0;0
"25/11/2023";"03:10:00";"411";"Atropelame";"216";"BR-116/SP";"Pista Sul";"Atropelamento de pedestre atravessando";0;0;1;0;0;0;0;0;0;1;1;0;0;1;0
"25/11/2023";"03:19:00";"413";"Acidente s";"423.5";"BR-101/RJ";"Pista Sul";"Colisão frontal";0;0;0;1;0;0;0;0;1;0;17;0;0;0;0
"25/11/2023";"03:38:00";"423";"Acidente c";"107";"BR-116/SP";"Pista Sul";"Engavetamento";0;0;0;0;0;0;0;0;1;2;2;2;0;0;0
"25/11/2023";"03:46:00";"427";"Acidente s";"250";"BR-116/RJ";"Pista Sul";"Colisão traseira";2;0;0;0;0;0;0;0;0;0;2;0;0;0;0
"25/11/2023";"03:48:00";"429";"Acidente c";"281.45";"BR-116/RJ";"Pista Norte";"Engavetamento";0;0;0;0;0;0;0;0;1;4;4;1;0;0;0
"25/11/2023";"04:28:00";"447";"Acidente c";"220.9";"BR-116/SP";"Pista Norte";"Queda de moto";0;1;0;0;0;0;0;0;0;0;0;1;0;0;0
"25/11/2023";"05:08:00";"465";"Acidente c";"166";"BR-116/SP";"Pista Norte";"Queda de moto";0;1;0;0;0;0;0;0;0;0;0;1;0;0;0
"25/11/2023";"06:19:00";"488";"Acidente c";"157";"BR-116/SP";"Pista Norte";"Queda de moto";0;1;0;0;0;0;0;0;0;0;0;1;0;0;0
"25/11/2023";"06:43:00";"498";"Acidente s";"569.3";"BR-101/RJ";"Pista Norte";"Choque em objeto fixo";0;0;0;0;0;0;0;0;1;0;1;0;0;0;0
"25/11/2023";"06:44:00";"499";"Acidente c";"499";"BR-101/RJ";"Pista Sul";"Queda de moto";0;1;0;0;0;0;0;0;0;0;0;0;1;0;0
"25/11/2023";"08:24:00";"553";"Acidente s";"208";"BR-116/SP";"Pista Norte";"Colisão frontal";0;0;0;0;0;0;0;0;2;0;2;0;0;0;0
"25/11/2023";"09:45:00";"577";"Acidente s";"108.1";"BR-116/SP";"Pista Sul";"Colisão traseira";0;0;0;0;0;0;0;0;2;0;5;0;0;0;0
"26/11/2023";"12:52:00";"37";"Acidente s";"113.3";"BR-116/SP";"Pista Norte";"Colisão traseira";0;0;0;1;0;0;0;0;0;1;48;0;0;0;0