data;horario;n_da_ocorrencia;tipo_de_ocorrencia;km;trecho;sentido;tipo_de_acidente;automovel;bicicleta;caminhao;moto;onibus;outros;tracao_animal;transporte_de_cargas_especiais;trator_maquinas;utilitarios;ilesos;levemente_feridos;moderadamente_feridos;gravemente_feridos;mortos
"26/11/2023";"03:09:00";"64";"Acidente s";"198";"BR-116/SP";"Pista Norte";"Colisão traseira";0;0;0;0;0;0;0;0;1;1;5;0;0;0;0
"26/11/2023";"03:59:00";"71";"Acidente s";"194.2";"BR-116/SP";"Pista Norte";"Choque em objeto fixo";0;0;0;0;0;0;0;0;1;0;1;0;0;0;0
"26/11/2023";"04:41:00";"81";"Acidente s";"234";"BR-116/RJ";"Pista Norte";"Choque em objeto fixo";1;0;0;0;0;0;0;0;0;0;1;0;0;0;0
"26/11/2023";"05:51:00";"92";"Acidente s";"223.1";"BR-116/SP";"Pista Norte";"Colisão traseira";0;0;0;0;0;0;0;0;2;0;4;0;0;0;0
"26/11/2023";"07:06:00";"121";"Acidente s";"302";"BR-116/RJ";"Pista Norte";"Capotamento";0;0;0;0;0;0;0;0;1;0;1;0;0;0;0
"26/11/2023";"11:53:00";"244";"Acidente c";"474";"BR-101/RJ";"Pista Norte";"Colisão traseira";0;0;0;0;0;0;0;0;2;1;3;2;0;0;0
"26/11/2023";"03:23:00";"327";"Acidente c";"161.55";"BR-116/SP";"Pista Sul";"Choque em defensa";1;0;0;0;0;0;0;0;0;0;0;1;0;0;0
"26/11/2023";"04:04:00";"347";"Acidente c";"106.6";"BR-116/SP";"Pista Sul";"Colisão traseira";1;1;0;0;0;0;0;0;0;0;1;0;1;0;0
"26/11/2023";"05:59:00";"406";"Acidente s";"442.9";"BR-101/RJ";"Pista Sul";"Choque em objeto fixo";0;0;0;0;0;0;0;0;1;0;4;0;0;0;0
"26/11/2023";"06:25:00";"417";"Acidente c";"413.2";"BR-101/RJ";"Pista Sul";"Tombamento";0;0;0;0;0;0;0;0;2;0;3;1;0;0;0
"26/11/2023";"06:31:00";"422";"Acidente c";"529";"BR-101/RJ";"Pista Sul";"Choque em objeto fixo";0;0;0;0;0;0;0;0;1;0;0;1;0;0;0
"26/11/2023";"07:03:00";"438";"Acidente s";"264.6";"BR-116/RJ";"Pista Sul";"Abalroamento longitudinal";0;0;0;0;0;0;1;0;1;0;2;0;0;0;0
"26/11/2023";"08:02:00";"463";"Acidente c";"154.6";"BR-116/SP";"Pista Sul";"Abalroamento longitudinal";0;1;0;0;0;0;0;0;1;0;1;1;0;0;0
"26/11/2023";"10:10:00";"498";"Acidente c";"219";"BR-116/SP";"Pista Norte";"Queda de moto";0;1;0;0;0;0;0;0;0;0;1;1;0;0;0
"27/11/2023";"01:41:00";"35";"Acidente s";"112.9";"BR-116/SP";"Pista Sul";"Colisão traseira";0;0;0;0;0;1;0;0;1;0;3;0;0;0;0
"27/11/2023";"04:41:00";"56";"Acidente s";"334";"BR-116/RJ";"Pista Sul";"Choque em defensa";1;0;0;0;0;0;0;0;0;0;1;0;0;0;0
"27/11/2023";"04:52:00";"58";"Acidente c";"400";"BR-101/RJ";"Pista Norte";"Queda de ribanceira";0;0;0;0;0;0;0;0;1;0;1;0;0;1;0
"27/11/2023";"05:04:00";"62";"Acidente c";"178.55";"BR-116/SP";"Pista Norte";"Colisão traseira";0;1;0;0;0;0;0;0;1;0;1;1;1;0;0
"27/11/2023";"06:18:00";"84";"Acidente s";"323.8";"BR-116/RJ";"Pista Sul";"Choque em objeto fixo";0;0;0;0;0;0;0;0;1;0;0;0;0;0;0
"27/11/2023";"07:16:00";"113";"Acidente s";"161.6";"BR-116/SP";"Pista Norte";"Colisão traseira";1;0;0;0;0;0;0;0;1;0;3;0;0;0;0
"27/11/2023";"07:33:00";"123";"Atropelame";"199.3";"BR-116/SP";"Pista Sul";"Atropelamento de pedestre atravessando";0;0;0;0;0;0;0;0;1;0;1;0;1;0;0
"27/11/2023";"08:41:00";"184";"Acidente s";"228";"BR-116/RJ";"Pista Sul";"Colisão traseira";1;0;0;0;0;0;0;0;1;0;4;0;0;0;0
"27/11/2023";"08:43:00";"186";"Acidente s";"222.5";"BR-116/SP";"Pista Norte";"Colisão traseira";0;0;0;0;0;0;0;0;1;1;2;0;0;0;0
"27/11/2023";"08:58:00";"197";"Acidente s";"139.4";"BR-116/SP";"Pista Sul";"Engavetamento";0;0;0;0;0;0;1;0;2;0;5;0;0;0;0
"27/11/2023";"01:01:00";"367";"Acidente c";"385";"BR-101/RJ";"Pista Sul";"Engavetamento";1;0;0;1;0;0;0;0;1;0;46;1;0;0;0
"27/11/2023";"01:37:00";"389";"Acidente s";"228";"BR-116/SP";"Pista Sul";"Engavetamento";1;0;0;0;0;0;1;0;0;1;3;0;0;0;0
"27/11/2023";"02:46:00";"420";"Acidente c";"386.5";"BR-101/RJ";"Pista Sul";"Colisão traseira";0;1;0;0;0;0;0;0;1;0;2;1;0;0;0
"27/11/2023";"03:48:00";"449";"Acidente c";"1";"BR-116/SP";"Pista Sul";"Choque em barreira New Jersey";0;0;0;0;0;0;0;0;1;0;1;1;0;0;0
"27/11/2023";"04:06:00";"454";"Acidente s";"103.2";"BR-116/SP";"Pista Sul";"Tombamento";1;0;0;0;0;0;0;0;0;0;2;0;0;0;0
"27/11/2023";"04:26:00";"462";"Acidente s";"101.8";"BR-116/SP";"Pista Sul";"Choque em barreira New Jersey";1;0;0;0;0;0;0;0;0;0;1;0;0;0;0
"27/11/2023";"05:41:00";"497";"Acidente c";"451";"BR-101/RJ";"Pista Sul";"Colisão frontal";0;0;0;0;0;0;0;0;2;0;2;2;0;0;0
"27/11/2023";"05:59:00";"518";"Acidente c";"123";"BR-116/SP";"Pista Norte";"Queda de moto";0;1;0;0;0;0;0;0;0;1;1;1;0;0;0
"27/11/2023";"06:13:00";"531";"Acidente s";"103.2";"BR-116/SP";"Pista Norte";"Engavetamento";0;0;0;0;0;1;0;0;3;1;6;0;0;0;0
"27/11/2023";"06:58:00";"549";"Acidente s";"107";"BR-116/SP";"Pista Sul";"Choque em barreira New Jersey";1;0;0;0;0;0;0;0;0;0;1;0;0;0;0
"27/11/2023";"07:25:00";"563";"Acidente c";"115.3";"BR-116/SP";"Pista Sul";"Queda de moto";0;1;0;0;0;0;0;0;0;0;0;0;1;0;0
"27/11/2023";"08:15:00";"593";"Acidente s";"101.5";"BR-116/SP";"Pista Norte";"Colisão traseira";0;0;0;0;0;0;0;0;1;1;1;0;0;0;0
"27/11/2023";"09:13:00";"613";"Acidente s";"204.5";"BR-116/SP";"Pista Sul";"Choque Talude";0;0;0;0;0;0;0;0;1;0;4;0;0;0;0
"27/11/2023";"10:15:00";"629";"Acidente s";"45";"BR-116/SP";"Pista Norte";"Choque em objeto fixo";0;0;0;0;0;0;0;0;2;0;2;0;0;0;0
"27/11/2023";"10:21:00";"632";"Acidente c";"494";"BR-101/RJ";"Pista Sul";"Queda de ribanceira";0;0;0;0;0;0;0;0;1;0;0;0;1;0;0
"27/11/2023";"11:27:00";"655";"Acidente c";"334";"BR-116/RJ";"Pista Sul";"Choque em barreira New Jersey";1;0;0;0;0;0;0;0;0;0;1;2;1;0;0
"27/11/2023";"11:44:00";"659";"Acidente s";"430";"BR-101/RJ";"Pista Sul";"Choque em objeto fixo";0;0;0;0;0;0;0;0;1;0;1;0;0;0;0
"28/11/2023";"02:10:00";"46";"Acidente s";"257";"BR-116/RJ";"Pista Norte";"Choque em barreira New Jersey";0;0;0;0;0;0;0;0;1;0;2;0;0;0;0
"28/11/2023";"04:13:00";"61";"Acidente s";"32";"BR-116/SP";"Pista Norte";"Colisão traseira";2;0;0;0;0;0;0;0;0;0;3;0;0;0;0
"28/11/2023";"05:45:00";"87";"Acidente s";"157.3";"BR-116/SP";"Pista Sul";"Colisão traseira";0;0;0;0;0;0;0;0;1;1;3;0;0;0;0
"28/11/2023";"06:13:00";"105";"Acidente c";"206.7";"BR-116/SP";"Pista Sul";"Abalroamento longitudinal";0;1;0;0;0;0;0;0;0;1;1;1;0;0;0
"28/11/2023";"07:17:00";"146";"Acidente s";"172";"BR-116/SP";"Pista Sul";"Capotamento";0;0;0;0;0;0;0;0;1;0;1;0;0;0;0
"28/11/2023";"08:09:00";"191";"Acidente c";"210";"BR-116/SP";"Pista Sul";"Colisão traseira";0;1;0;0;0;0;0;0;0;1;0;1;0;0;0
"28/11/2023";"08:39:00";"214";"Acidente c";"230";"BR-116/SP";"Pista Sul";"Abalroamento longitudinal";0;1;0;0;0;0;0;0;1;0;1;1;0;0;0
"28/11/2023";"08:56:00";"230";"Acidente c";"476";"BR-101/RJ";"Pista Sul";"Colisão frontal";0;1;0;0;0;0;0;0;1;0;1;0;1;0;0
"28/11/2023";"09:25:00";"250";"Acidente c";"223.9";"BR-116/SP";"Pista Sul";"Colisão traseira";0;1;0;0;0;0;1;0;0;0;18;0;0;1;0
"28/11/2023";"09:33:00";"259";"Acidente s";"231";"BR-116/SP";"Pista Norte";"Colisão traseira";0;0;0;0;0;0;0;0;1;1;1;0;0;0;0
"28/11/2023";"09:42:00";"264";"Acidente c";"52.1";"BR-101/SP";"Pista Norte";"Abalroamento longitudinal";0;1;0;0;0;0;0;0;0;1;1;1;0;0;0
"28/11/2023";"10:27:00";"291";"Acidente c";"500";"BR-101/RJ";"Pista Norte";"Queda de moto";0;1;0;0;0;0;0;0;0;0;0;0;2;0;0
"28/11/2023";"11:20:00";"315";"Acidente c";"143";"BR-116/SP";"Pista Sul";"Abalroamento longitudinal";1;1;0;0;0;0;0;0;0;0;1;0;0;1;0
"28/11/2023";"11:42:00";"327";"Acidente s";"89.1";"BR-116/SP";"Pista Norte";"Choque em objeto fixo";0;0;0;0;0;0;0;0;1;0;2;0;0;0;0
"28/11/2023";"02:13:00";"388";"Acidente c";"229";"BR-116/RJ";"Pista Norte";"Colisão traseira";1;0;0;0;0;0;0;0;2;0;1;4;1;0;0
"28/11/2023";"02:59:00";"415";"Acidente s";"156.9";"BR-116/SP";"Pista Norte";"Colisão traseira";0;0;0;0;0;0;0;0;2;0;2;0;0;0;0
"28/11/2023";"04:11:00";"450";"Acidente s";"159.2";"BR-116/SP";"Pista Norte";"Colisão traseira";2;0;0;0;0;0;0;0;0;0;2;0;0;0;0
"28/11/2023";"06:42:00";"516";"Acidente s";"281.8";"BR-116/RJ";"Pista Norte";"Colisão traseira";1;0;0;0;0;0;0;0;1;0;5;0;0;0;0
"28/11/2023";"08:23:00";"554";"Acidente s";"225.9";"BR-116/SP";"Pista Sul";"Abalroamento longitudinal";1;0;0;0;0;0;0;0;1;0;3;0;0;0;0
"28/11/2023";"08:54:00";"570";"Acidente s";"225.9";"BR-116/SP";"Pista Sul";"Colisão traseira";1;0;0;1;0;0;0;0;0;0;2;0;0;0;0
"28/11/2023";"10:07:00";"596";"Acidente s";"381";"BR-101/RJ";"Pista Norte";"Colisão traseira";0;0;0;0;0;0;0;0;2;0;2;0;0;0;0
"29/11/2023";"12:47:00";"28";"Acidente s";"36.7";"BR-116/SP";"Pista Sul";"Tombamento";1;0;0;0;0;0;0;0;0;0;1;0;0;0;0
"29/11/2023";"01:12:00";"33";"Acidente c";"36.65";"BR-116/SP";"Pista Sul";"Engavetamento";2;0;0;0;0;0;0;0;1;0;4;0;0;0;1
"29/11/2023";"01:25:00";"35";"Acidente s";"325.4";"BR-116/RJ";"Pista Norte";"Choque em barreira New Jersey";0;0;0;0;0;1;0;0;0;0;1;0;0;0;0
"29/11/2023";"01:27:00";"36";"Acidente s";"68.4";"BR-116/SP";"Pista Norte";"Colisão traseira";2;0;0;0;0;0;0;0;0;0;2;0;0;0;0
"29/11/2023";"04:42:00";"57";"Acidente c";"257.65";"BR-116/RJ";"Pista Norte";"Colisão traseira";2;0;0;0;0;0;0;0;0;0;1;1;0;0;0
"29/11/2023";"08:16:00";"164";"Acidente s";"223.8";"BR-116/SP";"Pista Sul";"Abalroamento longitudinal";0;1;0;0;0;0;0;0;1;0;5;0;0;0;0
"29/11/2023";"10:12:00";"225";"Acidente s";"330";"BR-116/RJ";"Pista Sul";"Choque em objeto fixo";1;0;0;0;0;0;0;0;0;0;1;0;0;0;0
"29/11/2023";"01:58:00";"351";"Acidente c";"215";"BR-116/SP";"Pista Norte";"Atropelamento de animal";0;0;0;0;0;0;0;0;1;0;0;1;0;0;0
"29/11/2023";"02:41:00";"371";"Acidente s";"108";"BR-116/SP";"Pista Norte";"Abalroamento longitudinal";2;0;0;0;0;0;0;0;0;0;2;0;0;0;0
"29/11/2023";"03:38:00";"397";"Acidente s";"73";"BR-116/SP";"Pista Sul";"Abalroamento longitudinal";1;0;0;0;0;0;0;0;1;0;2;0;0;0;0
"29/11/2023";"04:23:00";"422";"Acidente c";"45.2";"BR-116/SP";"Pista Sul";"Abalroamento longitudinal";3;0;0;0;0;0;0;0;0;0;2;0;1;0;0
"29/11/2023";"04:44:00";"432";"Acidente c";"221.4";"BR-116/SP";"Pista Norte";"Colisão traseira";0;1;0;0;0;0;0;0;0;1;1;1;0;0;0
"29/11/2023";"05:09:00";"442";"Acidente c";"230";"BR-116/SP";"Pista Sul";"Queda de moto";0;1;0;0;0;0;0;0;0;0;0;1;0;0;0
"29/11/2023";"06:14:00";"471";"Acidente c";"144.9";"BR-116/SP";"Pista Norte";"Engavetamento";0;0;0;0;0;0;0;0;3;0;2;0;2;0;0
"29/11/2023";"06:34:00";"477";"Acidente s";"139";"BR-116/SP";"Pista Sul";"Colisão traseira";1;0;0;0;0;0;0;0;1;0;3;0;0;0;0
"29/11/2023";"06:40:00";"478";"Acidente c";"222";"BR-116/SP";"Pista Norte";"Abalroamento longitudinal";0;1;0;0;0;0;0;0;0;1;2;1;0;0;0
"29/11/2023";"07:08:00";"490";"Acidente c";"45.5";"BR-116/SP";"Pista Sul";"Colisão frontal";0;0;0;0;0;0;0;0;2;0;1;1;0;0;0
"29/11/2023";"07:37:00";"498";"Acidente s";"203";"BR-116/SP";"Pista Sul";"Choque em defensa";0;0;0;0;0;0;0;0;1;0;1;0;0;0;0
"29/11/2023";"08:56:00";"525";"Acidente c";"218.6";"BR-116/SP";"Pista Sul";"Colisão traseira";0;1;0;0;0;0;0;0;0;1;1;1;0;0;0
"29/11/2023";"09:51:00";"552";"Acidente s";"567";"BR-101/RJ";"Pista Sul";"Choque em objeto fixo";0;0;0;0;0;0;0;0;1;0;1;0;0;0;0
"29/11/2023";"10:10:00";"558";"Acidente s";"540";"BR-101/RJ";"Pista Sul";"Choque em objeto fixo";0;0;0;0;0;0;0;0;1;0;1;0;0;0;0
"29/11/2023";"10:13:00";"559";"Acidente s";"165.2";"BR-116/SP";"Pista Norte";"Abalroamento longitudinal";1;0;0;0;0;0;0;0;1;0;3;0;0;0;0
"29/11/2023";"10:17:00";"560";"Acidente s";"226";"BR-116/SP";"Pista Sul";"Colisão traseira";1;0;0;0;0;0;0;0;0;1;2;0;0;0;0
"30/11/2023";"12:16:00";"24";"Acidente c";"210.6";"BR-116/SP";"Pista Norte";"Colisão traseira";1;0;0;0;0;0;0;0;1;0;1;2;0;0;0
"30/11/2023";"02:47:00";"42";"Acidente c";"26.8";"BR-116/SP";"Pista Sul";"Colisão traseira";1;0;0;0;0;0;0;0;1;0;3;1;0;0;0
"30/11/2023";"05:48:00";"76";"Acidente c";"493";"BR-101/RJ";"Pista Sul";"Colisão frontal";0;0;0;0;0;0;0;0;2;0;0;0;0;1;1
"30/11/2023";"06:49:00";"115";"Acidente s";"155.6";"BR-116/SP";"Pista Sul";"Colisão traseira";1;0;0;0;0;0;0;0;1;0;2;0;0;0;0
"30/11/2023";"07:14:00";"142";"Acidente c";"219.1";"BR-116/SP";"Pista Sul";"Abalroamento longitudinal";0;1;0;0;0;0;0;0;1;0;1;2;0;0;0
"30/11/2023";"07:25:00";"150";"Acidente c";"276";"BR-116/RJ";"Pista Norte";"Colisão traseira";0;1;0;0;0;0;0;0;1;1;1;1;0;1;0
"30/11/2023";"07:50:00";"175";"Acidente c";"229";"BR-116/SP";"Pista Sul";"Colisão traseira";0;1;0;0;0;0;0;0;1;0;1;1;0;0;0
"30/11/2023";"08:08:00";"191";"Acidente s";"205";"BR-116/SP";"Pista Sul";"Abalroamento longitudinal";1;0;0;0;0;0;0;0;1;0;2;0;0;0;0
"30/11/2023";"09:15:00";"240";"Acidente c";"46.6";"BR-101/SP";"Pista Sul";"Abalroamento longitudinal";0;0;1;0;0;0;0;0;1;0;1;0;0;1;0
"30/11/2023";"09:41:00";"260";"Acidente s";"153.3";"BR-116/SP";"Pista Norte";"Colisão traseira";2;0;0;0;0;0;0;0;0;0;3;0;0;0;0
"30/11/2023";"01:20:00";"397";"Acidente c";"300";"BR-116/RJ";"Pista Sul";"Engavetamento";0;0;0;0;0;0;0;0;2;1;1;1;1;0;0
"30/11/2023";"01:36:00";"408";"Acidente c";"166.4";"BR-116/SP";"Pista Norte";"Engavetamento";0;2;0;0;0;0;0;0;1;0;2;2;0;0;0
"30/11/2023";"02:49:00";"448";"Acidente s";"43.3";"BR-116/SP";"Pista Sul";"Colisão traseira";2;0;0;0;0;0;0;0;0;0;2;0;0;0;0
"30/11/2023";"03:14:00";"475";"Acidente c";"230.5";"BR-116/SP";"Pista Norte";"Queda de moto";0;1;0;0;0;0;0;0;0;0;0;1;0;0;0
"30/11/2023";"03:20:00";"477";"Acidente s";"230";"BR-116/RJ";"Pista Norte";"Choque em objeto fixo";1;0;0;0;0;0;0;0;0;0;2;0;0;0;0
"30/11/2023";"04:23:00";"513";"Acidente s";"155";"BR-116/SP";"Pista Sul";"Engavetamento";2;0;0;0;0;0;0;0;1;2;5;0;0;0;0
"30/11/2023";"04:57:00";"527";"Acidente s";"281";"BR-116/RJ";"Pista Sul";"Choque em barreira New Jersey";0;0;0;0;0;0;0;0;1;0;4;0;0;0;0
"30/11/2023";"05:15:00";"535";"Acidente c";"115.4";"BR-116/SP";"Pista Sul";"Abalroamento longitudinal";0;1;0;0;0;0;0;0;1;0;1;0;1;0;0
"30/11/2023";"05:21:00";"539";"Acidente c";"65";"BR-116/SP";"Pista Sul";"Queda de moto";0;1;0;0;0;0;0;0;0;0;0;0;1;0;0
"30/11/2023";"06:13:00";"575";"Acidente s";"123";"BR-116/SP";"Pista Norte";"Colisão traseira";0;0;0;0;0;0;0;0;1;1;5;0;0;0;0
"30/11/2023";"06:31:00";"587";"Acidente c";"218.7";"BR-116/SP";"Pista Norte";"Abalroamento longitudinal";0;1;0;0;0;0;0;0;1;0;1;0;1;0;0
"30/11/2023";"07:41:00";"628";"Acidente s";"138.9";"BR-116/SP";"Pista Norte";"Choque em barreira New Jersey";0;0;0;0;0;0;0;0;1;0;1;0;0;0;0
"30/11/2023";"07:49:00";"632";"Acidente c";"400";"BR-101/RJ";"Pista Norte";"Atropelamento de pedestre atravessando";0;1;0;0;0;0;0;0;0;0;0;1;0;0;0
"30/11/2023";"08:55:00";"664";"Acidente c";"235.7";"BR-116/RJ";"Pista Sul";"Colisão frontal";0;0;0;1;0;0;0;0;1;0;42;0;0;0;1
"30/11/2023";"09:49:00";"695";"Acidente s";"238.6";"BR-116/RJ";"Pista Sul";"Abalroamento longitudinal";1;0;0;0;0;0;0;0;0;1;2;0;0;0;0
"30/11/2023";"11:54:00";"734";"Acidente s";"299";"BR-116/RJ";"Pista Norte";"Colisão traseira";2;0;0;0;0;0;0;0;0;0;2;0;0;0;0
"01/12/2023";"12:23:00";"22";"Atropelame";"49";"BR-101/SP";"Pista Norte";"Atropelamento de pedestre atravessando";0;1;1;0;0;0;0;0;0;0;1;1;0;0;0
"01/12/2023";"02:08:00";"43";"Acidente c";"32.3";"BR-101/SP";"Pista Norte";"Queda de moto";0;1;0;0;0;0;0;0;0;0;1;0;1;0;0
"01/12/2023";"03:38:00";"56";"Acidente s";"41.1";"BR-116/SP";"Pista Sul";"Choque em barreira New Jersey";1;0;0;0;0;0;0;0;0;0;1;0;0;0;0
"01/12/2023";"03:55:00";"61";"Acidente c";"212.45";"BR-116/SP";"Pista Norte";"Choque em barreira New Jersey";0;0;0;0;0;0;0;0;1;0;2;1;0;0;0
"01/12/2023";"07:31:00";"164";"Acidente c";"138.5";"BR-116/SP";"Pista Norte";"Abalroamento longitudinal";0;0;0;0;0;0;0;0;1;0;0;1;0;0;0
"01/12/2023";"07:44:00";"171";"Acidente s";"144";"BR-116/SP";"Pista Norte";"Colisão traseira";0;0;0;0;0;0;0;0;1;1;2;0;0;0;0
"01/12/2023";"08:28:00";"210";"Acidente s";"218.8";"BR-116/SP";"Pista Sul";"Abalroamento longitudinal";0;1;0;0;0;0;0;0;0;1;2;0;0;0;0
"01/12/2023";"03:34:00";"473";"Acidente c";"59.6";"BR-116/SP";"Pista Norte";"Abalroamento longitudinal";0;1;0;0;0;0;0;0;1;0;0;1;1;0;0
"01/12/2023";"04:16:00";"492";"Acidente c";"504";"BR-101/RJ";"Pista Sul";"Colisão frontal";0;1;0;0;0;0;0;0;1;0;1;0;0;1;0
"01/12/2023";"04:16:00";"493";"Acidente c";"152.6";"BR-116/SP";"Pista Norte";"Colisão traseira";0;1;0;0;0;0;0;0;0;1;1;0;1;0;0
"01/12/2023";"04:47:00";"514";"Acidente s";"106.8";"BR-116/SP";"Pista Sul";"Colisão traseira";0;0;0;0;0;0;0;0;2;0;2;0;0;0;0
"01/12/2023";"05:18:00";"530";"Acidente s";"113.6";"BR-116/SP";"Pista Norte";"Colisão traseira";3;0;0;0;0;0;0;0;0;0;3;0;0;0;0
"01/12/2023";"05:38:00";"539";"Acidente c";"228.7";"BR-116/SP";"Pista Norte";"Colisão traseira";0;1;0;0;0;0;0;0;1;0;1;0;1;0;0
"01/12/2023";"05:56:00";"550";"Acidente s";"98.4";"BR-116/SP";"Pista Norte";"Queda de ribanceira";1;0;0;0;0;0;0;0;0;0;1;0;0;0;0
"01/12/2023";"07:01:00";"597";"Acidente s";"108";"BR-116/SP";"Pista Sul";"Abalroamento longitudinal";1;0;0;0;0;0;0;0;1;0;2;0;0;0;0
"01/12/2023";"07:04:00";"599";"Acidente c";"229.5";"BR-116/SP";"Pista Norte";"Abalroamento longitudinal";0;1;0;0;0;0;0;0;1;0;1;1;0;0;0
"01/12/2023";"07:44:00";"626";"Acidente c";"221.9";"BR-116/SP";"Pista Sul";"Colisão traseira";0;1;0;0;0;0;0;0;1;0;1;1;0;0;0
"01/12/2023";"08:36:00";"659";"Acidente c";"119.5";"BR-116/SP";"Pista Norte";"Colisão traseira";0;1;0;0;0;0;0;0;3;0;5;0;2;0;1
"01/12/2023";"09:22:00";"680";"Acidente s";"201";"BR-116/SP";"Pista Sul";"Abalroamento longitudinal";0;1;0;0;0;0;0;0;1;0;3;0;0;0;0
"02/12/2023";"02:38:00";"59";"Acidente c";"128.5";"BR-116/SP";"Pista Norte";"Queda de moto";0;1;0;0;0;0;0;0;0;1;1;0;1;0;0
"02/12/2023";"04:04:00";"69";"Acidente c";"113.9";"BR-116/SP";"Pista Sul";"Colisão traseira";1;1;0;0;0;0;0;0;0;0;1;0;0;1;0
"02/12/2023";"05:18:00";"79";"Acidente s";"217";"BR-116/SP";"Pista Sul";"Colisão traseira";0;0;0;0;0;0;0;0;2;0;3;0;0;0;0
"02/12/2023";"07:45:00";"144";"Acidente c";"529";"BR-101/RJ";"Pista Sul";"Capotamento";0;0;0;0;0;0;0;0;1;0;2;2;0;0;0
"02/12/2023";"08:39:00";"168";"Acidente s";"215.2";"BR-116/SP";"Pista Norte";"Colisão traseira";0;1;0;1;0;0;0;0;0;0;2;0;0;0;0
"02/12/2023";"08:59:00";"184";"Acidente s";"197.1";"BR-116/SP";"Pista Sul";"Capotamento";0;0;0;0;0;0;0;0;1;0;1;0;0;0;0
"02/12/2023";"09:04:00";"190";"Acidente s";"146";"BR-116/SP";"Pista Norte";"Colisão traseira";0;0;0;0;0;0;0;0;2;0;5;0;0;0;0
"02/12/2023";"09:28:00";"208";"Acidente s";"291";"BR-116/RJ";"Pista Norte";"Choque em barreira New Jersey";0;0;0;0;0;0;0;0;1;0;1;0;0;0;0
"02/12/2023";"10:01:00";"227";"Acidente s";"116.4";"BR-116/SP";"Pista Sul";"Queda de moto";0;1;0;0;0;0;0;0;0;0;1;0;0;0;0
"02/12/2023";"10:30:00";"241";"Acidente c";"225";"BR-116/SP";"Pista Sul";"Abalroamento longitudinal";0;1;0;0;0;0;0;0;0;1;1;1;0;0;0
"02/12/2023";"11:33:00";"269";"Acidente s";"100";"BR-116/SP";"Pista Norte";"Choque em objeto na pista";0;0;0;0;0;0;0;0;2;1;6;0;0;0;0
"02/12/2023";"11:43:00";"277";"Acidente c";"214";"BR-116/SP";"Pista Norte";"Colisão traseira";0;0;0;0;0;0;0;0;2;0;4;1;0;0;0
"02/12/2023";"12:43:00";"312";"Acidente s";"133";"BR-116/SP";"Pista Sul";"Queda de moto";0;1;0;0;0;0;0;0;0;0;2;0;0;0;0
"02/12/2023";"01:04:00";"330";"Acidente c";"210";"BR-116/SP";"Pista Norte";"Queda de moto";0;1;0;0;0;0;0;0;0;1;2;1;0;0;0
"02/12/2023";"02:05:00";"351";"Atropelame";"425";"BR-101/RJ";"Pista Sul";"Atropelamento de pedestre atravessando";0;0;1;0;0;0;1;0;0;0;4;0;0;1;0
"02/12/2023";"02:36:00";"365";"Acidente c";"431";"BR-101/RJ";"Pista Sul";"Queda de moto";0;1;0;0;0;0;0;0;0;0;0;0;1;0;0
"02/12/2023";"02:57:00";"376";"Acidente c";"314";"BR-116/RJ";"Pista Sul";"Queda de moto";0;1;0;0;0;0;0;0;0;0;0;1;1;0;0
"02/12/2023";"02:57:00";"374";"Acidente s";"99";"BR-116/SP";"Pista Sul";"Colisão traseira";0;0;0;0;0;0;0;0;2;0;5;0;0;0;0
"02/12/2023";"03:25:00";"391";"Acidente c";"60";"BR-116/SP";"Pista Sul";"Choque em barreira New Jersey";0;1;0;0;0;0;0;0;0;0;0;1;0;0;0
"02/12/2023";"05:17:00";"444";"Acidente c";"48.7";"BR-101/SP";"Pista Sul";"Abalroamento longitudinal";0;1;0;0;0;0;0;0;1;0;4;1;0;0;0
"02/12/2023";"05:43:00";"456";"Acidente s";"221.3";"BR-116/SP";"Pista Norte";"Abalroamento longitudinal";0;1;0;0;0;0;0;0;1;0;3;0;0;0;0
"02/12/2023";"06:42:00";"483";"Acidente s";"393";"BR-101/RJ";"Pista Norte";"Capotamento";0;0;0;0;0;0;0;0;1;0;0;0;0;0;0
"02/12/2023";"06:51:00";"492";"Acidente c";"221";"BR-116/SP";"Pista Norte";"Engavetamento";0;2;0;0;0;0;0;0;1;0;3;1;1;0;0
"02/12/2023";"07:14:00";"498";"Acidente c";"150.9";"BR-116/SP";"Pista Sul";"Colisão traseira";0;1;0;0;0;0;0;0;1;0;3;0;0;1;1
"02/12/2023";"07:56:00";"520";"Acidente c";"488.8";"BR-101/RJ";"Pista Norte";"Abalroamento longitudinal";0;1;0;0;0;0;0;0;1;0;5;1;0;0;0
"02/12/2023";"10:06:00";"572";"Acidente s";"150.8";"BR-116/SP";"Pista Sul";"Colisão traseira";0;0;0;0;0;0;0;0;1;1;2;0;0;0;0
"02/12/2023";"10:08:00";"573";"Acidente c";"494.8";"BR-101/RJ";"Pista Sul";"Colisão frontal";0;1;0;0;0;0;1;0;0;0;3;0;0;0;1
"02/12/2023";"10:16:00";"577";"Acidente c";"175.5";"BR-116/SP";"Pista Sul";"Colisão frontal";0;1;0;0;0;0;0;0;1;0;4;1;0;0;0