data;horario;n_da_ocorrencia;tipo_de_ocorrencia;km;trecho;sentido;tipo_de_acidente;automovel;bicicleta;caminhao;moto;onibus;outros;tracao_animal;transporte_de_cargas_especiais;trator_maquinas;utilitarios;ilesos;levemente_feridos;moderadamente_feridos;gravemente_feridos;mortos
"02/12/2023";"10:35:00";"582";"Acidente s";"230.5";"BR-116/SP";"Pista Sul";"Colisão traseira";0;0;0;0;0;0;0;0;2;0;6;0;0;0;0
"02/12/2023";"10:53:00";"584";"Acidente c";"208";"BR-116/SP";"Pista Norte";"Engavetamento";0;1;0;0;0;0;0;0;2;0;6;0;1;0;0
"02/12/2023";"11:43:00";"598";"Acidente s";"226.4";"BR-116/SP";"Pista Norte";"Choque em defensa";1;0;0;0;0;0;0;0;0;0;1;0;0;0;0
"03/12/2023";"02:28:00";"49";"Acidente s";"407.1";"BR-101/RJ";"Pista Sul";"Choque em defensa";0;0;0;0;0;0;0;0;1;0;1;0;0;0;0
"03/12/2023";"07:28:00";"111";"Acidente s";"158";"BR-116/SP";"Pista Norte";"Queda de moto";0;1;0;0;0;0;0;0;0;0;1;0;0;0;0
"03/12/2023";"07:39:00";"118";"Acidente s";"158";"BR-116/SP";"Pista Norte";"Choque em barreira New Jersey";0;0;0;0;0;0;0;0;1;0;1;0;0;0;0
"03/12/2023";"09:24:00";"179";"Acidente c";"215.1";"BR-116/SP";"Pista Norte";"Colisão traseira";0;1;0;0;0;0;0;0;1;0;1;1;0;0;0
"03/12/2023";"10:46:00";"222";"Acidente c";"72";"BR-116/SP";"Pista Norte";"Abalroamento longitudinal";0;3;0;0;0;0;0;0;0;0;2;3;0;0;0
"03/12/2023";"12:21:00";"254";"Acidente c";"477";"BR-101/RJ";"Pista Norte";"Queda de moto";0;1;0;0;0;0;0;0;0;0;0;1;0;0;0
"03/12/2023";"12:23:00";"255";"Acidente c";"310";"BR-116/RJ";"Pista Sul";"Queda de moto";0;1;0;0;0;0;0;0;0;0;0;1;1;0;0
"03/12/2023";"01:16:00";"280";"Acidente c";"415";"BR-101/RJ";"Pista Norte";"Choque em defensa";0;1;0;0;0;0;0;0;0;0;0;1;1;0;0
"03/12/2023";"02:21:00";"319";"Acidente s";"283";"BR-116/RJ";"Pista Norte";"Colisão traseira";0;0;0;0;0;0;0;0;1;1;6;0;0;0;0
"03/12/2023";"02:44:00";"331";"Acidente c";"46";"BR-101/SP";"Pista Norte";"Colisão traseira";0;1;0;0;0;0;0;0;0;1;1;1;0;0;0
"03/12/2023";"03:04:00";"340";"Acidente s";"108";"BR-116/SP";"Pista Sul";"Abalroamento longitudinal";1;0;0;0;0;0;0;0;1;0;6;0;0;0;0
"03/12/2023";"03:30:00";"353";"Acidente c";"225";"BR-116/SP";"Pista Sul";"Colisão traseira";0;1;0;0;0;0;0;0;1;0;1;0;1;0;0
"03/12/2023";"03:39:00";"357";"Acidente c";"46";"BR-101/SP";"Pista Sul";"Colisão traseira";0;1;0;0;0;0;0;0;1;0;1;1;0;0;0
"03/12/2023";"03:55:00";"368";"Acidente s";"124";"BR-116/SP";"Pista Norte";"Abalroamento longitudinal";1;0;0;0;0;0;0;0;1;0;2;0;0;0;0
"03/12/2023";"04:00:00";"371";"Acidente s";"202";"BR-116/SP";"Pista Sul";"Colisão traseira";0;0;0;0;0;0;0;0;2;0;3;0;0;0;0
"03/12/2023";"04:21:00";"381";"Acidente c";"49";"BR-101/SP";"Pista Norte";"Queda de moto";0;1;0;0;0;0;0;0;0;0;0;1;0;0;0
"03/12/2023";"04:21:00";"379";"Acidente c";"153.2";"BR-116/SP";"Pista Norte";"Abalroamento longitudinal";0;1;0;0;0;0;0;0;1;0;4;1;0;0;0
"03/12/2023";"05:03:00";"406";"Acidente c";"306.5";"BR-116/RJ";"Pista Norte";"Queda de moto";0;1;0;0;0;0;0;0;0;0;0;0;1;0;0
"03/12/2023";"05:06:00";"409";"Acidente s";"85.1";"BR-116/SP";"Pista Sul";"Colisão traseira";0;0;0;0;0;0;0;0;2;0;6;0;0;0;0
"03/12/2023";"05:10:00";"411";"Acidente c";"578";"BR-101/RJ";"Pista Norte";"Colisão frontal";0;1;0;0;0;0;0;0;1;0;1;0;1;0;0
"03/12/2023";"05:11:00";"412";"Acidente c";"306.7";"BR-116/RJ";"Pista Norte";"Engavetamento";0;0;0;0;0;0;0;0;4;0;13;0;1;0;0
"03/12/2023";"07:17:00";"478";"Acidente s";"513";"BR-101/RJ";"Pista Sul";"Choque em objeto fixo";0;0;0;0;0;0;0;0;1;0;1;0;0;0;0
"03/12/2023";"07:34:00";"494";"Acidente s";"67.5";"BR-116/SP";"Pista Sul";"Choque em objeto fixo";0;0;0;0;0;0;0;0;1;0;2;0;0;0;0
"03/12/2023";"09:07:00";"525";"Acidente c";"215.9";"BR-116/RJ";"Pista Norte";"Queda de moto";0;1;0;0;0;0;0;0;0;0;0;1;0;0;0
"03/12/2023";"10:30:00";"553";"Acidente s";"484";"BR-101/RJ";"Pista Sul";"Abalroamento longitudinal";1;0;0;0;0;0;0;0;1;0;2;0;0;0;0
"04/12/2023";"03:08:00";"52";"Acidente s";"82.1";"BR-116/SP";"Pista Sul";"Atropelamento de animal";0;0;0;0;0;0;0;0;1;0;1;0;0;0;0
"04/12/2023";"04:32:00";"72";"Acidente c";"324.9";"BR-116/RJ";"Pista Norte";"Colisão traseira";2;0;0;0;0;0;0;0;0;0;0;4;0;0;0
"04/12/2023";"04:33:00";"73";"Atropelame";"75.2";"BR-116/SP";"Pista Sul";"Atropelamento de pedestre atravessando";0;1;0;0;0;0;0;0;0;0;1;0;0;0;1
"04/12/2023";"04:46:00";"75";"Acidente c";"75.2";"BR-116/SP";"Pista Sul";"Abalroamento longitudinal";1;0;0;0;0;0;0;0;1;0;1;0;1;0;0
"04/12/2023";"05:18:00";"85";"Acidente s";"524.7";"BR-101/RJ";"Pista Norte";"Choque em objeto fixo";0;0;0;0;0;0;0;0;1;0;1;0;0;0;0
"04/12/2023";"05:52:00";"97";"Acidente c";"235.8";"BR-116/RJ";"Pista Norte";"Choque em defensa";1;0;0;0;0;0;0;0;0;0;0;1;0;0;0
"04/12/2023";"06:09:00";"108";"Acidente s";"231";"BR-116/SP";"Pista Norte";"Abalroamento longitudinal";1;0;0;0;0;0;0;0;1;0;2;0;0;0;0
"04/12/2023";"07:00:00";"148";"Acidente c";"215";"BR-116/SP";"Pista Sul";"Engavetamento";0;0;0;0;0;0;0;0;4;0;5;1;0;0;0
"04/12/2023";"07:28:00";"178";"Acidente c";"140.09";"BR-116/SP";"Pista Sul";"Abalroamento longitudinal";0;1;0;0;0;0;0;0;1;0;1;0;1;0;0
"04/12/2023";"08:43:00";"231";"Acidente s";"473";"BR-101/RJ";"Pista Sul";"Colisão traseira";2;0;0;0;0;0;0;0;0;0;2;0;0;0;0
"04/12/2023";"08:52:00";"235";"Acidente s";"222.45";"BR-116/RJ";"Pista Norte";"Colisão traseira";1;0;0;0;0;0;0;0;0;1;2;0;0;0;0
"04/12/2023";"12:43:00";"365";"Acidente s";"61";"BR-116/SP";"Pista Norte";"Capotamento";0;0;0;0;0;0;0;0;1;0;1;0;0;0;0
"04/12/2023";"01:02:00";"375";"Acidente c";"174.8";"BR-116/SP";"Pista Sul";"Colisão traseira";0;1;0;0;0;0;0;0;1;0;1;1;0;0;0
"04/12/2023";"01:13:00";"381";"Acidente s";"59.6";"BR-116/SP";"Pista Norte";"Engavetamento";0;0;0;0;0;0;0;0;2;1;3;0;0;0;0
"04/12/2023";"01:51:00";"397";"Acidente s";"53.4";"BR-116/SP";"Pista Sul";"Colisão traseira";1;0;0;0;0;0;0;0;1;0;2;0;0;0;0
"04/12/2023";"02:27:00";"425";"Acidente s";"211";"BR-116/SP";"Pista Norte";"Colisão traseira";0;0;0;0;0;0;1;0;1;0;3;0;0;0;0
"04/12/2023";"02:31:00";"430";"Acidente s";"337";"BR-116/RJ";"Pista Sul";"Choque em barreira New Jersey";0;0;0;0;0;0;0;0;1;0;1;0;0;0;0
"04/12/2023";"02:44:00";"437";"Acidente s";"411";"BR-101/RJ";"Pista Sul";"Choque em barreira New Jersey";0;0;0;0;0;0;0;0;1;0;2;0;0;0;0
"04/12/2023";"02:54:00";"444";"Acidente s";"156.8";"BR-116/SP";"Pista Norte";"Choque em defensa";1;0;0;0;0;0;0;0;0;0;1;0;0;0;0
"04/12/2023";"04:21:00";"484";"Acidente c";"490.3";"BR-101/RJ";"Pista Norte";"Abalroamento longitudinal";0;1;0;0;0;0;0;0;1;0;1;1;0;0;0
"04/12/2023";"04:59:00";"504";"Acidente s";"166.8";"BR-116/SP";"Pista Sul";"Choque em objeto fixo";1;0;0;0;0;0;0;0;0;0;1;0;0;0;0
"04/12/2023";"05:04:00";"507";"Acidente s";"297.7";"BR-116/RJ";"Pista Sul";"Colisão traseira";0;0;0;0;0;0;0;0;1;1;2;0;0;0;0
"04/12/2023";"05:16:00";"516";"Acidente s";"108";"BR-116/SP";"Pista Norte";"Abalroamento longitudinal";0;0;0;0;0;0;1;0;0;1;4;0;0;0;0
"04/12/2023";"06:19:00";"546";"Acidente s";"214";"BR-116/SP";"Pista Norte";"Colisão traseira";0;0;0;0;0;0;0;0;1;0;1;0;0;0;0
"04/12/2023";"07:29:00";"579";"Acidente s";"515.8";"BR-101/RJ";"Pista Sul";"Choque em objeto fixo";0;0;0;0;0;0;0;0;1;0;1;0;0;0;0
"04/12/2023";"07:50:00";"589";"Acidente s";"162.5";"BR-116/SP";"Pista Norte";"Abalroamento longitudinal";0;0;0;0;0;0;0;0;1;1;3;0;0;0;0
"04/12/2023";"09:15:00";"619";"Acidente s";"24.15";"BR-116/SP";"Pista Norte";"Choque em barreira New Jersey";0;0;0;0;0;0;0;0;1;0;2;0;0;0;0
"04/12/2023";"09:42:00";"631";"Acidente s";"23.6";"BR-116/SP";"Pista Norte";"Colisão traseira";0;0;0;0;0;0;0;0;1;1;3;0;0;0;0
"04/12/2023";"10:38:00";"649";"Acidente c";"426.6";"BR-101/RJ";"Pista Norte";"Colisão frontal";0;0;0;0;0;0;0;0;2;0;1;0;1;1;1
"04/12/2023";"11:24:00";"662";"Acidente s";"146";"BR-116/SP";"Pista Sul";"Choque em defensa";0;0;0;0;0;0;0;0;1;0;3;0;0;0;0
"05/12/2023";"06:14:00";"86";"Acidente s";"46";"BR-116/SP";"Pista Norte";"Choque em barreira New Jersey";0;0;0;0;0;0;0;0;1;0;2;0;0;0;0
"05/12/2023";"06:37:00";"105";"Acidente s";"4.5";"BR-116/SP";"Pista Norte";"Abalroamento longitudinal";2;0;0;0;0;0;0;0;0;0;2;0;0;0;0
"05/12/2023";"07:22:00";"144";"Acidente s";"232.7";"BR-116/RJ";"Pista Norte";"Abalroamento longitudinal";2;0;0;0;0;0;0;0;0;0;2;0;0;0;0
"05/12/2023";"07:39:00";"154";"Acidente c";"322";"BR-116/RJ";"Pista Norte";"Choque em barreira New Jersey";0;1;0;0;0;0;0;0;0;0;0;0;1;0;0
"05/12/2023";"08:06:00";"178";"Acidente c";"210.4";"BR-116/SP";"Pista Norte";"Colisão traseira";0;1;0;0;0;0;0;0;1;0;1;1;0;0;0
"05/12/2023";"10:55:00";"287";"Acidente s";"487";"BR-101/RJ";"Pista Norte";"Engavetamento";0;0;0;0;0;0;0;0;2;1;5;0;0;0;0
"05/12/2023";"11:04:00";"294";"Acidente s";"99.6";"BR-116/SP";"Pista Sul";"Colisão traseira";0;0;0;0;0;0;0;0;1;1;2;0;0;0;0
"05/12/2023";"11:38:00";"312";"Acidente c";"101";"BR-116/SP";"Pista Sul";"Colisão traseira";0;1;0;0;0;0;0;0;0;1;1;1;0;0;0
"05/12/2023";"12:18:00";"340";"Acidente c";"223.4";"BR-116/SP";"Pista Sul";"Abalroamento longitudinal";0;2;0;0;0;0;0;0;0;0;1;0;1;0;0
"05/12/2023";"12:35:00";"344";"Acidente s";"264.6";"BR-116/RJ";"Pista Norte";"Choque em objeto fixo";1;0;0;0;0;0;0;0;0;0;1;0;0;0;0
"05/12/2023";"12:56:00";"354";"Acidente c";"221";"BR-116/SP";"Pista Norte";"Colisão traseira";0;1;0;0;0;0;0;0;1;0;4;2;0;0;0
"05/12/2023";"12:58:00";"356";"Acidente c";"117";"BR-116/SP";"Pista Norte";"Colisão traseira";0;2;0;0;0;0;0;0;0;0;0;0;2;0;0
"05/12/2023";"02:23:00";"401";"Acidente c";"143.5";"BR-116/SP";"Pista Sul";"Queda de moto";0;1;0;0;0;0;0;0;0;0;0;0;1;0;0
"05/12/2023";"03:37:00";"427";"Acidente s";"106.2";"BR-116/SP";"Pista Norte";"Queda de moto";0;1;0;0;0;0;0;0;0;0;1;0;0;0;0
"05/12/2023";"04:53:00";"465";"Acidente c";"153.8";"BR-116/SP";"Pista Sul";"Abalroamento longitudinal";0;1;0;0;0;0;0;0;0;1;1;0;1;0;0
"05/12/2023";"06:32:00";"524";"Acidente c";"186";"BR-116/SP";"Pista Norte";"Queda de moto";0;1;0;0;0;0;0;0;0;0;0;1;0;0;0
"05/12/2023";"07:43:00";"552";"Acidente c";"136.4";"BR-116/SP";"Pista Norte";"Queda de moto";0;1;0;0;0;0;0;0;0;0;0;1;0;0;0
"05/12/2023";"07:55:00";"556";"Acidente c";"482.5";"BR-101/RJ";"Pista Sul";"Colisão traseira";0;0;0;1;0;0;0;0;1;0;51;1;0;0;0
"05/12/2023";"08:19:00";"570";"Acidente s";"218.9";"BR-116/SP";"Pista Norte";"Colisão traseira";1;0;0;0;0;0;0;0;1;0;2;0;0;0;0
"05/12/2023";"11:16:00";"644";"Acidente s";"596.5";"BR-101/RJ";"Pista Norte";"Choque em objeto fixo";0;0;0;0;0;0;0;0;1;0;1;0;0;0;0
"06/12/2023";"12:07:00";"23";"Acidente s";"268";"BR-116/RJ";"Pista Norte";"Choque em barreira New Jersey";0;0;0;0;0;0;0;0;1;0;2;0;0;0;0
"06/12/2023";"12:26:00";"29";"Acidente s";"224.8";"BR-116/SP";"Pista Norte";"Choque em barreira New Jersey";1;0;0;0;0;0;0;0;0;0;1;0;0;0;0
"06/12/2023";"06:15:00";"121";"Acidente s";"484";"BR-101/RJ";"Pista Sul";"Choque em objeto fixo";0;0;0;0;0;0;0;0;1;0;1;0;0;0;0
"06/12/2023";"07:52:00";"188";"Acidente c";"64";"BR-116/SP";"Pista Sul";"Engavetamento";1;0;0;0;0;0;0;0;2;0;1;2;0;0;0
"06/12/2023";"08:59:00";"243";"Acidente s";"209.5";"BR-116/SP";"Pista Sul";"Abalroamento longitudinal";0;0;0;0;0;0;0;0;2;0;2;0;0;0;0
"06/12/2023";"10:31:00";"312";"Acidente c";"153.6";"BR-116/SP";"Pista Sul";"Abalroamento longitudinal";0;1;0;0;0;0;0;0;1;0;1;0;1;0;0
"06/12/2023";"10:43:00";"326";"Acidente s";"232";"BR-116/RJ";"Pista Norte";"Choque em objeto fixo";0;0;0;0;0;0;0;0;1;0;2;0;0;0;0
"06/12/2023";"11:41:00";"646";"Acidente c";"154.45";"BR-116/SP";"Pista Sul";"Queda de moto";0;1;0;0;0;0;0;0;0;0;0;1;0;0;0
"06/12/2023";"04:36:00";"371";"Acidente s";"226";"BR-116/RJ";"Pista Sul";"Abalroamento longitudinal";0;0;0;0;0;0;0;0;1;1;3;0;0;0;0
"06/12/2023";"04:57:00";"395";"Acidente s";"151.9";"BR-116/SP";"Pista Norte";"Colisão traseira";1;0;0;0;0;0;0;0;1;0;3;0;0;0;0
"06/12/2023";"05:03:00";"402";"Acidente c";"113.6";"BR-116/SP";"Pista Norte";"Engavetamento";3;0;0;0;0;0;0;0;0;0;2;1;0;0;0
"06/12/2023";"05:19:00";"412";"Acidente s";"146";"BR-116/SP";"Pista Norte";"Colisão traseira";2;0;0;0;0;0;0;0;0;0;2;0;0;0;0
"06/12/2023";"05:24:00";"415";"Acidente s";"231.3";"BR-116/SP";"Pista Norte";"Colisão traseira";1;0;0;0;0;0;0;0;1;0;2;0;0;0;0
"06/12/2023";"05:26:00";"416";"Acidente s";"215.9";"BR-116/SP";"Pista Norte";"Colisão traseira";0;0;0;0;0;0;0;0;1;1;1;0;0;0;0
"06/12/2023";"05:44:00";"426";"Acidente s";"154";"BR-116/SP";"Pista Sul";"Engavetamento";0;0;0;0;0;0;0;0;3;0;6;0;0;0;0
"06/12/2023";"05:45:00";"427";"Acidente s";"305";"BR-116/RJ";"Pista Sul";"Choque em objeto fixo";0;0;0;0;0;0;0;0;1;0;0;0;0;0;0
"06/12/2023";"08:40:00";"557";"Acidente c";"5.3";"BR-116/SP";"Pista Sul";"Colisão traseira";0;0;0;0;0;0;0;0;1;1;1;0;1;0;0
"06/12/2023";"10:19:00";"615";"Acidente s";"204.5";"BR-116/SP";"Pista Norte";"Abalroamento longitudinal";1;0;0;0;0;0;0;0;1;0;2;0;0;0;0
"06/12/2023";"10:51:00";"628";"Acidente c";"484";"BR-101/RJ";"Pista Sul";"Colisão frontal";0;1;0;0;0;0;0;0;1;0;1;1;0;0;0
"06/12/2023";"11:17:00";"635";"Acidente s";"46.1";"BR-101/SP";"Pista Norte";"Choque em objeto fixo";0;0;0;0;0;0;0;0;1;0;1;0;0;0;0
"07/12/2023";"01:06:00";"38";"Acidente s";"166";"BR-116/SP";"Pista Sul";"Atropelamento de animal";0;0;0;0;0;0;0;0;1;0;2;0;0;0;0
"07/12/2023";"03:30:00";"66";"Acidente s";"62.3";"BR-116/SP";"Pista Norte";"Colisão traseira";2;0;0;0;0;0;0;0;0;0;2;0;0;0;0
"07/12/2023";"04:29:00";"70";"Acidente c";"94.55";"BR-116/SP";"Pista Sul";"Colisão traseira";2;0;0;0;0;0;0;0;0;0;1;0;1;1;0
"07/12/2023";"07:21:00";"145";"Acidente c";"216";"BR-116/SP";"Pista Norte";"Queda de moto";0;1;0;0;0;0;0;0;0;0;0;0;2;0;0
"07/12/2023";"07:22:00";"147";"Acidente c";"104";"BR-116/SP";"Pista Sul";"Colisão traseira";0;0;0;0;0;0;0;0;2;0;6;1;0;0;0
"07/12/2023";"07:52:00";"166";"Acidente s";"329";"BR-116/RJ";"Pista Norte";"Colisão traseira";2;0;0;0;0;0;0;0;0;0;1;0;0;0;0
"07/12/2023";"08:08:00";"181";"Acidente s";"100";"BR-116/SP";"Pista Sul";"Engavetamento";0;0;0;0;0;0;0;0;3;1;7;0;0;0;0
"07/12/2023";"08:11:00";"183";"Acidente s";"530";"BR-101/RJ";"Pista Norte";"Colisão traseira";0;0;0;0;0;0;0;0;2;0;2;0;0;0;0
"07/12/2023";"08:34:00";"197";"Acidente c";"38";"BR-101/SP";"Pista Norte";"Abalroamento longitudinal";0;1;0;0;0;0;0;0;1;0;2;1;0;0;0
"07/12/2023";"08:36:00";"199";"Acidente s";"150";"BR-116/SP";"Pista Norte";"Engavetamento";1;0;0;0;0;0;0;0;2;0;6;0;0;0;0
"07/12/2023";"08:45:00";"206";"Acidente c";"149.7";"BR-116/SP";"Pista Norte";"Engavetamento";0;0;0;0;0;0;0;0;3;0;3;1;0;0;0
"07/12/2023";"09:42:00";"243";"Acidente s";"230.3";"BR-116/RJ";"Pista Norte";"Choque Talude";1;0;0;0;0;0;0;0;0;0;1;0;0;0;0
"07/12/2023";"11:30:00";"319";"Atropelame";"219";"BR-116/SP";"Pista Norte";"Atropelamento de pedestre atravessando";0;0;0;0;0;0;0;0;0;1;1;0;1;0;0
"07/12/2023";"11:55:00";"338";"Acidente c";"226";"BR-116/SP";"Pista Sul";"Abalroamento longitudinal";0;2;0;0;0;0;0;0;0;0;2;1;0;0;0
"07/12/2023";"02:20:00";"415";"Acidente s";"484";"BR-101/RJ";"Pista Sul";"Colisão traseira";0;1;0;0;0;0;0;0;1;0;2;0;0;0;0
"07/12/2023";"03:50:00";"469";"Acidente s";"548.9";"BR-101/RJ";"Pista Norte";"Choque em objeto fixo";0;0;0;0;0;0;0;0;1;0;1;0;0;0;0
"07/12/2023";"03:57:00";"473";"Acidente c";"235.8";"BR-116/RJ";"Pista Norte";"Choque em objeto fixo";0;0;0;0;0;0;0;0;1;0;0;2;0;0;0
"07/12/2023";"05:03:00";"507";"Acidente c";"385";"BR-101/RJ";"Pista Sul";"Abalroamento longitudinal";1;1;0;0;0;0;0;0;0;0;1;1;0;0;0
"07/12/2023";"05:24:00";"520";"Acidente s";"525";"BR-101/RJ";"Pista Sul";"Colisão traseira";0;0;0;0;0;0;0;0;2;0;4;0;0;0;0
"07/12/2023";"05:48:00";"531";"Acidente c";"574";"BR-101/RJ";"Pista Sul";"Abalroamento longitudinal";0;0;0;0;0;0;0;0;2;0;4;1;0;0;0
"07/12/2023";"07:16:00";"579";"Acidente c";"519";"BR-101/RJ";"Pista Sul";"Abalroamento longitudinal";0;1;0;0;0;0;0;0;1;0;1;0;1;1;0
"07/12/2023";"07:21:00";"581";"Acidente s";"125.8";"BR-116/SP";"Pista Norte";"Colisão traseira";1;0;0;0;0;0;0;0;1;0;2;0;0;0;0
"07/12/2023";"07:31:00";"584";"Acidente c";"144.9";"BR-116/SP";"Pista Sul";"Abalroamento longitudinal";0;1;0;0;0;0;0;0;0;1;1;1;0;0;0
"07/12/2023";"08:02:00";"595";"Acidente s";"485.8";"BR-101/RJ";"Pista Sul";"Abalroamento longitudinal";0;0;0;1;0;0;0;0;2;0;4;0;0;0;0
"07/12/2023";"10:01:00";"641";"Acidente c";"213.8";"BR-116/SP";"Pista Norte";"Engavetamento";0;1;0;0;0;0;0;0;2;0;4;1;0;0;0
"07/12/2023";"10:28:00";"656";"Acidente s";"213.1";"BR-116/SP";"Pista Norte";"Choque em barreira New Jersey";0;0;0;0;0;0;0;0;1;0;1;0;0;0;0
"07/12/2023";"11:36:00";"672";"Acidente s";"104.1";"BR-116/SP";"Pista Norte";"Colisão traseira";2;0;0;0;0;0;0;0;0;0;2;0;0;0;0
"07/12/2023";"11:42:00";"673";"Acidente c";"140.4";"BR-116/SP";"Pista Sul";"Colisão traseira";2;0;0;0;0;0;0;0;0;0;1;0;0;1;0
"08/12/2023";"12:39:00";"27";"Acidente c";"119.9";"BR-116/SP";"Pista Sul";"Abalroamento longitudinal";0;0;0;0;0;0;0;0;1;1;2;4;0;0;0
"08/12/2023";"01:39:00";"38";"Acidente c";"57.6";"BR-116/SP";"Pista Sul";"Queda de moto";0;1;0;0;0;0;0;0;0;0;0;0;1;0;0
"08/12/2023";"02:02:00";"44";"Acidente s";"56";"BR-116/SP";"Pista Norte";"Atropelamento de animal";0;0;0;0;0;0;0;0;1;0;2;0;0;0;0
"08/12/2023";"02:51:00";"53";"Atropelame";"221.6";"BR-116/SP";"Pista Sul";"Atropelamento de pedestre atravessando";0;0;0;0;0;0;0;0;0;1;1;0;0;0;1
"08/12/2023";"03:33:00";"60";"Acidente s";"175.75";"BR-116/SP";"Pista Norte";"Colisão traseira";1;0;0;0;0;0;0;0;1;0;2;0;0;0;0
"08/12/2023";"03:40:00";"61";"Acidente s";"454";"BR-101/RJ";"Pista Sul";"Choque em objeto na pista";0;0;0;0;0;0;0;0;1;0;2;0;0;0;0
"08/12/2023";"04:05:00";"66";"Acidente s";"136.2";"BR-116/SP";"Pista Norte";"Colisão traseira";1;0;0;0;0;0;0;0;0;1;2;0;0;0;0
"08/12/2023";"04:23:00";"72";"Acidente c";"216.8";"BR-116/SP";"Pista Norte";"Choque em barreira New Jersey";0;0;0;0;0;0;0;0;1;0;1;1;0;0;0
"08/12/2023";"05:09:00";"81";"Acidente s";"284.5";"BR-116/RJ";"Pista Sul";"Choque em barreira New Jersey";0;0;0;0;0;0;0;0;1;0;4;0;0;0;0
"08/12/2023";"06:30:00";"118";"Acidente s";"230";"BR-116/RJ";"Pista Norte";"Choque em barreira New Jersey";0;0;0;0;0;0;0;0;1;0;1;0;0;0;0
"08/12/2023";"07:49:00";"173";"Acidente s";"221.05";"BR-116/SP";"Pista Norte";"Engavetamento";0;0;0;1;0;0;0;0;2;0;3;0;0;0;0
"08/12/2023";"07:50:00";"175";"Acidente c";"74.2";"BR-116/SP";"Pista Norte";"Abalroamento longitudinal";1;0;0;0;0;0;0;0;1;0;1;3;0;0;0
"08/12/2023";"08:01:00";"185";"Acidente c";"221";"BR-116/SP";"Pista Sul";"Colisão traseira";0;1;0;0;0;0;0;0;1;0;1;1;0;0;0
"08/12/2023";"08:09:00";"191";"Acidente s";"211";"BR-116/SP";"Pista Norte";"Colisão traseira";0;0;0;0;0;0;0;0;1;1;3;0;0;0;0
"08/12/2023";"08:10:00";"192";"Acidente s";"161";"BR-116/SP";"Pista Norte";"Abalroamento longitudinal";1;0;0;0;0;0;0;0;1;0;2;0;0;0;0
"08/12/2023";"09:24:00";"242";"Acidente c";"482";"BR-101/RJ";"Pista Norte";"Abalroamento longitudinal";0;0;0;0;0;0;0;0;1;1;2;1;0;0;0
"08/12/2023";"11:28:00";"320";"Acidente s";"213";"BR-116/SP";"Pista Sul";"Colisão traseira";1;1;0;0;0;0;0;0;0;0;2;0;0;0;0
"08/12/2023";"12:52:00";"362";"Acidente c";"229";"BR-116/SP";"Pista Norte";"Colisão traseira";2;0;0;0;0;0;0;0;0;0;1;1;0;0;0
"08/12/2023";"12:57:00";"365";"Acidente s";"230";"BR-116/SP";"Pista Norte";"Colisão traseira";0;0;0;0;0;0;0;0;2;0;2;0;0;0;0
"08/12/2023";"01:05:00";"371";"Acidente s";"416";"BR-101/RJ";"Pista Norte";"Choque em defensa";0;0;0;0;0;0;0;0;1;0;1;0;0;0;0
"08/12/2023";"04:09:00";"473";"Acidente s";"86.95";"BR-116/SP";"Pista Norte";"Colisão traseira";0;0;0;0;0;0;0;0;1;1;5;0;0;0;0
"08/12/2023";"04:15:00";"476";"Acidente c";"29";"BR-116/SP";"Pista Norte";"Choque em barreira New Jersey";0;0;0;0;0;0;0;0;1;0;0;0;1;0;0
"08/12/2023";"04:26:00";"479";"Atropelame";"216.3";"BR-116/SP";"Pista Norte";"Atropelamento de pedestre atravessando";0;0;0;0;0;0;1;0;0;0;2;0;1;0;0
"08/12/2023";"04:31:00";"485";"Acidente s";"105";"BR-116/SP";"Pista Sul";"Engavetamento";1;0;0;0;0;0;0;0;2;1;5;0;0;0;0
"08/12/2023";"05:42:00";"516";"Acidente c";"66";"BR-116/SP";"Pista Norte";"Queda de moto";0;1;0;0;0;0;0;0;0;0;0;2;0;0;0
"08/12/2023";"06:18:00";"539";"Acidente c";"63.4";"BR-116/SP";"Pista Sul";"Queda de moto";0;1;0;0;0;0;0;0;0;0;0;1;0;0;0
"08/12/2023";"07:02:00";"573";"Acidente c";"469";"BR-101/RJ";"Pista Norte";"Engavetamento";0;0;0;0;0;0;0;0;2;1;4;2;0;0;0
"08/12/2023";"07:24:00";"589";"Acidente s";"132.5";"BR-116/SP";"Pista Sul";"Engavetamento";0;0;0;0;0;0;0;0;3;0;6;0;0;0;0
"08/12/2023";"08:12:00";"606";"Acidente c";"218";"BR-116/SP";"Pista Norte";"Abalroamento longitudinal";1;1;0;0;0;0;0;0;0;0;1;2;0;0;0
"08/12/2023";"08:19:00";"610";"Acidente s";"402";"BR-101/RJ";"Pista Sul";"Choque em objeto fixo";0;0;0;0;0;1;0;0;0;0;0;0;0;0;0
"08/12/2023";"09:12:00";"638";"Acidente c";"220.1";"BR-116/RJ";"Pista Norte";"Queda de moto";0;1;0;0;0;0;0;0;0;0;0;0;1;0;0
"08/12/2023";"09:41:00";"652";"Acidente c";"220";"BR-116/SP";"Pista Norte";"Engavetamento";0;1;0;0;0;0;0;0;2;0;7;0;1;0;0