data;horario;n_da_ocorrencia;tipo_de_ocorrencia;km;trecho;sentido;tipo_de_acidente;automovel;bicicleta;caminhao;moto;onibus;outros;tracao_animal;transporte_de_cargas_especiais;trator_maquinas;utilitarios;ilesos;levemente_feridos;moderadamente_feridos;gravemente_feridos;mortos
"08/12/2023";"09:53:00";"664";"Acidente s";"29.8";"BR-116/SP";"Pista Norte";"Abalroamento longitudinal";0;0;0;0;0;0;0;0;1;0;3;0;0;0;0
"08/12/2023";"10:07:00";"667";"Acidente s";"553";"BR-101/RJ";"Pista Sul";"Choque em defensa";0;0;0;0;0;0;0;0;1;0;2;0;0;0;0
"08/12/2023";"11:01:00";"682";"Acidente s";"537";"BR-101/RJ";"Pista Norte";"Choque em objeto fixo";0;0;0;0;0;0;0;0;1;0;1;0;0;0;0
"09/12/2023";"01:06:00";"34";"Acidente s";"408";"BR-101/RJ";"Pista Norte";"Colisão traseira";0;0;0;0;0;0;0;0;2;0;2;0;0;0;0
"09/12/2023";"02:29:00";"53";"Acidente s";"228";"BR-116/RJ";"Pista Sul";"Choque em objeto na pista";0;0;0;0;0;0;1;0;0;0;1;0;0;0;0
"09/12/2023";"04:18:00";"77";"Acidente s";"570";"BR-101/RJ";"Pista Norte";"Choque em objeto fixo";0;0;0;0;0;0;1;0;0;0;2;0;0;0;0
"09/12/2023";"04:37:00";"81";"Acidente c";"55.5";"BR-116/SP";"Pista Norte";"Choque em barreira New Jersey";0;0;0;0;0;0;0;0;1;0;0;2;0;1;0
"09/12/2023";"04:53:00";"83";"Acidente c";"146";"BR-116/SP";"Pista Sul";"Choque em defensa";0;0;0;0;0;0;0;0;1;0;0;1;0;0;0
"09/12/2023";"07:15:00";"133";"Acidente s";"250.3";"BR-116/RJ";"Pista Norte";"Abalroamento longitudinal";0;0;0;0;0;0;0;0;1;1;2;0;0;0;0
"09/12/2023";"08:57:00";"193";"Acidente s";"498";"BR-101/RJ";"Pista Sul";"Choque em objeto fixo";0;0;0;0;0;0;0;0;1;0;1;0;0;0;0
"09/12/2023";"09:02:00";"194";"Acidente s";"514";"BR-101/RJ";"Pista Sul";"Choque em objeto fixo";0;0;0;0;0;0;0;0;1;0;3;0;0;0;0
"09/12/2023";"10:35:00";"237";"Acidente c";"51";"BR-101/SP";"Pista Norte";"Abalroamento longitudinal";0;2;0;0;0;0;0;0;0;0;3;1;0;0;0
"09/12/2023";"11:07:00";"258";"Acidente s";"3.1";"BR-101/SP";"Pista Sul";"Choque em objeto fixo";0;0;0;0;0;0;0;0;1;0;3;0;0;0;0
"09/12/2023";"11:14:00";"261";"Acidente s";"387.9";"BR-101/RJ";"Pista Sul";"Abalroamento longitudinal";0;0;0;0;0;0;0;0;1;1;2;0;0;0;0
"09/12/2023";"12:44:00";"304";"Acidente s";"21.7";"BR-116/SP";"Pista Sul";"Choque em barreira New Jersey";0;0;0;0;0;0;0;0;1;0;4;0;0;0;0
"09/12/2023";"01:46:00";"338";"Acidente s";"442";"BR-101/RJ";"Pista Sul";"Choque em objeto fixo";0;0;0;0;0;0;0;0;1;0;4;0;0;0;0
"09/12/2023";"01:58:00";"347";"Acidente s";"211";"BR-116/SP";"Pista Norte";"Choque em defensa";0;0;0;0;0;0;0;0;1;0;1;0;0;0;0
"09/12/2023";"02:18:00";"356";"Acidente c";"402";"BR-101/RJ";"Pista Norte";"Queda de ribanceira";0;0;0;0;0;0;0;0;1;0;0;2;0;0;0
"09/12/2023";"03:50:00";"392";"Acidente c";"219.6";"BR-116/SP";"Pista Norte";"Abalroamento longitudinal";0;1;0;0;0;0;0;0;0;1;1;2;0;0;0
"09/12/2023";"03:50:00";"393";"Acidente s";"557";"BR-101/RJ";"Pista Sul";"Choque em objeto fixo";0;0;0;0;0;0;0;0;1;0;2;0;0;0;0
"09/12/2023";"04:04:00";"398";"Acidente s";"233.9";"BR-116/RJ";"Pista Norte";"Choque em objeto fixo";0;0;0;0;0;0;0;0;1;0;2;0;0;0;0
"09/12/2023";"04:05:00";"399";"Acidente s";"106";"BR-116/SP";"Pista Sul";"Colisão traseira";0;0;0;0;0;0;0;0;2;0;3;0;0;0;0
"09/12/2023";"04:40:00";"418";"Acidente c";"73";"BR-116/SP";"Pista Sul";"Abalroamento longitudinal";1;0;0;0;0;0;0;0;1;0;1;1;0;0;0
"09/12/2023";"04:47:00";"422";"Acidente c";"216";"BR-116/SP";"Pista Norte";"Abalroamento longitudinal";0;1;0;0;0;0;0;0;1;0;2;1;0;0;0
"09/12/2023";"04:59:00";"427";"Acidente s";"227.6";"BR-116/RJ";"Pista Norte";"Choque Talude";0;0;0;0;0;0;0;0;1;0;1;0;0;0;0
"09/12/2023";"06:26:00";"469";"Acidente s";"55.2";"BR-116/SP";"Pista Norte";"Choque em barreira New Jersey";0;0;0;0;0;1;0;0;0;0;2;0;0;0;0
"09/12/2023";"06:43:00";"481";"Acidente s";"120.5";"BR-116/SP";"Pista Norte";"Capotamento";0;0;0;0;0;0;0;0;1;0;1;0;0;0;0
"09/12/2023";"06:46:00";"483";"Acidente s";"253.9";"BR-116/RJ";"Pista Norte";"Capotamento";0;0;0;0;0;0;0;0;1;0;4;0;0;0;0
"09/12/2023";"06:46:00";"484";"Acidente s";"231.5";"BR-116/RJ";"Pista Norte";"Choque em objeto fixo";0;0;0;0;0;0;0;0;1;0;4;0;0;0;0
"09/12/2023";"06:51:00";"486";"Acidente c";"36.7";"BR-116/SP";"Pista Sul";"Capotamento";0;0;0;0;0;0;0;0;1;0;0;1;0;0;0
"09/12/2023";"06:54:00";"487";"Acidente c";"217.95";"BR-116/RJ";"Pista Sul";"Abalroamento longitudinal";0;0;0;0;0;0;0;0;2;0;3;1;0;0;0
"09/12/2023";"07:45:00";"509";"Acidente s";"98.55";"BR-116/SP";"Pista Sul";"Choque em objeto na pista";0;0;0;1;0;0;0;0;1;0;4;0;0;0;0
"09/12/2023";"08:00:00";"518";"Acidente c";"306.7";"BR-116/RJ";"Pista Sul";"Atropelamento de pedestre caminhando";0;0;1;0;0;0;0;0;0;1;1;0;0;1;0
"09/12/2023";"11:21:00";"578";"Acidente c";"302.9";"BR-116/RJ";"Pista Sul";"Abalroamento longitudinal";0;1;0;0;0;0;0;0;0;1;1;0;0;0;1
"09/12/2023";"11:39:00";"583";"Acidente s";"230.5";"BR-116/SP";"Pista Sul";"Colisão traseira";0;0;0;0;0;0;0;0;1;1;3;0;0;0;0
"10/12/2023";"12:02:00";"19";"Acidente s";"223.8";"BR-116/SP";"Pista Sul";"Colisão traseira";1;0;0;0;0;0;0;0;1;0;2;0;0;0;0
"10/12/2023";"12:57:00";"30";"Acidente s";"201";"BR-116/SP";"Pista Norte";"Choque em objeto fixo";0;0;0;0;0;0;0;0;1;0;1;0;0;0;0
"10/12/2023";"01:17:00";"35";"Acidente s";"201";"BR-116/SP";"Pista Norte";"Colisão traseira";0;0;0;0;0;0;0;0;1;1;3;0;0;0;0
"10/12/2023";"08:43:00";"150";"Acidente s";"492.5";"BR-101/RJ";"Pista Norte";"Choque em objeto fixo";0;0;0;0;0;0;0;0;1;0;1;0;0;0;0
"10/12/2023";"08:52:00";"154";"Acidente s";"134.5";"BR-116/SP";"Pista Norte";"Colisão traseira";0;0;0;0;0;0;0;0;1;1;2;0;0;0;0
"10/12/2023";"09:31:00";"169";"Acidente c";"118.6";"BR-116/SP";"Pista Norte";"Engavetamento";0;0;0;0;0;0;0;0;1;2;4;1;0;0;0
"10/12/2023";"01:16:00";"251";"Acidente s";"138.9";"BR-116/SP";"Pista Sul";"Engavetamento";1;0;0;0;0;0;1;0;1;0;6;0;0;0;0
"10/12/2023";"02:30:00";"279";"Acidente s";"76.3";"BR-116/SP";"Pista Norte";"Colisão traseira";1;0;0;0;0;1;0;0;0;0;2;0;0;0;0
"10/12/2023";"02:36:00";"281";"Acidente c";"101.1";"BR-116/SP";"Pista Norte";"Abalroamento longitudinal";1;0;0;0;0;1;0;0;0;0;1;1;0;0;0
"10/12/2023";"02:42:00";"285";"Acidente s";"225.8";"BR-116/SP";"Pista Sul";"Colisão traseira";0;1;0;0;0;0;0;0;0;1;2;0;0;0;0
"10/12/2023";"03:46:00";"314";"Acidente c";"108";"BR-116/SP";"Pista Sul";"Queda de moto";0;1;0;0;0;0;0;0;0;0;0;1;0;0;0
"10/12/2023";"04:27:00";"333";"Acidente c";"205.4";"BR-116/SP";"Pista Sul";"Abalroamento longitudinal";0;1;0;0;0;0;0;0;1;0;1;1;0;0;0
"10/12/2023";"05:56:00";"380";"Acidente s";"222.3";"BR-116/SP";"Pista Norte";"Engavetamento";0;0;0;0;0;0;0;0;2;1;6;0;0;0;0
"10/12/2023";"06:12:00";"392";"Acidente c";"108.2";"BR-116/SP";"Pista Sul";"Colisão traseira";0;0;0;0;0;0;0;0;2;0;7;1;0;0;0
"10/12/2023";"07:11:00";"438";"Acidente s";"147.6";"BR-116/SP";"Pista Norte";"Engavetamento";0;0;0;0;0;0;0;0;4;0;12;0;0;0;0
"10/12/2023";"07:11:00";"437";"Acidente c";"415.1";"BR-101/RJ";"Pista Sul";"Choque em objeto fixo";0;0;0;0;0;0;0;0;1;0;1;1;0;0;0
"10/12/2023";"07:25:00";"446";"Acidente s";"478.7";"BR-101/RJ";"Pista Sul";"Choque em objeto fixo";0;0;0;0;0;0;0;0;1;0;1;0;0;0;0
"10/12/2023";"08:38:00";"479";"Acidente c";"47.9";"BR-101/SP";"Pista Sul";"Colisão traseira";0;1;0;0;0;1;0;0;0;0;5;0;1;0;0
"10/12/2023";"09:48:00";"511";"Acidente s";"275";"BR-116/RJ";"Pista Sul";"Choque em barreira New Jersey";0;0;0;0;0;0;0;0;1;0;1;0;0;0;0
"10/12/2023";"09:52:00";"513";"Acidente c";"47";"BR-101/SP";"Pista Norte";"Queda de moto";0;1;0;0;0;0;0;0;0;0;1;1;0;0;0
"10/12/2023";"10:43:00";"530";"Acidente s";"230";"BR-116/RJ";"Pista Sul";"Colisão traseira";2;0;0;0;0;0;0;0;0;0;2;0;0;0;0
"10/12/2023";"11:00:00";"535";"Acidente c";"186";"BR-116/SP";"Pista Sul";"Abalroamento longitudinal";0;0;0;0;0;0;0;0;2;0;5;0;1;0;0
"11/12/2023";"12:08:00";"21";"Acidente s";"218.7";"BR-116/SP";"Pista Norte";"Colisão traseira";0;0;0;0;0;0;0;0;2;0;5;0;0;0;0
"11/12/2023";"12:29:00";"24";"Acidente s";"113";"BR-116/SP";"Pista Norte";"Choque em barreira New Jersey";0;0;0;0;0;0;0;0;1;0;0;0;0;0;0
"11/12/2023";"01:14:00";"37";"Acidente s";"37.65";"BR-116/SP";"Pista Sul";"Atropelamento de animal";0;0;0;0;0;0;0;0;1;0;2;0;0;0;0
"11/12/2023";"01:23:00";"38";"Acidente c";"322.55";"BR-116/RJ";"Pista Sul";"Abalroamento longitudinal";1;0;0;0;0;0;0;0;1;0;1;1;0;0;0
"11/12/2023";"02:56:00";"55";"Acidente c";"144.9";"BR-116/SP";"Pista Norte";"Tombamento";1;0;0;0;0;0;0;0;0;0;1;1;0;0;0
"11/12/2023";"03:43:00";"60";"Acidente s";"231.7";"BR-116/RJ";"Pista Norte";"Choque Talude";0;0;0;0;0;0;0;0;1;0;1;0;0;0;0
"11/12/2023";"04:02:00";"63";"Acidente s";"279.4";"BR-116/RJ";"Pista Sul";"Capotamento";0;0;0;0;0;0;0;0;1;0;1;0;0;0;0
"11/12/2023";"04:16:00";"66";"Acidente s";"69.9";"BR-116/SP";"Pista Norte";"Tombamento";1;0;0;0;0;0;0;0;0;0;1;0;0;0;0
"11/12/2023";"05:18:00";"75";"Acidente s";"198.5";"BR-116/SP";"Pista Norte";"Colisão traseira";1;0;0;0;0;0;0;0;0;0;1;0;0;0;0
"11/12/2023";"05:49:00";"89";"Acidente c";"272";"BR-116/RJ";"Pista Sul";"Colisão traseira";0;0;0;0;0;0;0;0;2;0;1;0;1;0;0
"11/12/2023";"06:02:00";"92";"Acidente s";"291.4";"BR-116/RJ";"Pista Norte";"Outros";1;0;0;0;0;0;0;0;0;0;1;0;0;0;0
"11/12/2023";"06:07:00";"94";"Acidente c";"230.5";"BR-116/SP";"Pista Sul";"Queda de moto";0;1;0;0;0;0;0;0;0;0;0;1;0;0;0
"11/12/2023";"06:44:00";"120";"Acidente c";"224.4";"BR-116/SP";"Pista Sul";"Queda de moto";0;1;0;0;0;0;0;0;0;0;0;1;0;0;0
"11/12/2023";"06:53:00";"124";"Acidente s";"206.8";"BR-116/SP";"Pista Sul";"Engavetamento";0;0;0;0;0;1;0;0;2;0;3;0;0;0;0
"11/12/2023";"07:22:00";"142";"Acidente s";"257.8";"BR-116/RJ";"Pista Norte";"Colisão traseira";2;0;0;0;0;0;0;0;0;0;2;0;0;0;0
"11/12/2023";"07:42:00";"151";"Acidente c";"158.9";"BR-116/SP";"Pista Norte";"Colisão traseira";0;1;0;0;0;0;0;0;1;0;3;0;1;0;0
"11/12/2023";"08:14:00";"172";"Acidente s";"226.2";"BR-116/RJ";"Pista Sul";"Capotamento";0;0;0;0;0;0;0;0;1;0;1;0;0;0;0
"11/12/2023";"08:23:00";"180";"Acidente s";"393";"BR-101/RJ";"Pista Norte";"Choque em barreira New Jersey";0;0;0;0;0;0;0;0;1;0;1;0;0;0;0
"11/12/2023";"08:34:00";"185";"Acidente c";"477";"BR-101/RJ";"Pista Sul";"Colisão traseira";0;1;0;0;0;0;0;0;1;0;1;0;1;0;0
"11/12/2023";"10:14:00";"248";"Acidente s";"224.8";"BR-116/SP";"Pista Norte";"Tombamento";1;0;0;0;0;0;0;0;0;0;1;0;0;0;0
"11/12/2023";"10:35:00";"260";"Acidente s";"221.4";"BR-116/SP";"Pista Norte";"Abalroamento longitudinal";0;1;0;0;0;0;0;0;1;0;2;0;0;0;0
"11/12/2023";"10:49:00";"271";"Acidente s";"223";"BR-116/SP";"Pista Norte";"Engavetamento";0;0;0;0;0;0;1;0;3;0;6;0;0;0;0
"11/12/2023";"12:47:00";"338";"Acidente s";"155.9";"BR-116/SP";"Pista Sul";"Colisão traseira";0;0;0;0;0;0;0;0;2;0;2;0;0;0;0
"11/12/2023";"02:24:00";"372";"Acidente s";"145.7";"BR-116/SP";"Pista Sul";"Abalroamento longitudinal";1;0;0;0;0;0;1;0;0;0;2;0;0;0;0
"11/12/2023";"03:01:00";"392";"Acidente s";"252.8";"BR-116/RJ";"Pista Sul";"Queda de ribanceira";0;0;0;0;0;0;0;0;1;0;2;0;0;0;0
"11/12/2023";"03:05:00";"395";"Acidente s";"227.8";"BR-116/SP";"Pista Norte";"Abalroamento longitudinal";1;0;0;0;0;0;0;0;1;0;2;0;0;0;0
"11/12/2023";"03:05:00";"394";"Acidente c";"191";"BR-116/SP";"Pista Sul";"Queda de moto";0;1;0;0;0;0;0;0;0;0;0;2;0;0;0
"11/12/2023";"03:39:00";"405";"Acidente c";"222.7";"BR-116/SP";"Pista Norte";"Abalroamento longitudinal";0;1;0;0;0;0;0;0;0;1;1;1;0;0;0
"11/12/2023";"04:33:00";"434";"Acidente c";"219.7";"BR-116/SP";"Pista Sul";"Queda de moto";0;1;0;0;0;0;0;0;0;0;0;0;1;0;0
"11/12/2023";"04:40:00";"439";"Acidente s";"208";"BR-116/SP";"Pista Norte";"Engavetamento";2;0;0;0;0;0;1;0;0;0;4;0;0;0;0
"11/12/2023";"04:56:00";"448";"Acidente c";"309";"BR-116/RJ";"Pista Sul";"Colisão traseira";1;0;0;0;0;0;0;0;1;0;0;2;0;0;0
"11/12/2023";"05:10:00";"454";"Acidente c";"49.7";"BR-101/SP";"Pista Norte";"Engavetamento";0;1;0;0;0;0;0;0;2;0;2;1;0;0;0
"11/12/2023";"05:11:00";"455";"Acidente c";"402";"BR-101/RJ";"Pista Sul";"Queda de moto";0;1;0;0;0;0;0;0;0;0;0;2;0;0;0
"11/12/2023";"06:21:00";"483";"Acidente s";"226.7";"BR-116/RJ";"Pista Norte";"Choque Talude";0;0;0;0;0;0;0;0;1;0;1;0;0;0;0
"11/12/2023";"06:55:00";"500";"Acidente s";"222.2";"BR-116/SP";"Pista Sul";"Abalroamento longitudinal";0;0;0;0;0;0;0;0;1;1;2;0;0;0;0
"11/12/2023";"07:06:00";"502";"Acidente s";"530.7";"BR-101/RJ";"Pista Sul";"Choque Talude";0;0;0;0;0;0;0;0;1;0;1;0;0;0;0
"11/12/2023";"07:54:00";"518";"Acidente s";"530.7";"BR-101/RJ";"Pista Sul";"Abalroamento longitudinal";0;0;0;0;0;0;0;0;2;0;2;0;0;0;0
"11/12/2023";"08:27:00";"532";"Acidente c";"215.1";"BR-116/SP";"Pista Sul";"Queda de moto";0;1;0;0;0;0;0;0;0;0;0;0;1;0;0
"11/12/2023";"09:14:00";"549";"Acidente s";"160.85";"BR-116/SP";"Pista Norte";"Abalroamento longitudinal";1;0;0;0;0;0;0;0;1;0;2;0;0;0;0
"11/12/2023";"10:13:00";"575";"Acidente s";"314";"BR-116/RJ";"Pista Sul";"Choque em barreira New Jersey";0;0;0;0;0;0;0;0;1;0;1;0;0;0;0
"12/12/2023";"12:02:00";"19";"Acidente c";"563";"BR-101/RJ";"Pista Sul";"Queda de moto";0;1;0;0;0;0;0;0;0;0;0;1;0;0;0
"12/12/2023";"01:19:00";"32";"Acidente s";"30.4";"BR-116/SP";"Pista Sul";"Colisão traseira";1;0;0;0;0;0;0;0;1;0;2;0;0;0;0
"12/12/2023";"03:23:00";"51";"Acidente s";"261.2";"BR-116/RJ";"Pista Norte";"Choque em objeto na pista";3;0;0;0;0;0;0;0;0;0;3;0;0;0;0
"12/12/2023";"06:47:00";"126";"Acidente c";"220.1";"BR-116/SP";"Pista Sul";"Abalroamento longitudinal";0;1;0;0;0;0;0;0;1;0;1;1;0;0;0
"12/12/2023";"07:42:00";"173";"Acidente c";"229.3";"BR-116/SP";"Pista Sul";"Colisão traseira";0;1;0;0;0;0;0;0;1;0;1;0;2;0;0
"12/12/2023";"07:59:00";"183";"Acidente s";"307";"BR-116/RJ";"Pista Sul";"Colisão traseira";0;0;0;0;0;0;0;0;2;0;5;0;0;0;0
"12/12/2023";"08:43:00";"205";"Acidente c";"218.6";"BR-116/SP";"Pista Sul";"Colisão traseira";0;1;0;0;0;0;0;0;0;1;1;1;0;0;0
"12/12/2023";"09:35:00";"234";"Acidente s";"162";"BR-116/SP";"Pista Norte";"Abalroamento longitudinal";1;0;0;0;0;0;0;0;1;0;2;0;0;0;0
"12/12/2023";"09:35:00";"236";"Acidente c";"540";"BR-101/RJ";"Pista Norte";"Capotamento";0;0;0;0;0;0;0;0;1;0;3;1;0;0;0
"12/12/2023";"10:09:00";"257";"Acidente c";"212.2";"BR-116/SP";"Pista Sul";"Colisão traseira";1;0;0;0;0;0;0;0;0;1;1;1;0;0;0
"12/12/2023";"10:11:00";"258";"Acidente c";"228.8";"BR-116/SP";"Pista Sul";"Engavetamento";0;0;0;0;0;0;0;0;4;0;4;1;0;0;0
"12/12/2023";"10:19:00";"264";"Acidente s";"405";"BR-101/RJ";"Pista Norte";"Capotamento";0;0;0;0;0;0;0;0;1;0;1;0;0;0;0
"12/12/2023";"10:32:00";"268";"Acidente s";"423.6";"BR-101/RJ";"Pista Norte";"Choque em objeto fixo";0;0;0;0;0;0;0;0;1;0;2;0;0;0;0
"12/12/2023";"10:36:00";"271";"Acidente c";"220.9";"BR-116/SP";"Pista Sul";"Colisão traseira";0;1;0;0;0;0;0;0;0;1;0;1;0;0;0
"12/12/2023";"12:56:00";"325";"Acidente s";"417.2";"BR-101/RJ";"Pista Sul";"Choque em objeto fixo";1;0;0;0;0;0;0;0;0;0;3;0;0;0;0
"12/12/2023";"01:40:00";"350";"Acidente c";"220.1";"BR-116/SP";"Pista Sul";"Colisão traseira";1;1;0;0;0;0;0;0;0;0;2;0;0;1;0
"12/12/2023";"02:23:00";"365";"Acidente s";"135.6";"BR-116/SP";"Pista Sul";"Colisão traseira";0;0;0;0;0;0;0;0;1;1;3;0;0;0;0
"12/12/2023";"02:25:00";"368";"Acidente s";"210.1";"BR-116/SP";"Pista Sul";"Engavetamento";1;0;0;0;0;0;0;0;4;0;5;0;0;0;0
"12/12/2023";"04:08:00";"410";"Acidente s";"281.1";"BR-116/RJ";"Pista Sul";"Choque em objeto fixo";1;0;0;0;0;0;0;0;0;0;1;0;0;0;0
"12/12/2023";"05:23:00";"441";"Acidente c";"39.8";"BR-116/SP";"Pista Norte";"Colisão traseira";0;0;0;0;0;0;0;0;1;1;1;1;0;0;0
"12/12/2023";"05:46:00";"456";"Acidente c";"230.6";"BR-116/SP";"Pista Sul";"Colisão traseira";0;1;0;0;0;0;0;0;1;0;5;1;0;0;0
"12/12/2023";"06:08:00";"464";"Acidente c";"230";"BR-116/SP";"Pista Norte";"Abalroamento longitudinal";0;1;0;0;0;0;0;0;1;0;1;1;0;0;0
"12/12/2023";"06:58:00";"487";"Atropelame";"403.5";"BR-101/RJ";"Pista Norte";"Atropelamento de pedestre atravessando";0;1;0;0;0;0;0;0;0;0;0;0;0;1;1
"12/12/2023";"09:35:00";"547";"Acidente c";"222";"BR-116/SP";"Pista Norte";"Abalroamento longitudinal";0;1;0;0;0;0;0;0;1;0;1;1;0;0;0
"13/12/2023";"12:37:00";"26";"Acidente c";"148.4";"BR-116/SP";"Pista Norte";"Queda de moto";0;1;0;0;0;0;0;0;0;0;0;0;1;0;0
"13/12/2023";"02:07:00";"46";"Acidente c";"41.85";"BR-116/SP";"Pista Norte";"Abalroamento longitudinal";1;0;0;0;0;0;0;0;0;1;1;1;0;0;0
"13/12/2023";"05:33:00";"86";"Acidente c";"152";"BR-116/SP";"Pista Norte";"Capotamento";0;0;0;0;0;0;0;0;1;0;0;0;0;1;0
"13/12/2023";"07:57:00";"183";"Acidente s";"306";"BR-116/RJ";"Pista Norte";"Abalroamento longitudinal";1;0;0;0;0;0;0;0;1;0;3;0;0;0;0
"13/12/2023";"08:04:00";"193";"Acidente c";"158.4";"BR-116/SP";"Pista Norte";"Abalroamento longitudinal";0;1;0;0;0;0;0;0;1;0;1;2;0;0;0
"13/12/2023";"08:18:00";"204";"Acidente s";"231";"BR-116/SP";"Pista Sul";"Abalroamento longitudinal";0;0;0;0;0;0;0;0;2;1;4;0;0;0;0
"13/12/2023";"08:37:00";"218";"Acidente c";"64.6";"BR-116/SP";"Pista Norte";"Queda de moto";0;1;0;0;0;0;0;0;0;0;0;1;1;0;0
"13/12/2023";"09:15:00";"250";"Acidente c";"278";"BR-116/RJ";"Pista Sul";"Engavetamento";2;0;0;0;0;0;0;0;1;1;2;2;0;0;0
"13/12/2023";"09:20:00";"253";"Acidente c";"511";"BR-101/RJ";"Pista Sul";"Colisão traseira";0;1;0;0;0;0;0;0;1;0;1;1;1;0;0
"13/12/2023";"11:03:00";"297";"Acidente s";"68.9";"BR-116/SP";"Pista Norte";"Abalroamento longitudinal";2;0;0;0;0;0;0;0;0;0;2;0;0;0;0
"13/12/2023";"11:29:00";"315";"Acidente c";"264";"BR-116/RJ";"Pista Sul";"Abalroamento longitudinal";0;0;0;0;0;0;0;0;2;0;0;3;0;0;0
"13/12/2023";"02:03:00";"383";"Acidente c";"155";"BR-116/SP";"Pista Sul";"Abalroamento longitudinal";1;0;0;0;0;0;0;0;1;0;1;1;0;0;0
"13/12/2023";"02:40:00";"398";"Acidente c";"315.2";"BR-116/RJ";"Pista Sul";"Abalroamento longitudinal";0;0;0;0;0;0;0;0;2;0;0;2;0;1;0
"13/12/2023";"03:16:00";"417";"Acidente s";"56.7";"BR-116/SP";"Pista Sul";"Colisão traseira";1;0;0;0;0;0;0;0;1;0;2;0;0;0;0
"13/12/2023";"03:27:00";"423";"Acidente s";"225";"BR-116/SP";"Pista Sul";"Colisão traseira";1;0;0;0;0;0;0;0;1;0;2;0;0;0;0
"13/12/2023";"04:55:00";"471";"Acidente c";"208";"BR-116/SP";"Pista Norte";"Abalroamento longitudinal";0;1;0;0;0;0;0;0;1;0;4;1;0;0;0
"13/12/2023";"06:11:00";"519";"Acidente c";"307.4";"BR-116/RJ";"Pista Norte";"Colisão traseira";1;0;0;0;0;0;0;0;1;0;1;0;1;0;0
"13/12/2023";"06:27:00";"525";"Acidente c";"227.1";"BR-116/SP";"Pista Sul";"Abalroamento longitudinal";1;0;0;0;0;0;0;0;1;0;1;1;0;0;0
"13/12/2023";"07:07:00";"549";"Acidente s";"210.5";"BR-116/SP";"Pista Sul";"Abalroamento longitudinal";0;0;0;0;0;0;0;0;2;0;4;0;0;0;0
"13/12/2023";"07:36:00";"563";"Acidente s";"61.6";"BR-116/SP";"Pista Sul";"Colisão traseira";1;0;0;0;0;0;0;0;1;0;4;0;0;0;0
"13/12/2023";"08:35:00";"593";"Atropelame";"50.05";"BR-116/SP";"Pista Sul";"Atropelamento de pedestre caminhando";0;0;0;0;0;0;0;0;0;1;1;0;0;1;0
"13/12/2023";"09:55:00";"621";"Acidente s";"5.1";"BR-101/SP";"Pista Norte";"Capotamento";0;0;0;0;0;0;0;0;1;0;0;0;0;0;0
"13/12/2023";"09:58:00";"623";"Acidente c";"216.5";"BR-116/SP";"Pista Sul";"Colisão traseira";0;0;0;0;0;0;0;0;2;0;2;1;0;0;0
"14/12/2023";"01:58:00";"50";"Acidente c";"232.3";"BR-116/RJ";"Pista Norte";"Choque Talude";1;0;0;0;0;0;0;0;0;0;0;1;0;0;0
"14/12/2023";"05:26:00";"94";"Acidente s";"195.4";"BR-116/SP";"Pista Sul";"Colisão traseira";2;0;0;0;0;0;0;0;0;0;3;0;0;0;0
"14/12/2023";"06:23:00";"127";"Acidente c";"243.7";"BR-116/RJ";"Pista Norte";"Engavetamento";2;0;0;0;0;0;0;0;0;1;2;1;0;0;0
"14/12/2023";"06:41:00";"140";"Acidente c";"245.48";"BR-116/RJ";"Pista Norte";"Tombamento";2;0;0;0;0;0;0;0;0;0;2;0;1;0;0
"14/12/2023";"06:51:00";"147";"Acidente c";"396";"BR-101/RJ";"Pista Norte";"Queda de moto";0;1;0;0;0;0;0;0;0;0;0;1;0;0;0
"14/12/2023";"08:31:00";"220";"Acidente s";"227.5";"BR-116/SP";"Pista Sul";"Abalroamento longitudinal";0;0;0;1;0;0;0;0;1;0;2;0;0;0;0
"14/12/2023";"08:53:00";"241";"Acidente c";"45.5";"BR-101/SP";"Pista Norte";"Atropelamento de pedestre atravessando";0;0;1;0;0;0;0;0;1;0;1;1;0;0;0
"14/12/2023";"10:43:00";"314";"Acidente c";"48";"BR-101/SP";"Pista Sul";"Abalroamento longitudinal";1;1;0;0;0;0;0;0;0;0;1;1;0;0;0
"14/12/2023";"01:30:00";"405";"Acidente s";"153.5";"BR-116/SP";"Pista Sul";"Colisão traseira";0;0;0;0;0;0;0;0;1;1;4;0;0;0;0
"14/12/2023";"01:49:00";"415";"Acidente c";"221.95";"BR-116/SP";"Pista Sul";"Colisão traseira";0;1;0;0;0;0;0;0;0;1;1;0;1;0;0
"14/12/2023";"04:30:00";"514";"Acidente c";"565";"BR-101/RJ";"Pista Norte";"Abalroamento longitudinal";0;1;0;0;0;0;0;0;1;0;2;1;0;0;0
"14/12/2023";"04:38:00";"522";"Acidente s";"144.1";"BR-116/SP";"Pista Norte";"Colisão traseira";0;0;0;0;0;0;0;0;2;0;2;0;0;0;0
"14/12/2023";"05:07:00";"536";"Acidente s";"145";"BR-116/SP";"Pista Norte";"Engavetamento";0;0;0;0;0;0;0;0;3;0;5;0;0;0;0
"14/12/2023";"05:07:00";"538";"Acidente s";"118";"BR-116/SP";"Pista Norte";"Colisão traseira";1;0;0;0;0;0;0;0;0;1;2;0;0;0;0