data;horario;n_da_ocorrencia;tipo_de_ocorrencia;km;trecho;sentido;tipo_de_acidente;automovel;bicicleta;caminhao;moto;onibus;outros;tracao_animal;transporte_de_cargas_especiais;trator_maquinas;utilitarios;ilesos;levemente_feridos;moderadamente_feridos;gravemente_feridos;mortos
"14/12/2023";"05:27:00";"552";"Acidente c";"94.5";"BR-116/SP";"Pista Sul";"Queda de moto";0;1;0;0;0;0;0;0;0;0;0;1;0;0;0
"14/12/2023";"05:40:00";"556";"Acidente c";"217.6";"BR-116/SP";"Pista Norte";"Colisão traseira";0;1;0;0;0;0;0;0;1;0;1;0;1;0;0
"14/12/2023";"05:59:00";"565";"Acidente s";"145.3";"BR-116/SP";"Pista Sul";"Abalroamento longitudinal";0;1;0;0;0;0;0;0;0;1;2;0;0;0;0
"14/12/2023";"06:08:00";"572";"Acidente s";"144.9";"BR-116/SP";"Pista Norte";"Engavetamento";0;0;0;0;0;0;0;0;3;0;8;0;0;0;0
"14/12/2023";"06:21:00";"584";"Acidente c";"317.2";"BR-116/RJ";"Pista Norte";"Queda de moto";0;1;0;0;0;0;0;0;0;0;0;2;0;0;0
"14/12/2023";"06:22:00";"586";"Acidente c";"489";"BR-101/RJ";"Pista Norte";"Abalroamento longitudinal";0;1;0;0;0;0;0;0;1;0;2;0;1;0;0
"14/12/2023";"10:14:00";"718";"Acidente c";"226.4";"BR-116/RJ";"Pista Norte";"Choque em barreira New Jersey";0;0;0;0;0;0;0;0;1;0;0;1;0;0;0
"14/12/2023";"11:06:00";"732";"Acidente s";"64.5";"BR-116/SP";"Pista Norte";"Choque em barreira New Jersey";1;0;0;0;0;0;0;0;1;0;0;0;0;0;0
"14/12/2023";"11:25:00";"739";"Acidente s";"226.4";"BR-116/RJ";"Pista Norte";"Colisão traseira";1;0;0;0;0;1;0;0;0;1;3;0;0;0;0
"14/12/2023";"11:54:00";"746";"Acidente c";"26.8";"BR-116/SP";"Pista Sul";"Choque em barreira New Jersey";1;0;0;0;0;0;0;0;0;0;0;0;1;0;0
"14/12/2023";"11:54:00";"747";"Acidente s";"489.3";"BR-101/RJ";"Pista Sul";"Colisão traseira";1;0;0;0;0;0;0;0;1;0;5;0;0;0;0
"15/12/2023";"01:44:00";"41";"Acidente c";"272";"BR-116/RJ";"Pista Norte";"Colisão traseira";2;0;0;0;0;0;0;0;0;0;1;1;0;0;0
"15/12/2023";"03:51:00";"67";"Acidente s";"474.2";"BR-101/RJ";"Pista Norte";"Choque em defensa";0;0;0;0;0;0;0;0;1;0;1;0;0;0;0
"15/12/2023";"07:05:00";"150";"Acidente c";"154.4";"BR-116/SP";"Pista Norte";"Queda de moto";0;1;0;0;0;0;0;0;0;0;0;2;0;0;0
"15/12/2023";"09:18:00";"253";"Acidente s";"204.5";"BR-116/SP";"Pista Sul";"Abalroamento longitudinal";1;0;0;0;0;0;0;0;1;0;2;0;0;0;0
"15/12/2023";"10:08:00";"290";"Acidente s";"86.95";"BR-116/SP";"Pista Sul";"Colisão traseira";0;0;0;0;0;0;0;0;1;1;4;0;0;0;0
"15/12/2023";"10:51:00";"315";"Acidente s";"285.7";"BR-116/RJ";"Pista Sul";"Colisão traseira";0;0;0;0;1;0;0;0;1;0;26;0;0;0;0
"15/12/2023";"11:08:00";"332";"Acidente c";"529";"BR-101/RJ";"Pista Norte";"Capotamento";0;0;0;0;0;0;0;0;1;0;0;1;0;0;0
"15/12/2023";"12:04:00";"374";"Acidente c";"205.1";"BR-116/SP";"Pista Sul";"Abalroamento longitudinal";0;1;0;0;0;0;0;0;1;0;1;1;0;0;0
"15/12/2023";"01:30:00";"419";"Acidente c";"215";"BR-116/SP";"Pista Norte";"Abalroamento longitudinal";0;0;0;0;0;0;0;0;2;0;1;1;0;0;0
"15/12/2023";"02:14:00";"443";"Acidente s";"590";"BR-101/RJ";"Pista Norte";"Colisão traseira";0;0;0;0;0;1;0;0;1;0;2;0;0;0;0
"15/12/2023";"02:45:00";"462";"Acidente c";"155.6";"BR-116/SP";"Pista Sul";"Colisão traseira";0;0;0;0;0;0;0;0;2;0;4;1;0;0;0
"15/12/2023";"03:11:00";"480";"Acidente c";"216.5";"BR-116/SP";"Pista Sul";"Engavetamento";0;0;0;0;0;0;0;0;3;0;6;1;0;0;0
"15/12/2023";"04:33:00";"531";"Acidente s";"574";"BR-101/RJ";"Pista Sul";"Queda de ribanceira";0;0;0;0;0;0;0;0;1;0;1;0;0;0;0
"15/12/2023";"04:34:00";"533";"Acidente c";"484";"BR-101/RJ";"Pista Sul";"Abalroamento longitudinal";0;0;0;1;0;0;0;0;0;1;1;1;0;0;0
"15/12/2023";"04:41:00";"538";"Acidente c";"322";"BR-116/RJ";"Pista Norte";"Colisão traseira";1;0;0;0;0;0;0;0;1;0;0;3;0;0;0
"15/12/2023";"04:47:00";"542";"Acidente s";"285";"BR-116/RJ";"Pista Sul";"Abalroamento longitudinal";1;0;0;0;0;0;0;0;1;0;2;0;0;0;0
"15/12/2023";"05:10:00";"560";"Acidente s";"152";"BR-116/SP";"Pista Sul";"Engavetamento";1;0;0;0;0;0;0;0;2;0;3;0;0;0;0
"15/12/2023";"05:27:00";"567";"Acidente s";"227.8";"BR-116/RJ";"Pista Sul";"Colisão traseira";2;0;0;0;0;0;0;0;0;0;2;0;0;0;0
"15/12/2023";"06:15:00";"597";"Acidente c";"40.8";"BR-101/SP";"Pista Norte";"Abalroamento longitudinal";0;0;0;0;0;0;0;0;2;0;7;1;0;0;0
"15/12/2023";"06:20:00";"600";"Acidente s";"27.1";"BR-116/SP";"Pista Sul";"Abalroamento longitudinal";1;0;0;0;0;0;0;0;1;0;0;0;0;0;0
"15/12/2023";"07:41:00";"649";"Acidente c";"217.7";"BR-116/SP";"Pista Norte";"Colisão traseira";0;1;0;0;0;0;0;0;1;0;2;1;0;0;0
"15/12/2023";"09:45:00";"709";"Acidente s";"230.1";"BR-116/SP";"Pista Sul";"Engavetamento";0;0;0;0;0;0;0;0;4;2;9;0;0;0;0
"15/12/2023";"10:12:00";"720";"Acidente s";"229.2";"BR-116/RJ";"Pista Norte";"Choque Talude";1;0;0;0;0;0;0;0;0;0;1;0;0;0;0
"15/12/2023";"11:27:00";"743";"Acidente s";"220.7";"BR-116/SP";"Pista Norte";"Colisão traseira";0;0;0;0;0;0;0;0;2;0;3;0;0;0;0
"15/12/2023";"11:34:00";"745";"Acidente c";"261.8";"BR-116/RJ";"Pista Norte";"Capotamento";0;0;0;0;0;0;0;0;1;0;0;2;0;0;0
"16/12/2023";"12:10:00";"21";"Acidente s";"213";"BR-116/SP";"Pista Sul";"Capotamento";0;0;0;0;0;0;0;0;1;0;1;0;0;0;0
"16/12/2023";"12:42:00";"34";"Acidente s";"117.4";"BR-116/SP";"Pista Norte";"Choque em objeto fixo";0;0;0;0;0;0;0;0;1;0;0;0;0;0;0
"16/12/2023";"03:58:00";"66";"Acidente s";"327";"BR-116/RJ";"Pista Sul";"Choque em barreira New Jersey";0;0;0;0;0;0;0;0;1;0;0;0;0;0;0
"16/12/2023";"04:34:00";"79";"Acidente s";"480";"BR-101/RJ";"Pista Sul";"Choque em objeto fixo";0;0;0;0;0;0;0;0;1;0;1;0;0;0;0
"16/12/2023";"04:47:00";"81";"Acidente s";"39.7";"BR-116/SP";"Pista Norte";"Colisão traseira";0;0;0;0;0;0;0;0;1;1;2;0;0;0;0
"16/12/2023";"05:20:00";"92";"Acidente s";"227";"BR-116/SP";"Pista Sul";"Choque em barreira New Jersey";0;0;0;0;0;0;0;0;1;0;1;0;0;0;0
"16/12/2023";"06:37:00";"127";"Atropelame";"206";"BR-116/SP";"Pista Norte";"Atropelamento de pedestre atravessando";0;0;1;0;0;0;0;0;1;0;1;0;1;0;0
"16/12/2023";"06:56:00";"140";"Acidente s";"165.2";"BR-116/SP";"Pista Norte";"Choque em barreira New Jersey";0;0;0;0;0;0;0;0;1;0;1;0;0;0;0
"16/12/2023";"07:10:00";"147";"Acidente c";"405";"BR-101/RJ";"Pista Sul";"Colisão traseira";1;0;0;0;0;0;1;0;0;0;2;0;1;0;0
"16/12/2023";"08:31:00";"214";"Acidente s";"157.2";"BR-116/SP";"Pista Sul";"Choque em objeto na pista";0;1;0;0;0;0;0;0;0;0;1;0;0;0;0
"16/12/2023";"08:36:00";"219";"Acidente s";"210";"BR-116/SP";"Pista Sul";"Engavetamento";0;0;0;0;0;0;0;0;2;1;3;0;0;0;0
"16/12/2023";"09:09:00";"240";"Acidente s";"157.5";"BR-116/SP";"Pista Sul";"Abalroamento longitudinal";1;0;0;0;0;0;0;0;1;0;2;0;0;0;0
"16/12/2023";"10:13:00";"282";"Acidente s";"146";"BR-116/SP";"Pista Sul";"Abalroamento longitudinal";1;0;0;0;0;0;0;0;1;0;2;0;0;0;0
"16/12/2023";"10:52:00";"299";"Acidente s";"116";"BR-116/SP";"Pista Norte";"Engavetamento";0;0;0;0;0;0;0;0;3;2;11;0;0;0;0
"16/12/2023";"10:58:00";"306";"Acidente c";"480";"BR-101/RJ";"Pista Sul";"Abalroamento longitudinal";1;0;0;0;0;0;1;0;0;0;2;0;2;0;0
"16/12/2023";"11:35:00";"328";"Acidente c";"117";"BR-116/SP";"Pista Norte";"Colisão traseira";0;0;0;0;0;0;0;0;2;0;3;1;0;0;0
"16/12/2023";"12:55:00";"363";"Acidente c";"420";"BR-101/RJ";"Pista Norte";"Colisão traseira";0;1;0;0;0;0;0;0;1;0;1;0;0;1;0
"16/12/2023";"01:52:00";"402";"Acidente c";"563";"BR-101/RJ";"Pista Norte";"Queda de moto";0;1;0;0;0;0;0;0;0;0;0;1;1;0;0
"16/12/2023";"02:18:00";"427";"Acidente c";"95.3";"BR-116/SP";"Pista Sul";"Queda de moto";0;1;0;0;0;0;0;0;0;0;1;1;0;0;0
"16/12/2023";"02:19:00";"428";"Acidente c";"156";"BR-116/SP";"Pista Sul";"Colisão traseira";0;0;0;0;0;0;0;0;2;0;2;1;0;0;0
"16/12/2023";"02:32:00";"438";"Acidente s";"155";"BR-116/SP";"Pista Sul";"Colisão traseira";0;0;0;0;0;0;0;0;2;0;2;0;0;0;0
"16/12/2023";"02:37:00";"442";"Acidente c";"218.5";"BR-116/SP";"Pista Sul";"Colisão frontal";1;0;0;0;0;0;0;0;1;0;4;1;0;0;0
"16/12/2023";"02:53:00";"459";"Acidente c";"144";"BR-116/SP";"Pista Sul";"Colisão traseira";0;0;0;0;0;0;0;0;2;0;3;1;0;0;0
"16/12/2023";"03:11:00";"470";"Acidente c";"227";"BR-116/SP";"Pista Norte";"Queda de moto";0;1;0;0;0;0;0;0;0;0;0;2;0;0;0
"16/12/2023";"03:12:00";"471";"Acidente s";"264";"BR-116/RJ";"Pista Norte";"Queda de ribanceira";0;0;0;0;0;0;0;0;1;0;1;0;0;0;0
"16/12/2023";"04:00:00";"500";"Acidente s";"141.2";"BR-116/SP";"Pista Sul";"Colisão traseira";0;0;0;0;0;0;0;0;2;0;7;0;0;0;0
"16/12/2023";"04:02:00";"501";"Acidente c";"565";"BR-101/RJ";"Pista Sul";"Queda de moto";0;1;0;0;0;0;0;0;0;0;0;0;1;0;0
"16/12/2023";"04:07:00";"505";"Acidente c";"213.3";"BR-116/SP";"Pista Norte";"Engavetamento";1;0;0;0;0;0;0;0;2;0;2;1;0;0;0
"16/12/2023";"04:45:00";"516";"Acidente c";"223";"BR-116/SP";"Pista Norte";"Abalroamento longitudinal";0;1;0;0;0;0;0;0;1;0;1;1;0;0;0
"16/12/2023";"05:07:00";"526";"Acidente s";"500";"BR-101/RJ";"Pista Sul";"Choque em objeto fixo";0;0;0;0;0;0;0;0;1;0;1;0;0;0;0
"16/12/2023";"05:08:00";"528";"Acidente c";"221";"BR-116/SP";"Pista Norte";"Engavetamento";0;1;0;0;0;0;0;0;2;0;5;1;0;0;0
"16/12/2023";"05:30:00";"539";"Acidente c";"478.8";"BR-101/RJ";"Pista Norte";"Colisão frontal";3;0;0;0;0;0;0;0;0;0;0;1;0;1;1
"16/12/2023";"05:37:00";"546";"Acidente s";"182.3";"BR-116/SP";"Pista Norte";"Colisão traseira";0;0;0;0;0;0;0;0;1;1;7;0;0;0;0
"16/12/2023";"06:24:00";"566";"Acidente s";"292.4";"BR-116/RJ";"Pista Norte";"Choque em defensa";0;0;0;0;0;0;0;0;1;0;1;0;0;0;0
"16/12/2023";"06:41:00";"576";"Acidente s";"109.5";"BR-116/SP";"Pista Norte";"Queda de ribanceira";0;0;0;0;0;0;0;0;1;0;1;0;0;0;0
"16/12/2023";"07:13:00";"595";"Acidente c";"432";"BR-101/RJ";"Pista Norte";"Choque em barreira New Jersey";0;0;0;0;0;0;0;0;1;0;0;0;0;1;0
"16/12/2023";"07:40:00";"611";"Acidente s";"208";"BR-116/SP";"Pista Sul";"Colisão traseira";0;0;0;0;0;0;0;0;1;1;1;0;0;0;0
"16/12/2023";"07:45:00";"614";"Acidente s";"165.2";"BR-116/SP";"Pista Norte";"Colisão traseira";0;0;0;0;0;0;0;0;1;1;4;0;0;0;0
"16/12/2023";"07:48:00";"615";"Acidente c";"214.6";"BR-116/SP";"Pista Sul";"Colisão traseira";0;1;0;0;0;0;0;0;1;0;1;0;1;0;0
"16/12/2023";"08:23:00";"633";"Atropelame";"46.2";"BR-116/SP";"Pista Sul";"Atropelamento de pedestre caminhando";0;0;0;0;0;0;0;0;1;0;1;0;0;1;0
"16/12/2023";"10:00:00";"670";"Acidente s";"204.5";"BR-116/SP";"Pista Sul";"Engavetamento";1;0;0;0;0;0;0;0;2;0;5;0;0;0;0
"17/12/2023";"03:12:00";"67";"Acidente c";"185.5";"BR-116/SP";"Pista Sul";"Queda de moto";0;1;0;0;0;0;0;0;0;0;0;2;0;0;0
"17/12/2023";"03:13:00";"68";"Acidente c";"59.6";"BR-116/SP";"Pista Norte";"Colisão traseira";0;0;0;0;0;0;0;0;2;0;3;1;0;0;0
"17/12/2023";"04:11:00";"75";"Acidente c";"120.9";"BR-116/SP";"Pista Norte";"Queda de moto";0;1;0;0;0;0;0;0;0;0;1;1;0;0;0
"17/12/2023";"05:12:00";"86";"Acidente c";"556";"BR-101/RJ";"Pista Norte";"Colisão frontal";0;0;0;0;0;0;0;0;2;0;0;0;0;0;2
"17/12/2023";"07:09:00";"127";"Acidente c";"81.9";"BR-116/SP";"Pista Sul";"Abalroamento longitudinal";0;2;0;0;0;0;0;0;0;0;1;1;0;0;0
"17/12/2023";"08:02:00";"154";"Acidente c";"91";"BR-116/SP";"Pista Norte";"Engavetamento";0;0;0;0;0;0;0;0;4;0;9;5;0;0;0
"17/12/2023";"08:12:00";"160";"Acidente s";"120";"BR-116/SP";"Pista Norte";"Colisão traseira";0;0;0;0;0;0;0;0;1;1;3;0;0;0;0
"17/12/2023";"08:52:00";"173";"Acidente c";"404.5";"BR-101/RJ";"Pista Sul";"Queda de moto";0;1;0;0;0;0;0;0;0;0;0;2;0;0;0
"17/12/2023";"12:27:00";"290";"Acidente s";"143";"BR-116/SP";"Pista Sul";"Colisão traseira";0;0;0;0;0;0;0;0;2;0;7;0;0;0;0
"17/12/2023";"12:48:00";"300";"Acidente c";"107.65";"BR-116/SP";"Pista Norte";"Abalroamento longitudinal";0;0;0;0;0;0;0;0;1;1;1;1;2;0;0
"17/12/2023";"01:44:00";"332";"Acidente s";"191.7";"BR-116/SP";"Pista Norte";"Choque em objeto fixo";0;0;0;0;0;0;0;0;1;0;1;0;0;0;0
"17/12/2023";"02:59:00";"370";"Acidente s";"171";"BR-116/SP";"Pista Norte";"Choque em barreira New Jersey";0;0;0;0;0;0;0;0;1;0;2;0;0;0;0
"17/12/2023";"04:56:00";"451";"Acidente s";"206.5";"BR-116/SP";"Pista Norte";"Colisão traseira";0;0;0;0;0;0;0;0;2;0;3;0;0;0;0
"17/12/2023";"04:58:00";"454";"Acidente c";"58.6";"BR-116/SP";"Pista Sul";"Queda de moto";0;1;0;0;0;0;0;0;0;0;0;0;2;0;0
"17/12/2023";"05:04:00";"459";"Acidente c";"322.3";"BR-116/RJ";"Pista Norte";"Choque em objeto fixo";0;0;0;0;0;0;0;0;1;0;0;0;1;0;0
"17/12/2023";"05:13:00";"464";"Acidente c";"548";"BR-101/RJ";"Pista Sul";"Choque em objeto fixo";0;1;0;0;0;0;0;0;0;0;0;0;1;0;0
"17/12/2023";"06:34:00";"508";"Acidente s";"163";"BR-116/SP";"Pista Sul";"Abalroamento longitudinal";0;1;0;0;0;0;0;0;1;0;3;0;0;0;0
"17/12/2023";"07:24:00";"538";"Acidente s";"189";"BR-116/SP";"Pista Norte";"Colisão traseira";0;0;0;0;0;0;0;0;1;1;2;0;0;0;0
"17/12/2023";"08:05:00";"560";"Acidente s";"153.9";"BR-116/SP";"Pista Sul";"Colisão traseira";0;0;0;0;0;0;0;0;1;1;3;0;0;0;0
"17/12/2023";"09:11:00";"598";"Atropelame";"47.7";"BR-116/SP";"Pista Sul";"Atropelamento de pedestre atravessando";0;0;0;0;0;0;0;0;0;1;1;0;1;0;0
"17/12/2023";"09:45:00";"616";"Acidente c";"227";"BR-116/SP";"Pista Norte";"Queda de moto";0;1;0;0;0;0;0;0;0;0;0;2;0;0;0
"17/12/2023";"10:47:00";"633";"Acidente s";"322.3";"BR-116/RJ";"Pista Norte";"Choque em barreira New Jersey";0;0;0;0;0;0;0;0;1;0;2;0;0;0;0
"17/12/2023";"11:11:00";"641";"Acidente c";"171.4";"BR-116/SP";"Pista Sul";"Colisão traseira";0;0;0;0;0;0;0;0;1;1;3;0;1;0;0
"18/12/2023";"04:18:00";"73";"Atropelame";"424.6";"BR-101/RJ";"Pista Norte";"Atropelamento de pedestre caminhando";0;0;0;0;0;0;0;0;1;0;1;0;0;0;1
"18/12/2023";"05:49:00";"91";"Acidente c";"229.2";"BR-116/RJ";"Pista Norte";"Choque em barreira New Jersey";1;0;0;0;0;0;0;0;0;0;0;1;0;0;0
"18/12/2023";"06:42:00";"128";"Acidente c";"210.8";"BR-116/SP";"Pista Sul";"Abalroamento longitudinal";0;0;0;0;0;0;0;0;2;0;2;1;0;0;0
"18/12/2023";"09:47:00";"276";"Acidente s";"269.3";"BR-116/RJ";"Pista Sul";"Choque em barreira New Jersey";0;0;0;0;0;0;0;0;1;0;1;0;0;0;0
"18/12/2023";"09:57:00";"284";"Acidente s";"160";"BR-116/SP";"Pista Norte";"Colisão traseira";0;0;0;1;0;0;0;0;1;0;48;0;0;0;0
"18/12/2023";"10:33:00";"302";"Acidente c";"592";"BR-101/RJ";"Pista Norte";"Engavetamento";0;0;0;0;0;0;0;0;3;0;6;0;1;0;0
"18/12/2023";"10:58:00";"313";"Acidente s";"142";"BR-116/SP";"Pista Sul";"Engavetamento";0;0;0;0;0;0;0;0;2;1;8;0;0;0;0
"18/12/2023";"11:20:00";"324";"Acidente s";"162";"BR-116/SP";"Pista Norte";"Engavetamento";0;0;0;0;0;0;0;0;2;0;7;0;0;0;0
"18/12/2023";"12:06:00";"345";"Acidente s";"224";"BR-116/SP";"Pista Sul";"Colisão traseira";0;0;0;0;0;0;0;0;2;0;2;0;0;0;0
"18/12/2023";"12:32:00";"352";"Acidente s";"503";"BR-101/RJ";"Pista Norte";"Abalroamento longitudinal";1;0;0;0;0;0;0;0;1;0;2;0;0;0;0
"18/12/2023";"12:53:00";"364";"Acidente s";"447.8";"BR-101/RJ";"Pista Sul";"Choque em objeto fixo";0;0;0;0;0;0;0;0;1;0;1;0;0;0;0
"18/12/2023";"02:21:00";"418";"Acidente c";"197.8";"BR-116/SP";"Pista Sul";"Colisão traseira";0;1;0;0;0;0;0;0;0;1;1;0;1;0;0
"18/12/2023";"03:23:00";"446";"Acidente c";"160";"BR-116/SP";"Pista Sul";"Abalroamento longitudinal";1;1;0;0;0;0;0;0;0;0;1;1;0;0;0
"18/12/2023";"04:09:00";"468";"Acidente s";"65";"BR-116/SP";"Pista Sul";"Colisão traseira";1;0;0;0;0;0;0;0;1;0;2;0;0;0;0
"18/12/2023";"04:17:00";"470";"Acidente s";"56";"BR-116/SP";"Pista Sul";"Colisão traseira";0;0;0;0;0;0;0;0;1;1;3;0;0;0;0
"18/12/2023";"04:31:00";"480";"Acidente s";"219.8";"BR-116/SP";"Pista Norte";"Abalroamento longitudinal";0;0;0;0;0;0;1;0;1;1;3;0;0;0;0
"18/12/2023";"04:41:00";"486";"Acidente s";"301";"BR-116/RJ";"Pista Sul";"Choque em objeto fixo";0;0;0;0;0;0;0;0;1;0;1;0;0;0;0
"18/12/2023";"05:57:00";"523";"Acidente s";"161.4";"BR-116/SP";"Pista Norte";"Colisão traseira";1;0;0;0;0;0;0;0;1;0;2;0;0;0;0
"18/12/2023";"05:58:00";"522";"Acidente s";"276";"BR-116/RJ";"Pista Sul";"Colisão traseira";0;0;0;0;0;0;0;0;2;0;3;0;0;0;0
"18/12/2023";"06:21:00";"530";"Acidente c";"134";"BR-116/SP";"Pista Sul";"Colisão traseira";0;1;0;0;0;0;0;0;1;0;1;1;0;0;0
"18/12/2023";"06:50:00";"554";"Acidente s";"408";"BR-101/RJ";"Pista Norte";"Abalroamento longitudinal";0;0;0;0;0;0;0;0;1;1;2;0;0;0;0
"18/12/2023";"07:47:00";"587";"Acidente c";"219";"BR-116/SP";"Pista Sul";"Colisão traseira";0;0;0;0;0;0;0;0;2;0;0;1;2;0;0
"18/12/2023";"08:28:00";"608";"Acidente c";"218";"BR-116/SP";"Pista Sul";"Colisão traseira";0;1;0;0;0;0;0;0;1;0;1;0;1;0;0
"18/12/2023";"08:34:00";"609";"Acidente s";"152.7";"BR-116/SP";"Pista Norte";"Colisão traseira";0;0;0;0;0;0;0;0;2;0;4;0;0;0;0
"19/12/2023";"05:51:00";"71";"Acidente s";"284.3";"BR-116/RJ";"Pista Norte";"Choque em barreira New Jersey";0;0;0;0;0;0;0;0;1;0;1;0;0;0;0
"19/12/2023";"06:34:00";"118";"Acidente c";"221.9";"BR-116/SP";"Pista Sul";"Abalroamento longitudinal";0;1;0;0;0;0;0;0;1;0;1;0;1;0;0
"19/12/2023";"07:38:00";"173";"Acidente c";"221.2";"BR-116/SP";"Pista Sul";"Colisão traseira";0;1;0;0;0;0;0;0;0;1;1;1;0;0;0
"19/12/2023";"07:39:00";"174";"Acidente c";"206";"BR-116/SP";"Pista Sul";"Abalroamento longitudinal";0;1;0;0;0;0;0;0;1;0;1;1;0;0;0
"19/12/2023";"09:56:00";"256";"Acidente c";"74.2";"BR-116/SP";"Pista Norte";"Queda de moto";0;1;0;0;0;0;0;0;0;1;1;0;0;0;1
"19/12/2023";"10:52:00";"288";"Acidente s";"74";"BR-116/SP";"Pista Norte";"Colisão traseira";1;0;0;0;0;0;0;0;1;0;2;0;0;0;0
"19/12/2023";"11:14:00";"298";"Acidente s";"210";"BR-116/SP";"Pista Sul";"Colisão traseira";0;0;0;0;0;0;0;0;2;0;2;0;0;0;0
"19/12/2023";"01:02:00";"354";"Acidente s";"292.9";"BR-116/RJ";"Pista Norte";"Colisão traseira";1;0;0;0;0;0;0;0;1;0;2;0;0;0;0
"19/12/2023";"01:08:00";"362";"Acidente s";"487";"BR-101/RJ";"Pista Sul";"Colisão traseira";0;0;0;0;0;0;0;0;1;1;2;0;0;0;0
"19/12/2023";"03:06:00";"421";"Acidente c";"230.5";"BR-116/SP";"Pista Sul";"Abalroamento longitudinal";0;1;0;0;0;0;0;0;1;0;1;1;0;0;0
"19/12/2023";"03:14:00";"427";"Acidente s";"73.1";"BR-116/SP";"Pista Norte";"Colisão traseira";0;0;0;0;0;0;0;0;2;0;2;0;0;0;0
"19/12/2023";"03:15:00";"428";"Acidente s";"253";"BR-116/RJ";"Pista Sul";"Colisão traseira";1;0;0;0;0;0;0;0;1;0;2;0;0;0;0
"19/12/2023";"04:00:00";"445";"Acidente s";"223";"BR-116/SP";"Pista Norte";"Colisão traseira";0;0;0;0;0;0;0;0;2;0;5;0;0;0;0
"19/12/2023";"04:42:00";"459";"Acidente c";"125";"BR-116/SP";"Pista Norte";"Queda de moto";0;1;0;0;0;0;0;0;0;0;0;0;1;0;0
"19/12/2023";"04:43:00";"460";"Acidente s";"263.7";"BR-116/RJ";"Pista Sul";"Abalroamento longitudinal";0;0;0;0;0;0;0;0;1;1;2;0;0;0;0
"19/12/2023";"04:45:00";"462";"Acidente s";"86.95";"BR-116/SP";"Pista Sul";"Outros";1;0;0;0;0;0;0;0;2;0;0;0;0;0;0
"19/12/2023";"04:46:00";"461";"Acidente s";"50.95";"BR-101/SP";"Pista Sul";"Colisão traseira";0;0;0;0;0;0;0;0;2;0;2;0;0;0;0
"19/12/2023";"04:50:00";"465";"Acidente s";"95";"BR-116/SP";"Pista Norte";"Colisão traseira";1;0;0;0;0;0;0;0;0;1;2;0;0;0;0
"19/12/2023";"05:13:00";"476";"Acidente c";"126.7";"BR-116/SP";"Pista Norte";"Colisão traseira";1;1;0;0;0;0;0;0;0;0;1;0;1;0;0
"19/12/2023";"05:24:00";"483";"Acidente s";"34";"BR-101/SP";"Pista Sul";"Colisão traseira";1;0;0;0;0;0;0;0;1;0;2;0;0;0;0
"19/12/2023";"05:41:00";"491";"Acidente s";"131.1";"BR-116/SP";"Pista Norte";"Colisão traseira";0;0;0;0;0;0;0;0;2;0;8;0;0;0;0
"19/12/2023";"06:29:00";"517";"Acidente c";"48";"BR-116/SP";"Pista Norte";"Queda de moto";0;1;0;0;0;0;0;0;0;0;0;1;0;0;0
"19/12/2023";"06:32:00";"520";"Acidente c";"135.6";"BR-116/SP";"Pista Sul";"Engavetamento";1;0;0;0;0;0;0;0;2;0;1;2;0;0;0
"19/12/2023";"11:31:00";"646";"Acidente s";"254";"BR-116/RJ";"Pista Norte";"Choque em objeto fixo";0;0;0;0;0;0;0;0;1;0;1;0;0;0;0
"20/12/2023";"02:35:00";"48";"Acidente s";"124.9";"BR-116/SP";"Pista Sul";"Colisão traseira";2;0;0;0;0;0;0;0;0;0;0;0;0;0;0
"20/12/2023";"04:51:00";"73";"Acidente c";"201.4";"BR-116/SP";"Pista Sul";"Abalroamento longitudinal";0;1;0;0;1;0;0;0;0;0;2;2;0;0;0
"20/12/2023";"06:26:00";"105";"Acidente s";"306.8";"BR-116/RJ";"Pista Sul";"Abalroamento longitudinal";0;0;0;0;0;0;0;0;1;1;2;0;0;0;0
"20/12/2023";"06:29:00";"107";"Acidente s";"231";"BR-116/SP";"Pista Norte";"Colisão traseira";1;0;0;0;0;0;0;0;0;1;2;0;0;0;0
"20/12/2023";"06:32:00";"110";"Acidente s";"206";"BR-116/SP";"Pista Sul";"Colisão traseira";0;0;0;0;0;0;0;0;2;0;5;0;0;0;0
"20/12/2023";"07:05:00";"127";"Acidente s";"101.9";"BR-116/SP";"Pista Norte";"Colisão traseira";1;0;0;0;0;0;0;0;1;0;4;0;0;0;0
"20/12/2023";"07:18:00";"133";"Acidente s";"483";"BR-101/RJ";"Pista Norte";"Engavetamento";0;0;0;0;0;0;0;0;2;1;3;0;0;0;0
"20/12/2023";"08:01:00";"167";"Acidente s";"291";"BR-116/RJ";"Pista Sul";"Abalroamento longitudinal";1;0;0;0;0;0;0;0;1;0;2;0;0;0;0
"20/12/2023";"08:13:00";"178";"Acidente s";"139.42";"BR-116/SP";"Pista Norte";"Choque em barreira New Jersey";1;0;0;0;0;0;0;0;1;0;4;0;0;0;0
"20/12/2023";"08:35:00";"195";"Acidente s";"154.4";"BR-116/SP";"Pista Norte";"Abalroamento longitudinal";0;1;0;0;0;0;0;0;1;0;2;0;0;0;0