data;horario;n_da_ocorrencia;tipo_de_ocorrencia;km;trecho;sentido;tipo_de_acidente;automovel;bicicleta;caminhao;moto;onibus;outros;tracao_animal;transporte_de_cargas_especiais;trator_maquinas;utilitarios;ilesos;levemente_feridos;moderadamente_feridos;gravemente_feridos;mortos
"30/12/2023";"01:57:00";"279";"Acidente s";"116.2";"BR-116/SP";"Pista Sul";"Colisão traseira";0;0;0;0;0;0;0;0;1;1;3;0;0;0;0
"30/12/2023";"02:19:00";"288";"Acidente s";"571.9";"BR-101/RJ";"Pista Norte";"Choque em objeto fixo";0;0;0;0;0;0;0;0;1;0;1;0;0;0;0
"30/12/2023";"02:41:00";"298";"Acidente c";"481";"BR-101/RJ";"Pista Norte";"Colisão traseira";0;1;0;0;0;0;0;0;1;0;1;0;1;0;0
"30/12/2023";"03:01:00";"310";"Acidente s";"86";"BR-116/SP";"Pista Sul";"Colisão traseira";0;0;0;0;0;0;0;0;2;0;6;0;0;0;0
"30/12/2023";"03:11:00";"315";"Acidente s";"570.5";"BR-101/RJ";"Pista Sul";"Choque em objeto fixo";0;0;0;0;0;0;0;0;1;0;1;0;0;0;0
"30/12/2023";"03:25:00";"319";"Acidente s";"557";"BR-101/RJ";"Pista Sul";"Choque em objeto fixo";0;0;0;0;0;0;0;0;1;0;2;0;0;0;0
"30/12/2023";"03:35:00";"322";"Acidente s";"233.4";"BR-116/RJ";"Pista Norte";"Choque em barreira New Jersey";1;0;0;0;0;0;0;0;0;0;1;0;0;0;0
"30/12/2023";"03:46:00";"327";"Acidente s";"474";"BR-101/RJ";"Pista Sul";"Choque em objeto fixo";0;0;0;0;0;0;0;0;1;0;4;0;0;0;0
"30/12/2023";"04:41:00";"348";"Acidente s";"530";"BR-101/RJ";"Pista Sul";"Outros";0;0;0;0;0;0;0;0;1;0;1;0;0;0;0
"30/12/2023";"05:06:00";"357";"Acidente s";"95.6";"BR-116/SP";"Pista Sul";"Capotamento";0;0;0;0;0;0;0;0;1;0;4;0;0;0;0
"30/12/2023";"05:42:00";"370";"Acidente c";"104.3";"BR-116/SP";"Pista Sul";"Queda de moto";0;1;0;0;0;0;0;0;0;0;0;0;2;0;0
"30/12/2023";"05:52:00";"375";"Acidente s";"390";"BR-101/RJ";"Pista Norte";"Choque em barreira New Jersey";0;0;0;0;0;0;0;0;1;0;1;0;0;0;0
"30/12/2023";"07:32:00";"421";"Acidente s";"322";"BR-116/RJ";"Pista Norte";"Colisão traseira";0;0;0;0;0;0;0;0;2;1;6;0;0;0;0
"30/12/2023";"08:14:00";"436";"Acidente c";"214";"BR-116/SP";"Pista Norte";"Queda de moto";0;1;0;0;0;0;0;0;0;1;1;2;0;0;0
"30/12/2023";"09:38:00";"450";"Acidente c";"218.2";"BR-116/SP";"Pista Sul";"Colisão traseira";0;1;0;1;0;0;0;0;0;0;25;0;0;0;1
"30/12/2023";"09:40:00";"452";"Acidente s";"21.3";"BR-116/SP";"Pista Sul";"Choque em barreira New Jersey";0;0;0;0;0;0;0;0;1;0;1;0;0;0;0
"30/12/2023";"11:56:00";"482";"Acidente s";"142.5";"BR-116/SP";"Pista Sul";"Colisão traseira";1;0;0;0;0;0;0;0;1;0;2;0;0;0;0
"31/12/2023";"01:34:00";"33";"Atropelame";"62.1";"BR-116/SP";"Pista Sul";"Atropelamento de pedestre atravessando";0;0;0;0;0;0;0;0;0;1;1;0;1;0;0
"31/12/2023";"01:48:00";"35";"Acidente c";"428";"BR-101/RJ";"Pista Norte";"Queda de moto";0;1;0;0;0;0;0;0;0;0;0;1;0;0;0
"31/12/2023";"05:17:00";"53";"Acidente s";"412";"BR-101/RJ";"Pista Sul";"Choque em objeto fixo";0;0;0;0;0;0;0;0;1;0;1;0;0;0;0
"31/12/2023";"05:48:00";"59";"Acidente s";"217.9";"BR-116/SP";"Pista Norte";"Choque em objeto fixo";0;0;0;0;0;0;0;0;1;0;2;0;0;0;0
"31/12/2023";"05:53:00";"60";"Acidente s";"127.7";"BR-116/SP";"Pista Norte";"Abalroamento longitudinal";0;0;0;0;0;0;0;0;2;0;8;0;0;0;0
"31/12/2023";"06:26:00";"70";"Atropelame";"149";"BR-116/SP";"Pista Sul";"Atropelamento de pedestre atravessando";0;0;0;0;0;0;0;0;0;1;1;0;0;1;0
"31/12/2023";"09:59:00";"150";"Acidente s";"274";"BR-116/RJ";"Pista Norte";"Choque em objeto na pista";0;0;0;0;0;0;0;0;1;0;1;0;0;0;0
"31/12/2023";"12:25:00";"191";"Acidente c";"263";"BR-116/RJ";"Pista Sul";"Colisão traseira";0;0;0;0;0;0;0;0;2;0;4;1;0;0;0
"31/12/2023";"12:49:00";"199";"Acidente s";"234";"BR-116/RJ";"Pista Sul";"Choque em objeto fixo";0;0;0;0;0;0;0;0;1;0;1;0;0;0;0
"31/12/2023";"02:03:00";"224";"Acidente c";"157";"BR-116/SP";"Pista Sul";"Queda de moto";0;1;0;0;0;0;0;0;0;0;1;1;0;0;0
"31/12/2023";"03:09:00";"238";"Acidente s";"511";"BR-101/RJ";"Pista Norte";"Colisão traseira";0;0;0;0;0;0;0;0;2;0;2;0;0;0;0
"31/12/2023";"03:44:00";"253";"Atropelame";"511";"BR-101/RJ";"Pista Norte";"Atropelamento de pedestre atravessando";0;0;0;0;0;0;0;0;1;0;1;1;0;0;0
"31/12/2023";"07:11:00";"311";"Acidente s";"25.3";"BR-101/SP";"Pista Sul";"Choque em objeto fixo";0;0;0;0;0;0;0;0;1;0;2;0;0;0;0
"31/12/2023";"07:30:00";"318";"Acidente s";"492";"BR-101/RJ";"Pista Norte";"Abalroamento longitudinal";0;0;0;0;0;0;0;0;2;0;3;0;0;0;0
"31/12/2023";"08:32:00";"337";"Atropelame";"92.2";"BR-116/SP";"Pista Norte";"Atropelamento de pedestre atravessando";0;0;0;0;0;0;0;0;0;1;1;0;0;0;1
"31/12/2023";"09:56:00";"353";"Acidente s";"229.1";"BR-116/SP";"Pista Norte";"Colisão traseira";0;0;0;0;0;0;0;0;2;0;6;0;0;0;0
"31/12/2023";"10:07:00";"354";"Acidente s";"52.6";"BR-116/SP";"Pista Sul";"Colisão traseira";0;0;0;0;0;0;0;0;2;0;2;0;0;0;0
"01/01/2024";"01:12:00";"26";"Acidente c";"542";"BR-101/RJ";"Pista Norte";"Abalroamento longitudinal";0;0;0;0;0;0;0;0;2;0;7;0;2;0;0
"01/01/2024";"01:12:00";"200";"Acidente c";"36";"BR-101/SP";"Pista Norte";"Abalroamento longitudinal";0;1;0;0;0;0;0;0;1;0;1;0;2;0;0
"01/01/2024";"02:12:00";"39";"Acidente s";"207.3";"BR-116/SP";"Pista Norte";"Choque em objeto fixo";0;0;0;0;0;0;0;0;1;0;4;0;0;0;0
"01/01/2024";"02:12:00";"212";"Acidente s";"454";"BR-101/RJ";"Pista Sul";"Colisão frontal";0;0;0;0;0;0;0;0;2;0;2;0;0;0;0
"01/01/2024";"03:12:00";"49";"Acidente s";"28.4";"BR-101/SP";"Pista Sul";"Choque em objeto fixo";0;1;0;0;0;0;0;0;0;0;1;0;0;0;0
"01/01/2024";"03:12:00";"50";"Acidente s";"41.1";"BR-101/SP";"Pista Sul";"Abalroamento longitudinal";0;0;0;0;0;0;0;0;1;1;4;0;0;0;0
"01/01/2024";"03:12:00";"237";"Acidente c";"425.3";"BR-101/RJ";"Pista Sul";"Choque em objeto fixo";0;0;0;0;0;0;0;0;1;0;0;1;0;0;0
"01/01/2024";"04:12:00";"59";"Acidente s";"485";"BR-101/RJ";"Pista Sul";"Colisão frontal";0;0;0;0;0;0;0;0;1;1;3;0;0;0;0
"01/01/2024";"04:12:00";"60";"Acidente s";"597.8";"BR-101/RJ";"Pista Sul";"Choque em objeto fixo";0;0;0;0;0;0;0;0;1;0;1;0;0;0;0
"01/01/2024";"04:12:00";"251";"Acidente s";"223.5";"BR-116/SP";"Pista Sul";"Choque em objeto fixo";0;0;0;0;0;0;0;0;1;0;1;0;0;0;0
"01/01/2024";"04:12:00";"253";"Acidente c";"506";"BR-101/RJ";"Pista Sul";"Queda de moto";0;1;0;0;0;0;0;0;0;0;0;1;0;0;0
"01/01/2024";"04:12:00";"267";"Acidente s";"40.5";"BR-101/SP";"Pista Norte";"Abalroamento longitudinal";0;0;0;0;0;0;0;0;2;0;2;0;0;0;0
"01/01/2024";"06:12:00";"80";"Acidente c";"491";"BR-101/RJ";"Pista Norte";"Colisão frontal";0;0;0;1;0;0;0;0;1;0;1;0;1;0;0
"01/01/2024";"06:12:00";"314";"Acidente c";"102.2";"BR-116/SP";"Pista Norte";"Atropelamento de animal";0;1;0;0;0;0;0;0;0;0;0;2;0;0;0
"01/01/2024";"06:12:00";"327";"Acidente s";"106.9";"BR-116/SP";"Pista Sul";"Colisão traseira";0;0;0;0;0;0;0;0;2;0;5;0;0;0;0
"01/01/2024";"06:12:00";"328";"Acidente s";"100.3";"BR-116/SP";"Pista Sul";"Engavetamento";0;0;0;0;0;0;0;0;3;0;6;0;0;0;0
"01/01/2024";"07:12:00";"368";"Acidente s";"51.9";"BR-101/SP";"Pista Norte";"Engavetamento";0;0;0;0;0;0;0;0;3;0;6;0;0;0;0
"01/01/2024";"07:12:00";"374";"Acidente s";"182.3";"BR-116/SP";"Pista Norte";"Colisão traseira";0;0;0;0;0;0;0;0;2;0;3;0;0;0;0
"01/01/2024";"08:12:00";"380";"Acidente c";"230.8";"BR-116/SP";"Pista Sul";"Abalroamento longitudinal";0;1;0;0;0;0;0;0;1;0;1;1;0;0;0
"01/01/2024";"08:12:00";"384";"Acidente s";"86.7";"BR-116/SP";"Pista Sul";"Engavetamento";0;0;0;0;0;0;0;0;3;0;12;0;0;0;0
"01/01/2024";"09:12:00";"402";"Acidente c";"530";"BR-101/RJ";"Pista Norte";"Abalroamento longitudinal";0;1;0;0;0;0;0;0;1;0;0;3;0;2;0
"01/01/2024";"09:12:00";"409";"Acidente c";"208";"BR-116/SP";"Pista Sul";"Abalroamento longitudinal";0;1;0;0;0;0;0;0;0;1;1;2;0;0;0
"01/01/2024";"10:12:00";"136";"Acidente s";"234";"BR-116/RJ";"Pista Sul";"Choque em barreira New Jersey";0;0;0;0;0;0;0;0;1;0;3;0;0;0;0
"01/01/2024";"10:12:00";"142";"Acidente c";"234";"BR-116/RJ";"Pista Norte";"Choque em barreira New Jersey";0;0;0;0;0;0;0;0;1;0;2;1;0;0;0
"01/01/2024";"10:12:00";"145";"Acidente s";"482";"BR-101/RJ";"Pista Norte";"Colisão traseira";0;0;0;0;0;0;0;0;1;1;2;0;0;0;0
"01/01/2024";"10:12:00";"416";"Acidente c";"105.5";"BR-116/SP";"Pista Sul";"Capotamento";0;0;0;0;0;0;0;0;1;0;0;3;2;0;0
"01/01/2024";"11:12:00";"154";"Acidente s";"264";"BR-116/RJ";"Pista Norte";"Queda de ribanceira";0;0;0;0;0;0;0;0;1;0;2;0;0;0;0
"01/01/2024";"12:12:00";"164";"Acidente s";"419";"BR-101/RJ";"Pista Norte";"Engavetamento";0;0;0;0;0;0;0;0;2;1;7;0;0;0;0
"01/01/2024";"12:12:00";"168";"Atropelame";"90.6";"BR-116/SP";"Pista Sul";"Atropelamento de pedestre atravessando";0;0;0;0;0;0;0;0;1;0;4;0;0;0;1
"01/01/2024";"12:12:00";"171";"Acidente c";"162";"BR-116/SP";"Pista Norte";"Choque em defensa";0;0;0;0;0;0;0;0;1;0;0;1;0;1;0
"02/01/2024";"01:12:00";"316";"Acidente s";"438";"BR-101/RJ";"Pista Norte";"Colisão traseira";0;0;0;0;0;0;0;0;2;0;2;0;0;0;0
"02/01/2024";"01:12:00";"332";"Acidente s";"165.2";"BR-116/SP";"Pista Sul";"Engavetamento";0;0;0;0;0;0;0;0;3;0;6;0;0;0;0
"02/01/2024";"02:12:00";"45";"Acidente c";"389.8";"BR-101/RJ";"Pista Sul";"Choque em objeto fixo";0;0;0;0;0;0;0;0;1;0;0;0;1;0;0
"02/01/2024";"02:12:00";"341";"Acidente s";"102";"BR-116/SP";"Pista Sul";"Choque em barreira New Jersey";0;0;0;0;0;0;0;0;1;0;1;0;0;0;0
"02/01/2024";"02:12:00";"360";"Acidente s";"139.6";"BR-116/SP";"Pista Sul";"Engavetamento";0;0;0;0;0;0;0;0;4;0;8;0;0;0;0
"02/01/2024";"03:12:00";"380";"Acidente s";"41.1";"BR-116/SP";"Pista Sul";"Colisão traseira";0;0;0;0;0;0;0;0;2;0;5;0;0;0;0
"02/01/2024";"03:12:00";"411";"Acidente s";"41";"BR-116/SP";"Pista Sul";"Colisão traseira";1;0;0;0;0;0;0;0;1;0;2;0;0;0;0
"02/01/2024";"04:12:00";"448";"Acidente s";"419";"BR-101/RJ";"Pista Norte";"Abalroamento longitudinal";1;0;0;0;0;0;0;0;1;0;2;0;0;0;0
"02/01/2024";"04:12:00";"57";"Acidente c";"134.317";"BR-116/SP";"Pista Norte";"Colisão traseira";1;1;0;0;0;0;0;0;0;0;1;0;0;1;0
"02/01/2024";"04:12:00";"59";"Acidente c";"108";"BR-116/SP";"Pista Sul";"Abalroamento longitudinal";0;1;0;0;0;0;0;0;1;1;2;2;0;0;0
"02/01/2024";"04:12:00";"416";"Acidente c";"42";"BR-101/SP";"Pista Sul";"Colisão traseira";0;1;0;0;0;0;0;0;1;0;1;0;1;0;0
"02/01/2024";"06:12:00";"516";"Acidente c";"232";"BR-116/RJ";"Pista Norte";"Capotamento";0;0;0;0;0;0;0;0;1;0;0;4;0;0;0
"02/01/2024";"06:12:00";"82";"Acidente c";"67.6";"BR-116/SP";"Pista Norte";"Choque em objeto fixo";0;0;0;0;0;0;0;0;1;0;0;1;0;0;0
"02/01/2024";"06:12:00";"102";"Acidente s";"472";"BR-101/RJ";"Pista Sul";"Abalroamento longitudinal";0;0;0;0;0;0;0;0;2;0;3;0;0;0;0
"02/01/2024";"07:12:00";"538";"Acidente s";"596";"BR-101/RJ";"Pista Norte";"Choque em objeto fixo";0;0;0;0;0;0;0;0;1;0;2;0;0;0;0
"02/01/2024";"08:12:00";"164";"Acidente s";"119";"BR-116/SP";"Pista Norte";"Abalroamento longitudinal";0;0;0;0;0;0;0;0;1;1;2;0;0;0;0
"02/01/2024";"08:12:00";"561";"Acidente s";"274.2";"BR-116/RJ";"Pista Sul";"Abalroamento longitudinal";1;0;0;0;0;0;0;0;1;0;3;0;0;0;0
"02/01/2024";"10:12:00";"212";"Acidente c";"117.4";"BR-116/SP";"Pista Norte";"Colisão traseira";0;0;0;0;0;0;0;0;2;0;1;2;0;0;0
"02/01/2024";"10:12:00";"215";"Acidente s";"115";"BR-116/SP";"Pista Norte";"Colisão traseira";0;0;0;0;0;0;0;0;2;0;6;0;0;0;0
"02/01/2024";"10:12:00";"216";"Acidente s";"433";"BR-101/RJ";"Pista Sul";"Engavetamento";0;0;0;0;0;0;0;0;3;0;4;0;0;0;0
"02/01/2024";"10:12:00";"232";"Acidente c";"44.2";"BR-101/SP";"Pista Sul";"Colisão frontal";0;2;0;0;0;0;0;0;0;0;1;0;1;0;0
"02/01/2024";"10:12:00";"245";"Acidente s";"490";"BR-101/RJ";"Pista Norte";"Queda de ribanceira";0;0;0;0;0;0;0;0;2;0;3;0;0;0;0
"02/01/2024";"10:12:00";"249";"Acidente c";"42";"BR-101/SP";"Pista Norte";"Engavetamento";0;0;0;0;0;0;1;0;2;1;3;0;1;0;0
"02/01/2024";"10:12:00";"250";"Acidente s";"117.3";"BR-116/SP";"Pista Norte";"Colisão traseira";0;0;0;2;0;0;0;0;0;0;2;0;0;0;0
"02/01/2024";"10:12:00";"615";"Acidente c";"64.9";"BR-116/SP";"Pista Sul";"Choque em barreira New Jersey";0;0;0;0;0;0;0;0;1;0;0;0;1;0;0
"02/01/2024";"11:12:00";"267";"Acidente s";"106.6";"BR-116/SP";"Pista Sul";"Colisão traseira";0;0;0;0;0;0;0;0;2;0;2;0;0;0;0
"02/01/2024";"11:12:00";"635";"Acidente s";"215";"BR-116/SP";"Pista Norte";"Choque em barreira New Jersey";0;0;0;0;0;0;0;0;1;0;1;0;0;0;0
"02/01/2024";"12:12:00";"21";"Acidente c";"591";"BR-101/RJ";"Pista Sul";"Colisão traseira";0;1;0;0;0;0;0;0;0;0;0;1;0;0;0
"02/01/2024";"12:12:00";"28";"Acidente s";"226";"BR-116/RJ";"Pista Sul";"Choque em objeto fixo";0;0;0;0;0;0;0;0;1;0;1;0;0;0;0
"02/01/2024";"12:12:00";"312";"Acidente s";"88.7";"BR-116/SP";"Pista Norte";"Engavetamento";0;0;0;0;0;0;0;0;6;0;17;0;0;0;0
"03/01/2024";"01:12:00";"39";"Acidente s";"24.4";"BR-116/SP";"Pista Norte";"Colisão traseira";0;0;0;0;0;0;0;0;1;1;3;0;0;0;0
"03/01/2024";"01:12:00";"340";"Acidente s";"220.5";"BR-116/RJ";"Pista Sul";"Tombamento";2;0;0;0;0;0;0;0;0;0;3;0;0;0;0
"03/01/2024";"01:12:00";"355";"Acidente s";"230.7";"BR-116/SP";"Pista Sul";"Abalroamento longitudinal";1;0;0;0;0;0;0;0;1;0;3;0;0;0;0
"03/01/2024";"02:12:00";"43";"Acidente c";"231.4";"BR-116/RJ";"Pista Sul";"Choque em defensa";0;0;0;0;0;0;0;0;1;0;1;1;0;0;0
"03/01/2024";"03:12:00";"51";"Acidente s";"235";"BR-116/RJ";"Pista Sul";"Choque em barreira New Jersey";0;0;0;0;0;0;0;0;1;0;5;0;0;0;0
"03/01/2024";"03:12:00";"406";"Acidente c";"67";"BR-116/SP";"Pista Sul";"Colisão traseira";2;0;0;0;0;0;0;0;0;0;1;0;0;1;0
"03/01/2024";"03:12:00";"420";"Acidente s";"225.5";"BR-116/SP";"Pista Norte";"Queda de moto";0;1;0;0;0;0;0;0;0;0;1;0;0;0;0
"03/01/2024";"03:12:00";"425";"Acidente s";"62.6";"BR-116/SP";"Pista Sul";"Colisão traseira";0;0;0;0;0;0;0;0;2;0;2;0;0;0;0
"03/01/2024";"04:12:00";"62";"Acidente s";"216";"BR-116/RJ";"Pista Norte";"Atropelamento de animal";1;0;0;0;0;0;0;0;0;0;1;0;0;0;0
"03/01/2024";"04:12:00";"64";"Acidente s";"245";"BR-116/RJ";"Pista Norte";"Outros";1;0;0;0;0;0;0;0;0;0;1;0;0;0;0
"03/01/2024";"04:12:00";"434";"Acidente c";"227.5";"BR-116/SP";"Pista Norte";"Queda de moto";0;1;0;0;0;0;0;0;0;0;0;1;0;0;0
"03/01/2024";"04:12:00";"441";"Acidente s";"432";"BR-101/RJ";"Pista Norte";"Capotamento";0;0;0;0;0;0;0;0;1;0;1;0;0;0;0
"03/01/2024";"04:12:00";"455";"Acidente s";"154.7";"BR-116/SP";"Pista Sul";"Queda de moto";0;1;0;0;0;0;0;0;0;0;1;0;0;0;0
"03/01/2024";"04:12:00";"456";"Acidente c";"225.8";"BR-116/SP";"Pista Norte";"Queda de moto";1;1;0;0;0;0;0;0;0;0;1;1;0;0;0
"03/01/2024";"04:12:00";"462";"Acidente s";"135.1";"BR-116/SP";"Pista Norte";"Colisão traseira";0;0;0;0;0;0;0;0;2;0;3;0;0;0;0
"03/01/2024";"05:12:00";"480";"Acidente s";"134";"BR-116/SP";"Pista Norte";"Engavetamento";0;0;0;0;0;0;0;0;3;0;10;0;0;0;0
"03/01/2024";"05:12:00";"483";"Acidente s";"225.5";"BR-116/SP";"Pista Norte";"Choque em barreira New Jersey";0;0;0;0;0;0;0;0;1;0;1;0;0;0;0
"03/01/2024";"05:12:00";"494";"Acidente c";"324.9";"BR-116/RJ";"Pista Sul";"Colisão traseira";2;0;0;0;0;0;0;0;0;0;0;1;0;0;0
"03/01/2024";"06:12:00";"84";"Acidente s";"125";"BR-116/SP";"Pista Norte";"Colisão traseira";0;0;0;0;0;0;0;0;2;0;5;0;0;0;0
"03/01/2024";"06:12:00";"506";"Acidente s";"229.4";"BR-116/SP";"Pista Norte";"Colisão traseira";0;0;0;0;0;0;0;0;1;1;3;0;0;0;0
"03/01/2024";"07:12:00";"123";"Acidente c";"60.5";"BR-116/SP";"Pista Sul";"Queda de moto";0;1;0;0;0;0;0;0;0;0;0;1;0;0;0
"03/01/2024";"07:12:00";"140";"Acidente s";"227";"BR-116/RJ";"Pista Norte";"Abalroamento longitudinal";0;0;0;0;0;0;0;0;1;1;2;0;0;0;0
"03/01/2024";"07:12:00";"544";"Acidente s";"209";"BR-116/SP";"Pista Norte";"Colisão traseira";0;0;0;0;0;1;0;0;1;0;3;0;0;0;0
"03/01/2024";"07:12:00";"556";"Acidente c";"98.8";"BR-116/SP";"Pista Sul";"Queda de moto";0;1;0;0;0;0;0;0;0;0;0;1;0;0;0
"03/01/2024";"08:12:00";"175";"Acidente s";"226.8";"BR-116/RJ";"Pista Sul";"Choque Talude";0;0;0;0;0;0;0;0;1;0;2;0;0;0;0
"03/01/2024";"09:12:00";"205";"Acidente s";"133.3";"BR-116/SP";"Pista Norte";"Colisão traseira";0;0;0;0;0;0;0;0;2;0;5;0;0;0;0
"03/01/2024";"09:12:00";"611";"Acidente s";"175.55";"BR-116/SP";"Pista Sul";"Colisão traseira";2;0;0;0;0;0;0;0;0;0;3;0;0;0;0
"03/01/2024";"09:12:00";"621";"Acidente s";"29.5";"BR-116/SP";"Pista Norte";"Choque em barreira New Jersey";0;0;0;0;0;0;0;0;1;0;0;0;0;0;0
"03/01/2024";"10:12:00";"227";"Acidente s";"86.5";"BR-116/SP";"Pista Sul";"Colisão traseira";0;0;0;0;0;0;0;0;2;0;6;0;0;0;0
"03/01/2024";"11:12:00";"273";"Acidente s";"63.4";"BR-116/SP";"Pista Sul";"Colisão traseira";0;0;0;0;0;0;0;0;2;0;2;0;0;0;0
"03/01/2024";"11:12:00";"278";"Acidente s";"230";"BR-116/RJ";"Pista Norte";"Abalroamento longitudinal";2;0;0;0;0;0;0;0;0;0;2;0;0;0;0
"03/01/2024";"12:12:00";"313";"Acidente c";"488";"BR-101/RJ";"Pista Norte";"Abalroamento longitudinal";0;1;0;0;0;0;0;0;1;0;0;1;0;0;0
"03/01/2024";"12:12:00";"319";"Acidente s";"484";"BR-101/RJ";"Pista Sul";"Colisão traseira";0;0;0;0;0;0;0;0;2;0;2;0;0;0;0
"04/01/2024";"01:12:00";"321";"Acidente c";"104.65";"BR-116/SP";"Pista Sul";"Engavetamento";0;0;0;0;0;0;0;0;4;0;13;1;1;0;0
"04/01/2024";"01:12:00";"323";"Acidente c";"10";"BR-116/SP";"Pista Norte";"Capotamento";0;0;0;0;0;0;0;0;1;0;0;3;1;0;0
"04/01/2024";"01:12:00";"332";"Acidente c";"74";"BR-116/SP";"Pista Sul";"Colisão traseira";0;1;0;0;0;0;0;0;1;0;5;1;0;0;0
"04/01/2024";"02:12:00";"347";"Atropelame";"506";"BR-101/RJ";"Pista Sul";"Atropelamento de pedestre atravessando";0;0;0;0;0;0;0;0;0;1;1;0;1;0;0
"04/01/2024";"03:12:00";"52";"Acidente s";"271";"BR-116/RJ";"Pista Sul";"Choque em barreira New Jersey";0;0;0;0;0;0;0;0;1;0;1;0;0;0;0
"04/01/2024";"05:12:00";"79";"Acidente c";"384.3";"BR-101/RJ";"Pista Norte";"Abalroamento longitudinal";0;0;0;0;0;0;0;0;2;0;3;1;0;0;0
"04/01/2024";"05:12:00";"440";"Acidente s";"390";"BR-101/RJ";"Pista Norte";"Choque em objeto fixo";0;0;0;0;0;0;0;0;1;0;2;0;0;0;0
"04/01/2024";"06:12:00";"93";"Acidente s";"518.5";"BR-101/RJ";"Pista Norte";"Choque em objeto fixo";0;0;0;0;0;0;0;0;1;0;2;0;0;0;0
"04/01/2024";"06:12:00";"479";"Acidente c";"225.5";"BR-116/SP";"Pista Norte";"Queda de moto";0;2;0;0;0;0;0;0;0;0;3;1;0;0;0
"04/01/2024";"11:12:00";"599";"Atropelame";"221.05";"BR-116/SP";"Pista Norte";"Atropelamento de pedestre atravessando";1;0;0;0;0;0;0;0;0;1;3;0;0;1;0
"04/01/2024";"12:12:00";"25";"Acidente s";"271";"BR-116/RJ";"Pista Norte";"Choque em barreira New Jersey";0;0;0;0;0;0;0;0;1;0;1;0;0;0;0
"05/01/2024";"01:12:00";"46";"Acidente s";"219";"BR-116/SP";"Pista Norte";"Choque em objeto fixo";0;0;0;0;0;0;0;0;1;0;4;0;0;0;0
"05/01/2024";"02:12:00";"344";"Acidente s";"385";"BR-101/RJ";"Pista Norte";"Abalroamento longitudinal";0;0;0;0;0;0;0;0;1;1;3;0;0;0;0
"05/01/2024";"03:12:00";"369";"Acidente s";"266.1";"BR-116/RJ";"Pista Sul";"Choque em defensa";1;0;0;0;0;0;0;0;0;0;1;0;0;0;0
"05/01/2024";"03:12:00";"371";"Acidente s";"223";"BR-116/SP";"Pista Norte";"Engavetamento";1;0;0;0;0;0;0;0;2;0;0;0;0;0;0
"05/01/2024";"03:12:00";"374";"Acidente s";"277.3";"BR-116/RJ";"Pista Sul";"Abalroamento longitudinal";0;0;0;0;0;0;0;0;2;0;3;0;0;0;0
"05/01/2024";"03:12:00";"377";"Acidente c";"147";"BR-116/SP";"Pista Sul";"Colisão traseira";0;1;0;0;0;0;0;0;1;0;1;1;0;0;0
"05/01/2024";"05:12:00";"422";"Acidente c";"437.3";"BR-101/RJ";"Pista Norte";"Tombamento";1;0;0;0;0;0;0;0;0;0;0;3;0;0;0
"05/01/2024";"06:12:00";"106";"Acidente s";"526";"BR-101/RJ";"Pista Norte";"Choque em objeto fixo";0;0;0;0;0;0;0;0;1;0;1;0;0;0;0
"05/01/2024";"06:12:00";"463";"Acidente s";"208.8";"BR-116/SP";"Pista Norte";"Engavetamento";0;0;0;0;0;0;0;0;2;1;3;0;0;0;0
"05/01/2024";"07:12:00";"138";"Acidente s";"131.8";"BR-116/SP";"Pista Norte";"Engavetamento";0;0;0;0;0;0;0;0;3;0;7;0;0;0;0
"05/01/2024";"07:12:00";"498";"Acidente c";"168.1";"BR-116/SP";"Pista Norte";"Queda de moto";0;1;0;0;0;0;0;0;0;0;1;0;1;0;0
"05/01/2024";"08:12:00";"508";"Acidente s";"168";"BR-116/SP";"Pista Norte";"Colisão traseira";0;0;0;0;0;0;0;0;1;1;4;0;0;0;0
"05/01/2024";"09:12:00";"220";"Acidente s";"283";"BR-116/RJ";"Pista Sul";"Engavetamento";0;0;0;0;0;0;0;0;2;2;4;0;0;0;0
"05/01/2024";"09:12:00";"545";"Acidente c";"48.3";"BR-116/SP";"Pista Norte";"Queda de moto";0;1;0;0;0;0;0;0;0;0;0;1;0;0;0
"05/01/2024";"10:12:00";"234";"Acidente c";"140.5";"BR-116/SP";"Pista Sul";"Colisão traseira";1;0;0;0;0;0;0;0;1;0;1;2;0;0;0
"05/01/2024";"10:12:00";"551";"Acidente s";"217";"BR-116/SP";"Pista Norte";"Colisão traseira";0;0;0;0;0;0;0;0;2;0;7;0;0;0;0
"05/01/2024";"11:12:00";"256";"Acidente c";"233.4";"BR-116/RJ";"Pista Norte";"Abalroamento longitudinal";1;0;0;0;0;0;0;0;1;0;2;1;0;0;0
"05/01/2024";"11:12:00";"258";"Acidente s";"397";"BR-101/RJ";"Pista Norte";"Abalroamento longitudinal";1;0;0;0;0;0;0;0;1;0;2;0;0;0;0
"05/01/2024";"12:12:00";"22";"Acidente c";"226.3";"BR-116/SP";"Pista Norte";"Engavetamento";0;0;0;0;0;0;0;0;3;0;2;0;1;0;0
"06/01/2024";"01:12:00";"332";"Acidente c";"51";"BR-116/SP";"Pista Sul";"Colisão traseira";0;1;0;0;0;0;0;0;1;0;1;0;0;1;0