data;horario;n_da_ocorrencia;tipo_de_ocorrencia;km;trecho;sentido;tipo_de_acidente;automovel;bicicleta;caminhao;moto;onibus;outros;tracao_animal;transporte_de_cargas_especiais;trator_maquinas;utilitarios;ilesos;levemente_feridos;moderadamente_feridos;gravemente_feridos;mortos
"06/01/2024";"01:12:00";"333";"Acidente c";"462";"BR-101/RJ";"Pista Norte";"Capotamento";0;0;0;0;0;0;0;0;1;0;0;1;0;0;0
"06/01/2024";"02:12:00";"342";"Acidente c";"545";"BR-101/RJ";"Pista Norte";"Abalroamento longitudinal";0;1;0;0;0;0;0;0;1;0;4;1;0;0;0
"06/01/2024";"03:12:00";"38";"Acidente s";"38.65";"BR-116/SP";"Pista Norte";"Choque em objeto fixo";0;0;0;0;0;0;0;0;1;0;0;0;0;0;0
"06/01/2024";"03:12:00";"46";"Acidente s";"475.8";"BR-101/RJ";"Pista Sul";"Choque Talude";0;0;0;0;0;0;0;0;1;0;1;0;0;0;0
"06/01/2024";"03:12:00";"374";"Acidente c";"221.8";"BR-116/SP";"Pista Sul";"Queda de moto";0;1;0;0;0;0;0;0;0;0;0;2;0;0;0
"06/01/2024";"03:12:00";"379";"Acidente s";"104";"BR-116/SP";"Pista Sul";"Engavetamento";0;0;0;0;0;0;0;0;3;0;3;0;0;0;0
"06/01/2024";"04:12:00";"394";"Acidente c";"284.9";"BR-116/RJ";"Pista Norte";"Colisão traseira";2;0;0;0;0;0;0;0;0;0;0;0;1;0;0
"06/01/2024";"04:12:00";"400";"Acidente s";"55";"BR-116/SP";"Pista Norte";"Choque em objeto fixo";0;0;0;0;0;0;0;0;1;0;1;0;0;0;0
"06/01/2024";"06:12:00";"458";"Acidente s";"296";"BR-116/RJ";"Pista Norte";"Choque em objeto fixo";0;0;0;0;0;0;0;0;1;0;1;0;0;0;0
"06/01/2024";"07:12:00";"133";"Acidente s";"434";"BR-101/RJ";"Pista Norte";"Choque em defensa";0;0;0;0;0;0;0;0;1;0;1;0;0;0;0
"06/01/2024";"07:12:00";"482";"Acidente s";"93.8";"BR-116/SP";"Pista Norte";"Atropelamento de animal";1;0;0;0;0;0;0;0;0;0;1;0;0;0;0
"06/01/2024";"08:12:00";"159";"Acidente c";"133.6";"BR-116/SP";"Pista Sul";"Abalroamento longitudinal";0;0;0;0;0;1;0;0;2;0;4;1;1;0;0
"06/01/2024";"08:12:00";"169";"Acidente c";"554";"BR-101/RJ";"Pista Norte";"Colisão frontal";0;1;0;0;0;0;0;0;1;0;2;2;0;0;0
"06/01/2024";"08:12:00";"177";"Acidente s";"116";"BR-116/SP";"Pista Norte";"Engavetamento";0;0;0;0;0;0;0;0;5;0;15;0;0;0;0
"06/01/2024";"08:12:00";"504";"Acidente s";"177";"BR-116/SP";"Pista Sul";"Atropelamento de animal";0;0;0;0;0;0;0;0;1;0;4;0;0;0;0
"06/01/2024";"09:12:00";"199";"Acidente c";"495";"BR-101/RJ";"Pista Norte";"Abalroamento longitudinal";0;0;0;0;0;0;0;0;2;0;4;0;1;0;0
"06/01/2024";"09:12:00";"528";"Acidente c";"238.2";"BR-116/RJ";"Pista Norte";"Abalroamento longitudinal";1;0;0;0;0;0;0;0;1;0;2;3;0;0;0
"06/01/2024";"10:12:00";"243";"Acidente s";"47.7";"BR-116/SP";"Pista Sul";"Colisão traseira";0;0;0;0;0;0;0;0;2;0;2;0;0;0;0
"06/01/2024";"10:12:00";"542";"Acidente c";"227.7";"BR-116/SP";"Pista Norte";"Choque em defensa";0;0;0;0;0;0;0;0;1;0;0;0;1;0;0
"06/01/2024";"11:12:00";"259";"Acidente s";"529";"BR-101/RJ";"Pista Sul";"Choque em objeto fixo";0;0;0;0;0;0;0;0;1;0;1;0;0;0;0
"06/01/2024";"12:12:00";"278";"Acidente s";"156.3";"BR-116/SP";"Pista Sul";"Engavetamento";0;0;0;0;0;0;0;0;4;1;8;0;0;0;0
"06/01/2024";"12:12:00";"291";"Acidente s";"45.7";"BR-101/SP";"Pista Sul";"Abalroamento longitudinal";0;0;0;0;0;0;0;0;2;0;3;0;0;0;0
"06/01/2024";"12:12:00";"297";"Acidente c";"113.6";"BR-116/SP";"Pista Sul";"Queda de moto";0;1;0;0;0;0;0;0;0;0;0;1;0;0;0
"07/01/2024";"01:12:00";"32";"Acidente c";"484";"BR-101/RJ";"Pista Sul";"Colisão traseira";0;0;0;0;0;0;0;0;2;0;2;0;1;0;0
"07/01/2024";"01:12:00";"263";"Acidente s";"75";"BR-116/SP";"Pista Sul";"Engavetamento";0;0;0;0;0;0;0;0;1;2;3;0;0;0;0
"07/01/2024";"02:12:00";"272";"Acidente c";"8.6";"BR-116/SP";"Pista Sul";"Abalroamento longitudinal";0;1;0;0;0;0;0;0;1;0;2;1;0;0;0
"07/01/2024";"02:12:00";"294";"Acidente c";"99.8";"BR-116/SP";"Pista Sul";"Engavetamento";0;0;0;0;0;0;0;0;3;0;4;2;1;1;0
"07/01/2024";"05:12:00";"51";"Acidente c";"484";"BR-101/RJ";"Pista Sul";"Colisão frontal";0;1;0;0;0;0;0;0;0;1;1;2;0;0;0
"07/01/2024";"05:12:00";"372";"Acidente s";"184.65";"BR-116/SP";"Pista Norte";"Choque em defensa";0;0;0;0;0;0;0;0;1;0;1;0;0;0;0
"07/01/2024";"06:12:00";"75";"Acidente s";"115.3";"BR-116/SP";"Pista Norte";"Choque em objeto fixo";0;0;0;0;0;0;0;0;1;0;2;0;0;0;0
"07/01/2024";"06:12:00";"394";"Acidente c";"153.65";"BR-116/SP";"Pista Sul";"Engavetamento";0;0;0;0;0;0;0;0;4;0;12;1;0;0;0
"07/01/2024";"06:12:00";"434";"Acidente s";"213";"BR-116/SP";"Pista Sul";"Abalroamento longitudinal";0;0;0;0;0;0;0;0;2;0;3;0;0;0;0
"07/01/2024";"08:12:00";"470";"Acidente s";"69.3";"BR-116/SP";"Pista Sul";"Abalroamento longitudinal";0;0;0;0;0;0;0;0;1;1;1;0;0;0;0
"07/01/2024";"08:12:00";"472";"Acidente c";"218.35";"BR-116/SP";"Pista Sul";"Colisão frontal";0;0;0;0;0;0;0;0;2;0;1;1;0;0;0
"07/01/2024";"08:12:00";"485";"Acidente c";"96.2";"BR-116/SP";"Pista Sul";"Colisão traseira";0;0;0;0;0;0;0;0;2;0;0;1;0;0;0
"07/01/2024";"08:12:00";"488";"Acidente c";"405";"BR-101/RJ";"Pista Sul";"Queda de Carga";0;1;0;0;0;0;0;0;0;0;0;1;0;0;0
"07/01/2024";"09:12:00";"160";"Acidente s";"94";"BR-116/SP";"Pista Norte";"Outros";0;0;0;0;0;0;0;0;2;0;2;0;0;0;0
"07/01/2024";"10:12:00";"179";"Acidente s";"43.3";"BR-101/SP";"Pista Norte";"Colisão traseira";0;0;0;0;0;0;0;0;1;1;4;0;0;0;0
"07/01/2024";"10:12:00";"183";"Acidente c";"428";"BR-101/RJ";"Pista Sul";"Colisão traseira";0;1;0;0;0;0;0;0;1;0;5;1;0;0;0
"07/01/2024";"10:12:00";"525";"Acidente s";"419";"BR-101/RJ";"Pista Norte";"Choque em objeto fixo";0;0;0;0;0;0;0;0;1;0;1;0;0;0;0
"08/01/2024";"01:12:00";"30";"Acidente s";"203.9";"BR-116/SP";"Pista Sul";"Choque em defensa";0;0;0;0;0;0;0;0;1;0;1;0;0;0;0
"08/01/2024";"02:12:00";"374";"Acidente c";"230";"BR-116/SP";"Pista Sul";"Abalroamento longitudinal";0;1;0;0;0;0;0;0;1;0;1;1;0;0;0
"08/01/2024";"02:12:00";"391";"Acidente s";"19";"BR-101/SP";"Pista Norte";"Abalroamento longitudinal";0;0;0;0;0;0;0;0;2;0;2;0;0;0;0
"08/01/2024";"03:12:00";"406";"Acidente c";"243.55";"BR-116/RJ";"Pista Norte";"Engavetamento";1;0;0;0;0;0;0;0;4;0;10;1;0;0;0
"08/01/2024";"03:12:00";"411";"Acidente s";"206";"BR-116/SP";"Pista Sul";"Abalroamento longitudinal";1;0;0;0;0;0;0;0;1;0;2;0;0;0;0
"08/01/2024";"04:12:00";"442";"Acidente s";"46.5";"BR-116/SP";"Pista Sul";"Engavetamento";2;0;0;0;0;0;0;0;1;0;3;0;0;0;0
"08/01/2024";"04:12:00";"444";"Acidente s";"225";"BR-116/SP";"Pista Norte";"Queda de moto";0;1;0;0;0;0;0;0;0;0;1;0;0;0;0
"08/01/2024";"04:12:00";"459";"Acidente s";"225";"BR-116/SP";"Pista Norte";"Queda de moto";0;1;0;0;0;0;0;0;0;0;1;0;0;0;0
"08/01/2024";"05:12:00";"475";"Acidente s";"230";"BR-116/RJ";"Pista Norte";"Abalroamento longitudinal";1;0;0;0;0;0;0;0;0;1;2;0;0;0;0
"08/01/2024";"05:12:00";"491";"Acidente s";"244.1";"BR-116/RJ";"Pista Norte";"Choque em defensa";0;0;0;0;0;0;0;0;1;0;1;0;0;0;0
"08/01/2024";"06:12:00";"500";"Acidente c";"221.4";"BR-116/SP";"Pista Sul";"Abalroamento longitudinal";0;1;0;0;0;0;0;0;1;0;1;1;0;0;0
"08/01/2024";"06:12:00";"505";"Acidente s";"153.58";"BR-116/SP";"Pista Sul";"Engavetamento";0;1;0;0;0;0;0;0;2;0;5;0;0;0;0
"08/01/2024";"07:12:00";"150";"Acidente c";"144.95";"BR-116/SP";"Pista Sul";"Colisão traseira";0;0;0;0;0;1;0;0;1;0;5;0;2;0;0
"08/01/2024";"07:12:00";"521";"Acidente c";"284";"BR-116/RJ";"Pista Sul";"Choque em objeto na pista";0;0;0;0;0;0;0;0;1;0;0;1;0;0;0
"08/01/2024";"08:12:00";"551";"Atropelame";"63.7";"BR-116/SP";"Pista Norte";"Atropelamento de pedestre atravessando";0;0;1;0;0;0;0;0;1;0;0;0;0;1;0
"08/01/2024";"08:12:00";"544";"Atropelame";"75.3";"BR-116/SP";"Pista Sul";"Atropelamento de pedestre atravessando";1;0;0;0;0;0;0;0;0;0;0;0;0;0;1
"08/01/2024";"09:12:00";"199";"Atropelame";"534";"BR-101/RJ";"Pista Sul";"Atropelamento de pedestre atravessando";0;0;0;0;0;0;0;0;0;0;0;1;0;0;0
"08/01/2024";"09:12:00";"242";"Acidente s";"226.8";"BR-116/SP";"Pista Norte";"Abalroamento longitudinal";1;0;0;0;0;0;0;0;1;0;2;0;0;0;0
"08/01/2024";"10:12:00";"273";"Acidente s";"482";"BR-101/RJ";"Pista Norte";"Colisão traseira";0;0;0;0;0;0;0;0;1;1;2;0;0;0;0
"08/01/2024";"11:12:00";"609";"Acidente c";"103.1";"BR-116/SP";"Pista Sul";"Choque em barreira New Jersey";0;0;0;0;0;0;0;0;1;0;1;1;0;0;0
"08/01/2024";"11:12:00";"288";"Acidente c";"227.5";"BR-116/SP";"Pista Norte";"Colisão traseira";0;1;0;0;0;0;1;0;0;0;1;0;1;0;0
"08/01/2024";"12:12:00";"316";"Acidente c";"485";"BR-101/RJ";"Pista Sul";"Abalroamento longitudinal";0;1;0;0;0;0;0;0;1;0;3;1;0;0;0
"09/01/2024";"01:12:00";"299";"Acidente s";"271";"BR-116/RJ";"Pista Sul";"Choque em objeto na pista";0;0;0;0;0;0;0;0;1;0;2;0;0;0;0
"09/01/2024";"01:12:00";"306";"Acidente c";"55";"BR-116/SP";"Pista Sul";"Choque em defensa";0;0;0;0;0;0;0;0;1;0;2;3;0;0;0
"09/01/2024";"02:12:00";"37";"Acidente s";"157.8";"BR-116/SP";"Pista Sul";"Colisão traseira";0;0;0;0;0;0;0;0;1;1;4;0;0;0;0
"09/01/2024";"03:12:00";"375";"Acidente s";"225";"BR-116/SP";"Pista Norte";"Abalroamento longitudinal";2;0;0;0;0;0;0;0;0;0;2;0;0;0;0
"09/01/2024";"04:12:00";"392";"Acidente s";"481";"BR-101/RJ";"Pista Sul";"Choque em objeto fixo";0;0;0;0;0;0;0;0;1;0;1;0;0;0;0
"09/01/2024";"05:12:00";"413";"Acidente c";"106.1";"BR-116/SP";"Pista Norte";"Abalroamento longitudinal";1;1;0;0;0;0;0;0;0;0;1;0;1;0;0
"09/01/2024";"05:12:00";"428";"Acidente c";"164.8";"BR-116/SP";"Pista Sul";"Abalroamento longitudinal";0;1;0;0;0;0;0;0;1;0;2;0;1;0;0
"09/01/2024";"06:12:00";"64";"Acidente c";"218";"BR-116/SP";"Pista Norte";"Colisão traseira";1;0;0;0;0;0;0;0;1;0;1;0;1;0;0
"09/01/2024";"06:12:00";"90";"Acidente c";"227.9";"BR-116/SP";"Pista Sul";"Colisão traseira";0;1;0;0;0;0;0;0;1;0;2;1;0;0;0
"09/01/2024";"06:12:00";"438";"Acidente s";"226";"BR-116/SP";"Pista Norte";"Queda de moto";0;1;0;0;0;0;0;0;0;0;1;0;0;0;0
"09/01/2024";"06:12:00";"444";"Acidente c";"225";"BR-116/SP";"Pista Norte";"Queda de moto";0;1;0;0;0;0;0;0;0;0;0;0;1;0;0
"09/01/2024";"06:12:00";"458";"Acidente c";"226.5";"BR-116/SP";"Pista Norte";"Queda de moto";0;1;0;0;0;0;0;0;0;0;0;1;0;0;0
"09/01/2024";"07:12:00";"122";"Acidente c";"95.55";"BR-116/SP";"Pista Sul";"Tombamento";1;0;0;0;0;0;0;0;0;0;0;0;1;0;0
"09/01/2024";"07:12:00";"124";"Acidente s";"222";"BR-116/SP";"Pista Sul";"Engavetamento";0;2;0;0;0;0;0;0;0;1;3;0;0;0;0
"09/01/2024";"07:12:00";"135";"Acidente s";"37";"BR-101/SP";"Pista Norte";"Abalroamento longitudinal";1;0;0;0;0;0;1;0;2;0;10;0;0;0;0
"09/01/2024";"07:12:00";"488";"Acidente s";"226.5";"BR-116/SP";"Pista Norte";"Colisão traseira";0;1;0;0;0;0;0;0;1;0;2;0;0;0;0
"09/01/2024";"08:12:00";"151";"Acidente c";"185";"BR-116/SP";"Pista Norte";"Queda de moto";0;1;0;0;0;0;0;0;0;0;1;1;0;0;0
"09/01/2024";"08:12:00";"161";"Acidente s";"224";"BR-116/SP";"Pista Sul";"Engavetamento";0;0;0;0;0;0;0;0;2;1;3;0;0;0;0
"09/01/2024";"08:12:00";"163";"Acidente s";"207.3";"BR-116/SP";"Pista Sul";"Colisão traseira";0;0;0;0;0;0;0;0;2;0;2;0;0;0;0
"09/01/2024";"08:12:00";"510";"Acidente s";"524.8";"BR-101/RJ";"Pista Norte";"Choque em objeto fixo";0;0;0;0;0;0;0;0;1;0;4;0;0;0;0
"09/01/2024";"11:12:00";"250";"Acidente s";"524";"BR-101/RJ";"Pista Norte";"Choque em objeto fixo";0;0;0;0;0;0;0;0;1;0;1;0;0;0;0
"09/01/2024";"12:12:00";"19";"Acidente c";"454.5";"BR-101/RJ";"Pista Sul";"Choque em objeto fixo";0;0;0;0;0;0;0;0;1;0;1;1;0;0;0
"10/01/2024";"02:12:00";"410";"Acidente s";"230.2";"BR-116/RJ";"Pista Norte";"Tombamento";1;0;0;0;0;0;0;0;0;0;1;0;0;0;0
"10/01/2024";"02:12:00";"418";"Acidente s";"209";"BR-116/SP";"Pista Norte";"Colisão traseira";0;0;0;0;0;0;0;0;2;0;3;0;0;0;0
"10/01/2024";"02:12:00";"424";"Acidente c";"209.3";"BR-116/SP";"Pista Norte";"Abalroamento longitudinal";0;1;0;0;0;0;0;0;1;1;3;1;0;0;0
"10/01/2024";"03:12:00";"448";"Acidente s";"412";"BR-101/RJ";"Pista Norte";"Colisão traseira";0;0;0;0;0;0;0;0;2;0;2;0;0;0;0
"10/01/2024";"04:12:00";"73";"Acidente c";"275.1";"BR-116/RJ";"Pista Norte";"Queda de moto";0;1;0;0;0;0;0;0;0;0;0;0;1;0;0
"10/01/2024";"04:12:00";"479";"Acidente s";"275";"BR-116/RJ";"Pista Norte";"Colisão traseira";0;0;0;0;0;0;0;0;2;0;3;0;0;0;0
"10/01/2024";"04:12:00";"488";"Acidente c";"428";"BR-101/RJ";"Pista Norte";"Abalroamento longitudinal";0;0;0;0;0;0;0;0;2;0;0;5;0;0;0
"10/01/2024";"05:12:00";"495";"Acidente c";"108.35";"BR-116/SP";"Pista Sul";"Colisão traseira";0;1;0;0;0;0;0;0;1;0;3;1;1;0;0
"10/01/2024";"06:12:00";"135";"Acidente c";"140";"BR-116/SP";"Pista Sul";"Colisão traseira";2;0;0;0;0;0;0;0;1;0;3;3;0;0;0
"10/01/2024";"06:12:00";"543";"Acidente c";"229.6";"BR-116/SP";"Pista Sul";"Queda de moto";0;1;0;0;0;0;0;0;0;0;0;1;0;0;0
"10/01/2024";"06:12:00";"559";"Acidente c";"572";"BR-101/RJ";"Pista Sul";"Abalroamento longitudinal";0;1;0;0;0;0;0;0;1;0;1;0;2;0;0
"10/01/2024";"07:12:00";"148";"Acidente s";"207";"BR-116/SP";"Pista Sul";"Colisão traseira";0;0;0;0;0;0;0;0;2;0;3;0;0;0;0
"10/01/2024";"07:12:00";"179";"Acidente c";"218";"BR-116/SP";"Pista Sul";"Abalroamento longitudinal";0;1;0;0;0;0;0;0;0;1;1;0;1;0;0
"10/01/2024";"07:12:00";"575";"Acidente s";"126.3";"BR-116/SP";"Pista Sul";"Choque em objeto fixo";0;0;0;0;0;0;0;0;1;0;1;0;0;0;0
"10/01/2024";"07:12:00";"586";"Acidente c";"225";"BR-116/SP";"Pista Norte";"Engavetamento";0;2;0;0;0;0;0;0;1;0;1;0;2;0;0
"10/01/2024";"08:12:00";"601";"Acidente s";"217";"BR-116/SP";"Pista Norte";"Colisão traseira";0;0;0;0;0;0;0;0;1;1;3;0;0;0;0
"10/01/2024";"09:12:00";"254";"Acidente c";"22";"BR-116/SP";"Pista Sul";"Tombamento";1;0;0;0;0;0;0;0;0;0;0;0;1;0;0
"10/01/2024";"10:12:00";"647";"Acidente s";"225.5";"BR-116/RJ";"Pista Norte";"Choque em objeto fixo";1;0;0;0;0;0;0;0;0;0;0;0;0;0;0
"10/01/2024";"11:12:00";"664";"Acidente s";"577";"BR-101/RJ";"Pista Sul";"Choque em objeto na pista";0;0;0;0;0;0;0;0;1;0;1;0;0;0;0
"10/01/2024";"12:12:00";"345";"Acidente s";"123.35";"BR-116/SP";"Pista Sul";"Colisão traseira";0;0;0;0;0;0;0;0;1;1;5;0;0;0;0
"10/01/2024";"12:12:00";"360";"Acidente s";"58";"BR-116/SP";"Pista Sul";"Abalroamento longitudinal";1;0;0;0;0;0;0;0;1;0;3;0;0;0;0
"10/01/2024";"12:12:00";"362";"Acidente s";"274.8";"BR-116/RJ";"Pista Sul";"Tombamento";1;0;0;0;0;0;0;0;0;0;1;0;0;0;0
"11/01/2024";"02:12:00";"413";"Acidente c";"197.4";"BR-116/SP";"Pista Sul";"Colisão traseira";1;0;0;0;0;1;0;0;0;0;2;1;0;0;0
"11/01/2024";"02:12:00";"424";"Atropelame";"48";"BR-101/SP";"Pista Sul";"Atropelamento de pedestre atravessando";0;0;1;0;0;0;0;0;0;1;1;1;0;0;0
"11/01/2024";"02:12:00";"427";"Acidente c";"387";"BR-101/RJ";"Pista Norte";"Capotamento";0;0;0;0;0;0;0;0;2;0;2;1;0;0;0
"11/01/2024";"04:12:00";"482";"Acidente s";"295";"BR-116/RJ";"Pista Norte";"Outros";0;0;0;0;0;0;0;0;1;0;1;0;0;0;0
"11/01/2024";"04:12:00";"509";"Acidente s";"112";"BR-116/SP";"Pista Sul";"Choque em barreira New Jersey";1;0;0;0;0;0;0;0;0;0;0;0;0;0;0
"11/01/2024";"05:12:00";"515";"Acidente s";"146.2";"BR-116/SP";"Pista Norte";"Engavetamento";0;0;0;0;0;0;0;0;3;0;5;0;0;0;0
"11/01/2024";"05:12:00";"523";"Acidente c";"101.7";"BR-116/SP";"Pista Sul";"Colisão traseira";0;1;0;0;0;0;0;0;1;0;0;0;1;0;0
"11/01/2024";"05:12:00";"527";"Acidente s";"109.8";"BR-116/SP";"Pista Sul";"Colisão traseira";0;0;0;0;0;0;0;0;2;0;3;0;0;0;0
"11/01/2024";"07:12:00";"153";"Acidente s";"486";"BR-101/RJ";"Pista Sul";"Engavetamento";0;0;0;0;0;0;0;0;4;0;7;0;0;0;0
"11/01/2024";"08:12:00";"642";"Acidente s";"29.4";"BR-101/SP";"Pista Sul";"Colisão traseira";0;0;0;0;0;0;0;0;2;0;2;0;0;0;0
"11/01/2024";"09:12:00";"255";"Acidente s";"537";"BR-101/RJ";"Pista Norte";"Abalroamento longitudinal";0;0;0;0;0;0;0;0;2;0;2;0;0;0;0
"11/01/2024";"09:12:00";"659";"Acidente s";"146";"BR-116/SP";"Pista Sul";"Colisão traseira";0;0;0;0;0;0;0;0;1;1;5;0;0;0;0
"11/01/2024";"09:12:00";"671";"Atropelame";"46";"BR-101/SP";"Pista Sul";"Atropelamento de pedestre atravessando";0;1;0;0;0;0;0;0;0;0;1;1;1;0;0
"11/01/2024";"09:12:00";"681";"Acidente c";"39.7";"BR-101/SP";"Pista Sul";"Abalroamento longitudinal";0;1;0;0;0;0;0;0;1;0;2;2;0;0;0
"11/01/2024";"10:12:00";"291";"Acidente c";"19.9";"BR-116/SP";"Pista Sul";"Capotamento";0;0;0;0;0;0;0;0;1;0;0;2;1;0;0
"11/01/2024";"12:12:00";"29";"Acidente c";"228.9";"BR-116/SP";"Pista Sul";"Colisão traseira";0;0;0;0;0;0;0;0;1;0;0;1;0;0;0
"11/01/2024";"12:12:00";"349";"Acidente c";"73.5";"BR-116/SP";"Pista Sul";"Engavetamento";0;0;0;0;0;0;0;0;4;0;2;1;4;0;0
"12/01/2024";"01:12:00";"386";"Acidente s";"429";"BR-101/RJ";"Pista Sul";"Choque em objeto fixo";0;0;0;0;0;0;0;0;1;0;1;0;0;0;0
"12/01/2024";"01:12:00";"403";"Acidente s";"414";"BR-101/RJ";"Pista Sul";"Engavetamento";0;0;0;0;0;0;0;0;3;1;6;0;0;0;0
"12/01/2024";"02:12:00";"417";"Acidente c";"413.2";"BR-101/RJ";"Pista Sul";"Choque em barreira New Jersey";0;0;0;0;0;0;0;0;1;0;1;2;0;0;0
"12/01/2024";"02:12:00";"439";"Acidente c";"199.2";"BR-116/SP";"Pista Sul";"Colisão traseira";1;0;0;0;0;0;0;0;1;0;1;1;0;0;0
"12/01/2024";"03:12:00";"464";"Acidente s";"26";"BR-116/SP";"Pista Sul";"Choque em barreira New Jersey";0;0;0;0;0;0;0;0;1;0;1;0;0;0;0
"12/01/2024";"04:12:00";"489";"Acidente c";"225.5";"BR-116/SP";"Pista Norte";"Queda de moto";0;2;0;0;0;0;0;0;0;0;1;1;0;0;0
"12/01/2024";"04:12:00";"495";"Acidente c";"275.4";"BR-116/RJ";"Pista Norte";"Colisão traseira";0;0;0;0;0;0;0;0;2;0;3;0;2;0;0
"12/01/2024";"04:12:00";"497";"Acidente c";"226";"BR-116/SP";"Pista Norte";"Queda de moto";0;1;0;0;0;0;0;0;0;0;0;1;0;0;0
"12/01/2024";"04:12:00";"520";"Acidente s";"436";"BR-101/RJ";"Pista Sul";"Choque em objeto fixo";0;0;0;0;0;0;0;0;1;0;1;0;0;0;0
"12/01/2024";"04:12:00";"521";"Acidente s";"226";"BR-116/SP";"Pista Norte";"Abalroamento longitudinal";0;0;0;2;0;0;0;0;0;0;84;0;0;0;0
"12/01/2024";"06:12:00";"119";"Acidente s";"284.9";"BR-116/RJ";"Pista Sul";"Abalroamento longitudinal";0;0;0;0;0;0;0;0;1;1;6;0;0;0;0
"12/01/2024";"06:12:00";"569";"Acidente s";"415.2";"BR-101/RJ";"Pista Sul";"Capotamento";0;0;0;0;0;0;0;0;1;0;1;0;0;0;0
"12/01/2024";"06:12:00";"573";"Acidente c";"434";"BR-101/RJ";"Pista Sul";"Colisão frontal";0;0;0;0;0;0;0;0;2;0;5;1;0;0;0
"12/01/2024";"06:12:00";"576";"Acidente c";"225.1";"BR-116/SP";"Pista Norte";"Queda de moto";0;1;0;0;0;0;0;0;0;0;0;1;0;0;0
"12/01/2024";"07:12:00";"613";"Acidente c";"286";"BR-116/RJ";"Pista Sul";"Colisão traseira";1;1;0;0;0;0;0;0;0;0;0;2;0;0;0
"12/01/2024";"07:12:00";"150";"Acidente c";"211.05";"BR-116/SP";"Pista Sul";"Colisão traseira";0;2;0;0;0;0;0;0;0;0;1;1;1;0;0
"12/01/2024";"07:12:00";"152";"Acidente c";"283";"BR-116/RJ";"Pista Sul";"Colisão traseira";0;1;0;0;0;0;0;0;1;0;0;1;1;0;0
"12/01/2024";"07:12:00";"176";"Acidente c";"433";"BR-101/RJ";"Pista Norte";"Choque em objeto fixo";0;0;0;0;0;0;0;0;1;0;0;1;0;0;0
"12/01/2024";"07:12:00";"177";"Acidente c";"316.7";"BR-116/RJ";"Pista Norte";"Queda de moto";0;1;0;0;0;0;0;0;0;0;0;1;1;0;0
"12/01/2024";"07:12:00";"587";"Acidente s";"511";"BR-101/RJ";"Pista Sul";"Abalroamento longitudinal";0;0;0;0;0;0;0;0;2;0;2;0;0;0;0
"12/01/2024";"07:12:00";"602";"Atropelame";"585";"BR-101/RJ";"Pista Norte";"Atropelamento de pedestre atravessando";0;0;0;0;0;0;0;0;0;1;1;0;0;1;0
"12/01/2024";"08:12:00";"634";"Acidente c";"51.8";"BR-101/SP";"Pista Norte";"Atropelamento de pedestre atravessando";0;0;1;0;0;0;0;0;0;1;1;0;0;1;0
"12/01/2024";"08:12:00";"204";"Acidente c";"146.7";"BR-116/SP";"Pista Norte";"Colisão traseira";0;1;0;0;0;0;0;0;1;0;0;4;0;0;0
"12/01/2024";"08:12:00";"216";"Acidente s";"290";"BR-116/RJ";"Pista Norte";"Colisão traseira";0;0;0;0;0;0;0;0;2;0;3;0;0;0;0
"12/01/2024";"08:12:00";"644";"Acidente s";"501.9";"BR-101/RJ";"Pista Sul";"Capotamento";0;0;0;0;0;0;0;0;1;0;1;0;0;0;0
"12/01/2024";"09:12:00";"669";"Acidente s";"251.9";"BR-116/RJ";"Pista Sul";"Choque em defensa";0;0;0;0;0;0;0;0;1;0;2;0;0;0;0
"12/01/2024";"10:12:00";"286";"Acidente c";"524";"BR-101/RJ";"Pista Sul";"Abalroamento longitudinal";0;1;0;0;0;0;0;0;1;0;1;0;1;0;0
"12/01/2024";"10:12:00";"322";"Acidente c";"80.7";"BR-116/SP";"Pista Norte";"Colisão traseira";0;1;0;0;0;0;0;0;1;0;3;1;0;0;0
"12/01/2024";"10:12:00";"704";"Atropelame";"215.5";"BR-116/SP";"Pista Sul";"Atropelamento de pedestre atravessando";0;0;0;0;0;0;0;0;0;1;1;0;1;0;0
"12/01/2024";"11:12:00";"346";"Acidente c";"512";"BR-101/RJ";"Pista Sul";"Tombamento";1;0;0;0;0;0;0;0;0;0;0;2;0;0;0
"12/01/2024";"11:12:00";"723";"Acidente s";"202.4";"BR-116/SP";"Pista Norte";"Colisão traseira";0;0;0;1;0;0;0;0;1;0;6;0;0;0;0
"13/01/2024";"01:12:00";"278";"Acidente s";"231";"BR-116/RJ";"Pista Sul";"Choque em objeto fixo";0;0;0;0;0;0;0;0;1;0;0;0;0;0;0
"13/01/2024";"01:12:00";"279";"Acidente s";"320";"BR-116/RJ";"Pista Norte";"Choque em defensa";0;0;0;0;0;0;0;0;1;0;4;0;0;0;0
"13/01/2024";"01:12:00";"285";"Acidente c";"76.7";"BR-116/SP";"Pista Norte";"Queda de moto";0;1;0;0;0;0;0;0;0;0;1;1;0;0;0
"13/01/2024";"02:12:00";"301";"Acidente c";"242";"BR-116/RJ";"Pista Sul";"Capotamento";0;0;0;0;0;0;0;0;1;0;0;2;0;0;0
"13/01/2024";"02:12:00";"308";"Acidente s";"154.3";"BR-116/SP";"Pista Sul";"Colisão traseira";0;0;0;0;0;0;0;0;1;1;2;0;0;0;0