data;horario;n_da_ocorrencia;tipo_de_ocorrencia;km;trecho;sentido;tipo_de_acidente;automovel;bicicleta;caminhao;moto;onibus;outros;tracao_animal;transporte_de_cargas_especiais;trator_maquinas;utilitarios;ilesos;levemente_feridos;moderadamente_feridos;gravemente_feridos;mortos
"13/01/2024";"02:12:00";"309";"Acidente s";"101.7";"BR-116/SP";"Pista Sul";"Engavetamento";1;0;0;0;0;0;0;0;1;1;4;0;0;0;0
"13/01/2024";"02:12:00";"313";"Acidente s";"76.6";"BR-116/SP";"Pista Sul";"Colisão traseira";0;0;0;0;0;0;0;0;1;1;6;0;0;0;0
"13/01/2024";"02:12:00";"314";"Acidente c";"268.5";"BR-116/RJ";"Pista Sul";"Choque em defensa";0;0;0;0;0;0;0;0;1;0;0;3;1;0;0
"13/01/2024";"03:12:00";"319";"Acidente s";"106.6";"BR-116/SP";"Pista Sul";"Engavetamento";0;0;0;0;0;0;0;0;2;1;8;0;0;0;0
"13/01/2024";"03:12:00";"327";"Acidente s";"193.3";"BR-116/SP";"Pista Sul";"Choque em barreira New Jersey";0;0;0;0;0;0;0;0;2;0;7;0;0;0;0
"13/01/2024";"03:12:00";"344";"Acidente c";"292";"BR-116/RJ";"Pista Norte";"Queda de moto";0;1;0;0;0;0;0;0;0;0;1;0;0;1;0
"13/01/2024";"04:12:00";"60";"Acidente s";"44.9";"BR-116/SP";"Pista Norte";"Abalroamento longitudinal";0;0;0;0;0;0;0;0;1;1;1;0;0;0;0
"13/01/2024";"04:12:00";"346";"Acidente s";"227.9";"BR-116/RJ";"Pista Norte";"Choque em barreira New Jersey";0;0;0;0;0;0;0;0;1;0;2;0;0;0;0
"13/01/2024";"04:12:00";"362";"Acidente s";"6.8";"BR-116/SP";"Pista Sul";"Colisão traseira";1;0;0;0;0;0;0;0;1;0;6;0;0;0;0
"13/01/2024";"05:12:00";"76";"Acidente s";"308";"BR-116/RJ";"Pista Norte";"Choque Talude";0;0;0;0;0;0;0;0;1;0;1;0;0;0;0
"13/01/2024";"05:12:00";"383";"Acidente s";"570.3";"BR-101/RJ";"Pista Sul";"Choque em barreira New Jersey";0;0;0;0;0;0;0;0;1;0;1;0;0;0;0
"13/01/2024";"05:12:00";"386";"Acidente c";"227";"BR-116/SP";"Pista Sul";"Queda de moto";0;1;0;0;0;0;0;0;0;0;0;1;0;0;0
"13/01/2024";"05:12:00";"392";"Acidente c";"233.9";"BR-116/RJ";"Pista Norte";"Capotamento";0;0;0;0;0;0;0;0;1;0;0;2;0;0;0
"13/01/2024";"05:12:00";"402";"Acidente s";"430";"BR-101/RJ";"Pista Sul";"Choque em objeto fixo";0;0;0;0;0;0;0;0;1;0;1;0;0;0;0
"13/01/2024";"06:12:00";"421";"Acidente s";"219.65";"BR-116/RJ";"Pista Norte";"Capotamento";0;0;0;0;0;0;0;0;1;0;1;0;0;0;0
"13/01/2024";"06:12:00";"430";"Acidente s";"454";"BR-101/RJ";"Pista Norte";"Engavetamento";0;0;0;0;0;0;0;0;3;0;3;0;0;0;0
"13/01/2024";"07:12:00";"442";"Acidente s";"231.8";"BR-116/RJ";"Pista Norte";"Abalroamento longitudinal";1;0;0;0;0;0;0;0;1;0;2;0;0;0;0
"13/01/2024";"07:12:00";"450";"Acidente c";"395.5";"BR-101/RJ";"Pista Norte";"Choque em barreira New Jersey";0;0;0;0;0;0;0;0;1;0;0;1;0;0;0
"13/01/2024";"07:12:00";"457";"Acidente s";"227.3";"BR-116/RJ";"Pista Norte";"Choque em barreira New Jersey";0;0;0;0;0;0;0;0;1;0;0;0;0;0;0
"13/01/2024";"08:12:00";"159";"Acidente c";"59.75";"BR-116/SP";"Pista Sul";"Colisão traseira";0;1;0;0;0;0;0;0;1;0;3;0;1;0;0
"13/01/2024";"08:12:00";"477";"Acidente c";"219.8";"BR-116/SP";"Pista Sul";"Abalroamento longitudinal";0;1;0;0;0;0;0;0;1;0;1;0;0;1;0
"13/01/2024";"09:12:00";"479";"Acidente c";"218";"BR-116/SP";"Pista Norte";"Queda de moto";0;1;0;0;0;0;0;0;0;0;1;1;0;0;0
"13/01/2024";"09:12:00";"494";"Acidente c";"219.1";"BR-116/SP";"Pista Norte";"Colisão traseira";0;1;0;0;0;0;0;0;1;0;2;0;0;0;1
"13/01/2024";"10:12:00";"210";"Acidente c";"43.1";"BR-116/SP";"Pista Sul";"Choque em barreira New Jersey";0;0;0;0;0;0;0;0;1;0;0;1;0;0;0
"13/01/2024";"10:12:00";"223";"Acidente s";"563";"BR-101/RJ";"Pista Sul";"Choque em objeto fixo";0;0;0;0;0;0;0;0;1;0;1;0;0;0;0
"13/01/2024";"10:12:00";"503";"Acidente c";"218.9";"BR-116/SP";"Pista Norte";"Colisão traseira";0;1;0;0;0;0;0;0;1;0;1;1;0;0;0
"13/01/2024";"11:12:00";"242";"Acidente s";"566";"BR-101/RJ";"Pista Norte";"Colisão traseira";1;0;0;0;0;0;0;0;1;0;3;0;0;0;0
"13/01/2024";"11:12:00";"509";"Acidente c";"210.2";"BR-116/SP";"Pista Norte";"Choque em barreira New Jersey";0;0;0;0;0;0;0;0;1;0;0;1;0;0;0
"13/01/2024";"11:12:00";"515";"Acidente s";"222";"BR-116/SP";"Pista Norte";"Colisão traseira";0;0;0;0;0;0;0;0;2;0;5;0;0;0;0
"13/01/2024";"11:12:00";"517";"Acidente c";"222.1";"BR-116/SP";"Pista Norte";"Engavetamento";0;1;0;0;0;0;0;0;2;0;5;0;2;0;0
"13/01/2024";"12:12:00";"266";"Acidente c";"52";"BR-101/SP";"Pista Sul";"Engavetamento";0;1;0;0;0;0;0;0;2;0;2;1;0;0;0
"14/01/2024";"01:12:00";"272";"Acidente s";"452.1";"BR-101/RJ";"Pista Sul";"Choque em objeto fixo";0;0;0;0;0;0;0;0;1;0;2;0;0;0;0
"14/01/2024";"01:12:00";"282";"Acidente s";"100.4";"BR-116/SP";"Pista Sul";"Engavetamento";0;0;0;0;0;0;0;0;3;0;8;0;0;0;0
"14/01/2024";"01:12:00";"288";"Acidente c";"84.85";"BR-116/SP";"Pista Sul";"Queda de moto";0;1;0;0;0;0;0;0;0;0;0;0;2;0;0
"14/01/2024";"02:12:00";"35";"Acidente s";"590";"BR-101/RJ";"Pista Norte";"Choque em objeto fixo";0;0;0;0;0;0;0;0;1;0;2;0;0;0;0
"14/01/2024";"02:12:00";"306";"Acidente s";"46";"BR-116/SP";"Pista Norte";"Choque em barreira New Jersey";1;0;0;0;0;0;0;0;1;0;5;0;0;0;0
"14/01/2024";"04:12:00";"58";"Acidente s";"501";"BR-101/RJ";"Pista Sul";"Abalroamento longitudinal";1;0;0;0;0;0;0;0;1;0;2;0;0;0;0
"14/01/2024";"04:12:00";"349";"Acidente c";"106.35";"BR-116/SP";"Pista Sul";"Colisão traseira";0;1;0;0;0;0;0;0;0;1;1;0;1;0;0
"14/01/2024";"04:12:00";"351";"Acidente c";"416.7";"BR-101/RJ";"Pista Sul";"Queda de moto";0;1;0;0;0;0;0;0;0;0;0;1;0;1;0
"14/01/2024";"05:12:00";"66";"Acidente s";"477.8";"BR-101/RJ";"Pista Sul";"Choque em objeto fixo";0;0;0;0;0;0;0;0;1;0;1;0;0;0;0
"14/01/2024";"05:12:00";"394";"Acidente s";"110.45";"BR-116/SP";"Pista Norte";"Colisão traseira";0;0;0;0;0;0;0;0;2;0;3;0;0;0;0
"14/01/2024";"06:12:00";"71";"Acidente s";"251.4";"BR-116/RJ";"Pista Sul";"Choque em objeto fixo";0;0;0;0;0;0;0;0;1;0;1;0;0;0;0
"14/01/2024";"06:12:00";"77";"Acidente c";"47";"BR-101/SP";"Pista Sul";"Colisão traseira";0;0;0;0;0;0;0;0;2;1;2;1;0;0;0
"14/01/2024";"06:12:00";"82";"Acidente c";"127.38";"BR-116/SP";"Pista Sul";"Choque em barreira New Jersey";0;1;0;0;0;0;0;0;0;0;0;0;0;1;0
"14/01/2024";"06:12:00";"87";"Acidente c";"22.3";"BR-116/SP";"Pista Sul";"Tombamento";1;0;0;0;0;0;0;0;0;0;0;0;1;0;0
"14/01/2024";"07:12:00";"110";"Acidente s";"597";"BR-101/RJ";"Pista Sul";"Choque em objeto fixo";0;0;0;0;0;0;0;0;1;0;1;0;0;0;0
"14/01/2024";"07:12:00";"461";"Acidente c";"297.6";"BR-116/RJ";"Pista Norte";"Abalroamento longitudinal";1;0;0;0;0;0;0;0;1;0;2;0;1;0;0
"14/01/2024";"09:12:00";"183";"Acidente s";"49.9";"BR-101/SP";"Pista Sul";"Colisão traseira";0;0;0;0;0;0;0;0;2;0;4;0;0;0;0
"14/01/2024";"10:12:00";"186";"Acidente s";"95.3";"BR-116/SP";"Pista Norte";"Colisão traseira";0;0;0;0;0;0;0;0;1;1;5;0;0;0;0
"14/01/2024";"10:12:00";"190";"Acidente c";"66.3";"BR-116/SP";"Pista Norte";"Abalroamento longitudinal";1;0;0;0;0;0;0;0;1;0;2;0;3;0;0
"14/01/2024";"10:12:00";"197";"Acidente s";"219";"BR-116/SP";"Pista Sul";"Abalroamento longitudinal";1;0;0;0;0;0;0;0;1;0;5;0;0;0;0
"14/01/2024";"10:12:00";"528";"Acidente c";"230.4";"BR-116/SP";"Pista Sul";"Engavetamento";0;0;0;0;0;0;0;0;3;0;0;7;1;0;0
"14/01/2024";"10:12:00";"536";"Acidente c";"304.55";"BR-116/RJ";"Pista Sul";"Queda de ribanceira";1;0;0;0;0;0;0;0;0;0;0;0;1;0;0
"14/01/2024";"11:12:00";"247";"Acidente c";"509";"BR-101/RJ";"Pista Sul";"Choque em objeto na pista";1;1;0;0;0;0;0;0;0;0;3;0;1;0;0
"14/01/2024";"11:12:00";"546";"Acidente c";"219";"BR-116/SP";"Pista Norte";"Colisão traseira";0;0;0;0;0;0;0;0;2;0;0;5;0;0;0
"14/01/2024";"11:12:00";"547";"Acidente s";"390";"BR-101/RJ";"Pista Norte";"Choque em barreira New Jersey";0;0;0;0;0;0;0;0;1;0;1;0;0;0;0
"14/01/2024";"11:12:00";"553";"Acidente c";"477";"BR-101/RJ";"Pista Sul";"Colisão frontal";0;1;0;0;0;0;0;0;1;0;0;0;3;0;0
"14/01/2024";"12:12:00";"26";"Acidente s";"210.2";"BR-116/SP";"Pista Norte";"Choque em barreira New Jersey";0;0;0;0;0;0;0;0;1;0;1;0;0;0;0
"15/01/2024";"01:12:00";"29";"Acidente s";"195.3";"BR-116/SP";"Pista Sul";"Colisão traseira";2;0;0;0;0;0;0;0;0;0;2;0;0;0;0
"15/01/2024";"01:12:00";"30";"Acidente s";"132";"BR-116/SP";"Pista Sul";"Choque em objeto fixo";0;0;0;0;0;0;0;0;1;0;2;0;0;0;0
"15/01/2024";"01:12:00";"320";"Acidente s";"314.8";"BR-116/RJ";"Pista Norte";"Engavetamento";0;0;0;0;0;0;0;0;4;0;6;0;0;0;0
"15/01/2024";"01:12:00";"326";"Acidente c";"313.8";"BR-116/RJ";"Pista Norte";"Capotamento";0;0;0;0;0;0;0;0;1;0;1;3;0;0;0
"15/01/2024";"02:12:00";"367";"Acidente s";"576";"BR-101/RJ";"Pista Norte";"Abalroamento longitudinal";0;0;0;0;0;0;0;0;1;1;2;0;0;0;0
"15/01/2024";"02:12:00";"377";"Acidente s";"227.65";"BR-116/SP";"Pista Norte";"Engavetamento";2;0;0;0;0;0;0;0;1;0;4;0;0;0;0
"15/01/2024";"03:12:00";"53";"Acidente s";"563";"BR-101/RJ";"Pista Norte";"Choque em objeto fixo";0;0;0;0;0;0;0;0;1;0;1;0;0;0;0
"15/01/2024";"03:12:00";"396";"Acidente s";"258";"BR-116/RJ";"Pista Sul";"Abalroamento longitudinal";1;0;0;0;0;0;0;0;1;0;6;0;0;0;0
"15/01/2024";"03:12:00";"411";"Acidente s";"283.1";"BR-116/RJ";"Pista Sul";"Colisão traseira";0;0;0;0;0;0;0;0;1;1;4;0;0;0;0
"15/01/2024";"04:12:00";"456";"Acidente s";"41.9";"BR-101/SP";"Pista Sul";"Colisão traseira";0;0;0;0;0;0;0;0;2;0;5;0;0;0;0
"15/01/2024";"05:12:00";"66";"Acidente c";"172";"BR-116/SP";"Pista Sul";"Colisão traseira";2;0;0;0;0;0;0;0;0;0;1;1;0;0;0
"15/01/2024";"05:12:00";"74";"Acidente c";"51";"BR-116/SP";"Pista Sul";"Choque em objeto fixo";0;0;0;0;0;0;0;0;1;0;0;0;1;0;0
"15/01/2024";"08:12:00";"191";"Acidente c";"264";"BR-116/RJ";"Pista Norte";"Capotamento";0;0;0;0;0;0;0;0;1;0;1;3;0;0;0
"15/01/2024";"09:12:00";"224";"Acidente c";"41.8";"BR-101/SP";"Pista Sul";"Queda de moto";0;1;0;0;0;0;0;0;0;0;0;0;2;0;0
"15/01/2024";"09:12:00";"605";"Acidente c";"226.6";"BR-116/SP";"Pista Norte";"Choque em barreira New Jersey";0;1;0;0;0;0;0;0;0;0;0;0;1;0;0
"15/01/2024";"11:12:00";"265";"Acidente c";"219.3";"BR-116/SP";"Pista Sul";"Abalroamento longitudinal";0;1;0;0;0;0;0;0;1;0;1;1;1;0;0
"15/01/2024";"11:12:00";"643";"Acidente s";"271.4";"BR-116/RJ";"Pista Sul";"Choque em objeto fixo";0;0;0;0;0;0;0;0;1;0;1;0;0;0;0
"15/01/2024";"12:12:00";"313";"Acidente c";"576";"BR-101/RJ";"Pista Norte";"Queda de moto";0;1;0;0;0;0;0;0;0;0;0;1;0;0;0
"16/01/2024";"01:12:00";"33";"Acidente s";"36.9";"BR-116/SP";"Pista Norte";"Colisão traseira";2;0;0;0;0;0;0;0;0;0;2;0;0;0;0
"16/01/2024";"01:12:00";"352";"Acidente c";"506";"BR-101/RJ";"Pista Sul";"Colisão traseira";0;0;0;0;0;0;0;0;2;0;3;1;0;0;0
"16/01/2024";"01:12:00";"357";"Acidente c";"429";"BR-101/RJ";"Pista Sul";"Queda de moto";0;1;0;0;0;0;0;0;0;0;0;1;0;0;0
"16/01/2024";"02:12:00";"363";"Acidente s";"76.5";"BR-116/SP";"Pista Sul";"Engavetamento";0;0;0;0;0;0;0;0;3;0;3;0;0;0;0
"16/01/2024";"02:12:00";"382";"Acidente c";"109";"BR-116/SP";"Pista Norte";"Queda de moto";0;1;0;0;0;0;0;0;0;0;0;0;2;0;0
"16/01/2024";"05:12:00";"493";"Acidente s";"6.9";"BR-116/SP";"Pista Norte";"Choque em objeto fixo";0;0;0;0;0;0;1;0;0;0;0;0;0;0;0
"16/01/2024";"06:12:00";"98";"Acidente c";"320.4";"BR-116/RJ";"Pista Sul";"Choque em barreira New Jersey";0;0;0;0;0;0;0;0;1;0;3;2;0;0;0
"16/01/2024";"06:12:00";"99";"Acidente s";"223.2";"BR-116/SP";"Pista Sul";"Abalroamento longitudinal";0;0;0;0;0;0;0;0;2;0;2;0;0;0;0
"16/01/2024";"07:12:00";"118";"Acidente s";"307.4";"BR-116/RJ";"Pista Sul";"Colisão traseira";0;0;0;0;0;0;0;0;2;0;2;0;0;0;0
"16/01/2024";"07:12:00";"147";"Acidente c";"209.5";"BR-116/SP";"Pista Norte";"Choque em objeto fixo";0;0;0;0;0;0;0;0;1;0;0;1;0;0;0
"16/01/2024";"07:12:00";"150";"Acidente c";"210.5";"BR-116/SP";"Pista Sul";"Abalroamento longitudinal";0;1;0;0;0;0;0;0;1;0;1;1;0;0;0
"16/01/2024";"07:12:00";"153";"Acidente s";"304.5";"BR-116/RJ";"Pista Norte";"Engavetamento";0;0;0;0;0;0;0;0;3;0;3;0;0;0;0
"16/01/2024";"07:12:00";"156";"Acidente c";"217.9";"BR-116/SP";"Pista Norte";"Queda de moto";0;1;0;0;0;0;0;0;0;0;0;0;1;0;0
"16/01/2024";"07:12:00";"543";"Acidente s";"61.2";"BR-116/SP";"Pista Sul";"Colisão traseira";0;0;0;0;0;0;0;0;2;0;0;0;0;0;0
"16/01/2024";"08:12:00";"195";"Acidente s";"210.5";"BR-116/SP";"Pista Sul";"Abalroamento longitudinal";1;0;0;0;0;0;0;0;1;0;2;0;0;0;0
"16/01/2024";"09:12:00";"199";"Acidente s";"147.6";"BR-116/SP";"Pista Norte";"Engavetamento";0;0;0;0;0;0;0;0;2;2;4;0;0;0;0
"16/01/2024";"09:12:00";"214";"Acidente s";"147.7";"BR-116/SP";"Pista Norte";"Colisão traseira";0;0;0;0;0;0;0;0;1;1;5;0;0;0;0
"16/01/2024";"09:12:00";"220";"Acidente c";"110.9";"BR-116/SP";"Pista Sul";"Colisão traseira";0;1;0;0;0;0;0;0;1;0;0;2;0;0;0
"16/01/2024";"09:12:00";"602";"Acidente c";"227.95";"BR-116/SP";"Pista Sul";"Engavetamento";2;0;0;1;0;0;0;0;0;0;3;0;1;0;0
"16/01/2024";"09:12:00";"611";"Acidente s";"297";"BR-116/RJ";"Pista Sul";"Choque em objeto fixo";0;0;0;0;0;0;0;0;1;0;1;0;0;0;0
"16/01/2024";"10:12:00";"240";"Acidente s";"285.1";"BR-116/RJ";"Pista Norte";"Colisão traseira";1;0;0;0;0;0;0;0;0;1;2;0;0;0;0
"16/01/2024";"10:12:00";"243";"Acidente c";"226.35";"BR-116/RJ";"Pista Sul";"Tombamento";1;0;0;0;0;0;0;0;0;0;0;0;1;0;0
"16/01/2024";"10:12:00";"246";"Acidente s";"37.6";"BR-116/SP";"Pista Norte";"Abalroamento longitudinal";1;0;0;0;0;0;0;0;1;0;3;0;0;0;0
"16/01/2024";"10:12:00";"248";"Acidente c";"219";"BR-116/SP";"Pista Sul";"Colisão traseira";0;1;0;0;0;0;0;0;1;0;2;1;0;0;0
"16/01/2024";"11:12:00";"292";"Acidente c";"217.8";"BR-116/SP";"Pista Sul";"Abalroamento longitudinal";0;1;0;0;0;0;0;0;1;0;2;0;1;0;0
"16/01/2024";"11:12:00";"300";"Acidente c";"247.4";"BR-116/RJ";"Pista Sul";"Colisão traseira";0;1;0;0;0;0;0;0;0;1;1;0;1;0;0
"16/01/2024";"12:12:00";"22";"Acidente s";"231";"BR-116/SP";"Pista Norte";"Abalroamento longitudinal";1;0;0;0;0;0;0;0;1;0;2;0;0;0;0
"17/01/2024";"01:12:00";"373";"Acidente s";"114.2";"BR-116/SP";"Pista Norte";"Colisão traseira";1;0;0;0;0;0;0;0;1;0;2;0;0;0;0
"17/01/2024";"02:12:00";"484";"Acidente s";"571";"BR-101/RJ";"Pista Norte";"Choque em objeto fixo";0;0;0;0;0;0;0;0;1;0;4;0;0;0;0
"17/01/2024";"03:12:00";"488";"Acidente s";"404.34";"BR-101/RJ";"Pista Norte";"Capotamento";0;0;0;0;0;0;0;0;1;0;1;0;0;0;0
"17/01/2024";"03:12:00";"503";"Acidente s";"211";"BR-116/SP";"Pista Sul";"Abalroamento longitudinal";0;0;0;0;0;0;0;0;1;1;3;0;0;0;0
"17/01/2024";"03:12:00";"533";"Acidente c";"154.8";"BR-116/SP";"Pista Norte";"Colisão traseira";0;1;0;0;0;0;1;0;0;0;1;0;0;1;0
"17/01/2024";"04:12:00";"548";"Acidente s";"125";"BR-116/SP";"Pista Sul";"Queda de moto";0;1;0;0;0;0;0;0;0;0;1;0;0;0;0
"17/01/2024";"04:12:00";"567";"Acidente c";"36.6";"BR-101/SP";"Pista Norte";"Abalroamento longitudinal";0;1;0;0;0;0;0;0;1;0;2;0;1;0;0
"17/01/2024";"05:12:00";"592";"Acidente s";"493";"BR-101/RJ";"Pista Sul";"Choque em objeto fixo";1;0;0;0;0;0;0;0;0;0;1;0;0;0;0
"17/01/2024";"06:12:00";"96";"Acidente s";"227.5";"BR-116/SP";"Pista Sul";"Choque em defensa";0;0;0;0;0;0;0;0;1;0;1;0;0;0;0
"17/01/2024";"06:12:00";"111";"Acidente s";"422";"BR-101/RJ";"Pista Sul";"Tombamento";1;0;0;0;0;0;0;0;0;0;1;0;0;0;0
"17/01/2024";"07:12:00";"117";"Acidente c";"226.1";"BR-116/SP";"Pista Sul";"Colisão traseira";0;1;0;0;0;0;0;0;0;1;1;0;1;0;0
"17/01/2024";"07:12:00";"135";"Acidente s";"298";"BR-116/RJ";"Pista Sul";"Engavetamento";4;0;0;0;0;0;0;0;0;0;4;0;0;0;0
"17/01/2024";"07:12:00";"166";"Acidente c";"142.7";"BR-116/SP";"Pista Sul";"Colisão traseira";0;1;0;0;0;0;0;0;1;0;2;0;2;0;0
"17/01/2024";"07:12:00";"662";"Acidente s";"284.6";"BR-116/RJ";"Pista Norte";"Choque em objeto fixo";0;0;0;0;0;1;0;0;0;0;1;0;0;0;0
"17/01/2024";"07:12:00";"686";"Acidente c";"230";"BR-116/SP";"Pista Norte";"Abalroamento longitudinal";0;1;0;0;0;0;0;0;0;1;1;0;0;1;0
"17/01/2024";"09:12:00";"228";"Acidente s";"195";"BR-116/SP";"Pista Sul";"Colisão traseira";0;0;0;0;0;0;0;0;2;0;3;0;0;0;0
"17/01/2024";"09:12:00";"739";"Acidente s";"75.01";"BR-116/SP";"Pista Sul";"Colisão traseira";0;0;0;0;0;0;0;0;2;0;0;0;0;0;0
"17/01/2024";"09:12:00";"761";"Acidente c";"205.1";"BR-116/SP";"Pista Norte";"Colisão traseira";1;1;0;0;0;0;0;0;0;0;1;0;0;1;0
"17/01/2024";"10:12:00";"262";"Acidente c";"152.9";"BR-116/SP";"Pista Sul";"Colisão traseira";0;1;0;0;0;0;0;0;1;0;1;0;1;0;0
"17/01/2024";"12:12:00";"331";"Acidente s";"108";"BR-116/SP";"Pista Norte";"Abalroamento longitudinal";0;1;0;0;0;0;0;0;1;0;1;0;0;0;0
"17/01/2024";"12:12:00";"348";"Acidente c";"429";"BR-101/RJ";"Pista Sul";"Abalroamento longitudinal";0;1;0;0;0;0;0;0;1;0;4;1;0;0;0
"18/01/2024";"03:12:00";"487";"Acidente s";"229";"BR-116/SP";"Pista Sul";"Colisão traseira";0;1;0;0;0;0;1;0;0;0;3;0;0;0;0
"18/01/2024";"03:12:00";"509";"Acidente c";"563.3";"BR-101/RJ";"Pista Norte";"Capotamento";0;0;0;0;0;0;0;0;1;0;0;1;0;0;0
"18/01/2024";"04:12:00";"67";"Acidente c";"215.8";"BR-116/SP";"Pista Sul";"Colisão traseira";2;0;0;0;0;0;0;0;0;0;0;3;0;1;1
"18/01/2024";"05:12:00";"78";"Atropelame";"215.8";"BR-116/SP";"Pista Norte";"Atropelamento de pedestre atravessando";0;0;0;0;0;0;0;0;1;0;3;0;1;0;0
"18/01/2024";"05:12:00";"564";"Acidente s";"576";"BR-101/RJ";"Pista Sul";"Colisão frontal";0;0;0;0;0;0;0;0;2;0;2;0;0;0;0
"18/01/2024";"05:12:00";"567";"Acidente s";"320.3";"BR-116/RJ";"Pista Norte";"Choque em barreira New Jersey";0;0;0;0;0;0;0;0;1;0;1;0;0;0;0
"18/01/2024";"06:12:00";"599";"Acidente c";"217.1";"BR-116/SP";"Pista Sul";"Abalroamento longitudinal";0;1;0;0;0;0;0;0;1;0;0;2;0;0;0
"18/01/2024";"07:12:00";"188";"Acidente c";"229.1";"BR-116/SP";"Pista Sul";"Queda de moto";0;1;0;0;0;0;0;0;0;0;0;1;0;0;0
"18/01/2024";"07:12:00";"643";"Atropelame";"51.95";"BR-101/SP";"Pista Sul";"Atropelamento de pedestre atravessando";0;1;1;0;0;0;0;0;0;0;0;2;0;0;0
"18/01/2024";"07:12:00";"647";"Acidente s";"546.4";"BR-101/RJ";"Pista Sul";"Abalroamento longitudinal";0;0;0;0;0;0;0;0;2;0;2;0;0;0;0
"18/01/2024";"07:12:00";"660";"Acidente s";"71.2";"BR-116/SP";"Pista Sul";"Choque em objeto na pista";2;0;0;0;0;0;0;0;0;0;2;0;0;0;0
"18/01/2024";"08:12:00";"201";"Acidente s";"227";"BR-116/SP";"Pista Sul";"Engavetamento";0;0;0;0;0;0;0;0;1;2;3;0;0;0;0
"18/01/2024";"08:12:00";"208";"Acidente c";"221.6";"BR-116/SP";"Pista Norte";"Engavetamento";0;1;0;0;0;0;0;0;2;0;2;1;0;0;0
"18/01/2024";"08:12:00";"669";"Atropelame";"222.05";"BR-116/SP";"Pista Sul";"Atropelamento de pedestre atravessando";0;0;0;0;0;0;0;0;1;0;4;0;0;0;1
"18/01/2024";"08:12:00";"677";"Acidente s";"230";"BR-116/SP";"Pista Norte";"Engavetamento";0;0;0;0;0;0;0;0;2;1;6;0;0;0;0
"18/01/2024";"09:12:00";"257";"Acidente s";"208.3";"BR-116/SP";"Pista Sul";"Colisão traseira";1;0;0;0;0;0;0;0;1;0;0;0;0;0;0
"18/01/2024";"09:12:00";"267";"Acidente c";"49";"BR-101/SP";"Pista Sul";"Abalroamento longitudinal";0;1;0;0;0;0;0;0;0;1;1;1;0;0;0
"18/01/2024";"09:12:00";"273";"Acidente c";"136.1";"BR-116/SP";"Pista Norte";"Queda de moto";0;1;0;0;0;0;0;0;0;0;0;2;0;0;0
"18/01/2024";"10:12:00";"334";"Acidente c";"45.5";"BR-101/SP";"Pista Sul";"Abalroamento longitudinal";0;1;0;0;0;0;0;0;1;0;1;1;0;0;0
"18/01/2024";"10:12:00";"717";"Acidente s";"518";"BR-101/RJ";"Pista Sul";"Choque em objeto na pista";0;0;0;0;0;0;0;0;1;0;2;0;0;0;0
"18/01/2024";"11:12:00";"359";"Acidente s";"504";"BR-101/RJ";"Pista Sul";"Abalroamento longitudinal";0;0;0;0;0;0;0;0;2;0;2;0;0;0;0
"18/01/2024";"11:12:00";"367";"Acidente c";"508";"BR-101/RJ";"Pista Sul";"Abalroamento longitudinal";0;1;0;0;0;0;1;0;0;0;1;1;0;0;0
"18/01/2024";"11:12:00";"739";"Acidente s";"71.6";"BR-116/SP";"Pista Norte";"Colisão traseira";2;0;0;0;0;0;0;0;0;0;2;0;0;0;0
"18/01/2024";"12:12:00";"21";"Acidente s";"5.8";"BR-116/SP";"Pista Norte";"Choque em objeto na pista";0;0;0;0;0;1;0;0;0;0;1;0;0;0;0
"18/01/2024";"12:12:00";"385";"Acidente c";"208";"BR-116/SP";"Pista Norte";"Abalroamento longitudinal";1;0;0;0;0;0;0;0;1;0;2;1;0;0;0
"19/01/2024";"01:12:00";"366";"Acidente s";"117";"BR-116/SP";"Pista Sul";"Abalroamento longitudinal";0;0;0;0;0;0;0;0;1;1;3;0;0;0;0
"19/01/2024";"01:12:00";"373";"Acidente c";"482";"BR-101/RJ";"Pista Norte";"Abalroamento longitudinal";0;0;0;1;0;0;0;0;1;0;1;1;0;0;0
"19/01/2024";"02:12:00";"46";"Acidente c";"212.6";"BR-116/SP";"Pista Norte";"Capotamento";0;0;0;0;0;0;0;0;1;0;0;2;1;0;0
"19/01/2024";"04:12:00";"62";"Acidente s";"231";"BR-116/RJ";"Pista Norte";"Choque em barreira New Jersey";1;0;0;0;0;0;0;0;0;0;1;0;0;0;0
"19/01/2024";"05:12:00";"71";"Acidente s";"477.3";"BR-101/RJ";"Pista Norte";"Capotamento";0;0;0;0;0;0;0;0;1;0;1;0;0;0;0
"19/01/2024";"05:12:00";"504";"Acidente s";"106.2";"BR-116/SP";"Pista Norte";"Colisão traseira";0;1;0;0;0;0;0;0;0;1;1;0;0;0;0
"19/01/2024";"06:12:00";"108";"Acidente s";"390";"BR-101/RJ";"Pista Norte";"Choque em barreira New Jersey";0;0;0;0;0;0;0;0;1;0;1;0;0;0;0
"19/01/2024";"06:12:00";"557";"Acidente s";"72.2";"BR-116/SP";"Pista Norte";"Colisão traseira";0;0;0;0;0;0;1;0;0;1;4;0;0;0;0