data;horario;n_da_ocorrencia;tipo_de_ocorrencia;km;trecho;sentido;tipo_de_acidente;automovel;bicicleta;caminhao;moto;onibus;outros;tracao_animal;transporte_de_cargas_especiais;trator_maquinas;utilitarios;ilesos;levemente_feridos;moderadamente_feridos;gravemente_feridos;mortos
"19/01/2024";"07:12:00";"164";"Acidente s";"413.1";"BR-101/RJ";"Pista Norte";"Choque em barreira New Jersey";0;0;0;0;0;0;0;0;1;0;4;0;0;0;0
"19/01/2024";"07:12:00";"176";"Acidente s";"412.9";"BR-101/RJ";"Pista Norte";"Choque em objeto fixo";0;0;0;0;0;0;0;0;1;0;1;0;0;0;0
"19/01/2024";"08:12:00";"185";"Acidente c";"477.3";"BR-101/RJ";"Pista Sul";"Abalroamento longitudinal";0;1;0;0;0;0;0;0;1;0;1;1;0;0;0
"19/01/2024";"08:12:00";"644";"Acidente c";"303.4";"BR-116/RJ";"Pista Norte";"Abalroamento longitudinal";0;0;0;0;0;0;0;0;2;0;1;1;1;0;0
"19/01/2024";"09:12:00";"646";"Acidente c";"217";"BR-116/SP";"Pista Norte";"Queda de moto";0;1;0;0;0;0;0;0;0;0;0;1;0;0;0
"19/01/2024";"11:12:00";"297";"Acidente s";"495";"BR-101/RJ";"Pista Norte";"Queda de moto";0;1;0;0;0;0;0;0;0;0;1;0;0;0;0
"19/01/2024";"11:12:00";"304";"Acidente c";"236";"BR-116/RJ";"Pista Sul";"Choque em barreira New Jersey";0;0;0;0;0;0;0;0;1;0;0;3;0;0;0
"19/01/2024";"11:12:00";"312";"Acidente c";"59.6";"BR-116/SP";"Pista Norte";"Abalroamento longitudinal";0;1;0;0;0;0;0;0;1;0;1;0;1;0;0
"19/01/2024";"11:12:00";"696";"Acidente c";"152.95";"BR-116/SP";"Pista Sul";"Colisão traseira";1;1;0;0;0;0;0;0;0;0;1;0;0;0;1
"19/01/2024";"12:12:00";"27";"Acidente s";"209.9";"BR-116/SP";"Pista Sul";"Colisão traseira";1;0;0;0;0;0;0;0;0;1;3;0;0;0;0
"19/01/2024";"12:12:00";"324";"Acidente c";"418";"BR-101/RJ";"Pista Sul";"Queda de moto";0;1;0;0;0;0;0;0;0;0;0;1;0;0;0
"19/01/2024";"12:12:00";"328";"Acidente s";"113.1";"BR-116/SP";"Pista Norte";"Colisão traseira";0;0;0;0;0;0;0;0;2;0;2;0;0;0;0
"19/01/2024";"12:12:00";"333";"Acidente c";"92.4";"BR-116/SP";"Pista Sul";"Colisão traseira";1;0;0;0;0;0;0;0;1;0;2;1;0;0;0
"19/01/2024";"12:12:00";"334";"Acidente c";"98.9";"BR-116/SP";"Pista Sul";"Engavetamento";3;0;0;0;0;0;0;0;0;0;4;1;0;0;0
"19/01/2024";"12:12:00";"341";"Acidente s";"112";"BR-116/SP";"Pista Norte";"Colisão traseira";0;0;0;0;0;0;0;0;1;1;2;0;0;0;0
"20/01/2024";"01:12:00";"408";"Acidente s";"107";"BR-116/SP";"Pista Norte";"Abalroamento longitudinal";1;0;0;0;0;0;0;0;1;0;3;0;0;0;0
"20/01/2024";"01:12:00";"423";"Acidente c";"221";"BR-116/SP";"Pista Sul";"Abalroamento longitudinal";0;1;0;0;0;0;0;0;1;0;1;1;1;0;0
"20/01/2024";"03:12:00";"61";"Acidente c";"145.2";"BR-116/SP";"Pista Norte";"Colisão traseira";0;0;0;0;0;0;0;0;2;0;1;1;0;0;0
"20/01/2024";"04:12:00";"528";"Acidente c";"32";"BR-101/SP";"Pista Norte";"Abalroamento longitudinal";0;1;0;0;0;0;0;0;1;0;2;2;0;0;0
"20/01/2024";"04:12:00";"529";"Acidente c";"225.5";"BR-116/SP";"Pista Sul";"Tombamento";1;0;0;0;0;0;0;0;1;0;2;1;0;0;0
"20/01/2024";"05:12:00";"84";"Acidente s";"229.75";"BR-116/RJ";"Pista Norte";"Capotamento";0;0;0;0;0;0;0;0;1;0;3;0;0;0;0
"20/01/2024";"05:12:00";"85";"Acidente c";"81.5";"BR-116/SP";"Pista Norte";"Colisão traseira";1;0;0;0;0;0;0;0;1;0;1;0;1;0;0
"20/01/2024";"06:12:00";"100";"Acidente c";"141.1";"BR-116/SP";"Pista Norte";"Abalroamento longitudinal";1;0;0;0;0;0;0;0;1;0;0;0;2;3;1
"20/01/2024";"06:12:00";"574";"Acidente c";"438";"BR-101/RJ";"Pista Sul";"Abalroamento longitudinal";0;0;0;0;0;0;0;0;2;0;3;2;1;0;0
"20/01/2024";"07:12:00";"143";"Acidente c";"39.1";"BR-101/SP";"Pista Norte";"Colisão traseira";0;1;0;0;0;0;0;0;1;0;5;1;0;0;0
"20/01/2024";"08:12:00";"655";"Acidente c";"52.1";"BR-101/SP";"Pista Norte";"Abalroamento longitudinal";0;1;0;0;0;0;0;0;1;0;3;1;0;0;0
"20/01/2024";"09:12:00";"246";"Acidente s";"384";"BR-101/RJ";"Pista Norte";"Colisão traseira";0;0;0;0;0;0;0;0;2;0;2;0;0;0;0
"20/01/2024";"09:12:00";"670";"Acidente c";"44.4";"BR-101/SP";"Pista Sul";"Colisão frontal";0;1;0;0;0;0;0;0;1;0;0;0;1;0;0
"20/01/2024";"10:12:00";"693";"Acidente c";"318";"BR-116/RJ";"Pista Sul";"Colisão traseira";0;0;0;0;0;1;0;0;1;0;0;2;0;0;0
"20/01/2024";"11:12:00";"714";"Acidente s";"5";"BR-101/SP";"Pista Norte";"Choque em objeto fixo";0;0;0;0;0;0;0;0;1;0;1;0;0;0;0
"20/01/2024";"11:12:00";"719";"Acidente s";"171.2";"BR-116/SP";"Pista Norte";"Colisão traseira";0;0;0;0;0;0;0;0;2;0;5;0;0;0;0
"20/01/2024";"11:12:00";"722";"Acidente c";"406";"BR-101/RJ";"Pista Sul";"Colisão traseira";0;1;0;0;0;0;1;0;0;0;1;1;0;0;0
"20/01/2024";"12:12:00";"368";"Acidente s";"481";"BR-101/RJ";"Pista Norte";"Colisão traseira";0;0;0;0;0;0;0;0;2;0;6;0;0;0;0
"20/01/2024";"12:12:00";"394";"Acidente s";"107";"BR-116/SP";"Pista Norte";"Abalroamento longitudinal";1;0;0;0;0;0;0;0;1;0;2;0;0;0;0
"20/01/2024";"12:12:00";"405";"Acidente c";"169";"BR-116/SP";"Pista Sul";"Abalroamento longitudinal";1;0;0;0;0;0;0;0;1;0;2;2;0;0;0
"21/01/2024";"01:12:00";"300";"Acidente s";"501";"BR-101/RJ";"Pista Norte";"Colisão traseira";0;0;0;0;0;0;0;0;2;0;6;0;0;0;0
"21/01/2024";"01:12:00";"302";"Acidente s";"113.7";"BR-116/SP";"Pista Sul";"Colisão traseira";0;0;0;0;0;0;0;0;2;0;2;0;0;0;0
"21/01/2024";"01:12:00";"308";"Acidente s";"240";"BR-116/RJ";"Pista Norte";"Colisão traseira";0;0;0;0;0;0;0;0;2;0;4;0;0;0;0
"21/01/2024";"02:12:00";"335";"Acidente s";"88.6";"BR-116/SP";"Pista Sul";"Choque em objeto fixo";0;0;0;0;0;0;0;0;1;0;4;0;0;0;0
"21/01/2024";"04:12:00";"389";"Acidente s";"225";"BR-116/SP";"Pista Norte";"Queda de moto";0;1;0;0;0;0;0;0;0;0;2;0;0;0;0
"21/01/2024";"05:12:00";"87";"Acidente c";"224.9";"BR-116/SP";"Pista Sul";"Capotamento";0;0;0;0;0;0;0;0;1;0;0;1;0;0;0
"21/01/2024";"05:12:00";"420";"Acidente s";"499";"BR-101/RJ";"Pista Norte";"Colisão traseira";0;0;0;0;0;0;0;0;2;0;3;0;0;0;0
"21/01/2024";"05:12:00";"424";"Acidente s";"556.9";"BR-101/RJ";"Pista Sul";"Capotamento";0;0;0;0;0;0;0;0;1;0;2;0;0;0;0
"21/01/2024";"05:12:00";"446";"Acidente s";"290";"BR-116/RJ";"Pista Norte";"Choque em barreira New Jersey";0;0;0;0;0;0;0;0;1;0;0;0;0;0;0
"21/01/2024";"05:12:00";"455";"Acidente c";"247.1";"BR-116/RJ";"Pista Norte";"Engavetamento";1;0;0;1;0;0;0;0;3;0;39;1;3;0;0
"21/01/2024";"06:12:00";"472";"Acidente s";"570.5";"BR-101/RJ";"Pista Sul";"Choque em barreira New Jersey";0;0;0;0;0;0;0;0;1;0;1;0;0;0;0
"21/01/2024";"06:12:00";"481";"Acidente s";"230";"BR-116/SP";"Pista Sul";"Colisão traseira";0;0;0;0;0;0;0;0;2;0;4;0;0;0;0
"21/01/2024";"06:12:00";"91";"Acidente s";"408";"BR-101/RJ";"Pista Sul";"Choque em objeto fixo";0;0;0;0;0;0;0;0;1;0;1;0;0;0;0
"21/01/2024";"06:12:00";"500";"Acidente s";"528";"BR-101/RJ";"Pista Norte";"Capotamento";0;0;0;0;0;0;0;0;1;0;1;0;0;0;0
"21/01/2024";"06:12:00";"502";"Acidente c";"291.3";"BR-116/RJ";"Pista Norte";"Colisão traseira";0;0;0;0;0;0;0;0;2;0;0;0;1;0;0
"21/01/2024";"09:12:00";"567";"Acidente c";"481";"BR-101/RJ";"Pista Norte";"Colisão frontal";0;0;0;0;0;0;0;0;2;0;0;2;0;0;0
"21/01/2024";"10:12:00";"219";"Acidente s";"40";"BR-101/SP";"Pista Norte";"Colisão traseira";0;0;0;0;0;0;0;0;2;0;8;0;0;0;0
"21/01/2024";"11:12:00";"236";"Acidente s";"210";"BR-116/SP";"Pista Sul";"Abalroamento longitudinal";1;0;0;0;0;0;0;0;1;0;3;0;0;0;0
"21/01/2024";"11:12:00";"621";"Acidente s";"227.2";"BR-116/SP";"Pista Norte";"Colisão traseira";1;0;0;0;0;0;0;0;0;1;2;0;0;0;0
"21/01/2024";"12:12:00";"26";"Acidente s";"2.1";"BR-116/SP";"Pista Norte";"Choque em barreira New Jersey";0;0;0;0;0;0;0;0;1;0;1;0;0;0;0
"21/01/2024";"12:12:00";"265";"Acidente s";"153.6";"BR-116/SP";"Pista Sul";"Engavetamento";0;0;0;0;0;0;0;0;3;0;3;0;0;0;0
"22/01/2024";"01:12:00";"377";"Acidente s";"429";"BR-101/RJ";"Pista Sul";"Choque em objeto fixo";0;0;0;0;0;0;0;0;1;0;1;0;0;0;0
"22/01/2024";"01:12:00";"393";"Acidente s";"517";"BR-101/RJ";"Pista Norte";"Choque em objeto fixo";0;0;0;0;0;0;0;0;1;0;2;0;0;0;0
"22/01/2024";"02:12:00";"409";"Acidente c";"87.1";"BR-116/SP";"Pista Sul";"Engavetamento";1;0;0;0;0;0;0;0;1;2;4;1;0;0;0
"22/01/2024";"03:12:00";"52";"Acidente c";"222";"BR-116/SP";"Pista Sul";"Tombamento";0;0;0;0;0;0;1;0;3;0;4;0;1;1;0
"22/01/2024";"04:12:00";"483";"Acidente s";"520";"BR-101/RJ";"Pista Norte";"Capotamento";0;0;0;0;0;0;0;0;1;0;1;0;0;0;0
"22/01/2024";"04:12:00";"502";"Acidente c";"227.3";"BR-116/SP";"Pista Sul";"Queda de moto";0;1;0;0;0;0;0;0;0;0;0;2;0;0;0
"22/01/2024";"05:12:00";"513";"Acidente c";"423";"BR-101/RJ";"Pista Sul";"Colisão frontal";0;0;0;0;0;0;0;0;3;0;2;1;0;1;1
"22/01/2024";"05:12:00";"544";"Acidente s";"228.5";"BR-116/SP";"Pista Sul";"Abalroamento longitudinal";1;0;0;0;0;0;0;0;1;0;2;0;0;0;0
"22/01/2024";"06:12:00";"120";"Acidente c";"49.3";"BR-101/SP";"Pista Sul";"Colisão traseira";0;1;0;0;0;1;0;0;0;0;1;1;0;0;0
"22/01/2024";"06:12:00";"554";"Acidente s";"261.8";"BR-116/RJ";"Pista Sul";"Abalroamento longitudinal";1;0;0;0;0;0;0;0;1;0;5;0;0;0;0
"22/01/2024";"06:12:00";"580";"Acidente c";"556";"BR-101/RJ";"Pista Sul";"Capotamento";0;0;0;0;0;0;0;0;1;0;0;2;0;0;0
"22/01/2024";"07:12:00";"145";"Acidente c";"221.2";"BR-116/SP";"Pista Norte";"Colisão traseira";0;0;0;0;0;0;0;0;3;0;1;2;0;0;0
"22/01/2024";"07:12:00";"146";"Acidente s";"429";"BR-101/RJ";"Pista Sul";"Choque em objeto fixo";0;0;0;0;0;0;0;0;1;0;3;0;0;0;0
"22/01/2024";"08:12:00";"204";"Acidente s";"114.6";"BR-116/SP";"Pista Norte";"Abalroamento longitudinal";1;0;0;0;0;0;0;0;1;0;3;0;0;0;0
"22/01/2024";"08:12:00";"229";"Acidente c";"59.9";"BR-116/SP";"Pista Norte";"Queda de moto";0;1;0;0;0;0;0;0;0;0;0;0;2;0;0
"22/01/2024";"08:12:00";"643";"Acidente c";"219.95";"BR-116/SP";"Pista Norte";"Engavetamento";0;1;0;0;0;0;0;0;1;1;2;2;1;0;0
"22/01/2024";"09:12:00";"234";"Acidente c";"205.3";"BR-116/SP";"Pista Sul";"Colisão traseira";1;1;0;0;0;0;0;0;0;0;1;1;0;0;0
"22/01/2024";"09:12:00";"265";"Acidente c";"223.9";"BR-116/SP";"Pista Sul";"Abalroamento longitudinal";0;1;0;0;0;0;0;0;0;1;1;1;0;0;0
"22/01/2024";"10:12:00";"681";"Acidente c";"229.2";"BR-116/SP";"Pista Norte";"Abalroamento longitudinal";0;1;0;0;0;0;0;0;0;1;1;0;1;0;0
"22/01/2024";"11:12:00";"306";"Acidente s";"50";"BR-116/SP";"Pista Sul";"Choque em barreira New Jersey";0;0;0;0;0;0;0;0;1;0;2;0;0;0;0
"22/01/2024";"11:12:00";"336";"Acidente s";"220";"BR-116/SP";"Pista Norte";"Colisão traseira";0;0;0;0;0;0;0;0;2;0;3;0;0;0;0
"22/01/2024";"12:12:00";"364";"Acidente s";"229";"BR-116/SP";"Pista Sul";"Engavetamento";0;0;0;0;0;0;0;0;3;0;3;0;0;0;0
"22/01/2024";"12:12:00";"365";"Acidente c";"436";"BR-101/RJ";"Pista Norte";"Queda de ribanceira";0;0;0;0;0;0;0;0;1;0;0;1;0;0;0
"23/01/2024";"02:12:00";"337";"Acidente c";"222";"BR-116/SP";"Pista Sul";"Abalroamento longitudinal";1;1;0;0;0;0;0;0;0;0;1;1;0;0;0
"23/01/2024";"03:12:00";"369";"Acidente s";"477";"BR-101/RJ";"Pista Norte";"Abalroamento longitudinal";0;0;0;0;0;0;0;0;2;0;3;0;0;0;0
"23/01/2024";"03:12:00";"376";"Acidente s";"514";"BR-101/RJ";"Pista Norte";"Colisão traseira";0;0;0;0;0;0;0;0;2;0;2;0;0;0;0
"23/01/2024";"03:12:00";"392";"Acidente s";"73";"BR-116/SP";"Pista Norte";"Abalroamento longitudinal";1;0;0;0;0;0;0;0;1;0;4;0;0;0;0
"23/01/2024";"04:12:00";"397";"Acidente s";"37.8";"BR-116/SP";"Pista Norte";"Choque em barreira New Jersey";0;0;0;0;0;0;0;0;1;0;1;0;0;0;0
"23/01/2024";"04:12:00";"409";"Acidente c";"66.4";"BR-116/SP";"Pista Sul";"Capotamento";0;0;0;0;0;0;0;0;1;0;0;2;0;0;0
"23/01/2024";"04:12:00";"419";"Acidente s";"429.3";"BR-101/RJ";"Pista Norte";"Choque em objeto fixo";0;0;0;0;0;0;0;0;1;0;1;0;0;0;0
"23/01/2024";"05:12:00";"91";"Acidente s";"452";"BR-101/RJ";"Pista Norte";"Choque em defensa";0;0;0;0;0;0;0;0;1;0;1;0;0;0;0
"23/01/2024";"05:12:00";"447";"Acidente s";"481.8";"BR-101/RJ";"Pista Sul";"Abalroamento longitudinal";1;0;0;0;0;0;0;0;1;1;5;0;0;0;0
"23/01/2024";"05:12:00";"455";"Acidente c";"556.7";"BR-101/RJ";"Pista Sul";"Abalroamento longitudinal";0;0;0;0;0;0;0;0;2;0;3;0;1;0;0
"23/01/2024";"05:12:00";"458";"Acidente s";"387";"BR-101/RJ";"Pista Sul";"Choque em objeto fixo";0;0;0;0;0;0;0;0;1;0;1;0;0;0;0
"23/01/2024";"06:12:00";"97";"Acidente c";"498.8";"BR-101/RJ";"Pista Norte";"Capotamento";0;0;0;0;0;0;0;0;1;0;3;0;1;0;0
"23/01/2024";"06:12:00";"110";"Acidente c";"210";"BR-116/SP";"Pista Sul";"Abalroamento longitudinal";0;2;0;0;0;0;0;0;0;0;1;1;0;0;0
"23/01/2024";"06:12:00";"116";"Acidente s";"240";"BR-116/RJ";"Pista Sul";"Abalroamento longitudinal";1;0;0;0;0;0;0;0;1;0;3;0;0;0;0
"23/01/2024";"06:12:00";"137";"Acidente s";"161.4";"BR-116/SP";"Pista Norte";"Colisão traseira";0;0;0;0;0;0;0;0;1;1;2;0;0;0;0
"23/01/2024";"06:12:00";"473";"Acidente s";"235.8";"BR-116/RJ";"Pista Norte";"Choque em barreira New Jersey";1;0;0;0;0;0;0;0;0;0;2;0;0;0;0
"23/01/2024";"06:12:00";"477";"Acidente s";"111.2";"BR-116/SP";"Pista Norte";"Abalroamento longitudinal";0;0;0;0;0;0;0;0;1;1;3;0;0;0;0
"23/01/2024";"07:12:00";"169";"Acidente c";"218.4";"BR-116/SP";"Pista Sul";"Colisão traseira";0;1;0;1;0;0;0;0;0;0;1;1;0;0;0
"23/01/2024";"07:12:00";"170";"Acidente s";"319.5";"BR-116/RJ";"Pista Norte";"Colisão traseira";0;0;0;0;0;0;0;0;1;1;2;0;0;0;0
"23/01/2024";"08:12:00";"178";"Acidente s";"219";"BR-116/SP";"Pista Norte";"Abalroamento longitudinal";0;0;0;0;0;0;0;0;2;0;2;0;0;0;0
"23/01/2024";"08:12:00";"181";"Acidente s";"319";"BR-116/RJ";"Pista Norte";"Abalroamento longitudinal";1;0;0;0;0;0;0;0;1;0;2;0;0;0;0
"23/01/2024";"08:12:00";"191";"Acidente s";"515";"BR-101/RJ";"Pista Norte";"Colisão frontal";0;0;0;0;0;0;0;0;2;0;2;0;0;0;0
"23/01/2024";"08:12:00";"192";"Acidente s";"472";"BR-101/RJ";"Pista Norte";"Abalroamento longitudinal";0;0;0;0;0;0;0;0;2;0;5;0;0;0;0
"23/01/2024";"09:12:00";"218";"Acidente s";"225.15";"BR-116/SP";"Pista Norte";"Engavetamento";2;1;0;0;0;0;1;0;2;0;6;0;0;0;0
"23/01/2024";"09:12:00";"234";"Acidente s";"462";"BR-101/RJ";"Pista Sul";"Choque em objeto fixo";0;0;0;0;0;0;0;0;1;0;4;0;0;0;0
"23/01/2024";"09:12:00";"538";"Acidente s";"219.8";"BR-116/SP";"Pista Sul";"Abalroamento longitudinal";0;0;0;0;0;0;0;0;1;1;1;0;0;0;0
"23/01/2024";"10:12:00";"245";"Acidente s";"15.85";"BR-116/SP";"Pista Sul";"Queda de ribanceira";1;0;0;0;0;0;0;0;0;0;1;0;0;0;0
"23/01/2024";"10:12:00";"548";"Acidente c";"484";"BR-101/RJ";"Pista Norte";"Abalroamento longitudinal";0;1;0;0;0;0;0;0;0;1;1;0;1;0;0
"23/01/2024";"12:12:00";"287";"Acidente s";"201";"BR-116/SP";"Pista Sul";"Colisão traseira";1;0;0;0;0;0;0;0;1;0;2;0;0;0;0
"23/01/2024";"12:12:00";"293";"Acidente c";"292";"BR-116/RJ";"Pista Sul";"Queda de moto";0;1;0;0;0;0;0;0;0;0;0;1;0;0;0
"24/01/2024";"01:12:00";"343";"Acidente c";"214";"BR-116/SP";"Pista Sul";"Colisão traseira";0;1;0;0;0;0;0;0;1;0;1;1;0;0;0
"24/01/2024";"02:12:00";"362";"Acidente c";"451.2";"BR-101/RJ";"Pista Norte";"Choque Talude";0;0;0;0;0;0;0;0;1;0;0;0;0;0;1
"24/01/2024";"02:12:00";"378";"Acidente s";"447";"BR-101/RJ";"Pista Norte";"Choque em objeto fixo";0;0;0;0;0;0;1;0;0;0;1;0;0;0;0
"24/01/2024";"04:12:00";"421";"Acidente c";"262";"BR-116/RJ";"Pista Sul";"Capotamento";0;0;0;0;0;0;0;0;1;0;0;2;0;0;0
"24/01/2024";"04:12:00";"422";"Acidente s";"230";"BR-116/SP";"Pista Sul";"Engavetamento";1;0;0;0;0;0;0;0;2;0;3;0;0;0;0
"24/01/2024";"05:12:00";"64";"Acidente s";"162";"BR-116/SP";"Pista Sul";"Choque em barreira New Jersey";1;0;0;0;0;0;0;0;0;0;1;0;0;0;0
"24/01/2024";"05:12:00";"67";"Acidente c";"387";"BR-101/RJ";"Pista Sul";"Abalroamento longitudinal";0;1;0;0;0;0;0;0;1;0;0;3;0;0;0
"24/01/2024";"05:12:00";"72";"Acidente c";"31";"BR-116/SP";"Pista Sul";"Colisão traseira";1;0;0;1;0;0;0;0;0;0;30;0;1;0;0
"24/01/2024";"05:12:00";"477";"Acidente s";"155.8";"BR-116/SP";"Pista Sul";"Abalroamento longitudinal";1;0;0;0;0;0;0;0;1;0;3;0;0;0;0
"24/01/2024";"06:12:00";"77";"Acidente c";"229.3";"BR-116/RJ";"Pista Norte";"Tombamento";1;0;0;0;0;0;0;0;0;0;0;1;0;0;0
"24/01/2024";"06:12:00";"490";"Acidente s";"284.5";"BR-116/RJ";"Pista Sul";"Choque em objeto na pista";0;0;0;0;0;0;0;0;1;0;1;0;0;0;0
"24/01/2024";"06:12:00";"508";"Acidente c";"215";"BR-116/SP";"Pista Norte";"Colisão traseira";0;1;0;0;0;0;0;0;1;0;2;1;0;0;0
"24/01/2024";"08:12:00";"170";"Acidente c";"306";"BR-116/RJ";"Pista Norte";"Colisão traseira";0;0;0;0;0;0;0;0;2;0;1;3;0;0;0
"24/01/2024";"08:12:00";"173";"Acidente c";"218";"BR-116/SP";"Pista Sul";"Engavetamento";4;0;0;0;0;0;0;0;0;0;3;1;0;0;0
"24/01/2024";"08:12:00";"571";"Acidente s";"417";"BR-101/RJ";"Pista Sul";"Choque em objeto fixo";0;0;0;0;0;0;0;0;1;0;1;0;0;0;0
"24/01/2024";"09:12:00";"590";"Acidente c";"234.7";"BR-116/RJ";"Pista Sul";"Choque em barreira New Jersey";0;0;0;0;0;0;0;0;1;0;0;1;0;0;0
"24/01/2024";"09:12:00";"592";"Acidente s";"37.1";"BR-116/SP";"Pista Norte";"Abalroamento longitudinal";2;0;0;0;0;0;0;0;0;0;2;0;0;0;0
"24/01/2024";"10:12:00";"258";"Acidente s";"146.1";"BR-116/SP";"Pista Norte";"Engavetamento";0;0;0;0;0;0;0;0;6;0;11;0;0;0;0
"24/01/2024";"11:12:00";"272";"Acidente c";"227.2";"BR-116/SP";"Pista Sul";"Queda de moto";0;1;0;0;0;0;0;0;0;0;1;0;0;1;0
"25/01/2024";"02:12:00";"400";"Acidente s";"100.9";"BR-116/SP";"Pista Norte";"Colisão traseira";1;0;0;0;0;0;0;0;1;0;2;0;0;0;0
"25/01/2024";"02:12:00";"404";"Acidente c";"222.6";"BR-116/SP";"Pista Norte";"Abalroamento longitudinal";1;0;0;0;0;0;0;0;1;0;1;1;0;0;0
"25/01/2024";"03:12:00";"45";"Acidente s";"51";"BR-116/SP";"Pista Norte";"Tombamento";1;0;0;0;0;0;0;0;0;0;1;0;0;0;0
"25/01/2024";"03:12:00";"413";"Acidente s";"246.9";"BR-116/RJ";"Pista Norte";"Abalroamento longitudinal";0;0;0;0;0;1;0;0;1;0;6;0;0;0;0
"25/01/2024";"04:12:00";"446";"Acidente s";"106";"BR-116/SP";"Pista Sul";"Choque em barreira New Jersey";0;0;0;0;0;1;0;0;0;0;2;0;0;0;0
"25/01/2024";"06:12:00";"84";"Acidente s";"160.2";"BR-116/SP";"Pista Norte";"Abalroamento longitudinal";1;1;0;0;0;0;0;0;0;0;3;0;0;0;0
"25/01/2024";"06:12:00";"106";"Acidente s";"160.3";"BR-116/SP";"Pista Norte";"Abalroamento longitudinal";1;0;0;0;0;0;0;0;1;0;3;0;0;0;0
"25/01/2024";"06:12:00";"114";"Acidente c";"140.37";"BR-116/SP";"Pista Sul";"Abalroamento longitudinal";1;1;0;0;0;0;0;0;0;0;2;0;0;0;1
"25/01/2024";"07:12:00";"550";"Acidente c";"153.9";"BR-116/SP";"Pista Sul";"Abalroamento longitudinal";0;1;0;0;0;0;0;0;1;0;0;0;1;0;0
"25/01/2024";"08:12:00";"189";"Acidente c";"517.65";"BR-101/RJ";"Pista Sul";"Abalroamento longitudinal";0;1;0;0;0;0;0;0;1;0;2;1;0;0;0
"25/01/2024";"09:12:00";"214";"Acidente s";"165.2";"BR-116/SP";"Pista Norte";"Abalroamento longitudinal";1;0;0;0;0;0;0;0;1;0;5;0;0;0;0
"25/01/2024";"10:12:00";"276";"Acidente s";"542";"BR-101/RJ";"Pista Norte";"Choque em objeto fixo";0;0;0;0;0;0;0;0;1;0;1;0;0;0;0
"25/01/2024";"10:12:00";"288";"Acidente c";"222";"BR-116/SP";"Pista Sul";"Engavetamento";3;0;0;0;0;0;0;0;1;0;4;1;0;0;0
"25/01/2024";"10:12:00";"618";"Atropelame";"47";"BR-101/SP";"Pista Sul";"Atropelamento de pedestre atravessando";0;0;0;0;0;0;0;0;0;1;1;1;0;0;0
"25/01/2024";"11:12:00";"320";"Acidente c";"117.1";"BR-116/SP";"Pista Norte";"Abalroamento longitudinal";0;2;0;0;0;0;0;0;0;0;1;1;0;0;0
"25/01/2024";"11:12:00";"631";"Acidente c";"50";"BR-101/SP";"Pista Sul";"Abalroamento longitudinal";0;1;0;0;0;0;0;0;1;0;1;1;0;0;0
"25/01/2024";"12:12:00";"322";"Acidente c";"95";"BR-116/SP";"Pista Norte";"Queda de moto";0;1;0;0;0;0;0;0;0;0;0;1;1;0;0
"25/01/2024";"12:12:00";"344";"Acidente c";"6.8";"BR-116/SP";"Pista Sul";"Colisão traseira";0;0;0;0;0;0;0;0;2;0;3;1;1;0;0
"25/01/2024";"12:12:00";"347";"Acidente s";"97.8";"BR-116/SP";"Pista Norte";"Colisão traseira";2;0;0;0;0;0;0;0;0;0;2;0;0;0;0
"26/01/2024";"01:12:00";"48";"Acidente s";"157.2";"BR-116/SP";"Pista Norte";"Choque em objeto fixo";0;0;0;0;0;0;0;0;1;0;2;0;0;0;0
"26/01/2024";"01:12:00";"381";"Acidente c";"121.7";"BR-116/SP";"Pista Sul";"Tombamento";1;0;0;0;0;0;0;0;0;0;0;1;1;0;0
"26/01/2024";"02:12:00";"55";"Acidente s";"478.2";"BR-101/RJ";"Pista Sul";"Queda de ribanceira";0;0;0;0;0;0;0;0;1;0;2;0;0;0;0
"26/01/2024";"03:12:00";"62";"Acidente s";"231.1";"BR-116/RJ";"Pista Norte";"Choque em barreira New Jersey";0;0;0;0;0;0;0;0;1;0;1;0;0;0;0
"26/01/2024";"03:12:00";"440";"Acidente s";"290";"BR-116/RJ";"Pista Norte";"Colisão traseira";0;0;0;0;0;0;0;0;2;0;2;0;0;0;0
"26/01/2024";"03:12:00";"448";"Acidente s";"491";"BR-101/RJ";"Pista Norte";"Choque em objeto fixo";0;0;0;0;0;0;0;0;1;0;2;0;0;0;0
"26/01/2024";"04:12:00";"71";"Acidente c";"410";"BR-101/RJ";"Pista Norte";"Queda de moto";0;1;0;0;0;0;0;0;0;0;0;0;1;0;0
"26/01/2024";"05:12:00";"80";"Acidente c";"218.5";"BR-116/SP";"Pista Norte";"Choque em barreira New Jersey";0;1;0;0;0;0;0;0;0;0;0;0;1;0;0
"26/01/2024";"05:12:00";"82";"Acidente s";"172.1";"BR-116/SP";"Pista Norte";"Abalroamento longitudinal";0;0;0;0;0;0;0;0;1;1;6;0;0;0;0
"26/01/2024";"05:12:00";"92";"Acidente s";"218.3";"BR-116/SP";"Pista Sul";"Engavetamento";0;0;0;0;0;0;1;0;3;0;7;0;0;0;0
"26/01/2024";"05:12:00";"516";"Acidente c";"204.4";"BR-116/SP";"Pista Norte";"Colisão traseira";0;1;0;0;0;0;0;0;1;0;1;1;0;0;0