data;horario;n_da_ocorrencia;tipo_de_ocorrencia;km;trecho;sentido;tipo_de_acidente;automovel;bicicleta;caminhao;moto;onibus;outros;tracao_animal;transporte_de_cargas_especiais;trator_maquinas;utilitarios;ilesos;levemente_feridos;moderadamente_feridos;gravemente_feridos;mortos
"26/01/2024";"06:12:00";"100";"Acidente s";"199.4";"BR-116/SP";"Pista Norte";"Choque em defensa";1;0;0;0;0;0;0;0;0;0;1;0;0;0;0
"26/01/2024";"07:12:00";"149";"Acidente s";"208.5";"BR-116/SP";"Pista Sul";"Abalroamento longitudinal";1;0;0;0;0;0;0;0;1;0;2;0;0;0;0
"26/01/2024";"07:12:00";"177";"Acidente s";"161.3";"BR-116/SP";"Pista Norte";"Colisão traseira";2;0;0;0;0;0;0;0;0;0;2;0;0;0;0
"26/01/2024";"07:12:00";"566";"Acidente c";"571";"BR-101/RJ";"Pista Sul";"Colisão frontal";0;0;0;0;0;0;0;0;1;1;2;0;2;0;0
"26/01/2024";"08:12:00";"209";"Acidente c";"386";"BR-101/RJ";"Pista Norte";"Abalroamento longitudinal";0;1;0;1;0;0;0;0;0;0;1;1;0;0;0
"26/01/2024";"09:12:00";"231";"Atropelame";"168.3";"BR-116/SP";"Pista Norte";"Atropelamento de pedestre atravessando";0;1;0;0;0;0;0;0;1;0;2;0;1;0;0
"26/01/2024";"10:12:00";"265";"Acidente c";"482";"BR-101/RJ";"Pista Norte";"Abalroamento longitudinal";0;0;0;1;0;0;0;0;1;0;24;1;0;0;0
"26/01/2024";"10:12:00";"635";"Acidente c";"316";"BR-116/RJ";"Pista Sul";"Choque em barreira New Jersey";0;0;0;0;0;0;0;0;1;0;0;1;0;0;0
"26/01/2024";"10:12:00";"640";"Acidente s";"30.6";"BR-116/SP";"Pista Sul";"Choque em objeto fixo";0;0;0;0;0;0;0;0;1;1;1;0;0;0;0
"26/01/2024";"11:12:00";"334";"Acidente s";"228";"BR-116/SP";"Pista Sul";"Colisão traseira";0;0;0;0;0;0;0;0;2;0;4;0;0;0;0
"26/01/2024";"12:12:00";"31";"Acidente s";"515";"BR-101/RJ";"Pista Norte";"Choque em objeto fixo";0;0;0;0;0;0;0;0;1;0;0;0;0;0;0
"27/01/2024";"01:12:00";"276";"Acidente s";"481";"BR-101/RJ";"Pista Sul";"Engavetamento";0;0;0;0;0;0;0;0;1;2;3;0;0;0;0
"27/01/2024";"01:12:00";"284";"Acidente c";"223.9";"BR-116/SP";"Pista Sul";"Queda de moto";0;1;0;0;0;0;0;0;0;0;1;1;0;0;0
"27/01/2024";"01:12:00";"287";"Acidente s";"122.6";"BR-116/SP";"Pista Sul";"Colisão traseira";0;0;0;0;0;0;0;0;2;0;5;0;0;0;0
"27/01/2024";"02:12:00";"320";"Acidente c";"26.2";"BR-116/SP";"Pista Norte";"Colisão traseira";1;0;0;0;0;0;0;0;1;0;1;0;1;0;0
"27/01/2024";"03:12:00";"59";"Acidente c";"521";"BR-101/RJ";"Pista Norte";"Queda de ribanceira";0;0;0;0;0;0;0;0;1;0;0;0;1;0;0
"27/01/2024";"03:12:00";"336";"Acidente c";"462";"BR-101/RJ";"Pista Sul";"Choque em objeto fixo";0;0;0;0;0;0;0;0;1;0;0;2;0;0;0
"27/01/2024";"05:12:00";"400";"Acidente c";"411.5";"BR-101/RJ";"Pista Sul";"Queda de moto";0;1;0;0;0;0;0;0;0;0;0;2;0;0;0
"27/01/2024";"06:12:00";"94";"Acidente c";"210";"BR-116/SP";"Pista Sul";"Queda de moto";0;1;0;0;0;0;0;0;0;0;0;1;0;0;0
"27/01/2024";"06:12:00";"98";"Acidente c";"207.8";"BR-116/SP";"Pista Sul";"Abalroamento longitudinal";0;0;0;0;0;0;0;0;2;0;1;2;0;0;0
"27/01/2024";"07:12:00";"439";"Acidente s";"468";"BR-101/RJ";"Pista Sul";"Choque em objeto fixo";0;0;0;0;0;0;0;0;1;0;1;0;0;0;0
"27/01/2024";"07:12:00";"440";"Acidente c";"513";"BR-101/RJ";"Pista Norte";"Colisão traseira";0;0;0;0;0;0;0;0;2;0;4;1;0;0;0
"27/01/2024";"08:12:00";"143";"Acidente c";"141";"BR-116/SP";"Pista Norte";"Colisão traseira";0;1;0;0;0;0;0;0;0;1;1;1;1;0;0
"27/01/2024";"08:12:00";"151";"Acidente c";"226.1";"BR-116/SP";"Pista Norte";"Queda de moto";0;1;0;0;0;0;0;0;0;0;0;1;1;0;0
"27/01/2024";"08:12:00";"153";"Acidente s";"134.3";"BR-116/SP";"Pista Sul";"Abalroamento longitudinal";1;0;0;0;0;0;0;0;1;0;3;0;0;0;0
"27/01/2024";"08:12:00";"459";"Acidente c";"384";"BR-101/RJ";"Pista Norte";"Abalroamento longitudinal";0;1;0;0;0;0;0;0;1;0;1;1;0;0;0
"27/01/2024";"10:12:00";"187";"Acidente s";"182.3";"BR-116/SP";"Pista Norte";"Engavetamento";0;0;0;0;0;0;0;0;3;0;8;0;0;0;0
"27/01/2024";"10:12:00";"208";"Acidente s";"323";"BR-116/RJ";"Pista Sul";"Colisão traseira";0;0;0;0;0;1;0;0;1;0;3;0;0;0;0
"27/01/2024";"10:12:00";"493";"Acidente c";"486.5";"BR-101/RJ";"Pista Sul";"Abalroamento longitudinal";0;0;0;0;0;0;0;0;2;0;2;0;1;0;0
"27/01/2024";"10:12:00";"496";"Acidente s";"220";"BR-116/SP";"Pista Norte";"Queda de moto";0;1;0;0;0;0;0;0;0;0;1;0;0;0;0
"27/01/2024";"10:12:00";"497";"Acidente c";"487";"BR-101/RJ";"Pista Norte";"Choque em defensa";0;0;0;0;0;0;0;0;1;0;0;0;2;0;0
"27/01/2024";"11:12:00";"212";"Acidente c";"309";"BR-116/RJ";"Pista Sul";"Abalroamento longitudinal";0;1;0;0;0;0;0;0;1;0;1;1;0;0;0
"27/01/2024";"12:12:00";"31";"Acidente c";"64.5";"BR-116/SP";"Pista Sul";"Colisão traseira";0;0;0;0;0;0;0;0;1;1;1;0;1;0;0
"27/01/2024";"12:12:00";"27";"Acidente c";"107";"BR-116/SP";"Pista Norte";"Atropelamento de animal";0;1;0;0;0;0;0;0;0;0;0;1;0;0;0
"27/01/2024";"12:12:00";"259";"Acidente s";"219";"BR-116/SP";"Pista Norte";"Colisão traseira";0;0;0;0;0;0;0;0;2;0;2;0;0;0;0
"27/01/2024";"12:12:00";"263";"Acidente c";"409";"BR-101/RJ";"Pista Norte";"Abalroamento longitudinal";0;1;0;0;0;0;0;0;1;0;1;1;0;0;0
"28/01/2024";"01:12:00";"218";"Acidente c";"15.5";"BR-101/SP";"Pista Norte";"Colisão frontal";0;1;0;0;0;0;0;0;1;0;1;0;2;0;0
"28/01/2024";"02:12:00";"38";"Acidente s";"465.1";"BR-101/RJ";"Pista Sul";"Choque em objeto fixo";0;0;0;0;0;0;0;0;1;0;1;0;0;0;0
"28/01/2024";"02:12:00";"242";"Acidente c";"330";"BR-116/RJ";"Pista Sul";"Queda de moto";0;1;0;0;0;0;0;0;0;0;1;1;0;0;0
"28/01/2024";"02:12:00";"249";"Acidente s";"296";"BR-116/RJ";"Pista Sul";"Choque em objeto fixo";0;0;0;0;0;0;0;0;1;0;2;0;0;0;0
"28/01/2024";"03:12:00";"274";"Acidente c";"232.5";"BR-116/RJ";"Pista Norte";"Choque em barreira New Jersey";0;0;0;0;0;0;0;0;1;0;0;4;0;0;0
"28/01/2024";"03:12:00";"280";"Acidente c";"220";"BR-116/SP";"Pista Norte";"Engavetamento";0;1;0;0;0;0;0;0;2;0;4;2;0;0;0
"28/01/2024";"03:12:00";"285";"Acidente c";"530.5";"BR-101/RJ";"Pista Sul";"Colisão frontal";0;0;0;0;0;0;0;0;2;0;0;6;0;0;0
"28/01/2024";"04:12:00";"290";"Acidente c";"296.2";"BR-116/RJ";"Pista Norte";"Choque em defensa";0;0;0;0;0;0;0;0;1;0;0;2;0;0;0
"28/01/2024";"04:12:00";"292";"Acidente c";"263.3";"BR-116/RJ";"Pista Sul";"Capotamento";0;0;0;0;0;1;0;0;0;0;0;4;0;0;0
"28/01/2024";"04:12:00";"305";"Acidente c";"530";"BR-101/RJ";"Pista Norte";"Colisão frontal";0;0;0;0;0;0;0;0;2;0;0;0;0;2;0
"28/01/2024";"04:12:00";"307";"Acidente s";"295.2";"BR-116/RJ";"Pista Sul";"Choque em barreira New Jersey";0;0;0;0;0;0;0;0;1;0;1;0;0;0;0
"28/01/2024";"05:12:00";"323";"Acidente s";"528.3";"BR-101/RJ";"Pista Norte";"Choque em objeto fixo";0;0;0;0;0;0;0;0;1;0;1;0;0;0;0
"28/01/2024";"05:12:00";"327";"Acidente s";"102.4";"BR-116/SP";"Pista Sul";"Choque em barreira New Jersey";0;0;0;0;0;0;0;0;1;0;1;0;0;0;0
"28/01/2024";"05:12:00";"329";"Atropelame";"108.3";"BR-116/SP";"Pista Sul";"Atropelamento de pedestre caminhando";0;0;0;0;0;0;0;0;1;0;1;0;1;0;0
"28/01/2024";"06:12:00";"378";"Acidente c";"289.4";"BR-116/RJ";"Pista Norte";"Capotamento";0;0;0;0;0;0;0;0;1;0;0;1;0;0;0
"28/01/2024";"07:12:00";"90";"Acidente s";"313.4";"BR-116/RJ";"Pista Norte";"Choque em barreira New Jersey";1;0;0;0;0;0;0;0;0;0;1;0;0;0;0
"28/01/2024";"07:12:00";"390";"Acidente c";"386";"BR-101/RJ";"Pista Norte";"Choque em objeto fixo";0;0;0;0;0;0;0;0;1;0;0;1;0;0;0
"28/01/2024";"08:12:00";"409";"Acidente s";"386";"BR-101/RJ";"Pista Norte";"Outros";0;0;0;0;0;0;1;0;0;0;3;0;0;0;0
"28/01/2024";"08:12:00";"416";"Acidente c";"316.7";"BR-116/RJ";"Pista Norte";"Queda de moto";0;1;0;0;0;0;0;0;0;0;0;0;0;1;0
"28/01/2024";"09:12:00";"141";"Acidente s";"96.3";"BR-116/SP";"Pista Norte";"Engavetamento";0;0;0;0;0;0;0;0;2;2;9;0;0;0;0
"28/01/2024";"12:12:00";"22";"Acidente s";"314";"BR-116/RJ";"Pista Norte";"Choque em barreira New Jersey";0;0;0;0;0;0;0;0;1;0;2;0;0;0;0
"28/01/2024";"12:12:00";"28";"Acidente c";"69.5";"BR-116/SP";"Pista Norte";"Colisão frontal";0;0;0;0;0;0;0;0;3;0;7;0;1;0;0
"28/01/2024";"12:12:00";"182";"Acidente s";"230.3";"BR-116/SP";"Pista Sul";"Engavetamento";0;0;0;0;0;0;0;0;2;1;4;0;0;0;0
"29/01/2024";"02:12:00";"415";"Acidente s";"522.8";"BR-101/RJ";"Pista Sul";"Colisão frontal";0;0;0;0;0;0;0;0;2;0;2;0;0;0;0
"29/01/2024";"02:12:00";"419";"Acidente c";"222.2";"BR-116/SP";"Pista Norte";"Abalroamento longitudinal";0;0;0;0;0;0;0;0;2;1;5;0;1;0;0
"29/01/2024";"03:12:00";"44";"Acidente c";"144.35";"BR-116/SP";"Pista Norte";"Choque em barreira New Jersey";0;0;0;0;0;0;0;0;1;0;0;0;1;0;0
"29/01/2024";"03:12:00";"454";"Atropelame";"485.5";"BR-101/RJ";"Pista Sul";"Atropelamento de pedestre atravessando";1;0;0;0;0;0;0;0;0;0;1;0;0;0;1
"29/01/2024";"04:12:00";"501";"Acidente s";"224.3";"BR-116/RJ";"Pista Sul";"Colisão traseira";1;0;0;0;0;0;0;0;1;0;2;0;0;0;0
"29/01/2024";"05:12:00";"77";"Acidente c";"210";"BR-116/SP";"Pista Sul";"Abalroamento longitudinal";0;2;0;0;0;0;0;0;0;0;0;2;0;0;0
"29/01/2024";"05:12:00";"532";"Acidente s";"147.7";"BR-116/SP";"Pista Norte";"Colisão traseira";0;0;0;0;0;0;0;0;1;1;2;0;0;0;0
"29/01/2024";"06:12:00";"100";"Acidente c";"312.4";"BR-116/RJ";"Pista Norte";"Choque em barreira New Jersey";0;0;0;0;0;0;0;0;1;0;0;1;0;0;0
"29/01/2024";"07:12:00";"580";"Acidente s";"539";"BR-101/RJ";"Pista Norte";"Choque em defensa";1;0;0;0;0;0;0;0;0;0;2;0;0;0;0
"29/01/2024";"08:12:00";"181";"Acidente s";"149.2";"BR-116/SP";"Pista Sul";"Engavetamento";0;0;0;0;0;0;0;0;2;0;3;0;0;0;0
"29/01/2024";"08:12:00";"186";"Acidente s";"210";"BR-116/SP";"Pista Sul";"Colisão traseira";1;0;0;1;0;0;0;0;0;0;5;0;0;0;0
"29/01/2024";"08:12:00";"598";"Acidente c";"316";"BR-116/RJ";"Pista Norte";"Choque em barreira New Jersey";0;0;0;0;0;0;0;0;1;0;1;1;0;0;0
"29/01/2024";"09:12:00";"212";"Acidente c";"577.9";"BR-101/RJ";"Pista Sul";"Colisão frontal";0;0;0;0;0;0;0;0;2;0;1;1;2;0;0
"29/01/2024";"11:12:00";"662";"Acidente c";"230";"BR-116/SP";"Pista Norte";"Colisão traseira";0;0;0;0;0;0;0;0;2;0;2;1;0;0;0
"29/01/2024";"11:12:00";"663";"Acidente s";"218";"BR-116/SP";"Pista Sul";"Colisão traseira";1;0;0;0;0;0;0;0;0;1;2;0;0;0;0
"29/01/2024";"12:12:00";"338";"Acidente c";"435";"BR-101/RJ";"Pista Norte";"Colisão traseira";0;0;0;0;0;0;0;0;2;0;1;0;2;0;1
"30/01/2024";"01:12:00";"377";"Acidente s";"139.9";"BR-116/SP";"Pista Sul";"Colisão traseira";0;0;0;0;0;1;0;0;1;0;2;0;0;0;0
"30/01/2024";"01:12:00";"381";"Acidente c";"226.3";"BR-116/SP";"Pista Sul";"Queda de moto";0;1;0;0;0;0;0;0;0;0;0;1;0;0;0
"30/01/2024";"02:12:00";"406";"Acidente c";"111";"BR-116/SP";"Pista Sul";"Abalroamento longitudinal";0;1;0;0;0;0;0;0;0;1;1;1;0;0;0
"30/01/2024";"03:12:00";"35";"Acidente c";"384.5";"BR-101/RJ";"Pista Norte";"Atropelamento de animal";0;0;0;0;0;0;0;0;1;0;0;0;1;0;0
"30/01/2024";"04:12:00";"44";"Acidente s";"188.5";"BR-116/SP";"Pista Sul";"Choque em defensa";0;0;0;0;0;0;0;0;1;0;1;0;0;0;0
"30/01/2024";"04:12:00";"47";"Acidente s";"93.5";"BR-116/SP";"Pista Norte";"Atropelamento de animal";1;0;0;0;0;0;0;0;0;0;1;0;0;0;0
"30/01/2024";"04:12:00";"475";"Acidente s";"114.7";"BR-116/SP";"Pista Sul";"Abalroamento longitudinal";1;0;0;0;0;0;0;0;1;0;3;0;0;0;0
"30/01/2024";"04:12:00";"478";"Acidente c";"40.5";"BR-101/SP";"Pista Sul";"Abalroamento longitudinal";0;1;0;0;0;0;0;0;1;0;4;1;0;0;0
"30/01/2024";"04:12:00";"485";"Acidente s";"159.3";"BR-116/SP";"Pista Norte";"Colisão traseira";0;0;0;0;0;0;0;0;2;0;4;0;0;0;0
"30/01/2024";"07:12:00";"149";"Acidente c";"222.3";"BR-116/SP";"Pista Sul";"Queda de moto";0;1;0;0;0;0;0;0;0;0;0;1;0;0;0
"30/01/2024";"07:12:00";"558";"Acidente c";"418";"BR-101/RJ";"Pista Sul";"Abalroamento longitudinal";0;1;0;0;0;0;0;0;1;0;1;1;0;0;0
"30/01/2024";"07:12:00";"576";"Acidente s";"212.9";"BR-116/SP";"Pista Norte";"Choque em defensa";1;0;0;0;0;0;0;0;0;0;1;0;0;0;0
"30/01/2024";"08:12:00";"603";"Acidente c";"216.6";"BR-116/SP";"Pista Sul";"Capotamento";0;0;0;0;0;0;0;0;1;0;0;1;0;0;0
"30/01/2024";"08:12:00";"610";"Acidente s";"150";"BR-116/SP";"Pista Norte";"Engavetamento";2;0;0;0;0;0;0;0;2;0;4;0;0;0;0
"30/01/2024";"08:12:00";"613";"Acidente s";"272";"BR-116/RJ";"Pista Sul";"Choque em barreira New Jersey";0;0;0;0;0;0;0;0;1;0;1;0;0;0;0
"30/01/2024";"09:12:00";"211";"Acidente s";"147";"BR-116/SP";"Pista Sul";"Abalroamento longitudinal";1;0;0;0;0;0;0;0;1;0;2;0;0;0;0
"30/01/2024";"09:12:00";"212";"Acidente s";"227";"BR-116/SP";"Pista Sul";"Abalroamento longitudinal";1;0;0;0;0;0;0;0;1;0;2;0;0;0;0
"30/01/2024";"09:12:00";"220";"Acidente s";"514";"BR-101/RJ";"Pista Sul";"Colisão frontal";0;0;0;0;0;0;0;0;2;0;5;0;0;0;0
"30/01/2024";"09:12:00";"643";"Acidente c";"394";"BR-101/RJ";"Pista Norte";"Atropelamento de animal";0;0;0;0;0;0;0;0;1;0;1;1;0;0;0
"30/01/2024";"10:12:00";"285";"Acidente c";"225";"BR-116/RJ";"Pista Sul";"Engavetamento";2;0;0;0;0;0;0;0;2;0;6;0;0;1;0
"30/01/2024";"10:12:00";"653";"Acidente s";"71";"BR-116/SP";"Pista Sul";"Colisão traseira";1;0;0;0;0;0;0;0;0;1;1;0;0;0;0
"30/01/2024";"10:12:00";"659";"Acidente c";"46.6";"BR-101/SP";"Pista Sul";"Colisão frontal";0;1;1;0;0;0;0;0;0;0;0;0;1;1;0
"30/01/2024";"11:12:00";"667";"Acidente s";"276";"BR-116/RJ";"Pista Sul";"Colisão traseira";1;0;0;0;0;0;0;0;1;0;2;0;0;0;0
"30/01/2024";"11:12:00";"668";"Acidente c";"79.15";"BR-116/SP";"Pista Sul";"Queda de ribanceira";1;0;0;0;0;0;0;0;0;0;0;0;1;0;0
"30/01/2024";"12:12:00";"334";"Acidente s";"143.45";"BR-116/SP";"Pista Norte";"Abalroamento longitudinal";1;0;0;0;0;0;0;0;1;0;3;0;0;0;0
"30/01/2024";"12:12:00";"352";"Acidente s";"219.3";"BR-116/SP";"Pista Sul";"Colisão traseira";0;0;0;0;0;0;0;0;2;0;2;0;0;0;0
"31/01/2024";"01:12:00";"51";"Acidente s";"484";"BR-101/RJ";"Pista Sul";"Choque em objeto fixo";0;0;0;0;0;0;0;0;1;0;1;0;0;0;0
"31/01/2024";"02:12:00";"417";"Acidente s";"214.1";"BR-116/SP";"Pista Sul";"Abalroamento longitudinal";1;0;0;0;0;0;0;0;1;0;2;0;0;0;0
"31/01/2024";"02:12:00";"420";"Acidente s";"278";"BR-116/RJ";"Pista Norte";"Abalroamento longitudinal";1;0;0;0;0;0;0;0;1;0;6;0;0;0;0
"31/01/2024";"04:12:00";"452";"Acidente s";"96";"BR-116/SP";"Pista Sul";"Choque em barreira New Jersey";0;0;0;0;0;0;0;0;1;0;1;0;0;0;0
"31/01/2024";"04:12:00";"458";"Acidente s";"486";"BR-101/RJ";"Pista Norte";"Colisão traseira";0;0;0;0;0;0;0;0;2;0;2;0;0;0;0
"31/01/2024";"04:12:00";"460";"Acidente c";"225.5";"BR-116/SP";"Pista Norte";"Queda de moto";0;1;0;0;0;0;0;0;0;0;0;2;0;0;0
"31/01/2024";"04:12:00";"463";"Acidente s";"433";"BR-101/RJ";"Pista Norte";"Colisão traseira";0;0;0;0;0;0;0;0;2;0;4;0;0;0;0
"31/01/2024";"05:12:00";"481";"Acidente c";"209.7";"BR-116/SP";"Pista Norte";"Engavetamento";0;0;0;0;0;0;0;0;3;0;2;2;0;0;0
"31/01/2024";"05:12:00";"490";"Acidente c";"219.25";"BR-116/SP";"Pista Sul";"Abalroamento longitudinal";0;1;0;0;0;0;0;0;1;0;1;1;0;0;0
"31/01/2024";"06:12:00";"508";"Acidente c";"226.1";"BR-116/SP";"Pista Norte";"Queda de moto";0;1;0;0;0;0;0;0;0;0;0;1;0;0;0
"31/01/2024";"06:12:00";"520";"Acidente c";"422.2";"BR-101/RJ";"Pista Norte";"Abalroamento longitudinal";0;0;0;1;0;0;0;0;1;0;18;1;0;0;0
"31/01/2024";"07:12:00";"173";"Acidente s";"229";"BR-116/RJ";"Pista Norte";"Choque em objeto fixo";1;0;0;0;0;0;0;0;0;0;1;0;0;0;0
"31/01/2024";"07:12:00";"198";"Acidente c";"214.5";"BR-116/SP";"Pista Sul";"Queda de moto";0;1;0;0;0;0;0;0;0;0;0;2;0;0;0
"31/01/2024";"08:12:00";"205";"Acidente s";"160";"BR-116/SP";"Pista Norte";"Abalroamento longitudinal";1;0;0;0;0;0;0;0;1;0;5;0;0;0;0
"31/01/2024";"08:12:00";"560";"Acidente s";"403";"BR-101/RJ";"Pista Sul";"Choque em objeto fixo";0;0;0;0;0;0;0;0;1;0;1;0;0;0;0
"31/01/2024";"08:12:00";"566";"Acidente s";"219";"BR-116/SP";"Pista Norte";"Engavetamento";0;0;0;0;0;0;0;0;3;1;5;0;0;0;0
"31/01/2024";"09:12:00";"586";"Acidente s";"225.5";"BR-116/SP";"Pista Norte";"Queda de moto";0;1;0;0;0;0;0;0;0;0;1;0;0;0;0
"31/01/2024";"09:12:00";"593";"Acidente c";"219";"BR-116/SP";"Pista Norte";"Engavetamento";0;1;0;0;0;0;0;0;2;0;2;1;0;0;0
"31/01/2024";"12:12:00";"363";"Acidente s";"278.8";"BR-116/RJ";"Pista Norte";"Tombamento";1;0;0;0;0;0;0;0;0;0;1;0;0;0;0
"01/02/2024";"01:12:00";"313";"Acidente c";"152.85";"BR-116/SP";"Pista Sul";"Colisão traseira";1;0;0;0;0;0;0;0;1;0;2;1;0;0;0
"01/02/2024";"02:12:00";"37";"Acidente s";"329";"BR-116/RJ";"Pista Norte";"Choque em objeto fixo";1;0;0;0;0;0;0;0;0;0;1;0;0;0;0
"01/02/2024";"03:12:00";"370";"Acidente s";"231";"BR-116/SP";"Pista Norte";"Colisão traseira";2;0;0;0;0;0;0;0;0;0;4;0;0;0;0
"01/02/2024";"04:12:00";"409";"Atropelame";"386.8";"BR-101/RJ";"Pista Sul";"Atropelamento de pedestre atravessando";0;0;0;0;0;0;0;0;1;0;1;0;0;1;0
"01/02/2024";"04:12:00";"415";"Acidente s";"272";"BR-116/RJ";"Pista Sul";"Choque em defensa";1;0;0;0;0;0;0;0;0;0;1;0;0;0;0
"01/02/2024";"05:12:00";"75";"Acidente s";"271";"BR-116/RJ";"Pista Norte";"Colisão traseira";2;0;0;0;0;0;0;0;0;0;2;0;0;0;0
"01/02/2024";"05:12:00";"78";"Acidente s";"231.8";"BR-116/RJ";"Pista Norte";"Choque em barreira New Jersey";1;0;0;0;0;0;0;0;0;0;1;0;0;0;0
"01/02/2024";"05:12:00";"80";"Acidente c";"210";"BR-116/SP";"Pista Sul";"Abalroamento longitudinal";0;1;0;0;0;0;0;0;1;0;1;1;0;0;0
"01/02/2024";"05:12:00";"451";"Acidente c";"99.5";"BR-116/SP";"Pista Sul";"Queda de moto";0;1;0;0;0;0;0;0;0;0;0;0;1;0;0
"01/02/2024";"05:12:00";"454";"Acidente c";"211";"BR-116/SP";"Pista Sul";"Colisão traseira";0;1;0;0;0;0;0;0;1;0;1;1;0;0;0
"01/02/2024";"05:12:00";"458";"Acidente s";"118";"BR-116/SP";"Pista Sul";"Choque em objeto na pista";1;0;0;0;0;0;0;0;0;0;1;0;0;0;0
"01/02/2024";"06:12:00";"123";"Acidente s";"235";"BR-116/RJ";"Pista Norte";"Abalroamento longitudinal";1;0;0;0;0;0;0;0;0;0;1;0;0;0;0
"01/02/2024";"06:12:00";"124";"Acidente c";"208.2";"BR-116/SP";"Pista Sul";"Colisão traseira";0;1;0;0;0;0;0;0;1;0;1;0;1;0;0
"01/02/2024";"06:12:00";"467";"Acidente s";"334.4";"BR-116/RJ";"Pista Sul";"Choque em barreira New Jersey";0;0;0;0;0;0;0;0;2;1;3;0;0;0;0
"01/02/2024";"06:12:00";"474";"Acidente s";"154.2";"BR-116/SP";"Pista Sul";"Colisão traseira";0;1;0;0;0;0;0;0;1;0;2;0;0;0;0
"01/02/2024";"06:12:00";"484";"Acidente c";"570.4";"BR-101/RJ";"Pista Norte";"Colisão frontal";0;0;0;0;0;0;0;0;1;1;3;1;0;0;0
"01/02/2024";"08:12:00";"542";"Acidente s";"524.5";"BR-101/RJ";"Pista Sul";"Choque em objeto fixo";0;0;0;0;0;0;0;0;1;0;3;0;0;0;0
"01/02/2024";"08:12:00";"547";"Acidente c";"156.2";"BR-116/SP";"Pista Sul";"Choque em objeto fixo";0;0;0;0;0;0;0;0;1;0;0;1;0;0;0
"02/02/2024";"03:12:00";"398";"Acidente s";"106.9";"BR-116/SP";"Pista Sul";"Engavetamento";0;0;0;0;0;0;0;0;3;0;10;0;0;0;0
"02/02/2024";"03:12:00";"404";"Acidente s";"295";"BR-116/RJ";"Pista Sul";"Choque em barreira New Jersey";0;0;0;0;0;0;0;0;1;0;1;0;0;0;0
"02/02/2024";"03:12:00";"408";"Acidente s";"112.8";"BR-116/SP";"Pista Sul";"Abalroamento longitudinal";1;0;0;0;0;0;0;0;1;0;3;0;0;0;0
"02/02/2024";"03:12:00";"413";"Acidente c";"541";"BR-101/RJ";"Pista Norte";"Capotamento";0;0;0;0;0;0;0;0;1;0;0;1;0;0;0
"02/02/2024";"04:12:00";"67";"Acidente s";"61.9";"BR-116/SP";"Pista Sul";"Colisão traseira";0;0;0;0;0;0;0;0;1;1;2;0;0;0;0
"02/02/2024";"04:12:00";"417";"Acidente s";"557";"BR-101/RJ";"Pista Sul";"Capotamento";0;0;0;0;0;0;0;0;1;0;1;0;0;0;0
"02/02/2024";"04:12:00";"437";"Acidente s";"106.7";"BR-116/SP";"Pista Sul";"Engavetamento";2;0;0;0;0;0;0;0;0;1;3;0;0;0;0
"02/02/2024";"04:12:00";"438";"Acidente s";"528";"BR-101/RJ";"Pista Sul";"Choque em objeto fixo";0;0;0;0;0;0;0;0;1;0;1;0;0;0;0
"02/02/2024";"05:12:00";"72";"Acidente s";"204.5";"BR-116/SP";"Pista Sul";"Colisão traseira";0;0;0;0;0;0;0;0;1;1;2;0;0;0;0
"02/02/2024";"05:12:00";"75";"Acidente s";"142.8";"BR-116/SP";"Pista Sul";"Choque em objeto na pista";1;0;0;0;0;0;0;0;2;0;7;0;0;0;0
"02/02/2024";"05:12:00";"447";"Acidente c";"101.8";"BR-116/SP";"Pista Sul";"Queda de moto";0;1;0;0;0;0;0;0;0;0;0;2;0;0;0
"02/02/2024";"06:12:00";"505";"Acidente s";"181";"BR-116/SP";"Pista Norte";"Choque em barreira New Jersey";0;0;0;0;0;0;0;0;1;0;1;0;0;0;0
"02/02/2024";"07:12:00";"143";"Acidente c";"145";"BR-116/SP";"Pista Sul";"Colisão traseira";0;1;0;0;0;0;0;0;0;1;1;2;0;0;0
"02/02/2024";"07:12:00";"527";"Acidente c";"223";"BR-116/SP";"Pista Sul";"Colisão traseira";0;1;0;0;0;0;0;0;1;0;1;1;0;0;0
"02/02/2024";"08:12:00";"190";"Acidente c";"229";"BR-116/SP";"Pista Sul";"Colisão traseira";0;1;0;0;0;0;0;0;1;0;2;1;0;0;0
"02/02/2024";"08:12:00";"540";"Acidente c";"147.3";"BR-116/SP";"Pista Norte";"Abalroamento longitudinal";0;1;0;0;0;0;0;0;0;1;1;1;0;0;0
"02/02/2024";"08:12:00";"552";"Acidente s";"224";"BR-116/SP";"Pista Norte";"Engavetamento";0;0;0;0;0;0;0;0;4;0;8;0;0;0;0
"02/02/2024";"09:12:00";"208";"Acidente c";"210";"BR-116/SP";"Pista Sul";"Engavetamento";2;0;0;0;0;0;0;0;0;1;1;1;0;0;0
"02/02/2024";"09:12:00";"569";"Acidente c";"278.7";"BR-116/RJ";"Pista Sul";"Choque em barreira New Jersey";0;0;0;0;0;0;0;0;1;0;0;0;2;0;0
"02/02/2024";"09:12:00";"570";"Acidente c";"75.3";"BR-116/SP";"Pista Sul";"Queda de moto";0;1;0;0;0;0;0;0;0;0;0;0;1;0;0