data;horario;n_da_ocorrencia;tipo_de_ocorrencia;km;trecho;sentido;tipo_de_acidente;automovel;bicicleta;caminhao;moto;onibus;outros;tracao_animal;transporte_de_cargas_especiais;trator_maquinas;utilitarios;ilesos;levemente_feridos;moderadamente_feridos;gravemente_feridos;mortos
"02/02/2024";"09:12:00";"575";"Acidente c";"115.3";"BR-116/SP";"Pista Sul";"Colisão traseira";0;1;0;0;0;0;0;0;1;0;1;1;0;0;0
"02/02/2024";"09:12:00";"588";"Acidente s";"229";"BR-116/SP";"Pista Norte";"Abalroamento longitudinal";1;0;0;0;0;0;0;0;1;0;6;0;0;0;0
"02/02/2024";"10:12:00";"246";"Acidente s";"407";"BR-101/RJ";"Pista Sul";"Abalroamento longitudinal";1;0;0;0;0;0;0;0;1;0;4;0;0;0;0
"02/02/2024";"10:12:00";"263";"Acidente c";"210";"BR-116/SP";"Pista Sul";"Abalroamento longitudinal";0;2;0;0;0;0;0;0;0;0;1;1;0;0;0
"02/02/2024";"10:12:00";"268";"Acidente c";"400.2";"BR-101/RJ";"Pista Norte";"Capotamento";0;0;0;0;0;0;0;0;1;0;0;0;0;0;1
"02/02/2024";"11:12:00";"306";"Acidente s";"70.8";"BR-116/SP";"Pista Norte";"Capotamento";1;0;0;0;0;0;0;0;0;0;1;0;0;0;0
"02/02/2024";"11:12:00";"610";"Acidente s";"481.5";"BR-101/RJ";"Pista Norte";"Choque em objeto fixo";0;0;0;0;0;0;0;0;1;0;2;0;0;0;0
"02/02/2024";"12:12:00";"313";"Acidente s";"155";"BR-116/SP";"Pista Sul";"Abalroamento longitudinal";1;0;0;0;0;0;0;0;1;0;2;0;0;0;0
"02/02/2024";"12:12:00";"319";"Acidente s";"70.8";"BR-116/SP";"Pista Norte";"Choque em barreira New Jersey";0;0;0;0;0;0;0;0;1;0;1;0;0;0;0
"02/02/2024";"12:12:00";"322";"Acidente s";"27.9";"BR-116/SP";"Pista Sul";"Choque em barreira New Jersey";0;0;0;0;0;0;0;0;1;0;1;0;0;0;0
"02/02/2024";"12:12:00";"326";"Acidente c";"161.6";"BR-116/SP";"Pista Norte";"Engavetamento";2;0;0;0;0;0;0;0;1;0;2;1;0;0;0
"02/02/2024";"12:12:00";"330";"Acidente c";"214";"BR-116/SP";"Pista Norte";"Colisão traseira";1;0;0;0;0;0;0;0;1;0;2;1;0;0;0
"03/02/2024";"02:12:00";"359";"Acidente s";"189.1";"BR-116/SP";"Pista Sul";"Choque em veículo parado na pista";2;0;0;0;0;0;0;0;0;0;4;0;0;0;0
"03/02/2024";"02:12:00";"373";"Acidente c";"493";"BR-101/RJ";"Pista Norte";"Queda de moto";0;1;0;0;0;0;0;0;0;0;0;0;1;0;0
"03/02/2024";"06:12:00";"105";"Acidente s";"218.1";"BR-116/SP";"Pista Norte";"Colisão traseira";0;0;0;0;0;0;0;0;3;0;5;0;0;0;0
"03/02/2024";"07:12:00";"494";"Atropelame";"137.5";"BR-116/SP";"Pista Norte";"Atropelamento de pedestre caminhando";0;0;0;0;0;0;0;0;0;1;1;0;0;0;1
"03/02/2024";"09:12:00";"191";"Acidente s";"46";"BR-101/SP";"Pista Norte";"Colisão traseira";0;0;0;0;0;0;0;0;2;1;11;0;0;0;0
"03/02/2024";"09:12:00";"525";"Acidente s";"41";"BR-116/SP";"Pista Sul";"Capotamento";0;0;0;0;0;0;0;0;1;0;1;0;0;0;0
"03/02/2024";"10:12:00";"545";"Acidente c";"503.2";"BR-101/RJ";"Pista Norte";"Colisão frontal";0;1;0;0;0;0;0;0;1;0;0;0;0;1;2
"03/02/2024";"11:12:00";"560";"Acidente s";"212.8";"BR-116/SP";"Pista Sul";"Choque em objeto fixo";0;0;0;0;0;0;0;0;1;0;2;0;0;0;0
"03/02/2024";"12:12:00";"20";"Acidente s";"180.5";"BR-116/SP";"Pista Sul";"Choque em objeto na pista";1;0;0;0;0;0;0;0;1;0;2;0;0;0;0
"03/02/2024";"12:12:00";"25";"Atropelame";"322.2";"BR-116/RJ";"Pista Norte";"Atropelamento de pedestre atravessando";0;0;0;0;0;0;0;0;1;0;1;1;0;0;0
"03/02/2024";"12:12:00";"33";"Acidente s";"222";"BR-116/SP";"Pista Sul";"Abalroamento longitudinal";0;0;0;0;0;0;0;0;2;0;3;0;0;0;0
"03/02/2024";"12:12:00";"276";"Acidente s";"148.1";"BR-116/SP";"Pista Norte";"Choque em barreira New Jersey";0;0;0;0;0;0;0;0;1;0;1;0;0;0;0
"04/02/2024";"01:12:00";"34";"Acidente c";"230.8";"BR-116/SP";"Pista Sul";"Abalroamento longitudinal";0;0;0;0;0;0;0;0;2;0;2;0;1;0;0
"04/02/2024";"01:12:00";"262";"Acidente s";"226.9";"BR-116/SP";"Pista Sul";"Colisão traseira";0;0;0;0;0;0;0;0;2;0;9;0;0;0;0
"04/02/2024";"02:12:00";"41";"Acidente c";"3.5";"BR-116/SP";"Pista Norte";"Choque em barreira New Jersey";0;0;0;1;0;0;0;0;0;0;37;0;0;1;0
"04/02/2024";"02:12:00";"287";"Acidente c";"150.4";"BR-116/SP";"Pista Sul";"Choque em barreira New Jersey";0;0;0;0;0;0;0;0;1;0;0;1;0;0;0
"04/02/2024";"02:12:00";"291";"Acidente s";"123.2";"BR-116/SP";"Pista Sul";"Choque em barreira New Jersey";0;0;0;0;0;0;0;0;1;0;5;0;0;0;0
"04/02/2024";"02:12:00";"292";"Acidente c";"308.2";"BR-116/RJ";"Pista Norte";"Capotamento";0;0;0;0;0;0;0;0;1;0;0;0;1;0;0
"04/02/2024";"02:12:00";"301";"Acidente s";"570";"BR-101/RJ";"Pista Norte";"Choque em objeto fixo";0;0;0;0;0;0;0;0;1;0;2;0;0;0;0
"04/02/2024";"03:12:00";"309";"Acidente c";"564";"BR-101/RJ";"Pista Sul";"Choque em defensa";0;0;0;0;0;0;0;0;1;0;0;1;0;0;0
"04/02/2024";"04:12:00";"56";"Acidente s";"476";"BR-101/RJ";"Pista Sul";"Capotamento";0;0;0;0;0;0;0;0;1;0;1;0;0;0;0
"04/02/2024";"04:12:00";"326";"Acidente s";"570";"BR-101/RJ";"Pista Norte";"Choque em barreira New Jersey";0;0;0;0;0;0;0;0;1;0;1;0;0;0;0
"04/02/2024";"04:12:00";"333";"Acidente c";"236";"BR-116/RJ";"Pista Norte";"Choque em objeto fixo";0;0;0;0;0;0;0;0;1;0;1;2;0;0;0
"04/02/2024";"04:12:00";"336";"Acidente s";"263.45";"BR-116/RJ";"Pista Norte";"Choque em defensa";0;0;0;0;0;0;0;0;1;0;1;0;0;0;0
"04/02/2024";"04:12:00";"344";"Acidente c";"157.9";"BR-116/SP";"Pista Sul";"Choque em defensa";0;0;0;0;0;0;0;0;1;0;0;1;4;0;0
"04/02/2024";"05:12:00";"61";"Acidente c";"523";"BR-101/RJ";"Pista Norte";"Capotamento";0;0;0;0;0;0;0;0;1;0;0;0;2;0;0
"04/02/2024";"06:12:00";"379";"Acidente s";"145";"BR-116/SP";"Pista Sul";"Queda de moto";0;1;0;0;0;0;0;0;0;0;2;0;0;0;0
"04/02/2024";"06:12:00";"382";"Acidente s";"155";"BR-116/SP";"Pista Sul";"Abalroamento longitudinal";1;0;0;0;0;0;0;0;1;0;2;0;0;0;0
"04/02/2024";"08:12:00";"443";"Acidente s";"448";"BR-101/RJ";"Pista Sul";"Choque em objeto fixo";0;0;0;0;0;0;0;0;1;0;1;0;0;0;0
"04/02/2024";"09:12:00";"462";"Atropelame";"211.8";"BR-116/SP";"Pista Sul";"Atropelamento de pedestre atravessando";0;0;1;0;0;0;0;0;0;1;1;1;0;0;0
"04/02/2024";"10:12:00";"208";"Acidente s";"276.6";"BR-116/RJ";"Pista Sul";"Engavetamento";0;0;0;0;0;0;0;0;3;0;5;0;0;0;0
"04/02/2024";"12:12:00";"244";"Acidente c";"53.9";"BR-116/SP";"Pista Norte";"Engavetamento";0;0;0;0;0;0;0;0;2;1;7;1;0;0;0
"04/02/2024";"12:12:00";"247";"Acidente c";"54.3";"BR-116/SP";"Pista Norte";"Engavetamento";0;0;0;0;0;0;0;0;2;1;4;2;0;0;0
"05/02/2024";"01:12:00";"348";"Acidente s";"564";"BR-101/RJ";"Pista Norte";"Capotamento";0;0;0;0;0;0;0;0;1;0;1;0;0;0;0
"05/02/2024";"01:12:00";"369";"Acidente c";"221.4";"BR-116/SP";"Pista Sul";"Abalroamento longitudinal";0;1;0;0;0;0;0;0;1;0;1;0;1;0;0
"05/02/2024";"02:12:00";"394";"Acidente s";"251";"BR-116/RJ";"Pista Sul";"Colisão traseira";2;0;0;0;0;0;0;0;0;0;2;0;0;0;0
"05/02/2024";"04:12:00";"471";"Acidente c";"471";"BR-101/RJ";"Pista Norte";"Colisão frontal";0;1;0;0;0;0;0;0;1;0;2;0;0;0;1
"05/02/2024";"05:12:00";"489";"Acidente c";"316.3";"BR-116/RJ";"Pista Norte";"Colisão traseira";1;0;0;0;0;0;0;0;1;0;0;3;0;0;0
"05/02/2024";"06:12:00";"96";"Acidente c";"218.9";"BR-116/SP";"Pista Sul";"Abalroamento longitudinal";0;2;0;0;0;0;0;0;1;0;2;2;1;0;0
"05/02/2024";"06:12:00";"98";"Acidente s";"595";"BR-101/RJ";"Pista Sul";"Choque em objeto fixo";0;0;0;0;0;0;0;0;1;0;2;0;0;0;0
"05/02/2024";"06:12:00";"520";"Acidente c";"574";"BR-101/RJ";"Pista Sul";"Abalroamento longitudinal";0;1;0;0;0;0;0;0;1;0;1;1;0;0;0
"05/02/2024";"06:12:00";"536";"Acidente s";"142.3";"BR-116/SP";"Pista Sul";"Colisão traseira";0;0;0;0;0;0;0;0;2;0;3;0;0;0;0
"05/02/2024";"07:12:00";"158";"Acidente s";"160.3";"BR-116/SP";"Pista Norte";"Abalroamento longitudinal";1;0;0;0;0;0;0;0;1;0;2;0;0;0;0
"05/02/2024";"08:12:00";"195";"Acidente c";"222.8";"BR-116/SP";"Pista Sul";"Queda de moto";0;1;0;0;0;0;0;0;0;0;0;1;0;0;0
"05/02/2024";"08:12:00";"202";"Acidente c";"273.3";"BR-116/RJ";"Pista Norte";"Queda de moto";0;1;0;0;0;0;0;0;0;0;0;1;1;0;0
"05/02/2024";"09:12:00";"223";"Acidente c";"211";"BR-116/SP";"Pista Sul";"Colisão traseira";0;1;0;0;0;0;0;0;0;1;1;1;0;0;0
"05/02/2024";"09:12:00";"225";"Acidente s";"64.2";"BR-116/SP";"Pista Sul";"Choque em objeto fixo";0;0;0;0;0;0;0;0;1;0;3;0;0;0;0
"05/02/2024";"09:12:00";"611";"Acidente c";"567";"BR-101/RJ";"Pista Norte";"Colisão traseira";0;1;0;0;0;0;0;0;1;0;0;2;0;0;0
"05/02/2024";"10:12:00";"282";"Acidente s";"209.8";"BR-116/SP";"Pista Sul";"Abalroamento longitudinal";1;0;0;0;0;0;0;0;1;0;4;0;0;0;0
"05/02/2024";"12:12:00";"22";"Acidente c";"202.5";"BR-116/SP";"Pista Norte";"Abalroamento longitudinal";1;1;0;0;0;0;0;0;0;0;1;0;1;0;0
"06/02/2024";"01:12:00";"355";"Acidente c";"554";"BR-101/RJ";"Pista Sul";"Queda de moto";0;1;0;0;0;0;0;0;0;0;0;2;0;0;0
"06/02/2024";"02:12:00";"398";"Acidente s";"145.4";"BR-116/SP";"Pista Norte";"Choque em barreira New Jersey";0;0;0;0;0;0;0;0;1;0;2;0;0;0;0
"06/02/2024";"04:12:00";"59";"Acidente c";"74.5";"BR-116/SP";"Pista Norte";"Queda de moto";0;1;0;0;0;0;0;0;0;0;0;0;1;0;0
"06/02/2024";"04:12:00";"432";"Acidente s";"384";"BR-101/RJ";"Pista Norte";"Abalroamento longitudinal";1;0;0;0;0;0;0;0;2;0;3;0;0;0;0
"06/02/2024";"04:12:00";"436";"Acidente c";"53.5";"BR-116/SP";"Pista Sul";"Queda de moto";0;1;0;0;0;0;0;0;0;0;0;0;0;1;0
"06/02/2024";"04:12:00";"438";"Acidente s";"11";"BR-116/SP";"Pista Norte";"Choque em veículo parado na pista";0;0;0;0;0;0;0;0;1;0;0;0;0;0;0
"06/02/2024";"04:12:00";"455";"Acidente c";"453";"BR-101/RJ";"Pista Sul";"Abalroamento longitudinal";0;1;0;0;0;0;0;0;1;0;1;1;0;0;0
"06/02/2024";"05:12:00";"73";"Acidente s";"224.9";"BR-116/SP";"Pista Sul";"Engavetamento";0;0;0;0;0;0;0;0;2;1;3;0;0;0;0
"06/02/2024";"05:12:00";"489";"Acidente c";"215";"BR-116/SP";"Pista Norte";"Abalroamento longitudinal";0;1;0;0;0;0;0;0;1;0;1;1;0;0;0
"06/02/2024";"05:12:00";"497";"Acidente c";"106";"BR-116/SP";"Pista Norte";"Abalroamento longitudinal";0;1;0;0;0;0;0;0;1;0;1;0;1;0;0
"06/02/2024";"07:12:00";"130";"Acidente c";"223.8";"BR-116/SP";"Pista Sul";"Abalroamento longitudinal";0;1;0;0;0;0;0;0;1;0;2;2;0;0;0
"06/02/2024";"07:12:00";"135";"Acidente c";"385";"BR-101/RJ";"Pista Norte";"Choque em objeto fixo";1;0;0;0;0;0;0;0;0;0;0;1;0;0;0
"06/02/2024";"07:12:00";"159";"Acidente c";"161";"BR-116/SP";"Pista Norte";"Colisão traseira";0;1;0;0;0;0;0;0;1;0;1;1;0;0;0
"06/02/2024";"07:12:00";"173";"Acidente c";"47.9";"BR-101/SP";"Pista Norte";"Queda de moto";0;1;0;0;0;0;0;0;0;0;0;1;0;0;0
"06/02/2024";"08:12:00";"178";"Acidente c";"218.8";"BR-116/SP";"Pista Sul";"Colisão traseira";0;1;0;0;0;0;0;0;0;1;1;1;0;0;0
"06/02/2024";"08:12:00";"195";"Acidente c";"222.9";"BR-116/SP";"Pista Sul";"Abalroamento longitudinal";0;1;0;0;0;0;0;0;1;0;1;2;0;0;0
"06/02/2024";"10:12:00";"237";"Acidente s";"423.5";"BR-101/RJ";"Pista Sul";"Choque em objeto fixo";0;0;0;0;0;0;0;0;1;0;2;0;0;0;0
"06/02/2024";"10:12:00";"258";"Acidente s";"139";"BR-116/SP";"Pista Sul";"Choque em defensa";0;0;0;0;0;0;1;0;0;0;2;0;0;0;0
"06/02/2024";"10:12:00";"636";"Acidente s";"123.2";"BR-116/SP";"Pista Norte";"Choque em barreira New Jersey";0;0;0;0;0;0;0;0;1;0;1;0;0;0;0
"06/02/2024";"11:12:00";"293";"Acidente s";"64.9";"BR-116/SP";"Pista Norte";"Abalroamento longitudinal";1;0;0;0;0;0;0;0;1;0;2;0;0;0;0
"06/02/2024";"11:12:00";"303";"Acidente s";"223.5";"BR-116/RJ";"Pista Sul";"Choque em objeto na pista";0;0;0;0;0;0;0;0;1;0;1;0;0;0;0
"06/02/2024";"12:12:00";"304";"Acidente c";"226.8";"BR-116/SP";"Pista Sul";"Choque em barreira New Jersey";0;1;0;0;0;0;0;0;1;0;1;1;0;0;0
"07/02/2024";"01:12:00";"35";"Acidente c";"58.9";"BR-116/SP";"Pista Sul";"Colisão traseira";1;0;0;0;0;0;0;0;1;0;2;1;1;0;0
"07/02/2024";"01:12:00";"383";"Acidente c";"147";"BR-116/SP";"Pista Sul";"Engavetamento";0;1;0;0;0;0;0;0;1;2;3;1;0;0;0
"07/02/2024";"01:12:00";"386";"Atropelame";"504";"BR-101/RJ";"Pista Norte";"Atropelamento de pedestre atravessando";0;0;0;0;0;0;0;0;1;0;3;1;0;0;0
"07/02/2024";"01:12:00";"389";"Acidente c";"222";"BR-116/SP";"Pista Sul";"Queda de moto";0;1;0;0;0;0;0;0;0;0;0;1;0;0;0
"07/02/2024";"03:12:00";"453";"Acidente c";"227";"BR-116/SP";"Pista Sul";"Choque em barreira New Jersey";1;0;0;0;0;0;0;0;0;0;0;0;1;0;0
"07/02/2024";"04:12:00";"484";"Acidente c";"443";"BR-101/RJ";"Pista Norte";"Queda de moto";0;1;0;0;0;0;0;0;0;0;0;0;0;0;1
"07/02/2024";"04:12:00";"494";"Acidente s";"134";"BR-116/SP";"Pista Norte";"Choque em objeto na pista";0;0;0;0;0;0;0;0;1;0;0;0;0;0;0
"07/02/2024";"05:12:00";"76";"Acidente c";"104.9";"BR-116/SP";"Pista Sul";"Queda de moto";0;1;0;0;0;0;0;0;0;0;0;0;1;0;0
"07/02/2024";"06:12:00";"547";"Acidente s";"479.2";"BR-101/RJ";"Pista Sul";"Engavetamento";0;0;0;0;0;0;0;0;2;1;3;0;0;0;0
"07/02/2024";"07:12:00";"573";"Acidente s";"281.5";"BR-116/RJ";"Pista Sul";"Abalroamento longitudinal";1;0;0;0;0;0;0;0;1;0;2;0;0;0;0
"07/02/2024";"07:12:00";"195";"Acidente s";"292";"BR-116/RJ";"Pista Norte";"Atropelamento de animal";0;0;0;0;0;0;0;0;1;0;1;0;0;0;0
"07/02/2024";"08:12:00";"213";"Acidente s";"306.3";"BR-116/RJ";"Pista Sul";"Engavetamento";0;0;0;0;0;0;0;0;1;2;3;0;0;0;0
"07/02/2024";"08:12:00";"233";"Acidente c";"220.1";"BR-116/SP";"Pista Sul";"Abalroamento longitudinal";1;1;0;0;0;0;0;0;0;0;2;2;0;0;0
"07/02/2024";"09:12:00";"263";"Acidente c";"218.5";"BR-116/SP";"Pista Sul";"Engavetamento";0;1;0;0;0;0;0;0;1;1;1;1;0;0;0
"07/02/2024";"09:12:00";"634";"Acidente s";"169.6";"BR-116/SP";"Pista Norte";"Colisão traseira";0;0;0;0;0;0;0;0;1;1;3;0;0;0;0
"07/02/2024";"09:12:00";"642";"Acidente s";"229.5";"BR-116/SP";"Pista Norte";"Capotamento";0;0;0;0;0;0;0;0;1;0;1;0;0;0;0
"07/02/2024";"10:12:00";"298";"Acidente c";"218.6";"BR-116/SP";"Pista Sul";"Engavetamento";1;0;0;0;0;1;0;0;1;0;2;0;1;0;0
"07/02/2024";"11:12:00";"345";"Acidente s";"227.3";"BR-116/RJ";"Pista Norte";"Tombamento";1;0;0;0;0;0;0;0;0;0;1;0;0;0;0
"07/02/2024";"11:12:00";"674";"Acidente c";"50.75";"BR-101/SP";"Pista Sul";"Abalroamento longitudinal";0;1;0;0;0;0;0;0;1;0;3;1;0;0;0
"07/02/2024";"12:12:00";"22";"Acidente c";"222.6";"BR-116/SP";"Pista Norte";"Colisão traseira";0;0;0;1;0;0;0;0;1;0;1;2;0;0;0
"07/02/2024";"12:12:00";"359";"Acidente s";"209";"BR-116/SP";"Pista Norte";"Colisão traseira";1;0;0;0;0;0;0;0;1;0;2;0;0;0;0
"08/02/2024";"01:12:00";"409";"Acidente s";"276.7";"BR-116/RJ";"Pista Norte";"Colisão traseira";0;0;0;1;0;0;0;0;1;0;2;0;0;0;0
"08/02/2024";"02:12:00";"423";"Acidente s";"316.05";"BR-116/RJ";"Pista Norte";"Choque em objeto na pista";0;0;0;0;0;0;0;0;1;0;1;0;0;0;0
"08/02/2024";"02:12:00";"430";"Acidente c";"295";"BR-116/RJ";"Pista Sul";"Queda de moto";0;1;0;0;0;0;0;0;0;0;0;0;1;0;0
"08/02/2024";"03:12:00";"452";"Acidente c";"64.88";"BR-116/SP";"Pista Sul";"Engavetamento";0;0;0;0;0;0;0;0;11;0;7;1;0;0;0
"08/02/2024";"03:12:00";"467";"Acidente c";"228.2";"BR-116/SP";"Pista Norte";"Choque em barreira New Jersey";0;0;0;0;0;0;0;0;1;0;0;0;1;0;0
"08/02/2024";"04:12:00";"495";"Acidente s";"88.1";"BR-116/SP";"Pista Sul";"Abalroamento longitudinal";1;0;0;0;0;0;0;0;1;0;2;0;0;0;0
"08/02/2024";"04:12:00";"496";"Acidente s";"297";"BR-116/RJ";"Pista Norte";"Abalroamento longitudinal";1;0;0;0;0;0;0;0;0;1;2;0;0;0;0
"08/02/2024";"04:12:00";"506";"Acidente c";"407";"BR-101/RJ";"Pista Sul";"Choque em objeto fixo";0;0;0;0;0;0;0;0;1;0;0;1;0;0;0
"08/02/2024";"05:12:00";"530";"Acidente s";"203";"BR-116/SP";"Pista Norte";"Colisão traseira";0;0;0;0;0;0;0;0;2;0;2;0;0;0;0
"08/02/2024";"05:12:00";"535";"Acidente c";"133.6";"BR-116/SP";"Pista Norte";"Colisão traseira";1;0;0;0;0;0;0;0;1;0;2;2;0;0;0
"08/02/2024";"05:12:00";"553";"Acidente s";"133.5";"BR-116/SP";"Pista Norte";"Engavetamento";0;0;0;0;0;1;0;0;2;0;4;0;0;0;0
"08/02/2024";"05:12:00";"556";"Acidente s";"101";"BR-116/SP";"Pista Sul";"Colisão traseira";0;0;0;0;0;0;0;0;2;0;2;0;0;0;0
"08/02/2024";"06:12:00";"569";"Acidente s";"413";"BR-101/RJ";"Pista Norte";"Abalroamento longitudinal";1;0;0;0;0;0;0;0;1;0;2;0;0;0;0
"08/02/2024";"06:12:00";"582";"Acidente c";"458.5";"BR-101/RJ";"Pista Sul";"Abalroamento longitudinal";0;1;0;0;0;0;0;0;2;0;3;0;1;0;1
"08/02/2024";"07:12:00";"165";"Acidente c";"210.5";"BR-116/SP";"Pista Sul";"Queda de moto";0;1;0;0;0;0;0;0;0;0;0;1;0;0;0
"08/02/2024";"07:12:00";"176";"Acidente s";"416";"BR-101/RJ";"Pista Sul";"Colisão traseira";0;0;0;0;0;0;0;0;2;0;2;0;0;0;0
"08/02/2024";"07:12:00";"598";"Acidente s";"150";"BR-116/SP";"Pista Norte";"Abalroamento longitudinal";0;0;0;0;0;0;0;0;2;0;3;0;0;0;0
"08/02/2024";"07:12:00";"616";"Acidente s";"565.5";"BR-101/RJ";"Pista Sul";"Colisão traseira";1;0;0;0;0;0;0;0;1;0;4;0;0;0;0
"08/02/2024";"08:12:00";"180";"Acidente s";"35.2";"BR-101/SP";"Pista Norte";"Atropelamento de animal";0;0;0;0;0;0;0;0;1;0;4;0;0;0;0
"08/02/2024";"08:12:00";"191";"Acidente c";"225.2";"BR-116/SP";"Pista Sul";"Colisão traseira";0;1;0;0;0;0;0;0;1;0;1;1;0;0;0
"08/02/2024";"08:12:00";"195";"Acidente c";"230";"BR-116/SP";"Pista Sul";"Queda de moto";0;1;0;0;0;0;0;0;0;0;0;1;0;0;0
"08/02/2024";"08:12:00";"643";"Acidente s";"428";"BR-101/RJ";"Pista Norte";"Choque em objeto fixo";0;0;0;0;0;0;0;0;1;0;3;0;0;0;0
"08/02/2024";"09:12:00";"694";"Acidente s";"264.1";"BR-116/RJ";"Pista Sul";"Queda de moto";0;1;0;0;0;0;0;0;0;0;1;0;0;0;0
"08/02/2024";"10:12:00";"288";"Acidente c";"205.5";"BR-116/SP";"Pista Sul";"Abalroamento longitudinal";0;1;0;0;0;0;0;0;1;0;1;1;0;0;0
"08/02/2024";"10:12:00";"299";"Acidente s";"54.8";"BR-116/SP";"Pista Sul";"Capotamento";0;0;0;0;0;0;0;0;2;0;2;0;0;0;0
"08/02/2024";"11:12:00";"333";"Acidente s";"122.8";"BR-116/SP";"Pista Norte";"Abalroamento longitudinal";1;0;0;0;0;0;1;0;1;0;5;0;0;0;0
"08/02/2024";"11:12:00";"728";"Acidente s";"71";"BR-116/SP";"Pista Norte";"Choque em objeto fixo";0;0;0;0;0;0;0;0;1;0;0;0;0;0;0
"08/02/2024";"11:12:00";"730";"Acidente s";"276.2";"BR-116/RJ";"Pista Sul";"Colisão traseira";2;0;0;0;0;0;0;0;0;0;3;0;0;0;0
"09/02/2024";"01:12:00";"436";"Acidente s";"116.4";"BR-116/SP";"Pista Sul";"Colisão traseira";1;0;0;0;0;0;0;0;1;0;2;0;0;0;0
"09/02/2024";"01:12:00";"437";"Acidente c";"231";"BR-116/SP";"Pista Sul";"Abalroamento longitudinal";0;1;0;0;0;0;0;0;1;0;1;1;0;0;0
"09/02/2024";"02:12:00";"446";"Acidente s";"202";"BR-116/SP";"Pista Norte";"Engavetamento";1;0;0;0;0;0;0;0;1;1;4;0;0;0;0
"09/02/2024";"02:12:00";"450";"Acidente s";"116";"BR-116/SP";"Pista Norte";"Colisão traseira";0;0;0;0;0;0;0;0;2;1;3;0;0;0;0
"09/02/2024";"02:12:00";"455";"Acidente s";"220";"BR-116/SP";"Pista Sul";"Colisão traseira";0;0;0;0;0;0;0;0;2;0;0;0;0;0;0
"09/02/2024";"03:12:00";"76";"Acidente s";"37.5";"BR-116/SP";"Pista Norte";"Choque em barreira New Jersey";0;0;0;0;0;1;0;0;0;0;0;0;0;0;0
"09/02/2024";"03:12:00";"490";"Acidente s";"183";"BR-116/SP";"Pista Sul";"Colisão traseira";0;1;0;0;0;0;0;0;0;0;1;0;0;0;0
"09/02/2024";"03:12:00";"504";"Acidente s";"305";"BR-116/RJ";"Pista Sul";"Engavetamento";0;0;0;0;0;0;0;0;6;0;3;0;0;0;0
"09/02/2024";"03:12:00";"509";"Acidente c";"183";"BR-116/SP";"Pista Sul";"Colisão traseira";1;1;0;0;0;0;0;0;0;0;1;0;1;0;0
"09/02/2024";"04:12:00";"80";"Acidente s";"222.45";"BR-116/SP";"Pista Sul";"Abalroamento longitudinal";0;0;0;0;0;0;0;0;1;1;6;0;0;0;0
"09/02/2024";"04:12:00";"527";"Acidente s";"161.3";"BR-116/SP";"Pista Norte";"Engavetamento";0;0;0;0;0;0;0;0;5;0;13;0;0;0;0
"09/02/2024";"04:12:00";"532";"Acidente s";"89.5";"BR-116/SP";"Pista Norte";"Abalroamento longitudinal";2;0;0;0;0;0;0;0;0;0;2;0;0;0;0
"09/02/2024";"04:12:00";"535";"Acidente s";"206";"BR-116/SP";"Pista Sul";"Engavetamento";0;0;0;0;0;0;0;0;3;0;3;0;0;0;0
"09/02/2024";"04:12:00";"551";"Acidente s";"105.5";"BR-116/SP";"Pista Sul";"Colisão traseira";0;0;0;0;0;0;0;0;2;0;0;0;0;0;0
"09/02/2024";"05:12:00";"569";"Acidente c";"220.6";"BR-116/SP";"Pista Norte";"Queda de moto";1;1;0;0;0;0;0;0;0;0;1;0;0;0;1
"09/02/2024";"06:12:00";"132";"Acidente s";"394";"BR-101/RJ";"Pista Sul";"Colisão traseira";0;0;0;0;0;0;0;0;2;0;5;0;0;0;0
"09/02/2024";"06:12:00";"118";"Acidente s";"394";"BR-101/RJ";"Pista Norte";"Abalroamento longitudinal";0;0;0;0;0;0;1;0;1;0;2;0;0;0;0
"09/02/2024";"07:12:00";"653";"Acidente s";"226";"BR-116/SP";"Pista Norte";"Abalroamento longitudinal";1;0;0;0;0;0;0;0;1;0;2;0;0;0;0
"09/02/2024";"08:12:00";"248";"Acidente c";"387";"BR-101/RJ";"Pista Norte";"Abalroamento longitudinal";0;2;0;0;0;0;0;0;1;0;2;1;0;0;0
"09/02/2024";"08:12:00";"671";"Acidente c";"448";"BR-101/RJ";"Pista Sul";"Queda de moto";0;1;0;0;0;0;0;0;0;0;0;2;0;0;0
"09/02/2024";"10:12:00";"318";"Acidente s";"225";"BR-116/RJ";"Pista Norte";"Engavetamento";0;0;0;0;0;0;0;0;3;0;10;0;0;0;0
"09/02/2024";"10:12:00";"325";"Acidente c";"229";"BR-116/SP";"Pista Sul";"Abalroamento longitudinal";0;1;0;0;0;0;0;0;1;0;1;1;0;0;0
"09/02/2024";"10:12:00";"736";"Acidente c";"139.45";"BR-116/SP";"Pista Norte";"Queda de moto";0;1;0;0;0;0;0;0;0;1;1;0;1;1;0
"10/02/2024";"01:12:00";"357";"Atropelame";"474";"BR-101/RJ";"Pista Sul";"Atropelamento de pedestre atravessando";0;1;0;0;0;0;0;0;0;0;0;0;2;0;0