data;horario;n_da_ocorrencia;tipo_de_ocorrencia;km;trecho;sentido;tipo_de_acidente;automovel;bicicleta;caminhao;moto;onibus;outros;tracao_animal;transporte_de_cargas_especiais;trator_maquinas;utilitarios;ilesos;levemente_feridos;moderadamente_feridos;gravemente_feridos;mortos
"10/02/2024";"01:12:00";"365";"Acidente s";"50.1";"BR-116/SP";"Pista Norte";"Abalroamento longitudinal";0;0;0;0;0;0;0;0;2;0;4;0;0;0;0
"10/02/2024";"01:12:00";"377";"Acidente s";"53";"BR-116/SP";"Pista Norte";"Engavetamento";0;0;0;0;0;0;0;0;3;0;5;0;0;0;0
"10/02/2024";"02:12:00";"60";"Acidente c";"232";"BR-116/RJ";"Pista Norte";"Choque Talude";0;1;0;0;0;0;0;0;0;0;0;0;1;0;0
"10/02/2024";"02:12:00";"399";"Acidente c";"585";"BR-101/RJ";"Pista Sul";"Abalroamento longitudinal";0;0;0;0;0;0;0;0;2;0;2;2;0;0;0
"10/02/2024";"02:12:00";"416";"Acidente s";"57.3";"BR-116/SP";"Pista Norte";"Colisão traseira";0;0;0;0;0;0;0;0;2;0;6;0;0;0;0
"10/02/2024";"02:12:00";"421";"Acidente c";"297";"BR-116/RJ";"Pista Norte";"Choque em barreira New Jersey";0;0;0;0;0;0;0;0;1;0;0;1;1;0;0
"10/02/2024";"02:12:00";"422";"Acidente c";"467";"BR-101/RJ";"Pista Sul";"Engavetamento";0;0;0;0;0;0;0;0;3;0;3;0;1;0;0
"10/02/2024";"04:12:00";"86";"Acidente s";"285";"BR-116/RJ";"Pista Norte";"Choque em objeto fixo";0;0;0;0;0;0;0;0;1;0;3;0;0;0;0
"10/02/2024";"04:12:00";"486";"Acidente s";"146";"BR-116/SP";"Pista Norte";"Colisão traseira";0;0;0;0;0;0;0;0;2;0;4;0;0;0;0
"10/02/2024";"05:12:00";"539";"Acidente c";"424";"BR-101/RJ";"Pista Sul";"Colisão frontal";0;1;0;0;0;0;0;0;1;0;1;0;1;1;0
"10/02/2024";"06:12:00";"559";"Acidente s";"216";"BR-116/SP";"Pista Sul";"Abalroamento longitudinal";1;0;0;0;0;0;0;0;1;0;4;0;0;0;0
"10/02/2024";"07:12:00";"151";"Acidente s";"492";"BR-101/RJ";"Pista Sul";"Choque em objeto fixo";0;0;0;0;0;0;0;0;1;0;2;0;0;0;0
"10/02/2024";"07:12:00";"594";"Acidente c";"521";"BR-101/RJ";"Pista Sul";"Abalroamento longitudinal";0;0;0;0;0;0;0;0;2;0;1;1;0;0;0
"10/02/2024";"08:12:00";"195";"Acidente s";"202";"BR-116/SP";"Pista Norte";"Colisão traseira";0;1;0;0;0;0;0;0;0;1;2;0;0;0;0
"10/02/2024";"08:12:00";"198";"Acidente s";"234";"BR-116/RJ";"Pista Sul";"Tombamento";1;0;0;0;0;0;0;0;0;0;2;0;0;0;0
"10/02/2024";"08:12:00";"199";"Acidente c";"535";"BR-101/RJ";"Pista Norte";"Abalroamento longitudinal";0;1;0;0;0;0;0;0;1;0;1;0;1;0;0
"10/02/2024";"08:12:00";"200";"Acidente c";"45.7";"BR-101/SP";"Pista Sul";"Abalroamento longitudinal";0;1;0;0;0;0;0;0;1;0;1;1;1;0;0
"10/02/2024";"08:12:00";"629";"Acidente c";"215.1";"BR-116/RJ";"Pista Norte";"Choque em defensa";0;0;0;0;0;0;0;0;1;0;0;0;0;1;0
"10/02/2024";"08:12:00";"636";"Acidente c";"146";"BR-116/SP";"Pista Norte";"Colisão traseira";0;0;0;0;0;0;0;0;2;0;0;2;0;0;0
"10/02/2024";"09:12:00";"211";"Acidente c";"289.7";"BR-116/RJ";"Pista Sul";"Colisão traseira";0;1;0;0;0;0;0;0;0;1;1;0;2;0;0
"10/02/2024";"09:12:00";"230";"Acidente c";"222.4";"BR-116/SP";"Pista Sul";"Choque em objeto fixo";1;0;0;0;0;0;0;0;0;0;0;0;0;0;1
"10/02/2024";"10:12:00";"261";"Acidente s";"86.6";"BR-116/SP";"Pista Sul";"Engavetamento";0;0;0;0;0;0;0;0;3;0;10;0;0;0;0
"10/02/2024";"10:12:00";"277";"Acidente s";"68";"BR-116/SP";"Pista Norte";"Abalroamento longitudinal";2;0;0;0;0;0;0;0;0;0;2;0;0;0;0
"10/02/2024";"10:12:00";"671";"Acidente c";"597";"BR-101/RJ";"Pista Norte";"Queda de moto";0;1;0;0;0;0;0;0;0;0;0;0;0;1;0
"10/02/2024";"11:12:00";"286";"Acidente c";"159.2";"BR-116/SP";"Pista Norte";"Abalroamento longitudinal";0;1;0;0;0;0;0;0;1;0;5;2;0;0;0
"10/02/2024";"11:12:00";"308";"Acidente s";"204.5";"BR-116/SP";"Pista Norte";"Abalroamento longitudinal";1;0;0;0;0;0;0;0;1;0;3;0;0;0;0
"10/02/2024";"11:12:00";"310";"Acidente c";"116.15";"BR-116/SP";"Pista Norte";"Abalroamento longitudinal";0;1;0;0;0;0;0;0;1;0;2;1;0;0;0
"10/02/2024";"11:12:00";"313";"Acidente c";"503";"BR-101/RJ";"Pista Sul";"Colisão traseira";0;0;0;0;0;0;0;0;2;0;3;1;0;0;0
"11/02/2024";"02:12:00";"325";"Acidente c";"109.35";"BR-116/SP";"Pista Sul";"Colisão traseira";0;0;0;0;0;0;0;0;2;0;1;0;1;0;0
"11/02/2024";"03:12:00";"336";"Atropelame";"456";"BR-101/RJ";"Pista Sul";"Atropelamento de pedestre atravessando";0;0;0;0;0;0;0;0;0;1;1;0;1;0;0
"11/02/2024";"03:12:00";"347";"Acidente s";"233.6";"BR-116/RJ";"Pista Norte";"Choque em defensa";0;0;0;1;0;0;0;0;0;0;49;0;0;0;0
"11/02/2024";"06:12:00";"419";"Acidente c";"428.1";"BR-101/RJ";"Pista Norte";"Colisão frontal";0;0;0;0;0;0;0;0;2;0;0;2;0;0;0
"11/02/2024";"06:12:00";"83";"Acidente s";"441";"BR-101/RJ";"Pista Norte";"Choque em objeto fixo";0;0;0;0;0;0;0;0;1;0;2;0;0;0;0
"11/02/2024";"06:12:00";"93";"Acidente s";"425";"BR-101/RJ";"Pista Norte";"Abalroamento longitudinal";0;0;0;0;0;0;0;0;2;0;3;0;0;0;0
"11/02/2024";"06:12:00";"96";"Acidente s";"428";"BR-101/RJ";"Pista Norte";"Choque em objeto fixo";0;0;0;0;0;0;0;0;1;0;1;0;0;0;0
"11/02/2024";"07:12:00";"470";"Acidente s";"212";"BR-116/SP";"Pista Sul";"Choque em barreira New Jersey";0;0;0;0;0;0;0;0;1;0;1;0;0;0;0
"11/02/2024";"07:12:00";"471";"Atropelame";"317";"BR-116/RJ";"Pista Sul";"Atropelamento de pedestre atravessando";0;1;0;0;0;0;0;0;0;1;2;0;1;0;0
"11/02/2024";"08:12:00";"478";"Acidente s";"230.5";"BR-116/SP";"Pista Norte";"Colisão traseira";0;0;0;0;0;0;0;0;2;0;2;0;0;0;0
"11/02/2024";"08:12:00";"490";"Acidente s";"39.4";"BR-116/SP";"Pista Sul";"Atropelamento de animal";0;0;0;0;0;0;0;0;1;0;1;0;0;0;0
"11/02/2024";"09:12:00";"502";"Acidente s";"142";"BR-116/SP";"Pista Sul";"Colisão traseira";0;0;0;0;0;0;0;0;2;0;3;0;0;0;0
"11/02/2024";"09:12:00";"517";"Acidente c";"511";"BR-101/RJ";"Pista Sul";"Abalroamento longitudinal";0;0;0;0;0;0;0;0;1;1;2;0;1;0;0
"11/02/2024";"10:12:00";"197";"Acidente s";"425";"BR-101/RJ";"Pista Sul";"Engavetamento";0;0;0;0;0;0;0;0;1;2;3;0;0;0;0
"11/02/2024";"10:12:00";"211";"Acidente s";"51.5";"BR-101/SP";"Pista Norte";"Abalroamento longitudinal";0;0;0;0;0;0;0;0;2;0;6;0;0;0;0
"11/02/2024";"11:12:00";"220";"Acidente c";"129.45";"BR-116/SP";"Pista Norte";"Queda de moto";0;1;0;0;0;0;0;0;0;0;0;0;1;0;0
"11/02/2024";"11:12:00";"234";"Acidente s";"409";"BR-101/RJ";"Pista Norte";"Choque em objeto fixo";0;0;0;0;0;0;0;0;1;0;1;0;0;0;0
"11/02/2024";"11:12:00";"548";"Acidente s";"299";"BR-116/RJ";"Pista Sul";"Queda de ribanceira";0;0;0;0;0;0;0;0;1;0;1;0;0;0;0
"11/02/2024";"12:12:00";"26";"Acidente s";"447";"BR-101/RJ";"Pista Norte";"Choque Talude";0;0;0;0;0;0;0;0;1;0;5;0;0;0;0
"11/02/2024";"12:12:00";"255";"Acidente s";"537";"BR-101/RJ";"Pista Sul";"Abalroamento longitudinal";0;0;0;0;0;0;0;0;2;0;3;0;0;0;0
"12/02/2024";"01:12:00";"32";"Acidente c";"273.1";"BR-116/RJ";"Pista Sul";"Choque em barreira New Jersey";0;0;0;0;0;0;0;0;1;0;0;1;0;0;0
"12/02/2024";"01:12:00";"295";"Acidente c";"87.8";"BR-116/SP";"Pista Sul";"Queda de moto";0;1;0;0;0;0;0;0;0;0;0;2;0;0;0
"12/02/2024";"01:12:00";"306";"Acidente c";"421";"BR-101/RJ";"Pista Sul";"Abalroamento longitudinal";0;1;0;0;0;0;0;0;1;0;1;0;2;0;0
"12/02/2024";"03:12:00";"363";"Acidente s";"63.5";"BR-116/SP";"Pista Norte";"Choque em barreira New Jersey";0;0;0;0;0;0;0;0;2;0;1;0;0;0;0
"12/02/2024";"04:12:00";"65";"Acidente c";"485";"BR-101/RJ";"Pista Norte";"Colisão frontal";0;1;0;1;0;0;0;0;0;0;1;0;0;2;0
"12/02/2024";"04:12:00";"367";"Acidente s";"55";"BR-116/SP";"Pista Norte";"Choque em objeto fixo";0;0;0;0;0;0;0;0;2;0;1;0;0;0;0
"12/02/2024";"05:12:00";"82";"Acidente c";"291.5";"BR-116/RJ";"Pista Sul";"Queda de Carga";0;1;0;0;0;0;0;0;0;0;0;2;0;0;0
"12/02/2024";"05:12:00";"410";"Acidente c";"257.5";"BR-116/RJ";"Pista Sul";"Queda de moto";0;1;0;0;0;0;0;0;0;0;0;2;0;0;0
"12/02/2024";"05:12:00";"427";"Acidente c";"26.3";"BR-116/SP";"Pista Sul";"Choque em barreira New Jersey";0;0;0;0;0;0;0;0;1;0;0;2;0;0;0
"12/02/2024";"05:12:00";"439";"Acidente c";"66.8";"BR-116/SP";"Pista Sul";"Choque em barreira New Jersey";0;0;0;0;0;0;0;0;1;0;1;1;0;0;0
"12/02/2024";"06:12:00";"457";"Acidente c";"487";"BR-101/RJ";"Pista Norte";"Colisão frontal";0;1;0;0;0;0;0;0;1;0;1;0;1;0;0
"12/02/2024";"06:12:00";"87";"Acidente s";"13.9";"BR-116/SP";"Pista Norte";"Tombamento";1;0;0;0;0;0;0;0;0;0;1;0;0;0;0
"12/02/2024";"06:12:00";"98";"Acidente s";"251";"BR-116/RJ";"Pista Sul";"Choque em objeto na pista";0;0;0;0;0;0;0;0;1;0;1;0;0;0;0
"12/02/2024";"06:12:00";"446";"Acidente s";"107.5";"BR-116/SP";"Pista Sul";"Abalroamento longitudinal";1;0;0;0;0;0;0;0;1;0;2;0;0;0;0
"12/02/2024";"07:12:00";"477";"Acidente c";"533";"BR-101/RJ";"Pista Sul";"Abalroamento longitudinal";0;1;0;0;0;0;0;0;1;0;2;1;1;0;0
"12/02/2024";"07:12:00";"128";"Acidente c";"463";"BR-101/RJ";"Pista Norte";"Abalroamento longitudinal";1;0;0;0;0;0;0;0;1;0;4;0;2;0;0
"12/02/2024";"08:12:00";"155";"Acidente c";"425";"BR-101/RJ";"Pista Norte";"Abalroamento longitudinal";0;0;0;0;0;0;0;0;2;0;2;1;1;0;0
"12/02/2024";"08:12:00";"516";"Acidente c";"223";"BR-116/SP";"Pista Norte";"Queda de moto";0;1;0;0;0;0;0;0;0;0;0;0;1;0;0
"12/02/2024";"10:12:00";"201";"Acidente s";"536";"BR-101/RJ";"Pista Sul";"Engavetamento";0;0;0;0;0;0;0;0;3;0;6;0;0;0;0
"12/02/2024";"10:12:00";"215";"Acidente s";"227.7";"BR-116/SP";"Pista Norte";"Colisão frontal";1;0;0;0;0;0;0;0;1;0;7;0;0;0;0
"12/02/2024";"10:12:00";"541";"Acidente s";"229";"BR-116/SP";"Pista Sul";"Choque em barreira New Jersey";0;0;0;0;0;0;0;0;1;0;2;0;0;0;0
"12/02/2024";"11:12:00";"228";"Acidente s";"226.9";"BR-116/SP";"Pista Sul";"Colisão traseira";0;0;0;0;0;0;0;0;1;1;4;0;0;0;0
"12/02/2024";"11:12:00";"568";"Acidente c";"89.6";"BR-116/SP";"Pista Norte";"Queda de ribanceira";0;0;0;0;0;0;0;0;1;0;0;0;0;1;0
"12/02/2024";"12:12:00";"27";"Acidente c";"226";"BR-116/SP";"Pista Norte";"Queda de moto";0;1;0;0;0;0;0;0;0;0;0;1;0;0;0
"12/02/2024";"12:12:00";"248";"Acidente c";"533.5";"BR-101/RJ";"Pista Sul";"Colisão traseira";0;1;0;0;0;0;0;0;1;0;1;1;0;0;0
"12/02/2024";"12:12:00";"259";"Acidente s";"148";"BR-116/SP";"Pista Sul";"Choque em objeto fixo";0;0;0;0;0;0;0;0;1;0;2;0;0;0;0
"13/02/2024";"03:12:00";"55";"Acidente s";"67.15";"BR-116/SP";"Pista Sul";"Choque em defensa";1;0;0;0;0;0;0;0;0;0;1;0;0;0;0
"13/02/2024";"04:12:00";"395";"Acidente s";"154.9";"BR-116/SP";"Pista Sul";"Abalroamento longitudinal";1;0;0;0;0;0;0;0;1;0;4;0;0;0;0
"13/02/2024";"04:12:00";"401";"Acidente s";"155.8";"BR-116/SP";"Pista Sul";"Colisão traseira";0;0;0;0;0;0;0;0;1;1;5;0;0;0;0
"13/02/2024";"04:12:00";"414";"Acidente s";"35.1";"BR-116/SP";"Pista Sul";"Choque em barreira New Jersey";0;0;0;0;0;0;0;0;1;0;0;0;0;0;0
"13/02/2024";"04:12:00";"417";"Acidente c";"149.8";"BR-116/SP";"Pista Sul";"Queda de moto";0;1;0;0;0;0;0;0;0;0;0;1;0;0;0
"13/02/2024";"04:12:00";"418";"Acidente s";"42.3";"BR-116/SP";"Pista Sul";"Choque em objeto fixo";0;0;0;0;0;0;0;0;1;0;0;0;0;0;0
"13/02/2024";"05:12:00";"426";"Acidente c";"428";"BR-101/RJ";"Pista Norte";"Abalroamento longitudinal";0;1;0;0;0;0;0;0;1;0;1;0;2;0;0
"13/02/2024";"05:12:00";"436";"Acidente c";"211.2";"BR-116/SP";"Pista Sul";"Colisão traseira";0;1;0;0;0;0;0;0;1;0;2;2;0;0;0
"13/02/2024";"06:12:00";"476";"Acidente c";"419.2";"BR-101/RJ";"Pista Norte";"Queda de moto";0;1;0;0;0;0;0;0;0;0;0;2;0;0;0
"13/02/2024";"07:12:00";"120";"Acidente s";"9.7";"BR-116/SP";"Pista Sul";"Choque em objeto fixo";0;0;0;0;0;0;0;0;1;0;2;0;0;0;0
"13/02/2024";"07:12:00";"129";"Acidente c";"450.5";"BR-101/RJ";"Pista Sul";"Tombamento";1;0;0;0;0;0;0;0;1;0;1;2;0;0;0
"13/02/2024";"07:12:00";"493";"Acidente s";"34.2";"BR-116/SP";"Pista Sul";"Colisão traseira";0;0;0;0;0;0;0;0;2;0;0;0;0;0;0
"13/02/2024";"07:12:00";"494";"Acidente s";"26";"BR-116/SP";"Pista Sul";"Choque em barreira New Jersey";0;0;0;0;0;0;0;0;1;0;0;0;0;0;0
"13/02/2024";"07:12:00";"511";"Acidente s";"207.2";"BR-116/SP";"Pista Sul";"Capotamento";0;0;0;0;0;0;0;0;1;0;1;0;0;0;0
"13/02/2024";"08:12:00";"132";"Acidente s";"482";"BR-101/RJ";"Pista Norte";"Abalroamento longitudinal";0;0;0;0;0;0;0;0;2;0;4;0;0;0;0
"13/02/2024";"09:12:00";"555";"Acidente c";"482";"BR-101/RJ";"Pista Norte";"Abalroamento longitudinal";0;0;0;0;0;0;0;0;2;0;0;7;2;0;0
"13/02/2024";"09:12:00";"574";"Acidente c";"455";"BR-101/RJ";"Pista Sul";"Queda de moto";0;1;0;0;0;0;0;0;0;0;0;1;0;0;0
"13/02/2024";"09:12:00";"575";"Acidente s";"435";"BR-101/RJ";"Pista Norte";"Colisão traseira";1;0;0;0;0;0;0;0;1;0;2;0;0;0;0
"13/02/2024";"10:12:00";"594";"Acidente c";"49.8";"BR-101/SP";"Pista Sul";"Abalroamento longitudinal";0;2;0;0;0;0;0;0;0;0;0;0;2;0;0
"13/02/2024";"11:12:00";"241";"Acidente s";"428";"BR-101/RJ";"Pista Norte";"Abalroamento longitudinal";0;0;0;0;0;0;0;0;2;0;4;0;0;0;0
"13/02/2024";"11:12:00";"249";"Acidente s";"252.9";"BR-116/RJ";"Pista Sul";"Choque em objeto na pista";0;0;0;0;0;0;0;0;1;0;4;0;0;0;0
"13/02/2024";"12:12:00";"288";"Acidente s";"214";"BR-116/SP";"Pista Norte";"Abalroamento longitudinal";1;0;0;0;0;0;0;0;1;0;2;0;0;0;0
"14/02/2024";"01:12:00";"45";"Acidente s";"96";"BR-116/SP";"Pista Sul";"Choque em barreira New Jersey";0;0;0;0;0;1;0;0;0;0;2;0;0;0;0
"14/02/2024";"02:12:00";"56";"Acidente s";"147.9";"BR-116/SP";"Pista Norte";"Choque em barreira New Jersey";1;0;0;0;0;0;0;0;0;0;1;0;0;0;0
"14/02/2024";"02:12:00";"383";"Acidente c";"393";"BR-101/RJ";"Pista Norte";"Queda de moto";0;0;0;0;0;0;0;0;0;1;1;1;0;0;0
"14/02/2024";"02:12:00";"392";"Acidente s";"193";"BR-116/SP";"Pista Norte";"Abalroamento longitudinal";1;0;0;0;0;0;0;0;1;0;2;0;0;0;0
"14/02/2024";"02:12:00";"400";"Acidente s";"284.1";"BR-116/RJ";"Pista Norte";"Engavetamento";0;0;0;0;0;0;0;0;3;0;3;0;0;0;0
"14/02/2024";"02:12:00";"402";"Acidente s";"215.1";"BR-116/SP";"Pista Sul";"Engavetamento";0;0;0;0;0;0;0;0;1;2;3;0;0;0;0
"14/02/2024";"02:12:00";"410";"Acidente s";"428";"BR-101/RJ";"Pista Norte";"Abalroamento transversal";0;0;0;0;0;0;0;0;2;0;5;0;0;0;0
"14/02/2024";"03:12:00";"449";"Acidente s";"147";"BR-116/SP";"Pista Norte";"Colisão traseira";0;0;0;0;0;0;0;0;2;0;2;0;0;0;0
"14/02/2024";"05:12:00";"94";"Acidente c";"114";"BR-116/SP";"Pista Norte";"Colisão traseira";1;0;0;0;0;0;0;0;1;0;1;2;0;0;0
"14/02/2024";"05:12:00";"99";"Acidente s";"227.3";"BR-116/SP";"Pista Sul";"Choque em barreira New Jersey";0;0;0;1;0;0;0;0;0;0;38;0;0;0;0
"14/02/2024";"05:12:00";"496";"Acidente s";"27";"BR-116/SP";"Pista Sul";"Choque em barreira New Jersey";0;0;0;0;0;0;0;0;1;0;0;0;0;0;0
"14/02/2024";"06:12:00";"109";"Acidente c";"223.7";"BR-116/SP";"Pista Sul";"Colisão traseira";0;0;0;1;0;0;1;0;0;0;11;3;0;0;0
"14/02/2024";"06:12:00";"521";"Acidente s";"269";"BR-116/RJ";"Pista Sul";"Choque Talude";1;0;0;0;0;0;0;0;0;0;1;0;0;0;0
"14/02/2024";"06:12:00";"529";"Acidente s";"243";"BR-116/RJ";"Pista Norte";"Choque em objeto fixo";0;0;0;0;0;0;0;0;1;0;1;0;0;0;0
"14/02/2024";"06:12:00";"536";"Acidente s";"134.1";"BR-116/SP";"Pista Sul";"Colisão traseira";0;0;0;0;0;0;0;0;1;1;5;0;0;0;0
"14/02/2024";"07:12:00";"585";"Acidente c";"42.5";"BR-101/SP";"Pista Sul";"Atropelamento de pedestre atravessando";0;1;1;0;0;0;0;0;0;0;1;1;0;0;0
"14/02/2024";"08:12:00";"212";"Acidente s";"182.3";"BR-116/SP";"Pista Norte";"Colisão traseira";2;0;0;0;0;0;0;0;0;0;2;0;0;0;0
"14/02/2024";"08:12:00";"608";"Acidente c";"8.2";"BR-116/SP";"Pista Norte";"Abalroamento longitudinal";0;0;0;0;0;0;0;0;2;0;2;2;2;0;0
"14/02/2024";"08:12:00";"613";"Acidente c";"486";"BR-101/RJ";"Pista Norte";"Colisão frontal";0;2;0;0;0;0;0;0;0;0;0;0;2;0;0
"14/02/2024";"09:12:00";"616";"Acidente s";"8";"BR-116/SP";"Pista Norte";"Colisão traseira";2;0;0;0;0;0;0;0;0;0;1;0;0;0;0
"14/02/2024";"09:12:00";"620";"Acidente s";"226.7";"BR-116/SP";"Pista Norte";"Colisão frontal";0;0;0;0;0;0;0;0;1;1;2;0;0;0;0
"14/02/2024";"10:12:00";"272";"Acidente c";"205.5";"BR-116/SP";"Pista Sul";"Abalroamento longitudinal";0;1;0;0;0;0;0;0;1;0;1;1;0;0;0
"14/02/2024";"10:12:00";"654";"Acidente c";"422.6";"BR-101/RJ";"Pista Sul";"Capotamento";0;0;0;0;0;0;1;0;0;0;0;1;0;0;0
"14/02/2024";"11:12:00";"298";"Acidente c";"422";"BR-101/RJ";"Pista Sul";"Abalroamento longitudinal";0;1;0;0;0;0;0;0;1;0;2;1;1;0;0
"14/02/2024";"11:12:00";"304";"Acidente s";"228";"BR-116/RJ";"Pista Sul";"Choque em barreira New Jersey";0;0;0;0;0;0;0;0;1;0;1;0;0;0;0
"14/02/2024";"11:12:00";"316";"Acidente s";"425";"BR-101/RJ";"Pista Sul";"Abalroamento longitudinal";0;0;0;0;0;0;0;0;2;0;2;0;0;0;0
"14/02/2024";"12:12:00";"37";"Acidente s";"229.3";"BR-116/SP";"Pista Norte";"Choque em defensa";0;0;0;0;0;0;0;0;1;0;2;0;0;0;0
"15/02/2024";"01:12:00";"33";"Acidente s";"16.25";"BR-116/SP";"Pista Sul";"Choque em barreira New Jersey";0;0;0;0;0;0;0;0;1;0;2;0;0;0;0
"15/02/2024";"01:12:00";"35";"Acidente s";"381.05";"BR-101/RJ";"Pista Sul";"Atropelamento de animal";0;0;0;0;0;0;0;0;1;0;1;0;0;0;0
"15/02/2024";"01:12:00";"367";"Acidente c";"106.75";"BR-116/SP";"Pista Sul";"Abalroamento longitudinal";1;0;0;0;0;0;0;0;0;1;1;1;0;0;0
"15/02/2024";"01:12:00";"373";"Acidente s";"49";"BR-101/SP";"Pista Sul";"Engavetamento";0;0;0;0;0;0;0;0;1;3;4;0;0;0;0
"15/02/2024";"01:12:00";"377";"Acidente s";"107";"BR-116/SP";"Pista Sul";"Engavetamento";1;0;0;0;0;0;0;0;5;0;11;0;0;0;0
"15/02/2024";"01:12:00";"378";"Acidente s";"331.5";"BR-116/RJ";"Pista Norte";"Choque em barreira New Jersey";1;0;0;0;0;0;0;0;0;0;1;0;0;0;0
"15/02/2024";"01:12:00";"379";"Acidente s";"339";"BR-116/RJ";"Pista Sul";"Choque em barreira New Jersey";0;0;0;0;0;0;0;0;1;0;3;0;0;0;0
"15/02/2024";"01:12:00";"383";"Acidente s";"219";"BR-116/SP";"Pista Norte";"Colisão traseira";1;0;0;0;0;0;0;0;1;0;2;0;0;0;0
"15/02/2024";"01:12:00";"390";"Acidente c";"491.4";"BR-101/RJ";"Pista Norte";"Capotamento";0;0;0;0;0;0;0;0;1;0;0;1;0;0;0
"15/02/2024";"02:12:00";"38";"Acidente s";"380.9";"BR-101/RJ";"Pista Sul";"Atropelamento de animal";0;0;0;0;0;0;0;0;1;0;1;0;0;0;0
"15/02/2024";"02:12:00";"43";"Acidente s";"233";"BR-116/RJ";"Pista Norte";"Choque Talude";0;0;0;0;0;0;0;0;1;0;1;0;0;0;0
"15/02/2024";"02:12:00";"402";"Acidente s";"455";"BR-101/RJ";"Pista Sul";"Capotamento";0;0;0;0;0;0;0;0;1;0;1;0;0;0;0
"15/02/2024";"02:12:00";"420";"Acidente s";"86.95";"BR-116/SP";"Pista Norte";"Colisão traseira";1;0;0;0;0;0;1;0;0;0;2;0;0;0;0
"15/02/2024";"03:12:00";"430";"Acidente s";"528";"BR-101/RJ";"Pista Norte";"Choque em objeto fixo";0;0;0;0;0;0;0;0;1;0;0;0;0;0;0
"15/02/2024";"04:12:00";"59";"Acidente s";"198.7";"BR-116/SP";"Pista Norte";"Abalroamento longitudinal";0;0;0;0;0;1;0;0;1;0;6;0;0;0;0
"15/02/2024";"04:12:00";"455";"Acidente s";"582.88";"BR-101/RJ";"Pista Norte";"Choque em objeto fixo";0;0;0;0;0;0;0;0;1;0;1;0;0;0;0
"15/02/2024";"04:12:00";"456";"Acidente c";"429";"BR-101/RJ";"Pista Sul";"Choque em objeto fixo";0;0;0;0;0;0;0;0;1;0;0;5;1;0;0
"15/02/2024";"04:12:00";"486";"Acidente s";"563";"BR-101/RJ";"Pista Norte";"Choque em objeto fixo";0;0;0;0;0;0;0;0;1;0;2;0;0;0;0
"15/02/2024";"05:12:00";"69";"Acidente s";"281.3";"BR-116/RJ";"Pista Sul";"Choque em barreira New Jersey";0;0;0;0;0;0;0;0;1;0;1;0;0;0;0
"15/02/2024";"05:12:00";"494";"Acidente c";"26.5";"BR-116/SP";"Pista Sul";"Choque em barreira New Jersey";0;0;0;0;0;0;0;0;2;0;3;1;0;0;0
"15/02/2024";"05:12:00";"502";"Acidente s";"247.5";"BR-116/RJ";"Pista Sul";"Queda de moto";0;1;0;0;0;0;0;0;0;0;1;0;0;0;0
"15/02/2024";"05:12:00";"507";"Acidente s";"147.6";"BR-116/SP";"Pista Norte";"Colisão traseira";0;0;0;0;0;0;0;0;1;1;2;0;0;0;0
"15/02/2024";"05:12:00";"508";"Acidente s";"266.85";"BR-116/RJ";"Pista Norte";"Capotamento";0;0;0;0;0;0;0;0;1;0;4;0;0;0;0
"15/02/2024";"05:12:00";"512";"Acidente c";"231";"BR-116/SP";"Pista Norte";"Colisão traseira";0;2;0;0;0;0;0;0;0;0;1;1;0;0;0
"15/02/2024";"05:12:00";"513";"Acidente s";"144";"BR-116/SP";"Pista Sul";"Engavetamento";0;0;0;0;0;0;0;0;2;1;7;0;0;0;0
"15/02/2024";"06:12:00";"91";"Acidente s";"218";"BR-116/RJ";"Pista Norte";"Abalroamento longitudinal";1;0;0;0;0;0;0;0;1;0;2;0;0;0;0
"15/02/2024";"06:12:00";"106";"Acidente s";"213.1";"BR-116/SP";"Pista Norte";"Choque em barreira New Jersey";0;0;0;0;0;0;0;0;1;0;1;0;0;0;0
"15/02/2024";"06:12:00";"526";"Acidente s";"28";"BR-116/SP";"Pista Sul";"Queda de ribanceira";0;0;0;0;0;0;0;0;1;0;3;0;0;0;0
"15/02/2024";"06:12:00";"529";"Acidente s";"247.5";"BR-116/RJ";"Pista Sul";"Colisão traseira";2;0;0;0;0;0;0;0;0;0;2;0;0;0;0
"15/02/2024";"06:12:00";"532";"Acidente c";"140";"BR-116/SP";"Pista Sul";"Abalroamento longitudinal";0;1;0;0;0;0;0;0;1;0;1;0;1;0;0
"15/02/2024";"06:12:00";"533";"Acidente s";"435.5";"BR-101/RJ";"Pista Sul";"Abalroamento longitudinal";0;0;0;0;0;0;0;0;2;0;2;0;0;0;0
"15/02/2024";"06:12:00";"535";"Acidente s";"16.4";"BR-116/SP";"Pista Sul";"Abalroamento longitudinal";0;0;0;0;0;0;0;0;1;1;2;0;0;0;0
"15/02/2024";"07:12:00";"145";"Acidente c";"74.5";"BR-116/SP";"Pista Norte";"Abalroamento longitudinal";1;0;0;0;0;0;0;0;1;0;2;0;1;0;0
"15/02/2024";"07:12:00";"147";"Acidente s";"455";"BR-101/RJ";"Pista Norte";"Abalroamento longitudinal";0;0;0;0;0;0;0;0;2;0;3;0;0;0;0