data;horario;n_da_ocorrencia;tipo_de_ocorrencia;km;trecho;sentido;tipo_de_acidente;automovel;bicicleta;caminhao;moto;onibus;outros;tracao_animal;transporte_de_cargas_especiais;trator_maquinas;utilitarios;ilesos;levemente_feridos;moderadamente_feridos;gravemente_feridos;mortos
"15/02/2024";"07:12:00";"548";"Acidente s";"419";"BR-101/RJ";"Pista Sul";"Choque em objeto fixo";0;0;0;0;0;0;0;0;1;0;1;0;0;0;0
"15/02/2024";"07:12:00";"561";"Acidente c";"477.8";"BR-101/RJ";"Pista Sul";"Choque em objeto fixo";0;0;0;0;0;0;0;0;1;0;0;4;0;0;0
"15/02/2024";"07:12:00";"565";"Acidente s";"422";"BR-101/RJ";"Pista Sul";"Choque em objeto fixo";0;0;0;0;0;0;0;0;1;0;1;0;0;0;0
"15/02/2024";"08:12:00";"168";"Acidente s";"320";"BR-116/RJ";"Pista Norte";"Choque em objeto fixo";0;0;0;0;0;0;0;0;1;0;1;0;0;0;0
"15/02/2024";"09:12:00";"210";"Acidente s";"3";"BR-101/SP";"Pista Sul";"Choque em objeto fixo";0;0;0;0;0;0;0;0;1;0;1;0;0;0;0
"15/02/2024";"10:12:00";"282";"Acidente s";"570";"BR-101/RJ";"Pista Sul";"Choque em objeto fixo";0;0;0;0;0;0;0;0;1;0;2;0;0;0;0
"15/02/2024";"10:12:00";"245";"Acidente c";"234";"BR-116/RJ";"Pista Sul";"Queda de moto";0;1;0;0;0;0;0;0;0;0;0;1;0;0;0
"15/02/2024";"10:12:00";"258";"Acidente c";"26.5";"BR-116/SP";"Pista Sul";"Choque em barreira New Jersey";0;0;0;0;0;0;0;0;1;0;0;2;0;0;0
"15/02/2024";"10:12:00";"278";"Acidente s";"430";"BR-101/RJ";"Pista Sul";"Choque em objeto fixo";0;0;0;0;0;0;0;0;1;0;1;0;0;0;0
"15/02/2024";"11:12:00";"305";"Acidente c";"429.3";"BR-101/RJ";"Pista Sul";"Choque em objeto fixo";0;0;0;0;0;0;0;0;1;0;3;2;0;0;0
"15/02/2024";"11:12:00";"309";"Acidente c";"436";"BR-101/RJ";"Pista Norte";"Colisão frontal";0;0;0;0;0;0;0;0;2;0;1;1;0;0;0
"15/02/2024";"11:12:00";"324";"Acidente s";"38.5";"BR-116/SP";"Pista Norte";"Choque em barreira New Jersey";0;0;0;0;0;0;0;0;1;0;2;0;0;0;0
"15/02/2024";"12:12:00";"23";"Acidente c";"412";"BR-101/RJ";"Pista Norte";"Queda de moto";0;1;0;0;0;0;0;0;0;0;1;1;0;0;0
"16/02/2024";"01:12:00";"348";"Acidente c";"35";"BR-101/SP";"Pista Norte";"Abalroamento longitudinal";0;0;0;0;0;0;0;0;2;0;0;5;0;0;0
"16/02/2024";"03:12:00";"417";"Acidente c";"584";"BR-101/RJ";"Pista Norte";"Abalroamento longitudinal";0;1;0;0;0;0;0;0;1;0;4;1;0;0;0
"16/02/2024";"05:12:00";"81";"Acidente s";"547.1";"BR-101/RJ";"Pista Norte";"Choque em objeto fixo";0;0;0;0;0;0;0;0;1;0;2;0;0;0;0
"16/02/2024";"05:12:00";"475";"Acidente c";"483.7";"BR-101/RJ";"Pista Norte";"Abalroamento longitudinal";0;0;0;0;0;0;0;0;2;0;2;0;1;0;0
"16/02/2024";"06:12:00";"488";"Acidente c";"324.9";"BR-116/RJ";"Pista Sul";"Colisão traseira";1;0;0;0;0;0;0;0;1;0;4;2;0;0;0
"16/02/2024";"07:12:00";"161";"Acidente s";"138.65";"BR-116/SP";"Pista Sul";"Abalroamento longitudinal";0;1;0;0;0;0;0;0;0;1;2;0;0;0;0
"16/02/2024";"07:12:00";"167";"Acidente c";"222.9";"BR-116/SP";"Pista Sul";"Abalroamento longitudinal";0;1;0;0;0;0;0;0;0;1;1;1;0;0;0
"16/02/2024";"08:12:00";"179";"Acidente s";"222.5";"BR-116/SP";"Pista Sul";"Queda de moto";0;1;0;0;0;0;0;0;0;0;1;0;0;0;0
"16/02/2024";"08:12:00";"559";"Acidente s";"157.8";"BR-116/SP";"Pista Sul";"Colisão traseira";1;0;0;0;0;0;0;0;1;0;2;0;0;0;0
"16/02/2024";"08:12:00";"567";"Atropelame";"325.4";"BR-116/RJ";"Pista Norte";"Atropelamento de pedestre caminhando";0;0;0;0;0;0;0;0;0;1;1;0;0;0;1
"16/02/2024";"09:12:00";"252";"Acidente s";"51";"BR-116/SP";"Pista Sul";"Abalroamento longitudinal";0;0;0;0;0;0;0;0;1;1;2;0;0;0;0
"16/02/2024";"09:12:00";"582";"Acidente s";"116.9";"BR-116/SP";"Pista Sul";"Choque em objeto na pista";0;0;0;0;0;0;0;0;1;0;2;0;0;0;0
"16/02/2024";"09:12:00";"596";"Acidente c";"231";"BR-116/SP";"Pista Norte";"Colisão traseira";0;1;0;0;0;0;0;0;1;0;1;0;0;1;0
"16/02/2024";"09:12:00";"597";"Acidente s";"116.9";"BR-116/SP";"Pista Sul";"Choque em objeto na pista";1;0;0;0;0;0;0;0;0;0;1;0;0;0;0
"16/02/2024";"10:12:00";"610";"Acidente s";"322.9";"BR-116/RJ";"Pista Norte";"Choque em barreira New Jersey";0;0;0;0;0;0;0;0;1;0;1;0;0;0;0
"16/02/2024";"10:12:00";"616";"Acidente s";"220.7";"BR-116/RJ";"Pista Sul";"Atropelamento de animal";0;0;0;0;0;0;0;0;1;0;3;0;0;0;0
"16/02/2024";"11:12:00";"302";"Acidente s";"282.1";"BR-116/RJ";"Pista Sul";"Abalroamento longitudinal";0;0;0;0;0;0;0;0;1;1;2;0;0;0;0
"16/02/2024";"12:12:00";"338";"Acidente c";"421.4";"BR-101/RJ";"Pista Sul";"Abalroamento longitudinal";0;0;0;0;0;0;0;0;2;0;4;1;0;0;0
"17/02/2024";"01:12:00";"37";"Acidente s";"312";"BR-116/RJ";"Pista Sul";"Choque em objeto fixo";0;0;0;0;0;0;0;0;1;0;1;0;0;0;0
"17/02/2024";"01:12:00";"365";"Acidente c";"307.4";"BR-116/RJ";"Pista Sul";"Queda de moto";0;1;0;0;0;0;0;0;0;0;0;0;1;1;0
"17/02/2024";"02:12:00";"391";"Acidente c";"577";"BR-101/RJ";"Pista Norte";"Queda de ribanceira";0;0;0;0;0;0;0;0;1;0;0;1;0;0;0
"17/02/2024";"03:12:00";"420";"Acidente s";"270.35";"BR-116/RJ";"Pista Norte";"Colisão traseira";0;0;0;0;0;0;0;0;2;0;3;0;0;0;0
"17/02/2024";"04:12:00";"62";"Acidente s";"226";"BR-116/SP";"Pista Norte";"Colisão traseira";1;0;0;0;0;0;0;0;1;0;2;0;0;0;0
"17/02/2024";"06:12:00";"478";"Acidente s";"230.7";"BR-116/SP";"Pista Sul";"Abalroamento longitudinal";1;0;0;0;0;0;0;0;1;0;4;0;0;0;0
"17/02/2024";"06:12:00";"480";"Acidente s";"223.3";"BR-116/SP";"Pista Sul";"Choque em barreira New Jersey";0;0;0;0;0;0;0;0;1;0;1;0;0;0;0
"17/02/2024";"06:12:00";"497";"Acidente s";"38.9";"BR-101/SP";"Pista Sul";"Abalroamento longitudinal";0;0;1;0;0;0;0;0;1;0;5;0;0;0;0
"17/02/2024";"08:12:00";"197";"Acidente s";"69";"BR-116/SP";"Pista Norte";"Outros";0;0;0;0;0;0;0;0;1;0;1;0;0;0;0
"17/02/2024";"08:12:00";"526";"Acidente c";"299.1";"BR-116/RJ";"Pista Sul";"Abalroamento longitudinal";0;0;0;0;0;0;0;0;2;0;0;0;1;0;0
"17/02/2024";"08:12:00";"539";"Acidente s";"15.28";"BR-101/SP";"Pista Sul";"Choque em objeto fixo";0;0;0;0;0;0;0;0;1;0;2;0;0;0;0
"17/02/2024";"08:12:00";"541";"Acidente s";"115.9";"BR-116/SP";"Pista Sul";"Choque em objeto fixo";0;0;0;0;0;0;0;0;1;0;0;0;0;0;0
"17/02/2024";"10:12:00";"264";"Acidente s";"285.8";"BR-116/RJ";"Pista Norte";"Colisão traseira";0;0;0;0;0;0;0;0;2;0;1;0;0;0;0
"17/02/2024";"10:12:00";"272";"Acidente c";"50.7";"BR-101/SP";"Pista Norte";"Abalroamento longitudinal";0;1;0;0;0;0;0;0;1;0;1;0;1;0;0
"17/02/2024";"11:12:00";"306";"Acidente s";"138.5";"BR-116/SP";"Pista Sul";"Engavetamento";0;0;0;0;0;0;0;0;5;0;12;0;0;0;0
"17/02/2024";"12:12:00";"22";"Acidente s";"228.8";"BR-116/SP";"Pista Norte";"Abalroamento longitudinal";0;0;0;0;0;0;0;0;2;0;2;0;0;0;0
"18/02/2024";"01:12:00";"31";"Acidente s";"257";"BR-116/RJ";"Pista Sul";"Choque em defensa";1;0;0;0;0;0;0;0;0;0;1;0;0;0;0
"18/02/2024";"01:12:00";"34";"Acidente c";"171.97";"BR-116/SP";"Pista Sul";"Queda de ribanceira";1;0;0;0;0;0;0;0;0;0;0;0;0;1;0
"18/02/2024";"01:12:00";"35";"Acidente s";"224.8";"BR-116/SP";"Pista Norte";"Choque em barreira New Jersey";0;0;0;0;0;0;0;0;1;0;1;0;0;0;0
"18/02/2024";"01:12:00";"38";"Acidente s";"24.6";"BR-101/SP";"Pista Norte";"Choque em objeto fixo";0;0;0;0;0;0;0;0;1;0;1;0;0;0;0
"18/02/2024";"01:12:00";"257";"Acidente s";"168.7";"BR-116/SP";"Pista Sul";"Choque em objeto fixo";0;0;0;0;0;0;0;0;1;0;2;0;0;0;0
"18/02/2024";"02:12:00";"42";"Acidente s";"227.45";"BR-116/SP";"Pista Norte";"Choque em barreira New Jersey";0;0;0;0;0;0;0;0;1;0;1;0;0;0;0
"18/02/2024";"02:12:00";"46";"Acidente s";"156.7";"BR-116/SP";"Pista Norte";"Choque em defensa";1;0;0;0;0;0;0;0;0;0;1;0;0;0;0
"18/02/2024";"03:12:00";"296";"Acidente s";"211.1";"BR-116/SP";"Pista Sul";"Abalroamento longitudinal";1;0;0;0;0;0;0;0;2;0;4;0;0;0;0
"18/02/2024";"03:12:00";"310";"Acidente s";"135.7";"BR-116/SP";"Pista Sul";"Colisão traseira";0;0;0;0;0;0;0;0;2;0;7;0;0;0;0
"18/02/2024";"04:12:00";"355";"Acidente c";"166.18";"BR-116/SP";"Pista Sul";"Colisão traseira";0;0;0;0;0;0;0;0;2;0;4;0;1;0;0
"18/02/2024";"04:12:00";"359";"Acidente c";"446";"BR-101/RJ";"Pista Norte";"Abalroamento longitudinal";0;2;0;0;0;0;0;0;0;0;0;2;0;0;0
"18/02/2024";"04:12:00";"360";"Acidente c";"225.5";"BR-116/SP";"Pista Norte";"Queda de moto";0;1;0;0;0;0;0;0;0;0;0;1;0;0;0
"18/02/2024";"05:12:00";"364";"Acidente s";"103.1";"BR-116/SP";"Pista Sul";"Colisão traseira";0;0;0;0;0;0;0;0;2;0;4;0;0;0;0
"18/02/2024";"05:12:00";"393";"Acidente s";"226";"BR-116/SP";"Pista Norte";"Colisão traseira";0;0;0;0;0;0;0;0;1;1;2;0;0;0;0
"18/02/2024";"06:12:00";"422";"Acidente s";"214.7";"BR-116/SP";"Pista Norte";"Colisão traseira";0;0;0;0;0;0;0;0;1;1;2;0;0;0;0
"18/02/2024";"06:12:00";"423";"Acidente c";"540";"BR-101/RJ";"Pista Sul";"Choque Talude";0;0;0;0;0;0;0;0;1;0;1;1;0;0;0
"18/02/2024";"07:12:00";"116";"Acidente s";"229";"BR-116/RJ";"Pista Sul";"Choque em objeto fixo";1;0;0;0;0;0;0;0;0;0;1;0;0;0;0
"18/02/2024";"08:12:00";"457";"Acidente s";"122.572";"BR-116/SP";"Pista Norte";"Colisão frontal";1;0;0;0;0;0;0;0;1;0;0;0;0;0;0
"18/02/2024";"10:12:00";"179";"Acidente s";"505";"BR-101/RJ";"Pista Norte";"Abalroamento longitudinal";0;0;0;0;0;0;0;0;1;1;1;0;0;0;0
"18/02/2024";"10:12:00";"487";"Acidente c";"565";"BR-101/RJ";"Pista Norte";"Colisão traseira";0;0;0;0;0;0;0;0;2;0;7;1;0;0;0
"18/02/2024";"11:12:00";"194";"Acidente c";"96.9";"BR-116/SP";"Pista Norte";"Engavetamento";0;0;0;0;0;0;0;0;4;0;4;1;0;0;0
"18/02/2024";"11:12:00";"199";"Acidente s";"97.1";"BR-116/SP";"Pista Norte";"Colisão traseira";0;0;0;0;0;0;0;0;2;0;2;0;0;0;0
"19/02/2024";"02:12:00";"382";"Acidente c";"102.35";"BR-116/SP";"Pista Sul";"Choque em defensa";1;0;0;0;0;0;0;0;0;0;0;1;0;0;0
"19/02/2024";"03:12:00";"50";"Acidente c";"478.6";"BR-101/RJ";"Pista Sul";"Capotamento";0;0;0;0;0;0;0;0;1;0;0;1;1;0;0
"19/02/2024";"03:12:00";"400";"Acidente s";"224.2";"BR-116/SP";"Pista Sul";"Engavetamento";0;0;0;0;0;0;0;0;2;1;3;0;0;0;0
"19/02/2024";"03:12:00";"410";"Acidente s";"267";"BR-116/RJ";"Pista Sul";"Abalroamento longitudinal";1;0;0;0;0;0;0;0;1;0;2;0;0;0;0
"19/02/2024";"03:12:00";"414";"Acidente s";"226.3";"BR-116/RJ";"Pista Sul";"Tombamento";1;0;0;0;0;0;0;0;0;0;1;0;0;0;0
"19/02/2024";"03:12:00";"418";"Acidente c";"46.6";"BR-101/SP";"Pista Sul";"Abalroamento longitudinal";0;1;0;0;0;0;0;0;1;0;1;1;0;0;0
"19/02/2024";"05:12:00";"467";"Acidente s";"213.6";"BR-116/SP";"Pista Norte";"Choque em barreira New Jersey";0;0;0;0;0;0;0;0;1;0;1;0;0;0;0
"19/02/2024";"05:12:00";"479";"Acidente s";"135.1";"BR-116/SP";"Pista Sul";"Colisão traseira";1;0;0;0;0;0;0;0;2;0;3;0;0;0;0
"19/02/2024";"05:12:00";"488";"Atropelame";"50.5";"BR-101/SP";"Pista Sul";"Atropelamento de pedestre atravessando";0;1;1;0;0;0;0;0;0;0;0;2;0;0;0
"19/02/2024";"06:12:00";"104";"Acidente c";"231.7";"BR-116/RJ";"Pista Norte";"Choque em barreira New Jersey";1;0;0;0;0;0;0;0;0;0;0;1;0;0;0
"19/02/2024";"06:12:00";"496";"Acidente s";"86.95";"BR-116/SP";"Pista Sul";"Colisão frontal";1;0;0;0;0;0;0;0;1;0;0;0;0;0;0
"19/02/2024";"06:12:00";"502";"Acidente c";"542.3";"BR-101/RJ";"Pista Sul";"Abalroamento longitudinal";1;0;0;0;0;0;0;0;1;0;1;0;1;0;0
"19/02/2024";"07:12:00";"120";"Acidente c";"24.6";"BR-116/SP";"Pista Sul";"Colisão traseira";0;0;0;0;0;0;0;0;2;0;2;2;0;0;0
"19/02/2024";"07:12:00";"149";"Acidente s";"138.7";"BR-116/SP";"Pista Sul";"Colisão traseira";0;0;0;0;0;0;0;0;2;0;2;0;0;0;0
"19/02/2024";"07:12:00";"537";"Acidente c";"273.65";"BR-116/RJ";"Pista Sul";"Colisão traseira";1;0;0;1;0;0;0;0;0;0;5;3;2;0;0
"19/02/2024";"08:12:00";"207";"Acidente c";"24";"BR-101/SP";"Pista Norte";"Abalroamento longitudinal";0;1;0;0;0;0;0;0;0;1;1;0;0;1;0
"19/02/2024";"08:12:00";"547";"Acidente s";"114.1";"BR-116/SP";"Pista Norte";"Abalroamento longitudinal";0;0;0;0;0;0;0;0;2;0;0;0;0;0;0
"19/02/2024";"09:12:00";"571";"Acidente c";"221";"BR-116/SP";"Pista Norte";"Colisão traseira";0;0;0;0;0;0;0;0;2;0;1;1;0;0;0
"19/02/2024";"10:12:00";"280";"Acidente c";"222.6";"BR-116/SP";"Pista Norte";"Abalroamento longitudinal";1;0;0;0;0;0;0;0;1;0;0;0;1;0;0
"19/02/2024";"11:12:00";"299";"Acidente s";"279";"BR-116/RJ";"Pista Norte";"Abalroamento longitudinal";1;0;0;0;0;0;0;0;2;0;3;0;0;0;0
"19/02/2024";"11:12:00";"604";"Acidente c";"49";"BR-116/SP";"Pista Sul";"Choque em barreira New Jersey";0;0;0;0;0;0;0;0;1;0;0;0;1;0;0
"19/02/2024";"12:12:00";"336";"Acidente c";"146.8";"BR-116/SP";"Pista Norte";"Colisão traseira";0;1;0;0;0;0;0;0;1;0;1;2;0;0;0
"20/02/2024";"01:12:00";"29";"Acidente s";"107";"BR-116/SP";"Pista Norte";"Choque em objeto fixo";0;0;0;0;0;0;0;0;1;0;1;0;0;0;0
"20/02/2024";"03:12:00";"400";"Acidente s";"101.3";"BR-116/SP";"Pista Sul";"Abalroamento longitudinal";2;0;0;0;0;0;0;0;0;0;0;0;0;0;0
"20/02/2024";"04:12:00";"429";"Acidente c";"225.1";"BR-116/SP";"Pista Norte";"Queda de moto";0;1;0;0;0;0;0;0;0;0;0;1;0;0;0
"20/02/2024";"05:12:00";"448";"Acidente s";"95";"BR-116/SP";"Pista Sul";"Engavetamento";2;0;0;0;0;0;0;0;0;1;3;0;0;0;0
"20/02/2024";"06:12:00";"83";"Acidente s";"557";"BR-101/RJ";"Pista Norte";"Choque em objeto fixo";0;0;0;0;0;0;0;0;1;0;2;0;0;0;0
"20/02/2024";"06:12:00";"96";"Acidente c";"261.3";"BR-116/RJ";"Pista Sul";"Abalroamento longitudinal";2;0;0;0;0;0;0;0;1;0;2;0;1;0;0
"20/02/2024";"06:12:00";"479";"Acidente s";"528";"BR-101/RJ";"Pista Sul";"Choque em objeto fixo";0;0;0;0;0;0;0;0;1;0;1;0;0;0;0
"20/02/2024";"07:12:00";"502";"Acidente s";"273.4";"BR-116/RJ";"Pista Sul";"Choque Talude";0;0;0;0;0;0;1;0;1;0;2;0;0;0;0
"20/02/2024";"07:12:00";"505";"Acidente s";"157.5";"BR-116/SP";"Pista Sul";"Engavetamento";0;0;0;0;0;0;0;0;3;0;4;0;0;0;0
"20/02/2024";"08:12:00";"527";"Acidente s";"221";"BR-116/SP";"Pista Norte";"Engavetamento";0;0;0;0;0;0;0;0;3;1;4;0;0;0;0
"20/02/2024";"08:12:00";"185";"Acidente c";"50";"BR-101/SP";"Pista Sul";"Colisão frontal";0;1;0;0;0;0;0;0;1;0;0;2;0;0;0
"20/02/2024";"09:12:00";"554";"Acidente s";"231";"BR-116/SP";"Pista Norte";"Colisão traseira";0;0;0;0;0;0;0;0;1;1;2;0;0;0;0
"20/02/2024";"09:12:00";"239";"Acidente s";"145.6";"BR-116/SP";"Pista Norte";"Abalroamento longitudinal";1;0;0;0;0;0;0;0;1;0;2;0;0;0;0
"20/02/2024";"10:12:00";"577";"Acidente s";"165.2";"BR-116/SP";"Pista Norte";"Abalroamento longitudinal";1;0;0;0;0;0;0;0;1;0;5;0;0;0;0
"20/02/2024";"10:12:00";"580";"Acidente c";"111.9";"BR-116/SP";"Pista Norte";"Colisão traseira";1;1;0;0;0;0;0;0;0;0;1;1;0;0;0
"20/02/2024";"11:12:00";"292";"Acidente s";"227.5";"BR-116/SP";"Pista Norte";"Colisão traseira";0;0;0;0;0;0;0;0;2;0;2;0;0;0;0
"20/02/2024";"12:12:00";"312";"Acidente s";"222.6";"BR-116/SP";"Pista Norte";"Abalroamento longitudinal";1;0;0;0;0;0;0;0;1;0;2;0;0;0;0
"20/02/2024";"12:12:00";"325";"Acidente s";"228";"BR-116/RJ";"Pista Sul";"Choque em objeto fixo";0;0;0;0;0;0;0;0;1;0;1;0;0;0;0
"21/02/2024";"01:12:00";"319";"Acidente s";"103.2";"BR-116/SP";"Pista Norte";"Abalroamento longitudinal";1;0;0;0;0;0;1;0;0;0;2;0;0;0;0
"21/02/2024";"01:12:00";"321";"Acidente s";"472.8";"BR-101/RJ";"Pista Sul";"Colisão traseira";1;0;0;0;0;0;0;0;1;0;3;0;0;0;0
"21/02/2024";"02:12:00";"42";"Acidente s";"536.5";"BR-101/RJ";"Pista Sul";"Abalroamento longitudinal";0;0;0;0;0;0;1;0;1;0;2;0;0;0;0
"21/02/2024";"02:12:00";"352";"Acidente c";"269.35";"BR-116/RJ";"Pista Sul";"Choque em defensa";0;0;0;0;0;0;0;0;1;0;3;2;0;0;0
"21/02/2024";"06:12:00";"80";"Acidente s";"111.05";"BR-116/SP";"Pista Norte";"Abalroamento longitudinal";0;0;0;0;0;0;0;0;1;1;3;0;0;0;0
"21/02/2024";"06:12:00";"88";"Acidente s";"22";"BR-101/SP";"Pista Norte";"Capotamento";0;0;0;0;0;0;0;0;1;0;1;0;0;0;0
"21/02/2024";"06:12:00";"93";"Acidente c";"220";"BR-116/SP";"Pista Norte";"Colisão traseira";0;1;0;0;0;0;0;0;1;0;1;1;0;0;0
"21/02/2024";"06:12:00";"464";"Acidente c";"225.5";"BR-116/SP";"Pista Norte";"Colisão traseira";0;1;0;0;0;0;0;0;1;0;1;2;0;0;0
"21/02/2024";"06:12:00";"473";"Acidente c";"159.4";"BR-116/SP";"Pista Norte";"Colisão traseira";0;1;0;0;0;0;0;0;1;0;1;0;1;0;0
"21/02/2024";"06:12:00";"477";"Acidente s";"215";"BR-116/SP";"Pista Norte";"Colisão traseira";0;0;0;0;0;0;0;0;2;0;2;0;0;0;0
"21/02/2024";"07:12:00";"134";"Acidente c";"289";"BR-116/RJ";"Pista Sul";"Colisão traseira";0;0;0;0;0;0;0;0;2;0;0;2;1;0;0
"21/02/2024";"07:12:00";"490";"Acidente c";"229.2";"BR-116/SP";"Pista Norte";"Queda de moto";0;1;0;0;0;0;0;0;0;0;0;1;0;0;0
"21/02/2024";"07:12:00";"508";"Acidente s";"433";"BR-101/RJ";"Pista Norte";"Colisão traseira";0;0;0;0;0;0;0;0;1;1;2;0;0;0;0
"21/02/2024";"07:12:00";"510";"Acidente c";"226.8";"BR-116/SP";"Pista Norte";"Queda de moto";0;1;0;0;0;0;0;0;0;0;0;0;0;0;1
"21/02/2024";"07:12:00";"513";"Acidente s";"285";"BR-116/RJ";"Pista Norte";"Choque em barreira New Jersey";0;0;0;0;0;0;0;0;1;0;1;0;0;0;0
"21/02/2024";"07:12:00";"525";"Acidente c";"543.4";"BR-101/RJ";"Pista Norte";"Choque em objeto fixo";0;0;0;0;0;0;0;0;1;0;0;1;0;0;0
"21/02/2024";"07:12:00";"530";"Acidente s";"221.7";"BR-116/SP";"Pista Sul";"Abalroamento longitudinal";1;0;0;0;0;0;0;0;1;0;2;0;0;0;0
"21/02/2024";"08:12:00";"187";"Acidente s";"222";"BR-116/SP";"Pista Norte";"Abalroamento longitudinal";1;0;0;0;0;0;0;0;1;0;2;0;0;0;0
"21/02/2024";"08:12:00";"537";"Atropelame";"127.7";"BR-116/SP";"Pista Sul";"Atropelamento de pedestre atravessando";0;0;1;0;0;0;0;0;0;1;1;0;0;1;0
"21/02/2024";"09:12:00";"555";"Acidente c";"67.6";"BR-116/SP";"Pista Norte";"Engavetamento";0;0;0;0;0;0;0;0;3;0;0;0;3;0;0
"21/02/2024";"09:12:00";"564";"Acidente c";"213";"BR-116/SP";"Pista Norte";"Choque em barreira New Jersey";0;0;0;0;0;0;0;0;1;0;0;1;0;0;0
"21/02/2024";"10:12:00";"246";"Acidente s";"205";"BR-116/SP";"Pista Sul";"Colisão traseira";2;0;0;0;0;0;0;0;0;0;2;0;0;0;0
"21/02/2024";"10:12:00";"586";"Acidente s";"230.9";"BR-116/SP";"Pista Sul";"Engavetamento";0;0;0;0;0;0;0;0;1;2;3;0;0;0;0
"22/02/2024";"01:12:00";"40";"Acidente s";"416";"BR-101/RJ";"Pista Sul";"Choque em objeto fixo";1;0;0;0;0;0;0;0;0;0;1;0;0;0;0
"22/02/2024";"02:12:00";"395";"Acidente c";"485";"BR-101/RJ";"Pista Norte";"Engavetamento";0;0;0;0;0;0;0;0;3;0;4;1;0;0;0
"22/02/2024";"04:12:00";"476";"Acidente s";"111.5";"BR-116/SP";"Pista Norte";"Engavetamento";0;0;0;0;0;0;0;0;3;0;7;0;0;0;0
"22/02/2024";"04:12:00";"477";"Atropelame";"224";"BR-116/SP";"Pista Norte";"Atropelamento de pedestre atravessando";0;0;0;1;0;0;0;0;0;0;1;0;1;0;0
"22/02/2024";"05:12:00";"57";"Acidente s";"160.4";"BR-116/SP";"Pista Norte";"Choque em objeto na pista";3;0;0;0;0;0;0;0;0;0;4;0;0;0;0
"22/02/2024";"05:12:00";"513";"Acidente s";"107.5";"BR-116/SP";"Pista Sul";"Abalroamento longitudinal";0;0;0;0;0;0;0;0;1;1;2;0;0;0;0
"22/02/2024";"06:12:00";"92";"Acidente s";"393.7";"BR-101/RJ";"Pista Sul";"Colisão traseira";0;0;0;1;0;0;0;0;1;0;2;0;0;0;0
"22/02/2024";"06:12:00";"112";"Acidente s";"298.75";"BR-116/RJ";"Pista Norte";"Choque em objeto fixo";0;0;0;0;0;0;0;0;1;0;1;0;0;0;0
"22/02/2024";"06:12:00";"123";"Acidente s";"539";"BR-101/RJ";"Pista Norte";"Choque em objeto fixo";0;0;0;0;0;0;0;0;1;0;1;0;0;0;0
"22/02/2024";"06:12:00";"527";"Acidente c";"28.9";"BR-101/SP";"Pista Norte";"Abalroamento longitudinal";0;1;0;1;0;0;0;0;0;0;3;1;0;0;0
"22/02/2024";"06:12:00";"534";"Acidente c";"154.7";"BR-116/SP";"Pista Sul";"Engavetamento";0;1;0;0;0;0;0;0;3;0;7;1;0;0;0
"22/02/2024";"07:12:00";"128";"Acidente s";"302";"BR-116/RJ";"Pista Sul";"Choque em objeto fixo";0;0;0;0;0;0;0;0;1;0;1;0;0;0;0
"22/02/2024";"07:12:00";"150";"Acidente c";"296";"BR-116/RJ";"Pista Sul";"Choque em barreira New Jersey";0;0;0;0;0;0;0;0;1;0;0;1;0;0;0
"22/02/2024";"07:12:00";"170";"Acidente c";"142.9";"BR-116/SP";"Pista Norte";"Colisão traseira";0;1;0;0;0;0;0;0;1;0;1;0;1;0;0
"22/02/2024";"07:12:00";"581";"Acidente c";"140.4";"BR-116/SP";"Pista Sul";"Engavetamento";1;1;0;0;0;0;0;0;3;0;4;1;2;0;0
"22/02/2024";"08:12:00";"187";"Acidente s";"530";"BR-101/RJ";"Pista Norte";"Choque em objeto fixo";0;0;0;0;0;0;0;0;1;0;1;0;0;0;0
"22/02/2024";"08:12:00";"589";"Acidente c";"142.5";"BR-116/SP";"Pista Norte";"Colisão traseira";0;0;0;0;0;0;0;0;2;0;5;1;0;0;0
"22/02/2024";"08:12:00";"591";"Acidente s";"81.5";"BR-116/SP";"Pista Norte";"Colisão traseira";0;0;0;0;0;0;0;0;2;0;0;0;0;0;0
"22/02/2024";"08:12:00";"594";"Acidente s";"409";"BR-101/RJ";"Pista Norte";"Atropelamento de animal";0;0;0;0;0;0;0;0;1;0;1;0;0;0;0
"22/02/2024";"08:12:00";"600";"Acidente c";"137.78";"BR-116/SP";"Pista Sul";"Engavetamento";3;0;0;0;0;0;0;0;0;0;1;1;1;0;1
"22/02/2024";"09:12:00";"224";"Acidente s";"134";"BR-116/SP";"Pista Sul";"Engavetamento";2;0;0;0;0;0;0;0;1;0;5;0;0;0;0
"22/02/2024";"09:12:00";"249";"Acidente s";"215";"BR-116/RJ";"Pista Norte";"Choque em objeto fixo";1;0;0;0;0;0;0;0;0;0;0;0;0;0;0
"22/02/2024";"10:12:00";"269";"Acidente s";"149";"BR-116/SP";"Pista Norte";"Colisão traseira";0;0;0;0;0;0;0;0;2;0;3;0;0;0;0
"22/02/2024";"11:12:00";"305";"Acidente s";"228";"BR-116/RJ";"Pista Norte";"Colisão traseira";1;0;0;0;0;0;0;0;0;1;2;0;0;0;0
"22/02/2024";"11:12:00";"307";"Acidente s";"145";"BR-116/SP";"Pista Norte";"Abalroamento longitudinal";0;0;0;0;0;0;0;0;1;1;2;0;0;0;0