data;horario;n_da_ocorrencia;tipo_de_ocorrencia;km;trecho;sentido;tipo_de_acidente;automovel;bicicleta;caminhao;moto;onibus;outros;tracao_animal;transporte_de_cargas_especiais;trator_maquinas;utilitarios;ilesos;levemente_feridos;moderadamente_feridos;gravemente_feridos;mortos
"23/02/2024";"01:12:00";"37";"Acidente c";"394.8";"BR-101/RJ";"Pista Norte";"Atropelamento de animal";0;1;0;0;0;0;0;0;0;0;0;0;1;0;0
"23/02/2024";"01:12:00";"409";"Acidente s";"146.65";"BR-116/SP";"Pista Sul";"Abalroamento longitudinal";0;0;0;0;0;0;0;0;1;1;2;0;0;0;0
"23/02/2024";"01:12:00";"429";"Acidente c";"228.8";"BR-116/SP";"Pista Norte";"Abalroamento longitudinal";1;1;0;0;0;0;0;0;0;0;1;1;0;0;0
"23/02/2024";"01:12:00";"430";"Acidente s";"154.6";"BR-116/SP";"Pista Sul";"Colisão traseira";1;0;0;0;0;0;0;0;1;0;2;0;0;0;0
"23/02/2024";"02:12:00";"43";"Acidente s";"451";"BR-101/RJ";"Pista Sul";"Choque em objeto fixo";1;0;0;0;0;0;0;0;0;0;1;0;0;0;0
"23/02/2024";"02:12:00";"454";"Acidente c";"530";"BR-101/RJ";"Pista Norte";"Abalroamento longitudinal";0;1;0;0;0;0;0;0;1;0;1;0;1;0;0
"23/02/2024";"02:12:00";"460";"Acidente s";"151";"BR-116/SP";"Pista Sul";"Abalroamento longitudinal";1;0;0;0;0;0;0;0;1;0;2;0;0;0;0
"23/02/2024";"02:12:00";"462";"Acidente s";"149.2";"BR-116/SP";"Pista Sul";"Engavetamento";0;0;0;0;0;0;0;0;3;0;4;0;0;0;0
"23/02/2024";"03:12:00";"480";"Acidente s";"327.5";"BR-116/RJ";"Pista Sul";"Queda de ribanceira";0;0;0;0;0;0;0;0;1;0;3;0;0;0;0
"23/02/2024";"04:12:00";"517";"Acidente s";"109";"BR-116/SP";"Pista Sul";"Colisão traseira";1;0;0;0;0;0;0;0;1;0;4;0;0;0;0
"23/02/2024";"04:12:00";"524";"Acidente c";"229.3";"BR-116/SP";"Pista Sul";"Choque em barreira New Jersey";3;1;0;0;0;0;0;0;1;0;1;2;0;1;0
"23/02/2024";"04:12:00";"528";"Acidente s";"183.68";"BR-116/SP";"Pista Norte";"Choque em objeto fixo";0;0;0;0;0;0;0;0;1;0;2;0;0;0;0
"23/02/2024";"05:12:00";"74";"Acidente c";"393";"BR-101/RJ";"Pista Sul";"Queda de moto";0;1;0;0;0;0;0;0;0;0;0;1;0;0;0
"23/02/2024";"05:12:00";"556";"Acidente s";"124";"BR-116/SP";"Pista Norte";"Colisão traseira";0;0;0;0;0;0;0;0;1;1;1;0;0;0;0
"23/02/2024";"06:12:00";"80";"Acidente s";"16.9";"BR-116/SP";"Pista Norte";"Choque em barreira New Jersey";1;0;0;0;0;0;0;0;0;0;1;0;0;0;0
"23/02/2024";"07:12:00";"149";"Acidente s";"113";"BR-116/SP";"Pista Sul";"Colisão traseira";0;0;0;0;0;0;0;0;2;0;2;0;0;0;0
"23/02/2024";"07:12:00";"163";"Acidente c";"162.2";"BR-116/SP";"Pista Norte";"Abalroamento longitudinal";0;1;0;0;0;0;1;0;0;0;2;0;1;0;0
"23/02/2024";"07:12:00";"625";"Acidente c";"151.15";"BR-116/SP";"Pista Norte";"Queda de moto";0;1;0;0;0;0;0;0;1;0;1;0;0;0;1
"23/02/2024";"08:12:00";"203";"Acidente s";"35";"BR-116/SP";"Pista Norte";"Colisão traseira";1;0;0;0;0;0;0;0;1;0;0;0;0;0;0
"23/02/2024";"08:12:00";"644";"Acidente c";"46.6";"BR-101/SP";"Pista Sul";"Abalroamento longitudinal";0;1;0;0;0;0;0;0;1;0;1;0;1;0;0
"23/02/2024";"08:12:00";"656";"Acidente s";"283.1";"BR-116/RJ";"Pista Sul";"Colisão traseira";1;0;0;0;0;0;0;0;2;0;0;0;0;0;0
"23/02/2024";"08:12:00";"657";"Acidente s";"148.05";"BR-116/SP";"Pista Norte";"Engavetamento";0;0;0;1;0;0;0;0;2;0;30;0;0;0;0
"23/02/2024";"09:12:00";"262";"Acidente c";"227.5";"BR-116/SP";"Pista Sul";"Abalroamento longitudinal";0;1;0;0;0;0;0;0;1;0;1;0;2;0;0
"23/02/2024";"10:12:00";"318";"Acidente s";"575";"BR-101/RJ";"Pista Sul";"Abalroamento longitudinal";0;0;0;0;0;0;0;0;1;1;2;0;0;0;0
"23/02/2024";"11:12:00";"340";"Acidente c";"216";"BR-116/SP";"Pista Norte";"Abalroamento longitudinal";2;1;0;0;0;0;0;0;0;0;5;1;0;0;0
"24/02/2024";"01:12:00";"43";"Acidente s";"289.5";"BR-116/RJ";"Pista Norte";"Choque Talude";0;0;0;0;0;1;0;0;0;0;0;0;0;0;0
"24/02/2024";"01:12:00";"342";"Acidente s";"143.4";"BR-116/SP";"Pista Norte";"Colisão traseira";0;0;0;0;0;0;0;0;2;0;3;0;0;0;0
"24/02/2024";"01:12:00";"350";"Acidente s";"222";"BR-116/SP";"Pista Sul";"Engavetamento";0;0;0;0;0;0;0;0;3;0;3;0;0;0;0
"24/02/2024";"01:12:00";"357";"Acidente c";"43.7";"BR-101/SP";"Pista Norte";"Queda de moto";0;1;0;0;0;0;0;0;0;0;0;1;0;0;0
"24/02/2024";"03:12:00";"394";"Acidente s";"56.6";"BR-116/SP";"Pista Norte";"Colisão traseira";1;0;0;0;0;1;0;0;0;0;2;0;0;0;0
"24/02/2024";"03:12:00";"405";"Acidente c";"394.3";"BR-101/RJ";"Pista Norte";"Colisão traseira";0;0;0;0;0;0;0;0;2;0;1;1;0;0;0
"24/02/2024";"04:12:00";"432";"Acidente c";"41.1";"BR-101/SP";"Pista Norte";"Queda de moto";0;1;0;0;0;0;0;0;0;0;1;1;0;0;0
"24/02/2024";"05:12:00";"87";"Acidente s";"156.8";"BR-116/SP";"Pista Sul";"Choque em objeto fixo";0;0;0;0;0;0;0;0;1;0;2;0;0;0;0
"24/02/2024";"05:12:00";"88";"Acidente s";"463";"BR-101/RJ";"Pista Sul";"Choque em objeto fixo";1;0;0;0;0;0;0;0;0;0;1;0;0;0;0
"24/02/2024";"07:12:00";"514";"Acidente c";"48.7";"BR-101/SP";"Pista Norte";"Abalroamento longitudinal";0;1;0;0;0;0;0;0;1;0;1;1;0;0;0
"24/02/2024";"07:12:00";"527";"Acidente s";"387";"BR-101/RJ";"Pista Sul";"Choque em objeto fixo";0;0;0;0;0;0;0;0;1;0;1;0;0;0;0
"24/02/2024";"08:12:00";"171";"Acidente c";"148.6";"BR-116/SP";"Pista Norte";"Colisão traseira";0;0;0;0;0;0;0;0;2;0;2;1;0;0;0
"24/02/2024";"08:12:00";"542";"Acidente s";"228";"BR-116/RJ";"Pista Sul";"Colisão traseira";1;0;0;0;0;0;0;0;1;0;2;0;0;0;0
"24/02/2024";"10:12:00";"254";"Acidente c";"215.4";"BR-116/SP";"Pista Sul";"Abalroamento longitudinal";1;1;0;0;0;0;0;0;0;0;1;0;1;1;0
"24/02/2024";"11:12:00";"279";"Acidente s";"169.7";"BR-116/SP";"Pista Norte";"Colisão traseira";0;0;0;0;0;0;0;0;1;1;3;0;0;0;0
"24/02/2024";"11:12:00";"632";"Acidente c";"149";"BR-116/SP";"Pista Norte";"Queda de moto";0;1;0;0;0;0;0;0;0;0;0;0;0;1;0
"24/02/2024";"12:12:00";"24";"Acidente c";"456.4";"BR-101/RJ";"Pista Sul";"Abalroamento longitudinal";0;1;0;0;0;0;0;0;1;0;1;0;1;1;0
"25/02/2024";"01:12:00";"43";"Acidente s";"285.6";"BR-116/RJ";"Pista Norte";"Choque em objeto na pista";0;0;0;0;0;0;0;0;1;0;3;0;0;0;0
"25/02/2024";"01:12:00";"44";"Acidente c";"217";"BR-116/SP";"Pista Norte";"Choque em objeto fixo";0;1;0;0;0;0;0;0;0;0;0;1;0;0;0
"25/02/2024";"01:12:00";"277";"Acidente c";"46.8";"BR-101/SP";"Pista Norte";"Abalroamento longitudinal";0;1;0;0;0;0;0;0;1;0;5;1;0;0;0
"25/02/2024";"02:12:00";"54";"Acidente s";"214.2";"BR-116/SP";"Pista Norte";"Colisão traseira";0;0;0;0;0;0;0;0;2;0;2;0;0;0;0
"25/02/2024";"03:12:00";"66";"Acidente c";"55.05";"BR-116/SP";"Pista Norte";"Colisão traseira";1;0;0;0;0;0;0;0;1;0;1;0;2;0;0
"25/02/2024";"03:12:00";"67";"Acidente s";"388.9";"BR-101/RJ";"Pista Norte";"Atropelamento de animal";0;0;0;1;0;0;0;0;0;0;9;0;0;0;0
"25/02/2024";"03:12:00";"350";"Acidente s";"320";"BR-116/RJ";"Pista Norte";"Choque em objeto fixo";0;0;0;0;0;0;0;0;1;0;3;0;0;0;0
"25/02/2024";"04:12:00";"359";"Acidente s";"318.5";"BR-116/RJ";"Pista Sul";"Queda de ribanceira";0;0;0;0;0;0;0;0;1;0;2;0;0;0;0
"25/02/2024";"05:12:00";"80";"Acidente c";"226.9";"BR-116/SP";"Pista Sul";"Choque em objeto fixo";0;1;0;0;0;0;0;0;0;1;1;0;1;0;0
"25/02/2024";"05:12:00";"86";"Acidente s";"204.9";"BR-116/SP";"Pista Norte";"Choque em objeto fixo";0;0;0;0;0;0;0;0;1;0;1;0;0;0;0
"25/02/2024";"06:12:00";"92";"Acidente c";"82";"BR-116/SP";"Pista Sul";"Abalroamento longitudinal";0;0;0;1;0;0;0;0;1;0;18;2;0;0;0
"25/02/2024";"06:12:00";"99";"Acidente s";"63.1";"BR-116/SP";"Pista Sul";"Colisão traseira";1;0;0;0;0;0;0;0;1;0;5;0;0;0;0
"25/02/2024";"07:12:00";"110";"Acidente s";"296";"BR-116/RJ";"Pista Norte";"Colisão traseira";1;0;0;0;0;0;0;0;1;0;4;0;0;0;0
"25/02/2024";"07:12:00";"129";"Acidente s";"187.7";"BR-116/SP";"Pista Norte";"Abalroamento longitudinal";0;0;0;0;0;0;0;0;1;1;2;0;0;0;0
"25/02/2024";"07:12:00";"449";"Acidente s";"429.3";"BR-101/RJ";"Pista Norte";"Choque em objeto na pista";0;0;0;0;0;0;0;0;1;0;4;0;0;0;0
"25/02/2024";"08:12:00";"155";"Acidente s";"101.1";"BR-116/SP";"Pista Norte";"Atropelamento de animal";0;0;0;0;0;0;0;0;1;0;5;0;0;0;0
"25/02/2024";"08:12:00";"490";"Acidente c";"387.8";"BR-101/RJ";"Pista Norte";"Abalroamento longitudinal";0;0;0;0;0;0;0;0;2;0;3;1;0;0;0
"25/02/2024";"09:12:00";"496";"Acidente c";"227";"BR-116/SP";"Pista Norte";"Abalroamento longitudinal";0;1;0;0;0;0;0;0;1;0;2;1;0;0;0
"25/02/2024";"10:12:00";"195";"Acidente s";"102";"BR-116/SP";"Pista Norte";"Colisão traseira";0;0;0;0;0;0;0;0;2;0;6;0;0;0;0
"25/02/2024";"10:12:00";"518";"Acidente s";"192";"BR-116/SP";"Pista Sul";"Choque em barreira New Jersey";0;0;0;0;0;0;0;0;1;0;1;0;0;0;0
"25/02/2024";"12:12:00";"27";"Acidente c";"500";"BR-101/RJ";"Pista Norte";"Queda de moto";0;1;0;0;0;0;0;0;0;0;0;0;1;0;0
"25/02/2024";"12:12:00";"247";"Acidente s";"36";"BR-116/SP";"Pista Norte";"Choque em objeto fixo";0;0;0;0;0;0;0;0;1;0;1;0;0;0;0
"25/02/2024";"12:12:00";"253";"Acidente c";"113";"BR-116/SP";"Pista Norte";"Queda de moto";0;1;0;0;0;0;0;0;0;0;0;0;2;0;0
"25/02/2024";"12:12:00";"263";"Acidente s";"203";"BR-116/SP";"Pista Sul";"Abalroamento longitudinal";0;0;0;0;0;0;0;0;2;0;4;0;0;0;0
"26/02/2024";"02:12:00";"40";"Acidente s";"305";"BR-116/RJ";"Pista Sul";"Choque em objeto fixo";0;0;0;0;0;0;0;0;1;0;1;0;0;0;0
"26/02/2024";"02:12:00";"402";"Acidente s";"591";"BR-101/RJ";"Pista Norte";"Choque em objeto fixo";0;0;0;0;0;0;0;0;1;0;1;0;0;0;0
"26/02/2024";"02:12:00";"410";"Acidente s";"294.8";"BR-116/RJ";"Pista Norte";"Engavetamento";0;0;0;0;0;0;0;0;3;0;6;0;0;0;0
"26/02/2024";"03:12:00";"434";"Acidente s";"324";"BR-116/RJ";"Pista Norte";"Colisão traseira";2;0;0;0;0;0;0;0;0;0;3;0;0;0;0
"26/02/2024";"04:12:00";"445";"Acidente c";"208";"BR-116/SP";"Pista Norte";"Abalroamento longitudinal";0;1;0;0;0;0;0;0;0;0;0;1;0;0;0
"26/02/2024";"04:12:00";"451";"Acidente c";"235.6";"BR-116/RJ";"Pista Norte";"Tombamento";1;0;0;0;0;0;0;0;0;0;0;1;0;0;0
"26/02/2024";"05:12:00";"59";"Acidente s";"210";"BR-116/SP";"Pista Sul";"Colisão traseira";1;0;0;0;0;0;0;0;1;0;3;0;0;0;0
"26/02/2024";"05:12:00";"65";"Acidente c";"202";"BR-116/SP";"Pista Norte";"Queda de moto";0;1;0;0;0;0;0;0;0;0;1;1;0;0;0
"26/02/2024";"06:12:00";"83";"Acidente c";"145.8";"BR-116/SP";"Pista Norte";"Tombamento";0;0;0;0;0;0;0;0;1;0;4;1;0;0;0
"26/02/2024";"06:12:00";"94";"Acidente s";"41";"BR-116/SP";"Pista Sul";"Queda de ribanceira";1;0;0;0;0;0;0;0;0;0;1;0;0;0;0
"26/02/2024";"06:12:00";"112";"Acidente c";"397";"BR-101/RJ";"Pista Sul";"Queda de ribanceira";0;0;0;1;0;0;0;0;0;0;13;15;2;0;0
"26/02/2024";"06:12:00";"509";"Acidente c";"61.5";"BR-116/SP";"Pista Norte";"Colisão traseira";0;0;0;0;0;0;0;0;1;1;1;1;0;0;0
"26/02/2024";"07:12:00";"131";"Acidente c";"206";"BR-116/SP";"Pista Sul";"Abalroamento longitudinal";1;0;0;0;0;0;0;0;1;0;2;1;0;0;0
"26/02/2024";"07:12:00";"159";"Acidente c";"207";"BR-116/SP";"Pista Sul";"Colisão traseira";0;1;0;0;0;0;0;0;1;0;1;2;0;0;0
"26/02/2024";"07:12:00";"538";"Atropelame";"413";"BR-101/RJ";"Pista Norte";"Atropelamento de pedestre caminhando";0;0;0;0;0;0;0;0;1;0;2;1;0;0;1
"26/02/2024";"08:12:00";"199";"Acidente c";"581";"BR-101/RJ";"Pista Norte";"Queda de moto";0;1;0;0;0;0;0;0;0;0;0;1;0;0;0
"26/02/2024";"08:12:00";"200";"Acidente s";"161";"BR-116/SP";"Pista Norte";"Colisão traseira";0;0;0;0;0;0;0;0;2;0;4;0;0;0;0
"26/02/2024";"08:12:00";"202";"Acidente c";"139.9";"BR-116/SP";"Pista Sul";"Colisão traseira";1;0;0;0;0;0;0;0;1;0;2;1;0;0;0
"26/02/2024";"08:12:00";"558";"Acidente s";"127.8";"BR-116/SP";"Pista Sul";"Abalroamento longitudinal";1;0;0;0;0;0;0;0;2;0;7;0;0;0;0
"26/02/2024";"09:12:00";"223";"Acidente s";"193";"BR-116/SP";"Pista Sul";"Choque em barreira New Jersey";0;0;0;0;0;0;0;0;1;0;1;0;0;0;0
"26/02/2024";"09:12:00";"572";"Acidente s";"404.7";"BR-101/RJ";"Pista Sul";"Colisão traseira";0;0;0;0;0;0;0;0;1;1;2;0;0;0;0
"26/02/2024";"11:12:00";"308";"Acidente s";"320";"BR-116/RJ";"Pista Norte";"Engavetamento";0;0;0;0;0;0;0;0;4;0;6;0;0;0;0
"26/02/2024";"12:12:00";"24";"Acidente c";"156.9";"BR-116/SP";"Pista Sul";"Abalroamento longitudinal";0;1;0;0;0;0;0;0;0;1;1;1;0;0;0
"27/02/2024";"02:12:00";"397";"Acidente c";"209";"BR-116/SP";"Pista Norte";"Engavetamento";2;0;0;0;0;0;0;0;2;0;3;1;0;0;0
"27/02/2024";"02:12:00";"399";"Acidente s";"209.4";"BR-116/SP";"Pista Norte";"Abalroamento longitudinal";1;0;0;0;0;0;0;0;1;0;2;0;0;0;0
"27/02/2024";"03:12:00";"423";"Acidente s";"169.85";"BR-116/SP";"Pista Norte";"Choque Talude";0;0;0;0;0;0;0;0;1;0;2;0;0;0;0
"27/02/2024";"03:12:00";"429";"Acidente s";"23.6";"BR-116/SP";"Pista Sul";"Choque em barreira New Jersey";0;0;0;0;0;0;0;0;1;0;2;0;0;0;0
"27/02/2024";"03:12:00";"437";"Acidente s";"471.7";"BR-101/RJ";"Pista Norte";"Queda de ribanceira";0;0;0;0;0;0;0;0;1;0;0;0;0;0;0
"27/02/2024";"03:12:00";"456";"Acidente s";"308.2";"BR-116/RJ";"Pista Norte";"Abalroamento longitudinal";1;0;0;0;0;0;0;0;1;0;2;0;0;0;0
"27/02/2024";"05:12:00";"81";"Acidente c";"209.4";"BR-116/SP";"Pista Norte";"Abalroamento longitudinal";0;1;0;0;0;0;0;0;1;1;2;0;1;0;0
"27/02/2024";"06:12:00";"108";"Acidente s";"176";"BR-116/SP";"Pista Norte";"Abalroamento longitudinal";2;0;0;0;0;0;0;0;0;0;2;0;0;0;0
"27/02/2024";"06:12:00";"543";"Acidente c";"287";"BR-116/RJ";"Pista Sul";"Colisão traseira";0;0;0;0;0;1;0;0;1;0;0;0;1;0;0
"27/02/2024";"06:12:00";"551";"Acidente s";"415.8";"BR-101/RJ";"Pista Sul";"Choque em objeto fixo";0;0;0;0;0;0;0;0;1;0;1;0;0;0;0
"27/02/2024";"06:12:00";"552";"Acidente c";"483";"BR-101/RJ";"Pista Sul";"Colisão frontal";0;0;0;0;0;0;0;0;2;0;0;1;3;0;0
"27/02/2024";"06:12:00";"557";"Acidente s";"154.7";"BR-116/SP";"Pista Sul";"Abalroamento longitudinal";0;0;0;0;0;0;0;0;1;1;2;0;0;0;0
"27/02/2024";"07:12:00";"132";"Acidente c";"60.5";"BR-116/SP";"Pista Norte";"Outros";0;0;0;0;0;0;0;0;1;0;0;0;1;0;0
"27/02/2024";"07:12:00";"134";"Acidente c";"407.9";"BR-101/RJ";"Pista Norte";"Colisão traseira";0;1;0;1;0;0;0;0;0;0;1;1;0;0;0
"27/02/2024";"07:12:00";"178";"Acidente c";"206.8";"BR-116/SP";"Pista Sul";"Queda de moto";0;1;0;0;0;0;0;0;0;0;0;1;0;0;0
"27/02/2024";"07:12:00";"610";"Acidente c";"107.9";"BR-116/SP";"Pista Sul";"Choque em objeto na pista";0;1;0;0;0;0;0;0;0;1;1;0;1;0;0
"27/02/2024";"08:12:00";"201";"Acidente s";"160.3";"BR-116/SP";"Pista Norte";"Choque em objeto fixo";1;0;0;0;0;0;0;0;0;0;1;0;0;0;0
"27/02/2024";"08:12:00";"221";"Acidente c";"144.1";"BR-116/SP";"Pista Sul";"Colisão traseira";1;0;0;0;0;0;0;0;1;0;2;1;0;0;0
"27/02/2024";"09:12:00";"260";"Atropelame";"49";"BR-101/SP";"Pista Sul";"Atropelamento de pedestre atravessando";0;0;1;0;0;0;0;0;0;1;1;1;0;0;0
"27/02/2024";"09:12:00";"263";"Acidente s";"233";"BR-116/RJ";"Pista Norte";"Abalroamento longitudinal";1;0;0;0;0;0;0;0;0;1;2;0;0;0;0
"27/02/2024";"09:12:00";"657";"Acidente c";"223.5";"BR-116/SP";"Pista Sul";"Queda de moto";0;1;0;0;0;0;0;0;0;1;1;1;0;0;0
"27/02/2024";"10:12:00";"274";"Acidente c";"229";"BR-116/SP";"Pista Norte";"Abalroamento longitudinal";1;1;0;0;0;0;0;0;0;0;1;1;0;0;0
"27/02/2024";"10:12:00";"673";"Acidente c";"222.1";"BR-116/SP";"Pista Sul";"Queda de moto";0;1;0;0;0;0;0;0;0;1;1;1;0;0;0
"27/02/2024";"10:12:00";"690";"Acidente c";"160.15";"BR-116/SP";"Pista Norte";"Colisão traseira";1;1;0;0;0;0;0;0;0;0;1;0;0;0;1
"28/02/2024";"01:12:00";"344";"Acidente c";"116.1";"BR-116/SP";"Pista Sul";"Engavetamento";1;0;0;0;0;1;0;0;1;0;2;2;0;0;0
"28/02/2024";"02:12:00";"383";"Acidente s";"298.6";"BR-116/RJ";"Pista Sul";"Abalroamento longitudinal";0;0;0;0;0;0;0;0;2;0;2;0;0;0;0
"28/02/2024";"02:12:00";"389";"Acidente c";"572";"BR-101/RJ";"Pista Norte";"Capotamento";0;0;0;0;0;0;0;0;1;0;0;0;1;0;0
"28/02/2024";"02:12:00";"396";"Acidente s";"225";"BR-116/SP";"Pista Norte";"Choque em barreira New Jersey";0;0;0;0;0;0;0;0;1;0;1;0;0;0;0
"28/02/2024";"04:12:00";"449";"Acidente c";"154";"BR-116/SP";"Pista Sul";"Abalroamento longitudinal";0;1;0;0;0;0;0;0;0;1;1;1;0;0;0
"28/02/2024";"05:12:00";"74";"Acidente s";"146";"BR-116/SP";"Pista Norte";"Colisão traseira";0;0;0;0;0;0;0;0;1;1;2;0;0;0;0
"28/02/2024";"05:12:00";"487";"Acidente c";"487";"BR-101/RJ";"Pista Sul";"Abalroamento longitudinal";0;1;0;0;0;0;0;0;1;0;1;1;0;0;0
"28/02/2024";"06:12:00";"108";"Acidente s";"220.9";"BR-116/SP";"Pista Norte";"Colisão traseira";0;0;0;0;0;0;0;0;2;0;3;0;0;0;0
"28/02/2024";"06:12:00";"506";"Acidente c";"437";"BR-101/RJ";"Pista Norte";"Colisão traseira";0;1;0;0;0;0;0;0;1;0;2;1;0;0;0
"28/02/2024";"07:12:00";"122";"Acidente s";"119";"BR-116/SP";"Pista Norte";"Colisão traseira";1;1;0;0;0;0;0;0;0;0;2;0;0;0;0
"28/02/2024";"08:12:00";"177";"Acidente c";"145";"BR-116/SP";"Pista Sul";"Colisão traseira";0;1;0;0;0;0;0;0;1;0;2;1;0;0;0
"28/02/2024";"08:12:00";"207";"Acidente s";"41.3";"BR-101/SP";"Pista Sul";"Choque em defensa";0;0;0;0;0;0;0;0;1;0;3;0;0;0;0
"28/02/2024";"08:12:00";"210";"Acidente s";"227.3";"BR-116/SP";"Pista Sul";"Choque em objeto fixo";0;0;0;0;0;0;0;0;1;0;1;0;0;0;0
"28/02/2024";"08:12:00";"219";"Acidente c";"109";"BR-116/SP";"Pista Norte";"Colisão traseira";0;1;0;0;0;0;0;0;1;0;1;1;0;0;0
"28/02/2024";"09:12:00";"246";"Acidente s";"266.9";"BR-116/RJ";"Pista Norte";"Choque em barreira New Jersey";0;0;0;0;0;0;0;0;1;0;1;0;0;0;0
"28/02/2024";"09:12:00";"618";"Acidente c";"568";"BR-101/RJ";"Pista Norte";"Abalroamento transversal";0;0;0;0;0;0;0;0;2;0;2;1;0;0;0
"28/02/2024";"10:12:00";"266";"Acidente c";"417";"BR-101/RJ";"Pista Norte";"Choque em defensa";0;0;0;0;0;0;0;0;1;0;0;2;0;0;0
"28/02/2024";"10:12:00";"626";"Acidente c";"583";"BR-101/RJ";"Pista Sul";"Colisão frontal";0;1;0;0;0;0;1;0;0;0;0;1;0;0;0
"28/02/2024";"11:12:00";"285";"Acidente s";"470";"BR-101/RJ";"Pista Sul";"Engavetamento";0;0;0;0;0;0;0;0;1;3;5;0;0;0;0
"28/02/2024";"11:12:00";"309";"Acidente c";"95";"BR-116/SP";"Pista Sul";"Colisão traseira";1;0;0;0;0;0;0;0;1;0;1;2;0;0;0
"28/02/2024";"11:12:00";"312";"Acidente c";"51";"BR-116/SP";"Pista Norte";"Queda de moto";0;1;0;0;0;0;0;0;0;0;0;1;0;0;0
"28/02/2024";"11:12:00";"637";"Acidente s";"173.8";"BR-116/SP";"Pista Sul";"Choque em barreira New Jersey";0;0;0;0;0;0;0;0;1;0;1;0;0;0;0
"28/02/2024";"11:12:00";"644";"Acidente c";"141.4";"BR-116/SP";"Pista Norte";"Queda de moto";0;1;0;0;0;0;0;0;0;0;0;2;0;0;0
"29/02/2024";"02:12:00";"36";"Atropelame";"230.2";"BR-116/SP";"Pista Norte";"Atropelamento de pedestre atravessando";0;1;0;0;0;0;0;0;0;0;1;1;0;0;0
"29/02/2024";"03:12:00";"47";"Atropelame";"503.5";"BR-101/RJ";"Pista Sul";"Atropelamento de pedestre caminhando";0;0;0;0;0;0;0;0;1;0;1;1;0;0;0
"29/02/2024";"03:12:00";"383";"Acidente s";"468";"BR-101/RJ";"Pista Norte";"Choque em objeto fixo";0;0;0;0;0;0;0;0;1;0;1;0;0;0;0
"29/02/2024";"04:12:00";"413";"Acidente s";"86.95";"BR-116/SP";"Pista Sul";"Colisão traseira";0;0;0;0;0;0;0;0;2;0;0;0;0;0;0
"29/02/2024";"04:12:00";"430";"Acidente s";"223";"BR-116/SP";"Pista Norte";"Colisão traseira";0;0;0;0;0;0;0;0;1;1;2;0;0;0;0
"29/02/2024";"04:12:00";"435";"Acidente s";"117";"BR-116/SP";"Pista Sul";"Abalroamento longitudinal";2;0;0;0;0;0;0;0;0;0;3;0;0;0;0
"29/02/2024";"05:12:00";"471";"Acidente c";"157";"BR-116/SP";"Pista Norte";"Abalroamento longitudinal";0;1;0;0;0;0;0;0;1;0;1;1;0;0;0
"29/02/2024";"06:12:00";"486";"Acidente c";"267.6";"BR-116/RJ";"Pista Norte";"Choque Talude";0;0;0;0;0;0;0;0;1;0;0;1;0;0;0
"29/02/2024";"06:12:00";"502";"Acidente c";"247.3";"BR-116/RJ";"Pista Norte";"Abalroamento longitudinal";1;0;0;0;0;0;0;0;1;0;1;0;1;0;0
"29/02/2024";"06:12:00";"508";"Acidente s";"267.7";"BR-116/RJ";"Pista Norte";"Abalroamento longitudinal";0;0;0;0;0;0;0;0;1;1;2;0;0;0;0
"29/02/2024";"07:12:00";"536";"Acidente s";"330";"BR-116/RJ";"Pista Sul";"Choque em objeto fixo";1;0;0;0;0;0;0;0;0;0;1;0;0;0;0
"29/02/2024";"07:12:00";"540";"Acidente s";"219";"BR-116/SP";"Pista Sul";"Colisão traseira";0;0;0;0;0;0;0;0;1;1;2;0;0;0;0
"29/02/2024";"07:12:00";"129";"Acidente c";"227";"BR-116/SP";"Pista Sul";"Queda de moto";0;1;0;0;0;0;0;0;0;0;0;1;0;0;0
"29/02/2024";"07:12:00";"150";"Acidente s";"322";"BR-116/RJ";"Pista Sul";"Colisão traseira";0;0;0;0;0;0;1;0;1;0;2;0;0;0;0
"29/02/2024";"07:12:00";"151";"Acidente s";"234";"BR-116/RJ";"Pista Norte";"Abalroamento longitudinal";1;0;0;0;0;0;0;0;1;0;2;0;0;0;0
"29/02/2024";"07:12:00";"518";"Acidente c";"223";"BR-116/SP";"Pista Norte";"Colisão traseira";0;1;0;0;0;0;0;0;1;0;1;2;0;0;0
"29/02/2024";"07:12:00";"523";"Acidente c";"565";"BR-101/RJ";"Pista Sul";"Colisão traseira";0;2;0;0;0;0;0;0;0;0;1;1;0;0;0
"29/02/2024";"07:12:00";"533";"Acidente s";"247.2";"BR-116/RJ";"Pista Norte";"Choque em defensa";1;0;0;0;0;0;0;0;0;0;1;0;0;0;0
"29/02/2024";"08:12:00";"188";"Acidente c";"234.15";"BR-116/RJ";"Pista Norte";"Colisão traseira";2;0;0;0;0;0;0;0;0;0;2;0;1;0;0
"29/02/2024";"08:12:00";"554";"Acidente s";"247.25";"BR-116/RJ";"Pista Norte";"Engavetamento";1;1;0;0;0;0;0;0;2;2;5;0;0;0;0
"29/02/2024";"08:12:00";"556";"Acidente s";"267.62";"BR-116/RJ";"Pista Norte";"Colisão traseira";0;0;0;0;0;0;0;0;2;0;2;0;0;0;0