data;horario;n_da_ocorrencia;tipo_de_ocorrencia;km;trecho;sentido;tipo_de_acidente;automovel;bicicleta;caminhao;moto;onibus;outros;tracao_animal;transporte_de_cargas_especiais;trator_maquinas;utilitarios;ilesos;levemente_feridos;moderadamente_feridos;gravemente_feridos;mortos
"29/02/2024";"09:12:00";"214";"Acidente s";"219";"BR-116/SP";"Pista Sul";"Abalroamento longitudinal";1;0;0;0;0;0;0;0;1;0;2;0;0;0;0
"29/02/2024";"09:12:00";"584";"Acidente c";"472";"BR-101/RJ";"Pista Sul";"Choque em defensa";0;0;0;0;0;0;0;0;1;0;0;0;0;1;0
"29/02/2024";"11:12:00";"617";"Acidente s";"154.8";"BR-116/SP";"Pista Norte";"Choque em objeto na pista";1;0;0;0;0;0;0;0;2;0;5;0;0;0;0
"29/02/2024";"11:12:00";"623";"Acidente s";"210";"BR-116/SP";"Pista Sul";"Choque em barreira New Jersey";1;0;0;0;0;0;0;0;1;0;0;0;0;0;0
"29/02/2024";"12:12:00";"22";"Acidente c";"95.25";"BR-116/SP";"Pista Sul";"Queda de moto";0;1;0;0;0;0;0;0;0;0;0;1;0;0;0
"01/03/2024";"01:12:00";"343";"Acidente c";"228.1";"BR-116/SP";"Pista Norte";"Tombamento";0;0;1;0;0;0;0;0;0;0;0;1;0;0;0
"01/03/2024";"01:12:00";"351";"Acidente s";"229";"BR-116/SP";"Pista Norte";"Engavetamento";2;0;0;0;0;1;0;0;0;0;3;0;0;0;0
"01/03/2024";"02:12:00";"368";"Acidente c";"241.8";"BR-116/RJ";"Pista Norte";"Choque em barreira New Jersey";0;0;1;0;0;0;0;0;0;0;0;1;0;0;0
"01/03/2024";"02:12:00";"371";"Acidente s";"222";"BR-116/RJ";"Pista Sul";"Colisão traseira";1;0;1;0;0;0;0;0;0;0;3;0;0;0;0
"01/03/2024";"03:12:00";"380";"Acidente c";"244.2";"BR-116/RJ";"Pista Norte";"Engavetamento";0;0;3;0;0;0;0;0;0;0;2;1;0;0;0
"01/03/2024";"03:12:00";"399";"Acidente s";"173";"BR-116/SP";"Pista Norte";"Abalroamento longitudinal";1;0;1;0;0;0;0;0;0;0;2;0;0;0;0
"01/03/2024";"03:12:00";"400";"Acidente c";"487";"BR-101/RJ";"Pista Sul";"Abalroamento longitudinal";1;0;0;1;0;0;0;0;0;0;1;0;1;0;0
"01/03/2024";"04:12:00";"60";"Acidente s";"389.9";"BR-101/RJ";"Pista Sul";"Choque em defensa";1;0;0;0;0;0;0;0;0;0;1;0;0;0;0
"01/03/2024";"04:12:00";"408";"Acidente s";"224";"BR-116/SP";"Pista Norte";"Queda de moto";0;0;0;1;0;0;0;0;0;0;1;0;0;0;0
"01/03/2024";"04:12:00";"421";"Acidente s";"259";"BR-116/RJ";"Pista Sul";"Tombamento";0;0;1;0;0;0;0;0;0;0;1;0;0;0;0
"01/03/2024";"04:12:00";"433";"Acidente s";"223";"BR-116/SP";"Pista Norte";"Engavetamento";2;0;0;0;0;1;0;0;0;0;4;0;0;0;0
"01/03/2024";"05:12:00";"450";"Acidente c";"218";"BR-116/SP";"Pista Sul";"Colisão traseira";1;0;0;1;0;0;0;0;0;0;1;0;0;1;0
"01/03/2024";"06:12:00";"493";"Acidente c";"254.7";"BR-116/RJ";"Pista Norte";"Engavetamento";3;0;0;0;0;0;0;0;0;0;3;2;0;0;0
"01/03/2024";"07:12:00";"159";"Acidente c";"138.5";"BR-116/SP";"Pista Sul";"Abalroamento longitudinal";1;0;0;1;0;1;0;0;0;0;3;0;2;0;0
"01/03/2024";"07:12:00";"163";"Atropelame";"260.6";"BR-116/RJ";"Pista Norte";"Atropelamento de pedestre atravessando";0;0;0;0;0;1;0;0;0;0;1;0;1;0;0
"01/03/2024";"07:12:00";"509";"Acidente s";"24";"BR-116/SP";"Pista Norte";"Choque em barreira New Jersey";1;0;0;0;0;0;0;0;0;0;1;0;0;0;0
"01/03/2024";"07:12:00";"512";"Acidente c";"241";"BR-116/RJ";"Pista Norte";"Abalroamento longitudinal";1;0;1;0;0;0;0;0;0;0;3;1;0;0;0
"01/03/2024";"07:12:00";"513";"Acidente s";"223";"BR-116/SP";"Pista Norte";"Engavetamento";2;0;0;0;1;0;0;0;0;0;74;0;0;0;0
"01/03/2024";"08:12:00";"178";"Acidente s";"228.1";"BR-116/RJ";"Pista Norte";"Colisão traseira";0;0;2;0;0;0;0;0;0;0;2;0;0;0;0
"01/03/2024";"08:12:00";"538";"Acidente s";"248.2";"BR-116/RJ";"Pista Norte";"Colisão traseira";1;0;0;0;0;0;0;0;0;0;1;0;0;0;0
"01/03/2024";"08:12:00";"549";"Acidente s";"451.7";"BR-101/RJ";"Pista Sul";"Choque em defensa";0;0;1;0;0;0;0;0;0;0;1;0;0;0;0
"01/03/2024";"08:12:00";"551";"Acidente s";"408.6";"BR-101/RJ";"Pista Norte";"Colisão traseira";1;0;0;0;0;1;0;0;0;0;2;0;0;0;0
"01/03/2024";"09:12:00";"568";"Acidente s";"443";"BR-101/RJ";"Pista Sul";"Choque em objeto fixo";1;0;0;0;0;0;0;0;0;0;2;0;0;0;0
"01/03/2024";"10:12:00";"252";"Acidente c";"230";"BR-116/SP";"Pista Sul";"Colisão traseira";0;0;1;1;0;0;0;0;0;0;1;1;0;0;0
"01/03/2024";"10:12:00";"264";"Acidente c";"155.2";"BR-116/SP";"Pista Sul";"Engavetamento";1;0;0;0;1;1;0;0;0;0;64;1;0;0;0
"01/03/2024";"10:12:00";"577";"Acidente c";"529.2";"BR-101/RJ";"Pista Norte";"Capotamento";1;0;0;0;0;0;0;0;0;0;3;1;0;0;0
"01/03/2024";"10:12:00";"585";"Acidente s";"307.4";"BR-116/RJ";"Pista Sul";"Colisão traseira";1;0;0;0;0;0;0;0;0;0;0;0;0;0;0
"01/03/2024";"11:12:00";"291";"Acidente c";"228.75";"BR-116/SP";"Pista Sul";"Queda de moto";0;0;0;1;0;0;0;0;0;0;0;0;1;0;0
"01/03/2024";"12:12:00";"313";"Acidente c";"224";"BR-116/SP";"Pista Sul";"Colisão traseira";1;0;1;0;0;0;0;0;0;0;1;1;0;0;0
"02/03/2024";"01:12:00";"305";"Acidente c";"473.5";"BR-101/RJ";"Pista Sul";"Colisão traseira";0;0;0;1;1;0;0;0;0;0;2;1;0;0;0
"02/03/2024";"02:12:00";"340";"Acidente c";"172.8";"BR-116/SP";"Pista Sul";"Colisão traseira";1;0;0;1;0;0;0;0;0;0;1;1;0;0;0
"02/03/2024";"03:12:00";"385";"Acidente s";"230.55";"BR-116/RJ";"Pista Sul";"Queda de moto";0;0;0;1;0;0;0;0;0;0;1;0;0;0;0
"02/03/2024";"05:12:00";"435";"Acidente c";"46.8";"BR-116/SP";"Pista Norte";"Abalroamento longitudinal";3;0;0;0;0;0;0;0;0;0;0;5;2;0;0
"02/03/2024";"06:12:00";"92";"Acidente s";"53.2";"BR-116/SP";"Pista Sul";"Abalroamento longitudinal";1;0;1;0;0;0;0;0;0;0;2;0;0;0;0
"02/03/2024";"07:12:00";"111";"Acidente c";"194.5";"BR-116/SP";"Pista Sul";"Colisão traseira";1;0;1;0;0;0;0;0;0;0;2;0;1;0;0
"02/03/2024";"07:12:00";"124";"Acidente s";"159.1";"BR-116/SP";"Pista Norte";"Colisão traseira";0;0;1;0;0;0;0;0;0;1;2;0;0;0;0
"02/03/2024";"07:12:00";"131";"Acidente s";"133.25";"BR-116/SP";"Pista Norte";"Colisão traseira";2;0;0;0;0;0;0;0;0;0;2;0;0;0;0
"02/03/2024";"07:12:00";"139";"Acidente s";"224.05";"BR-116/RJ";"Pista Norte";"Choque em barreira New Jersey";1;0;0;0;0;0;0;0;0;0;1;0;0;0;0
"02/03/2024";"09:12:00";"178";"Acidente c";"543";"BR-101/RJ";"Pista Norte";"Queda de ribanceira";1;0;0;0;0;0;0;0;0;0;0;0;2;0;0
"02/03/2024";"09:12:00";"195";"Acidente s";"491";"BR-101/RJ";"Pista Norte";"Choque em objeto fixo";0;0;1;0;0;0;0;0;0;0;1;0;0;0;0
"02/03/2024";"10:12:00";"530";"Acidente s";"62.6";"BR-116/SP";"Pista Norte";"Abalroamento longitudinal";1;0;1;0;0;0;0;0;0;0;0;0;0;0;0
"02/03/2024";"10:12:00";"538";"Acidente c";"469";"BR-101/RJ";"Pista Sul";"Colisão frontal";1;0;0;1;0;0;0;0;0;0;2;0;0;1;0
"02/03/2024";"11:12:00";"239";"Acidente c";"427";"BR-101/RJ";"Pista Sul";"Abalroamento transversal";1;0;0;1;0;0;0;0;0;0;2;1;0;0;0
"03/03/2024";"03:12:00";"282";"Acidente s";"122";"BR-116/SP";"Pista Sul";"Colisão traseira";2;0;0;0;0;0;0;0;0;0;7;0;0;0;0
"03/03/2024";"04:12:00";"294";"Acidente s";"101.2";"BR-116/SP";"Pista Sul";"Colisão traseira";2;0;0;0;0;0;0;0;0;0;4;0;0;0;0
"03/03/2024";"04:12:00";"299";"Acidente s";"103";"BR-116/SP";"Pista Sul";"Colisão traseira";1;0;0;0;0;1;0;0;0;0;2;0;0;0;0
"03/03/2024";"04:12:00";"322";"Acidente c";"416";"BR-101/RJ";"Pista Norte";"Queda de moto";0;0;0;1;0;0;0;0;0;0;0;0;0;1;0
"03/03/2024";"05:12:00";"335";"Acidente s";"206.8";"BR-116/SP";"Pista Sul";"Colisão traseira";2;0;0;0;0;0;0;0;0;0;2;0;0;0;0
"03/03/2024";"05:12:00";"340";"Acidente s";"211.15";"BR-116/SP";"Pista Norte";"Choque em barreira New Jersey";1;0;0;0;0;0;0;0;0;0;4;0;0;0;0
"03/03/2024";"05:12:00";"344";"Acidente c";"105.8";"BR-116/SP";"Pista Sul";"Engavetamento";2;0;0;0;0;1;0;0;0;0;1;0;1;0;0
"03/03/2024";"05:12:00";"352";"Acidente c";"304.2";"BR-116/RJ";"Pista Sul";"Choque em defensa";1;0;0;0;0;0;0;0;0;0;0;0;1;0;0
"03/03/2024";"07:12:00";"88";"Acidente s";"393";"BR-101/RJ";"Pista Sul";"Colisão traseira";2;0;0;0;0;0;0;0;0;0;3;0;0;0;0
"03/03/2024";"07:12:00";"101";"Acidente s";"142.3";"BR-116/SP";"Pista Norte";"Engavetamento";3;0;0;0;0;0;0;0;0;0;12;0;0;0;0
"03/03/2024";"08:12:00";"431";"Acidente s";"490";"BR-101/RJ";"Pista Norte";"Choque em objeto fixo";1;0;0;0;0;0;0;0;0;0;4;0;0;0;0
"03/03/2024";"09:12:00";"136";"Acidente s";"553";"BR-101/RJ";"Pista Norte";"Choque em defensa";1;0;0;0;0;0;0;0;0;0;2;0;0;0;0
"03/03/2024";"09:12:00";"454";"Acidente c";"323.9";"BR-116/RJ";"Pista Norte";"Choque em barreira New Jersey";1;0;0;0;0;0;0;0;0;0;0;0;0;1;0
"03/03/2024";"10:12:00";"166";"Acidente s";"387";"BR-101/RJ";"Pista Sul";"Choque em objeto fixo";1;0;0;0;0;0;0;0;0;0;1;0;0;0;0
"03/03/2024";"11:12:00";"187";"Acidente c";"137.8";"BR-116/SP";"Pista Sul";"Choque em objeto fixo";1;0;0;0;0;0;0;0;0;0;4;1;0;0;0
"03/03/2024";"11:12:00";"480";"Acidente s";"209.3";"BR-116/SP";"Pista Sul";"Abalroamento longitudinal";2;0;0;0;0;0;0;0;0;0;6;0;0;0;0
"03/03/2024";"12:12:00";"30";"Acidente s";"149.95";"BR-116/SP";"Pista Norte";"Choque em barreira New Jersey";1;0;0;0;0;0;0;0;0;0;2;0;0;0;0
"03/03/2024";"12:12:00";"205";"Acidente c";"244.4";"BR-116/RJ";"Pista Sul";"Queda de moto";0;0;0;1;0;0;0;0;0;0;0;0;1;0;0
"04/03/2024";"02:12:00";"403";"Acidente c";"312.5";"BR-116/RJ";"Pista Norte";"Queda de moto";0;0;0;1;0;0;0;0;0;0;0;1;0;0;0
"04/03/2024";"03:12:00";"43";"Acidente s";"296.5";"BR-116/RJ";"Pista Norte";"Atropelamento de animal";1;0;0;0;0;0;0;0;0;0;0;0;0;0;0
"04/03/2024";"04:12:00";"48";"Acidente c";"129.6";"BR-116/SP";"Pista Norte";"Abalroamento longitudinal";0;0;0;1;0;1;0;0;0;1;2;0;1;0;0
"04/03/2024";"04:12:00";"481";"Acidente s";"130";"BR-116/SP";"Pista Norte";"Colisão traseira";1;0;1;0;0;0;0;0;0;0;2;0;0;0;0
"04/03/2024";"04:12:00";"489";"Acidente s";"228.8";"BR-116/SP";"Pista Norte";"Abalroamento longitudinal";1;0;1;0;0;0;0;0;0;0;3;0;0;0;0
"04/03/2024";"05:12:00";"64";"Acidente c";"101.7";"BR-116/SP";"Pista Norte";"Colisão traseira";1;0;0;1;0;0;0;0;0;0;2;0;0;1;0
"04/03/2024";"05:12:00";"512";"Acidente c";"192.4";"BR-116/SP";"Pista Norte";"Choque em barreira New Jersey";1;0;0;0;0;0;0;0;0;0;0;1;0;0;0
"04/03/2024";"05:12:00";"543";"Acidente s";"157.8";"BR-116/SP";"Pista Sul";"Abalroamento longitudinal";1;0;1;0;0;0;0;0;0;0;2;0;0;0;0
"04/03/2024";"06:12:00";"106";"Atropelame";"44.4";"BR-101/SP";"Pista Sul";"Atropelamento de pedestre atravessando";1;1;0;0;0;0;0;0;0;0;1;1;0;0;0
"04/03/2024";"06:12:00";"556";"Acidente s";"139";"BR-116/SP";"Pista Sul";"Colisão traseira";1;0;0;0;0;1;0;0;0;0;2;0;0;0;0
"04/03/2024";"07:12:00";"115";"Acidente c";"221.35";"BR-116/SP";"Pista Sul";"Colisão traseira";1;0;0;1;0;0;0;0;0;0;1;1;0;0;0
"04/03/2024";"07:12:00";"117";"Acidente c";"247";"BR-116/RJ";"Pista Norte";"Choque em barreira New Jersey";3;0;1;0;0;0;0;0;0;0;8;1;0;0;0
"04/03/2024";"07:12:00";"127";"Acidente s";"158.1";"BR-116/SP";"Pista Norte";"Engavetamento";2;0;0;0;0;1;0;0;0;0;3;0;0;0;0
"04/03/2024";"07:12:00";"144";"Acidente s";"390";"BR-101/RJ";"Pista Norte";"Abalroamento longitudinal";1;0;0;0;1;0;0;0;0;0;2;0;0;0;0
"04/03/2024";"08:12:00";"188";"Acidente c";"486";"BR-101/RJ";"Pista Norte";"Abalroamento transversal";1;0;0;1;0;0;0;0;0;0;1;1;0;0;0
"04/03/2024";"08:12:00";"196";"Acidente c";"506";"BR-101/RJ";"Pista Sul";"Capotamento";1;0;0;0;0;0;0;0;0;0;0;1;0;0;0
"04/03/2024";"08:12:00";"613";"Acidente c";"583";"BR-101/RJ";"Pista Norte";"Choque em objeto fixo";1;0;0;0;0;0;0;0;0;0;0;0;2;0;0
"04/03/2024";"09:12:00";"240";"Acidente c";"211";"BR-116/SP";"Pista Sul";"Queda de moto";0;0;0;1;0;0;0;0;0;0;0;1;1;0;0
"04/03/2024";"10:12:00";"277";"Acidente s";"221.1";"BR-116/SP";"Pista Sul";"Colisão traseira";1;0;0;0;0;0;0;0;0;1;2;0;0;0;0
"04/03/2024";"11:12:00";"306";"Acidente c";"227.9";"BR-116/SP";"Pista Sul";"Abalroamento longitudinal";0;0;1;1;0;0;0;0;0;0;1;0;1;0;0
"04/03/2024";"11:12:00";"315";"Acidente c";"230.95";"BR-116/SP";"Pista Sul";"Abalroamento longitudinal";1;0;0;1;0;0;0;0;0;0;1;2;0;0;0
"05/03/2024";"01:12:00";"343";"Acidente s";"123.6";"BR-116/SP";"Pista Sul";"Choque em objeto na pista";1;0;0;0;0;0;0;0;0;0;0;0;0;0;0
"05/03/2024";"01:12:00";"346";"Acidente c";"136.3";"BR-116/SP";"Pista Norte";"Capotamento";1;0;0;0;0;0;0;0;0;0;0;1;0;0;0
"05/03/2024";"01:12:00";"43";"Acidente s";"116";"BR-116/SP";"Pista Sul";"Atropelamento de animal";0;0;0;0;1;0;0;0;0;0;0;0;0;0;0
"05/03/2024";"02:12:00";"380";"Acidente c";"249";"BR-116/RJ";"Pista Norte";"Colisão traseira";1;0;0;0;0;1;0;0;0;0;1;1;0;0;0
"05/03/2024";"03:12:00";"54";"Acidente s";"225";"BR-116/RJ";"Pista Norte";"Choque em barreira New Jersey";0;0;1;0;0;0;0;0;0;0;1;0;0;0;0
"05/03/2024";"03:12:00";"392";"Acidente c";"205";"BR-116/SP";"Pista Norte";"Choque em objeto fixo";0;0;1;0;0;0;0;0;0;0;0;1;0;0;0
"05/03/2024";"05:12:00";"69";"Atropelame";"222";"BR-116/SP";"Pista Norte";"Atropelamento de pedestre atravessando";0;0;0;1;0;0;0;0;0;0;1;0;0;1;0
"05/03/2024";"05:12:00";"465";"Acidente c";"47.6";"BR-116/SP";"Pista Norte";"Colisão traseira";2;0;0;0;0;0;0;0;0;0;3;2;0;0;0
"05/03/2024";"06:12:00";"504";"Acidente c";"143";"BR-116/SP";"Pista Norte";"Capotamento";1;0;0;0;0;0;0;0;0;0;1;1;0;0;0
"05/03/2024";"07:12:00";"131";"Acidente c";"105.9";"BR-116/SP";"Pista Sul";"Capotamento";1;0;0;0;0;0;0;0;0;0;0;1;0;0;0
"05/03/2024";"07:12:00";"527";"Acidente s";"276.5";"BR-116/RJ";"Pista Norte";"Choque em barreira New Jersey";0;0;1;0;0;0;0;0;0;0;1;0;0;0;0
"05/03/2024";"07:12:00";"532";"Acidente c";"147";"BR-116/SP";"Pista Norte";"Colisão traseira";2;0;0;0;0;0;0;0;0;0;6;1;0;0;0
"05/03/2024";"08:12:00";"194";"Acidente s";"150";"BR-116/SP";"Pista Norte";"Colisão traseira";2;0;0;0;0;0;0;0;0;0;2;0;0;0;0
"05/03/2024";"08:12:00";"545";"Acidente c";"187";"BR-116/SP";"Pista Norte";"Choque em defensa";1;0;0;0;0;0;0;0;0;0;1;1;0;0;0
"05/03/2024";"08:12:00";"566";"Acidente s";"285";"BR-116/RJ";"Pista Norte";"Choque em barreira New Jersey";1;0;0;0;0;0;0;0;0;0;1;0;0;0;0
"05/03/2024";"09:12:00";"585";"Acidente s";"390.2";"BR-101/RJ";"Pista Sul";"Choque em objeto fixo";1;0;0;0;0;0;0;0;0;0;1;0;0;0;0
"05/03/2024";"09:12:00";"596";"Acidente c";"232.5";"BR-116/RJ";"Pista Norte";"Capotamento";1;0;0;0;0;0;0;0;0;0;2;2;2;0;0
"05/03/2024";"10:12:00";"256";"Acidente c";"385";"BR-101/RJ";"Pista Sul";"Colisão traseira";2;0;0;0;0;0;0;0;0;0;1;2;0;0;0
"05/03/2024";"10:12:00";"611";"Acidente c";"384.9";"BR-101/RJ";"Pista Norte";"Capotamento";1;0;0;0;0;0;0;0;0;0;0;1;0;0;0
"05/03/2024";"11:12:00";"286";"Acidente c";"96.95";"BR-116/SP";"Pista Norte";"Engavetamento";1;0;1;0;0;0;0;0;0;1;2;0;0;0;1
"05/03/2024";"11:12:00";"621";"Acidente c";"384.5";"BR-101/RJ";"Pista Sul";"Choque em objeto fixo";1;0;0;0;0;0;0;0;0;0;0;1;0;0;0
"05/03/2024";"12:12:00";"26";"Acidente s";"17.4";"BR-116/SP";"Pista Sul";"Choque em barreira New Jersey";0;0;1;0;0;0;0;0;0;0;1;0;0;0;0
"06/03/2024";"04:12:00";"426";"Acidente s";"95.5";"BR-116/SP";"Pista Sul";"Engavetamento";3;0;0;0;0;0;0;0;0;0;11;0;0;0;0
"06/03/2024";"04:12:00";"429";"Acidente c";"297";"BR-116/RJ";"Pista Sul";"Engavetamento";0;0;4;0;0;0;0;0;0;0;2;0;2;0;0
"06/03/2024";"04:12:00";"439";"Acidente s";"217.6";"BR-116/SP";"Pista Norte";"Colisão traseira";1;0;0;0;0;1;0;0;0;0;2;0;0;0;0
"06/03/2024";"04:12:00";"450";"Acidente c";"296.8";"BR-116/RJ";"Pista Sul";"Colisão traseira";1;0;1;0;0;0;0;0;0;0;1;1;0;0;0
"06/03/2024";"05:12:00";"466";"Acidente c";"38";"BR-116/SP";"Pista Norte";"Colisão traseira";2;0;0;0;0;0;0;0;0;0;1;1;0;0;0
"06/03/2024";"05:12:00";"467";"Acidente s";"115.9";"BR-116/SP";"Pista Norte";"Colisão traseira";2;0;0;0;0;0;0;0;0;0;3;0;0;0;0
"06/03/2024";"05:12:00";"68";"Acidente c";"227";"BR-116/SP";"Pista Sul";"Queda de moto";0;0;0;1;0;0;0;0;0;0;0;1;0;0;0
"06/03/2024";"05:12:00";"69";"Acidente c";"229.9";"BR-116/SP";"Pista Sul";"Colisão traseira";2;0;0;0;0;0;0;0;0;0;1;2;0;0;0
"06/03/2024";"05:12:00";"72";"Acidente c";"200.7";"BR-116/SP";"Pista Norte";"Choque em objeto na pista";0;0;0;1;0;0;0;0;0;0;0;1;0;0;0
"06/03/2024";"05:12:00";"453";"Acidente s";"10.7";"BR-116/SP";"Pista Norte";"Choque em objeto na pista";1;0;0;0;0;0;0;0;0;0;0;0;0;0;0
"06/03/2024";"05:12:00";"462";"Acidente s";"40.6";"BR-116/SP";"Pista Sul";"Queda de ribanceira";0;0;0;0;0;0;0;0;0;1;1;0;0;0;0
"06/03/2024";"06:12:00";"476";"Atropelame";"44.5";"BR-101/SP";"Pista Sul";"Atropelamento de pedestre atravessando";1;1;0;0;0;0;0;0;0;0;1;0;0;1;0
"06/03/2024";"07:12:00";"152";"Acidente s";"131";"BR-116/SP";"Pista Sul";"Colisão traseira";2;0;0;0;0;0;0;0;0;0;2;0;0;0;0
"06/03/2024";"08:12:00";"174";"Acidente s";"211.8";"BR-116/SP";"Pista Sul";"Colisão traseira";2;0;0;0;0;0;0;0;0;0;3;0;0;0;0
"06/03/2024";"09:12:00";"570";"Acidente s";"226";"BR-116/RJ";"Pista Norte";"Choque em defensa";0;0;1;0;0;0;0;0;0;0;1;0;0;0;0
"06/03/2024";"10:12:00";"592";"Acidente s";"277.7";"BR-116/RJ";"Pista Sul";"Engavetamento";2;0;2;0;0;0;0;0;0;0;11;0;0;0;0
"07/03/2024";"01:12:00";"390";"Acidente c";"218.7";"BR-116/SP";"Pista Norte";"Capotamento";4;0;0;0;0;0;0;0;0;0;3;3;0;0;0
"07/03/2024";"04:12:00";"67";"Acidente c";"334.5";"BR-116/RJ";"Pista Sul";"Tombamento";0;0;1;0;0;0;0;0;0;0;0;1;0;0;0
"07/03/2024";"04:12:00";"471";"Acidente c";"46.3";"BR-116/SP";"Pista Norte";"Colisão traseira";1;0;0;1;0;0;0;0;0;0;4;0;1;0;0
"07/03/2024";"04:12:00";"472";"Acidente c";"84";"BR-116/SP";"Pista Norte";"Tombamento";0;0;1;0;0;0;0;0;0;0;0;2;0;0;0
"07/03/2024";"04:12:00";"473";"Acidente s";"531";"BR-101/RJ";"Pista Sul";"Choque em defensa";1;0;0;0;0;0;0;0;0;0;1;0;0;0;0
"07/03/2024";"05:12:00";"512";"Acidente c";"246.75";"BR-116/RJ";"Pista Norte";"Tombamento";0;0;1;0;0;0;0;0;0;0;0;0;0;0;1
"07/03/2024";"06:12:00";"98";"Acidente s";"188.1";"BR-116/SP";"Pista Norte";"Capotamento";1;0;0;0;0;0;0;0;0;0;1;0;0;0;0
"07/03/2024";"06:12:00";"552";"Acidente s";"159";"BR-116/SP";"Pista Norte";"Engavetamento";2;0;0;0;0;1;0;0;0;0;3;0;0;0;0
"07/03/2024";"07:12:00";"157";"Acidente c";"488";"BR-101/RJ";"Pista Norte";"Colisão traseira";1;0;0;1;0;0;0;0;0;0;0;1;0;0;0
"07/03/2024";"07:12:00";"164";"Acidente s";"152.8";"BR-116/SP";"Pista Norte";"Queda de moto";0;0;0;1;0;0;0;0;0;0;1;0;0;0;0
"07/03/2024";"07:12:00";"166";"Acidente s";"454";"BR-101/RJ";"Pista Sul";"Choque em objeto fixo";1;0;0;0;0;0;0;0;0;0;1;0;0;0;0
"07/03/2024";"08:12:00";"217";"Acidente c";"574";"BR-101/RJ";"Pista Sul";"Engavetamento";2;0;0;0;0;1;0;0;0;0;5;0;1;0;0
"07/03/2024";"10:12:00";"304";"Acidente s";"138.6";"BR-116/SP";"Pista Sul";"Colisão traseira";0;0;1;0;0;1;0;0;0;0;2;0;0;0;0
"07/03/2024";"11:12:00";"670";"Acidente c";"104.3";"BR-116/SP";"Pista Norte";"Queda de moto";2;0;0;1;0;0;0;0;0;0;2;0;1;0;1
"08/03/2024";"01:12:00";"42";"Acidente s";"540";"BR-101/RJ";"Pista Sul";"Choque em objeto fixo";1;0;0;0;0;0;0;0;0;0;1;0;0;0;0
"08/03/2024";"01:12:00";"405";"Acidente s";"226";"BR-116/SP";"Pista Sul";"Abalroamento longitudinal";1;0;1;0;0;0;0;0;0;0;2;0;0;0;0
"08/03/2024";"01:12:00";"415";"Acidente c";"210";"BR-116/SP";"Pista Sul";"Abalroamento longitudinal";0;0;1;1;0;0;0;0;0;0;2;1;0;0;0
"08/03/2024";"02:12:00";"421";"Acidente c";"222.6";"BR-116/SP";"Pista Sul";"Queda de moto";0;0;0;1;0;0;0;0;0;0;0;1;0;0;0
"08/03/2024";"02:12:00";"423";"Acidente c";"149.2";"BR-116/SP";"Pista Sul";"Colisão traseira";0;0;1;0;1;0;0;0;0;0;27;0;1;1;0
"08/03/2024";"02:12:00";"426";"Acidente c";"72";"BR-116/SP";"Pista Sul";"Abalroamento longitudinal";1;0;0;1;0;0;0;0;0;0;1;1;0;0;0
"08/03/2024";"03:12:00";"458";"Acidente s";"585";"BR-101/RJ";"Pista Sul";"Choque em objeto fixo";0;0;1;0;0;0;0;0;0;0;1;0;0;0;0
"08/03/2024";"03:12:00";"461";"Acidente c";"552";"BR-101/RJ";"Pista Sul";"Queda de moto";0;0;0;1;0;0;0;0;0;0;0;1;0;0;0
"08/03/2024";"03:12:00";"485";"Acidente s";"105.8";"BR-116/SP";"Pista Sul";"Abalroamento longitudinal";1;0;1;0;0;0;0;0;0;0;2;0;0;0;0
"08/03/2024";"05:12:00";"83";"Acidente s";"139.8";"BR-116/SP";"Pista Norte";"Choque em barreira New Jersey";1;0;0;0;0;0;0;0;0;0;1;0;0;0;0
"08/03/2024";"05:12:00";"548";"Acidente c";"55.7";"BR-116/SP";"Pista Norte";"Queda de moto";0;0;0;1;0;0;0;0;0;0;0;1;1;0;0
"08/03/2024";"06:12:00";"129";"Acidente c";"178.2";"BR-116/SP";"Pista Sul";"Abalroamento longitudinal";2;0;0;0;0;0;0;0;0;0;0;2;0;0;0
"08/03/2024";"06:12:00";"568";"Acidente s";"36.8";"BR-101/SP";"Pista Norte";"Engavetamento";3;0;0;0;0;0;0;0;0;0;4;0;0;0;0
"08/03/2024";"07:12:00";"159";"Acidente c";"149.4";"BR-116/SP";"Pista Sul";"Queda de moto";0;0;0;1;0;0;0;0;0;0;0;2;0;0;0
"08/03/2024";"07:12:00";"173";"Acidente s";"270.8";"BR-116/RJ";"Pista Sul";"Capotamento";1;0;0;0;0;0;0;0;0;0;1;0;0;0;0
"08/03/2024";"07:12:00";"193";"Acidente s";"202";"BR-116/SP";"Pista Norte";"Colisão traseira";0;0;1;0;0;0;0;0;0;1;2;0;0;0;0
"08/03/2024";"07:12:00";"605";"Acidente c";"211.5";"BR-116/SP";"Pista Norte";"Abalroamento longitudinal";2;0;0;0;0;0;0;0;0;0;1;1;0;0;0
"08/03/2024";"07:12:00";"606";"Acidente s";"216";"BR-116/SP";"Pista Sul";"Engavetamento";1;0;0;0;0;2;0;0;0;0;4;0;0;0;0
"08/03/2024";"08:12:00";"197";"Acidente c";"313.2";"BR-116/RJ";"Pista Norte";"Queda de moto";0;0;0;1;0;0;0;0;0;0;0;0;0;0;2