data;horario;n_da_ocorrencia;tipo_de_ocorrencia;km;trecho;sentido;tipo_de_acidente;automovel;bicicleta;caminhao;moto;onibus;outros;tracao_animal;transporte_de_cargas_especiais;trator_maquinas;utilitarios;ilesos;levemente_feridos;moderadamente_feridos;gravemente_feridos;mortos
"08/03/2024";"08:12:00";"205";"Acidente s";"144.6";"BR-116/SP";"Pista Sul";"Engavetamento";2;0;0;0;0;1;0;0;0;0;3;0;0;0;0
"08/03/2024";"08:12:00";"642";"Acidente c";"140.9";"BR-116/SP";"Pista Norte";"Abalroamento longitudinal";1;0;1;0;0;0;0;0;0;0;2;1;0;0;0
"08/03/2024";"09:12:00";"270";"Acidente s";"210";"BR-116/SP";"Pista Sul";"Abalroamento longitudinal";1;0;1;0;0;0;0;0;0;0;2;0;0;0;0
"08/03/2024";"09:12:00";"677";"Acidente c";"76.8";"BR-116/SP";"Pista Norte";"Colisão traseira";0;0;1;1;0;0;0;0;0;0;0;1;1;0;0
"08/03/2024";"09:12:00";"702";"Acidente c";"51.6";"BR-101/SP";"Pista Norte";"Abalroamento longitudinal";1;0;0;1;0;0;0;0;0;0;1;1;0;0;0
"08/03/2024";"09:12:00";"705";"Acidente s";"224.1";"BR-116/SP";"Pista Sul";"Colisão traseira";2;0;0;0;0;0;0;0;0;0;4;0;0;0;0
"08/03/2024";"10:12:00";"714";"Acidente c";"283";"BR-116/RJ";"Pista Norte";"Capotamento";1;0;0;0;0;0;0;0;0;0;0;0;1;0;0
"08/03/2024";"11:12:00";"347";"Acidente s";"227.7";"BR-116/RJ";"Pista Sul";"Choque em objeto fixo";0;0;1;0;0;0;0;0;0;0;1;0;0;0;0
"08/03/2024";"12:12:00";"38";"Acidente s";"453";"BR-101/RJ";"Pista Sul";"Atropelamento de animal";1;0;0;0;0;0;0;0;0;0;1;0;0;0;0
"09/03/2024";"01:12:00";"296";"Acidente s";"201";"BR-116/SP";"Pista Sul";"Abalroamento longitudinal";1;0;0;0;0;1;0;0;0;0;1;0;0;0;0
"09/03/2024";"03:12:00";"353";"Acidente c";"229.9";"BR-116/RJ";"Pista Norte";"Queda de moto";0;0;0;1;0;0;0;0;0;0;0;1;0;0;0
"09/03/2024";"03:12:00";"367";"Acidente s";"225.5";"BR-116/RJ";"Pista Sul";"Atropelamento de animal";1;0;0;0;0;0;0;0;0;0;1;0;0;0;0
"09/03/2024";"04:12:00";"389";"Acidente s";"115.9";"BR-116/SP";"Pista Sul";"Choque em barreira New Jersey";1;0;0;0;0;0;0;0;0;0;4;0;0;0;0
"09/03/2024";"05:12:00";"74";"Acidente s";"306";"BR-116/RJ";"Pista Sul";"Atropelamento de animal";0;0;1;0;0;0;0;0;0;0;1;0;0;0;0
"09/03/2024";"05:12:00";"398";"Acidente c";"302.6";"BR-116/RJ";"Pista Norte";"Queda de ribanceira";3;0;0;0;0;0;0;0;0;0;3;1;0;0;0
"09/03/2024";"06:12:00";"86";"Acidente s";"139.45";"BR-116/SP";"Pista Norte";"Choque em objeto fixo";1;0;0;0;0;0;0;0;0;0;1;0;0;0;0
"09/03/2024";"07:12:00";"130";"Acidente s";"230";"BR-116/SP";"Pista Sul";"Colisão traseira";1;0;0;0;0;0;0;0;0;0;1;0;0;0;0
"09/03/2024";"07:12:00";"139";"Acidente c";"416";"BR-101/RJ";"Pista Norte";"Queda de moto";0;0;0;1;0;0;0;0;0;0;0;1;0;0;0
"09/03/2024";"07:12:00";"141";"Acidente c";"478";"BR-101/RJ";"Pista Sul";"Choque em objeto fixo";1;0;0;0;0;0;0;0;0;0;0;1;0;0;0
"09/03/2024";"09:12:00";"192";"Acidente s";"109.9";"BR-116/SP";"Pista Norte";"Engavetamento";1;0;1;0;1;0;0;0;0;0;23;0;0;0;0
"09/03/2024";"09:12:00";"197";"Acidente s";"112";"BR-116/SP";"Pista Norte";"Colisão traseira";2;0;0;0;0;0;0;0;0;0;5;0;0;0;0
"09/03/2024";"09:12:00";"496";"Acidente s";"489.5";"BR-101/RJ";"Pista Sul";"Choque em objeto fixo";1;0;0;0;0;0;0;0;0;0;3;0;0;0;0
"09/03/2024";"09:12:00";"502";"Acidente s";"316";"BR-116/RJ";"Pista Sul";"Colisão traseira";2;0;0;0;0;0;0;0;0;0;7;0;0;0;0
"09/03/2024";"09:12:00";"511";"Atropelame";"231.3";"BR-116/SP";"Pista Sul";"Atropelamento de pedestre caminhando";1;0;0;0;0;0;0;0;0;0;0;0;0;0;1
"09/03/2024";"10:12:00";"219";"Acidente s";"272";"BR-116/RJ";"Pista Norte";"Choque em defensa";1;0;0;0;0;0;0;0;0;0;0;0;0;0;0
"09/03/2024";"10:12:00";"517";"Acidente s";"114.4";"BR-116/SP";"Pista Sul";"Abalroamento longitudinal";1;0;1;0;0;0;0;0;0;0;2;0;0;0;0
"09/03/2024";"10:12:00";"529";"Atropelame";"388";"BR-101/RJ";"Pista Sul";"Atropelamento de pedestre atravessando";0;1;0;1;0;0;0;0;0;0;0;0;0;2;0
"09/03/2024";"10:12:00";"537";"Acidente c";"145.7";"BR-116/SP";"Pista Norte";"Colisão traseira";1;0;0;1;0;0;0;0;0;0;1;0;2;0;0
"09/03/2024";"11:12:00";"541";"Atropelame";"113.4";"BR-116/SP";"Pista Norte";"Atropelamento de pedestre caminhando";0;0;0;1;0;0;0;0;0;0;0;0;1;1;0
"09/03/2024";"12:12:00";"277";"Acidente s";"274";"BR-116/RJ";"Pista Sul";"Choque em barreira New Jersey";0;0;1;0;0;0;0;0;0;0;1;0;0;0;0
"10/03/2024";"01:12:00";"38";"Acidente s";"229";"BR-116/SP";"Pista Norte";"Engavetamento";3;0;0;0;0;0;0;0;0;0;7;0;0;0;0
"10/03/2024";"02:12:00";"41";"Acidente c";"451";"BR-101/RJ";"Pista Sul";"Choque em objeto fixo";1;0;0;0;0;0;0;0;0;0;0;2;0;0;0
"10/03/2024";"02:12:00";"42";"Acidente s";"47";"BR-101/SP";"Pista Sul";"Choque em objeto fixo";1;0;0;0;0;0;0;0;0;0;1;0;0;0;0
"10/03/2024";"02:12:00";"47";"Acidente c";"390";"BR-101/RJ";"Pista Norte";"Choque em barreira New Jersey";1;0;0;0;0;0;0;0;0;0;0;1;0;0;0
"10/03/2024";"02:12:00";"286";"Acidente s";"86.95";"BR-116/SP";"Pista Sul";"Colisão traseira";1;0;1;0;0;0;0;0;0;0;2;0;0;0;0
"10/03/2024";"03:12:00";"48";"Acidente s";"224";"BR-116/SP";"Pista Norte";"Choque em defensa";1;0;0;0;0;0;0;0;0;0;4;0;0;0;0
"10/03/2024";"03:12:00";"312";"Acidente s";"267.7";"BR-116/RJ";"Pista Sul";"Choque em barreira New Jersey";1;0;0;0;0;0;0;0;0;0;1;0;0;0;0
"10/03/2024";"04:12:00";"53";"Acidente s";"129.8";"BR-116/SP";"Pista Norte";"Choque em objeto fixo";0;0;0;0;0;0;0;0;0;1;1;0;0;0;0
"10/03/2024";"04:12:00";"318";"Acidente s";"31.8";"BR-101/SP";"Pista Sul";"Colisão traseira";2;0;0;0;0;0;0;0;0;0;8;0;0;0;0
"10/03/2024";"05:12:00";"68";"Acidente s";"169.6";"BR-116/SP";"Pista Norte";"Choque em objeto fixo";1;0;0;0;0;0;0;0;0;0;1;0;0;0;0
"10/03/2024";"05:12:00";"368";"Acidente c";"314.05";"BR-116/RJ";"Pista Norte";"Choque em barreira New Jersey";1;0;0;0;0;0;0;0;0;0;0;0;1;0;0
"10/03/2024";"06:12:00";"377";"Acidente c";"206";"BR-116/SP";"Pista Sul";"Abalroamento longitudinal";1;0;0;1;0;0;0;0;0;0;1;1;0;0;0
"10/03/2024";"06:12:00";"403";"Acidente s";"75.6";"BR-116/SP";"Pista Norte";"Queda de moto";0;0;0;1;0;0;0;0;0;0;1;0;0;0;0
"10/03/2024";"08:12:00";"121";"Acidente s";"152";"BR-116/SP";"Pista Sul";"Choque em objeto na pista";1;0;1;0;0;0;0;0;0;0;2;0;0;0;0
"10/03/2024";"08:12:00";"437";"Acidente s";"291.6";"BR-116/RJ";"Pista Norte";"Choque em objeto fixo";1;0;0;0;0;0;0;0;0;0;1;0;0;0;0
"10/03/2024";"09:12:00";"147";"Acidente c";"218";"BR-116/SP";"Pista Norte";"Choque em barreira New Jersey";1;0;0;0;0;0;0;0;0;0;0;0;1;0;0
"10/03/2024";"12:12:00";"232";"Acidente s";"186";"BR-116/SP";"Pista Norte";"Choque em defensa";1;0;0;0;0;0;0;0;0;0;2;0;0;0;0
"10/03/2024";"12:12:00";"233";"Acidente s";"129.1";"BR-116/SP";"Pista Sul";"Colisão traseira";2;0;0;0;0;0;0;0;0;0;6;0;0;0;0
"11/03/2024";"02:12:00";"408";"Acidente c";"486.8";"BR-101/RJ";"Pista Sul";"Colisão traseira";1;0;0;1;0;0;0;0;0;0;1;0;1;0;0
"11/03/2024";"03:12:00";"420";"Acidente c";"217.7";"BR-116/SP";"Pista Sul";"Choque em objeto fixo";0;0;1;0;0;0;0;0;0;0;0;0;1;0;0
"11/03/2024";"04:12:00";"472";"Acidente c";"283.6";"BR-116/RJ";"Pista Sul";"Colisão traseira";1;0;0;1;0;0;0;0;0;0;1;1;0;0;0
"11/03/2024";"05:12:00";"62";"Acidente c";"245";"BR-116/RJ";"Pista Sul";"Atropelamento de animal";1;0;0;0;0;0;0;0;0;0;1;0;0;1;0
"11/03/2024";"05:12:00";"489";"Acidente c";"244.7";"BR-116/RJ";"Pista Sul";"Choque em defensa";1;0;0;0;0;0;0;0;0;0;0;1;0;0;0
"11/03/2024";"05:12:00";"504";"Acidente s";"144.8";"BR-116/SP";"Pista Norte";"Choque em objeto fixo";1;0;0;0;0;0;0;0;0;0;3;0;0;0;0
"11/03/2024";"06:12:00";"83";"Acidente c";"198";"BR-116/SP";"Pista Sul";"Abalroamento longitudinal";1;0;0;1;0;0;0;0;0;0;1;0;1;0;0
"11/03/2024";"06:12:00";"86";"Acidente s";"393";"BR-101/RJ";"Pista Sul";"Choque em barreira New Jersey";1;0;0;0;0;0;0;0;0;0;1;0;0;0;0
"11/03/2024";"06:12:00";"535";"Acidente s";"242.7";"BR-116/RJ";"Pista Norte";"Choque em barreira New Jersey";1;0;0;0;0;0;0;0;0;0;1;0;0;0;0
"11/03/2024";"07:12:00";"133";"Acidente c";"116.9";"BR-116/SP";"Pista Norte";"Abalroamento longitudinal";0;0;0;1;0;1;0;0;0;0;1;1;0;0;0
"11/03/2024";"07:12:00";"561";"Acidente s";"183";"BR-116/SP";"Pista Sul";"Choque em objeto fixo";0;0;1;0;1;0;0;0;0;0;32;0;0;0;0
"11/03/2024";"07:12:00";"567";"Acidente s";"182.45";"BR-116/SP";"Pista Sul";"Colisão traseira";2;0;0;0;0;0;0;0;0;0;3;0;0;0;0
"11/03/2024";"07:12:00";"568";"Acidente c";"545";"BR-101/RJ";"Pista Sul";"Abalroamento longitudinal";1;0;0;0;1;0;0;0;0;0;1;2;1;0;0
"11/03/2024";"08:12:00";"167";"Acidente s";"108.2";"BR-116/SP";"Pista Sul";"Colisão traseira";1;0;0;0;0;1;0;0;0;0;2;0;0;0;0
"11/03/2024";"09:12:00";"218";"Acidente c";"259.2";"BR-116/RJ";"Pista Sul";"Choque em objeto fixo";1;0;0;0;0;0;0;0;0;0;0;2;0;0;0
"11/03/2024";"10:12:00";"617";"Acidente s";"216.9";"BR-116/SP";"Pista Sul";"Colisão traseira";1;0;0;0;1;0;0;0;0;0;2;0;0;0;0
"11/03/2024";"11:12:00";"294";"Acidente s";"103.8";"BR-116/SP";"Pista Norte";"Colisão traseira";2;0;1;0;0;0;0;0;0;0;8;0;0;0;0
"11/03/2024";"11:12:00";"626";"Acidente c";"161.6";"BR-116/SP";"Pista Norte";"Colisão traseira";2;0;0;0;0;0;0;0;0;0;2;0;0;1;0
"12/03/2024";"01:12:00";"37";"Acidente s";"26.9";"BR-116/SP";"Pista Sul";"Colisão traseira";1;0;1;0;0;0;0;0;0;0;2;0;0;0;0
"12/03/2024";"01:12:00";"398";"Acidente s";"324.9";"BR-116/RJ";"Pista Norte";"Abalroamento longitudinal";0;0;1;0;0;1;0;0;0;0;2;0;0;0;0
"12/03/2024";"01:12:00";"405";"Acidente s";"54";"BR-116/SP";"Pista Sul";"Engavetamento";1;0;1;0;0;0;0;0;0;1;4;0;0;0;0
"12/03/2024";"02:12:00";"414";"Acidente s";"306";"BR-116/RJ";"Pista Sul";"Abalroamento longitudinal";1;0;1;0;0;0;0;0;0;0;2;0;0;0;0
"12/03/2024";"03:12:00";"438";"Acidente s";"175.3";"BR-116/SP";"Pista Sul";"Choque em barreira New Jersey";1;0;0;0;0;0;0;0;0;0;1;0;0;0;0
"12/03/2024";"05:12:00";"74";"Acidente s";"109.8";"BR-116/SP";"Pista Sul";"Colisão traseira";1;0;1;0;0;0;0;0;0;0;3;0;0;0;0
"12/03/2024";"05:12:00";"78";"Acidente s";"212";"BR-116/SP";"Pista Sul";"Abalroamento longitudinal";0;0;1;1;0;0;0;0;0;1;3;0;0;0;0
"12/03/2024";"05:12:00";"80";"Acidente c";"110";"BR-116/SP";"Pista Sul";"Capotamento";1;0;0;0;0;0;0;0;0;0;1;0;1;0;0
"12/03/2024";"05:12:00";"86";"Acidente c";"386";"BR-101/RJ";"Pista Norte";"Queda de moto";0;0;0;1;0;1;0;0;0;0;1;0;0;1;0
"12/03/2024";"06:12:00";"114";"Acidente s";"135";"BR-116/SP";"Pista Norte";"Abalroamento longitudinal";0;0;2;0;0;0;0;0;0;0;4;0;0;0;0
"12/03/2024";"06:12:00";"120";"Acidente c";"216";"BR-116/SP";"Pista Norte";"Abalroamento longitudinal";1;0;0;1;0;0;0;0;0;0;2;1;0;0;0
"12/03/2024";"06:12:00";"529";"Acidente c";"436";"BR-101/RJ";"Pista Norte";"Colisão frontal";1;0;1;0;0;0;0;0;0;0;2;0;2;0;0
"12/03/2024";"06:12:00";"535";"Acidente c";"148.9";"BR-116/SP";"Pista Norte";"Abalroamento longitudinal";1;0;0;1;0;0;0;0;0;0;2;0;2;0;0
"12/03/2024";"06:12:00";"537";"Acidente s";"224.3";"BR-116/SP";"Pista Norte";"Abalroamento longitudinal";1;0;0;1;0;0;0;0;0;0;2;0;0;0;0
"12/03/2024";"06:12:00";"546";"Acidente s";"216";"BR-116/SP";"Pista Sul";"Abalroamento longitudinal";0;0;1;2;0;0;0;0;0;0;3;0;0;0;0
"12/03/2024";"09:12:00";"244";"Acidente s";"222.8";"BR-116/SP";"Pista Sul";"Colisão traseira";2;0;0;0;0;0;0;0;0;0;2;0;0;0;0
"12/03/2024";"09:12:00";"252";"Acidente s";"219.6";"BR-116/SP";"Pista Sul";"Abalroamento longitudinal";2;0;0;1;0;0;0;0;0;0;3;0;0;0;0
"12/03/2024";"09:12:00";"255";"Acidente c";"51";"BR-101/SP";"Pista Sul";"Abalroamento longitudinal";0;0;1;1;0;0;0;0;0;0;3;0;1;0;0
"12/03/2024";"12:12:00";"23";"Acidente c";"162.1";"BR-116/SP";"Pista Norte";"Engavetamento";2;0;1;0;0;0;0;0;0;0;1;2;1;0;0
"12/03/2024";"12:12:00";"359";"Acidente s";"526.5";"BR-101/RJ";"Pista Sul";"Abalroamento longitudinal";1;0;0;0;1;0;0;0;0;0;3;0;0;0;0
"13/03/2024";"02:12:00";"44";"Acidente s";"166.7";"BR-116/SP";"Pista Sul";"Colisão traseira";1;0;0;0;0;0;0;0;0;1;5;0;0;0;0
"13/03/2024";"02:12:00";"359";"Acidente s";"452";"BR-101/RJ";"Pista Sul";"Choque em objeto fixo";0;0;1;0;0;0;0;0;0;0;1;0;0;0;0
"13/03/2024";"02:12:00";"363";"Acidente c";"154.6";"BR-116/SP";"Pista Norte";"Queda de moto";0;0;0;1;0;0;0;0;0;0;1;1;0;0;0
"13/03/2024";"02:12:00";"370";"Acidente c";"274.4";"BR-116/RJ";"Pista Norte";"Colisão traseira";1;0;1;0;0;0;0;0;0;0;0;2;0;0;0
"13/03/2024";"07:12:00";"148";"Acidente c";"47.8";"BR-101/SP";"Pista Sul";"Queda de moto";0;0;0;1;0;0;0;0;0;0;0;2;0;0;0
"13/03/2024";"08:12:00";"194";"Acidente c";"219.3";"BR-116/SP";"Pista Norte";"Engavetamento";3;0;1;0;0;0;0;0;0;0;4;1;0;0;0
"13/03/2024";"09:12:00";"207";"Acidente s";"217.9";"BR-116/SP";"Pista Sul";"Colisão traseira";2;0;0;0;0;0;0;0;0;0;3;0;0;0;0
"13/03/2024";"10:12:00";"269";"Acidente c";"221.3";"BR-116/SP";"Pista Norte";"Engavetamento";6;0;0;0;0;0;0;0;0;0;5;2;0;0;0
"13/03/2024";"10:12:00";"582";"Acidente c";"86.08";"BR-116/SP";"Pista Norte";"Colisão traseira";0;0;2;0;0;0;0;0;0;0;0;0;1;0;0
"13/03/2024";"11:12:00";"285";"Acidente c";"283.1";"BR-116/RJ";"Pista Sul";"Colisão traseira";6;0;0;0;0;0;0;0;0;0;6;1;0;0;0
"13/03/2024";"11:12:00";"288";"Acidente c";"303.1";"BR-116/RJ";"Pista Norte";"Queda de moto";0;0;0;1;0;0;0;0;0;0;0;1;0;0;0
"13/03/2024";"12:12:00";"309";"Acidente c";"51";"BR-101/SP";"Pista Sul";"Abalroamento longitudinal";1;0;0;1;0;0;0;0;0;0;0;0;1;0;0
"14/03/2024";"01:12:00";"335";"Acidente s";"474";"BR-101/RJ";"Pista Sul";"Abalroamento longitudinal";2;0;0;0;0;0;0;0;0;0;2;0;0;0;0
"14/03/2024";"03:12:00";"396";"Acidente c";"275";"BR-116/RJ";"Pista Sul";"Abalroamento longitudinal";1;0;0;1;0;0;0;0;0;0;1;1;0;0;0
"14/03/2024";"04:12:00";"451";"Acidente c";"91.8";"BR-116/SP";"Pista Norte";"Colisão traseira";0;0;1;1;0;0;0;0;0;0;1;0;0;0;1
"14/03/2024";"04:12:00";"461";"Acidente c";"81.9";"BR-116/SP";"Pista Sul";"Colisão traseira";0;0;0;1;0;1;0;0;0;0;1;0;0;1;0
"14/03/2024";"04:12:00";"425";"Acidente c";"288.3";"BR-116/RJ";"Pista Norte";"Engavetamento";5;0;0;0;0;0;0;0;0;0;12;1;0;0;0
"14/03/2024";"06:12:00";"84";"Atropelame";"3.45";"BR-116/SP";"Pista Norte";"Atropelamento de pedestre atravessando";0;1;0;0;0;1;0;0;0;0;1;1;0;0;0
"14/03/2024";"06:12:00";"107";"Acidente c";"504";"BR-101/RJ";"Pista Sul";"Colisão frontal";1;0;1;0;0;0;0;0;0;0;1;0;0;1;0
"14/03/2024";"06:12:00";"112";"Acidente s";"238.3";"BR-116/RJ";"Pista Norte";"Choque em barreira New Jersey";0;0;1;0;0;0;0;0;0;0;1;0;0;0;0
"14/03/2024";"06:12:00";"509";"Acidente s";"104.5";"BR-116/SP";"Pista Sul";"Colisão traseira";1;0;0;0;0;0;0;0;0;1;3;0;0;0;0
"14/03/2024";"06:12:00";"523";"Acidente c";"145.5";"BR-116/SP";"Pista Norte";"Abalroamento longitudinal";1;0;0;1;0;0;0;0;0;0;3;0;1;0;0
"14/03/2024";"06:12:00";"529";"Acidente c";"223";"BR-116/SP";"Pista Norte";"Abalroamento longitudinal";0;0;0;1;0;1;0;0;0;0;0;0;1;0;0
"14/03/2024";"07:12:00";"133";"Acidente s";"443";"BR-101/RJ";"Pista Norte";"Choque em objeto na pista";1;0;0;0;0;0;0;0;0;0;1;0;0;0;0
"14/03/2024";"07:12:00";"150";"Acidente c";"491";"BR-101/RJ";"Pista Norte";"Abalroamento longitudinal";0;0;1;1;0;0;0;0;0;0;1;1;0;0;0
"14/03/2024";"07:12:00";"157";"Acidente c";"231";"BR-116/RJ";"Pista Norte";"Queda de moto";0;0;0;1;0;0;0;0;0;0;0;1;0;0;0
"14/03/2024";"07:12:00";"535";"Acidente c";"479.5";"BR-101/RJ";"Pista Norte";"Abalroamento longitudinal";1;0;0;1;0;0;0;0;0;0;1;0;1;0;0
"14/03/2024";"08:12:00";"200";"Acidente c";"212";"BR-116/SP";"Pista Norte";"Colisão traseira";0;0;0;1;0;1;0;0;0;0;2;1;0;0;0
"14/03/2024";"11:12:00";"306";"Acidente c";"223";"BR-116/SP";"Pista Sul";"Abalroamento longitudinal";0;0;1;1;0;0;0;0;0;0;1;0;0;1;0
"15/03/2024";"01:12:00";"40";"Acidente c";"486";"BR-101/RJ";"Pista Norte";"Colisão traseira";0;0;0;1;0;1;0;0;0;0;1;1;0;0;0
"15/03/2024";"01:12:00";"42";"Acidente c";"221";"BR-116/SP";"Pista Norte";"Abalroamento longitudinal";2;0;0;0;0;0;0;0;0;0;1;1;0;0;0
"15/03/2024";"01:12:00";"355";"Acidente c";"387";"BR-101/RJ";"Pista Norte";"Engavetamento";0;0;2;0;1;0;0;0;0;0;33;5;0;0;0
"15/03/2024";"02:12:00";"361";"Atropelame";"48.8";"BR-101/SP";"Pista Sul";"Atropelamento de pedestre atravessando";0;1;0;1;0;0;0;0;0;0;0;2;0;0;0
"15/03/2024";"02:12:00";"382";"Acidente c";"492.2";"BR-101/RJ";"Pista Norte";"Abalroamento longitudinal";0;0;0;2;0;0;0;0;0;0;0;1;1;0;0
"15/03/2024";"02:12:00";"386";"Acidente c";"120";"BR-116/SP";"Pista Sul";"Colisão traseira";0;0;1;0;0;1;0;0;0;0;1;1;0;0;0
"15/03/2024";"02:12:00";"391";"Acidente s";"251";"BR-116/RJ";"Pista Sul";"Colisão traseira";0;0;3;0;0;0;0;0;0;0;3;0;0;0;0
"15/03/2024";"04:12:00";"61";"Acidente s";"217.2";"BR-116/SP";"Pista Norte";"Abalroamento longitudinal";1;0;0;0;0;1;0;0;0;0;2;0;0;0;0
"15/03/2024";"04:12:00";"70";"Acidente s";"232";"BR-116/RJ";"Pista Norte";"Abalroamento longitudinal";0;0;2;0;0;0;0;0;0;0;1;0;0;0;0
"15/03/2024";"04:12:00";"432";"Acidente s";"244";"BR-116/RJ";"Pista Norte";"Abalroamento longitudinal";1;0;1;0;0;0;0;0;0;0;2;0;0;0;0
"15/03/2024";"04:12:00";"441";"Acidente c";"211";"BR-116/SP";"Pista Sul";"Colisão traseira";1;0;0;1;0;0;0;0;0;0;1;1;0;0;0
"15/03/2024";"04:12:00";"457";"Acidente c";"590";"BR-101/RJ";"Pista Sul";"Colisão frontal";1;0;0;1;0;0;0;0;0;0;2;0;1;0;0
"15/03/2024";"05:12:00";"484";"Acidente s";"233";"BR-116/RJ";"Pista Sul";"Abalroamento longitudinal";1;0;0;0;0;1;0;0;0;0;2;0;0;0;0
"15/03/2024";"05:12:00";"485";"Acidente s";"121.6";"BR-116/SP";"Pista Norte";"Choque em barreira New Jersey";0;0;1;1;0;0;0;0;0;0;1;0;0;0;0
"15/03/2024";"05:12:00";"487";"Acidente s";"143";"BR-116/SP";"Pista Sul";"Colisão traseira";1;0;0;0;0;0;0;0;0;0;3;0;0;0;0
"15/03/2024";"07:12:00";"147";"Acidente s";"226.7";"BR-116/RJ";"Pista Norte";"Colisão traseira";0;0;2;0;0;0;0;0;0;0;2;0;0;0;0
"15/03/2024";"07:12:00";"534";"Acidente c";"226";"BR-116/SP";"Pista Sul";"Queda de moto";0;0;0;1;0;0;0;0;0;0;0;1;0;0;0
"15/03/2024";"08:12:00";"181";"Acidente s";"99.1";"BR-116/SP";"Pista Sul";"Engavetamento";3;0;0;0;0;0;0;0;0;1;13;0;0;0;0
"15/03/2024";"08:12:00";"583";"Acidente c";"322";"BR-116/RJ";"Pista Norte";"Choque em barreira New Jersey";1;0;0;0;0;0;0;0;0;0;2;1;0;0;0
"15/03/2024";"09:12:00";"591";"Acidente c";"407.3";"BR-101/RJ";"Pista Sul";"Atropelamento de animal";0;0;0;1;0;0;0;0;0;0;0;0;1;0;0
"15/03/2024";"10:12:00";"601";"Acidente c";"450";"BR-101/RJ";"Pista Norte";"Atropelamento de animal";0;0;0;1;0;0;0;0;0;0;0;0;1;0;0
"15/03/2024";"11:12:00";"625";"Acidente s";"151.8";"BR-116/SP";"Pista Norte";"Choque em objeto fixo";1;0;0;0;0;0;0;0;0;0;1;0;0;0;0
"15/03/2024";"12:12:00";"305";"Acidente s";"221";"BR-116/SP";"Pista Sul";"Abalroamento longitudinal";0;0;0;1;0;1;0;0;0;0;2;0;0;0;0
"15/03/2024";"12:12:00";"316";"Acidente s";"212.7";"BR-116/SP";"Pista Sul";"Choque em objeto fixo";0;0;1;0;0;0;0;0;0;0;1;0;0;0;0
"16/03/2024";"01:12:00";"366";"Acidente s";"21";"BR-116/SP";"Pista Sul";"Engavetamento";1;0;0;0;0;2;0;0;0;0;3;0;0;0;0
"16/03/2024";"01:12:00";"370";"Acidente c";"524";"BR-101/RJ";"Pista Sul";"Engavetamento";3;0;0;0;0;0;0;0;0;0;3;2;0;0;0
"16/03/2024";"02:12:00";"402";"Acidente s";"18.9";"BR-116/SP";"Pista Sul";"Choque em objeto fixo";1;0;0;0;0;0;0;0;0;0;1;0;0;0;0
"16/03/2024";"03:12:00";"412";"Acidente c";"278";"BR-116/RJ";"Pista Sul";"Colisão traseira";1;0;0;1;0;0;0;0;0;0;1;1;0;0;0
"16/03/2024";"04:12:00";"65";"Acidente c";"45.8";"BR-116/SP";"Pista Norte";"Choque em objeto fixo";1;0;0;0;0;0;0;0;0;0;0;0;0;1;1
"16/03/2024";"04:12:00";"77";"Acidente c";"71.2";"BR-116/SP";"Pista Norte";"Choque em defensa";1;0;0;0;0;0;0;0;0;0;0;1;0;0;0
"16/03/2024";"05:12:00";"82";"Acidente s";"22";"BR-116/SP";"Pista Sul";"Tombamento";0;0;1;0;0;0;0;0;0;0;1;0;0;0;0
"16/03/2024";"05:12:00";"87";"Acidente c";"219";"BR-116/SP";"Pista Sul";"Queda de moto";0;0;0;1;0;0;0;0;0;0;0;1;0;0;0
"16/03/2024";"06:12:00";"124";"Acidente s";"23";"BR-116/SP";"Pista Norte";"Engavetamento";0;0;3;0;0;0;0;0;0;0;3;0;0;0;0
"16/03/2024";"06:12:00";"528";"Acidente s";"158";"BR-116/SP";"Pista Sul";"Choque Talude";1;0;0;0;0;1;0;0;0;0;4;0;0;0;0
"16/03/2024";"07:12:00";"130";"Acidente s";"275.5";"BR-116/RJ";"Pista Norte";"Abalroamento longitudinal";0;0;0;0;1;1;0;0;0;0;52;0;0;0;0
"16/03/2024";"07:12:00";"141";"Acidente s";"115.2";"BR-116/SP";"Pista Norte";"Engavetamento";4;0;0;0;0;0;0;0;0;0;10;0;0;0;0
"16/03/2024";"07:12:00";"142";"Acidente c";"96";"BR-116/SP";"Pista Sul";"Colisão traseira";1;0;0;1;0;0;0;0;0;0;1;0;1;0;0
"16/03/2024";"07:12:00";"150";"Acidente s";"201";"BR-116/SP";"Pista Norte";"Abalroamento longitudinal";1;0;0;0;0;1;0;0;0;0;2;0;0;0;0
"16/03/2024";"07:12:00";"551";"Acidente c";"491";"BR-101/RJ";"Pista Norte";"Colisão traseira";0;0;0;1;0;1;0;0;0;0;1;1;0;0;0
"16/03/2024";"08:12:00";"158";"Acidente s";"115.8";"BR-116/SP";"Pista Norte";"Colisão traseira";1;0;1;0;0;0;0;0;0;0;2;0;0;0;0
"16/03/2024";"08:12:00";"165";"Acidente s";"116.5";"BR-116/SP";"Pista Norte";"Engavetamento";3;0;0;0;0;0;0;0;0;0;4;0;0;0;0
"16/03/2024";"08:12:00";"171";"Acidente c";"224.4";"BR-116/SP";"Pista Sul";"Abalroamento longitudinal";1;0;0;1;0;0;0;0;0;0;1;2;0;0;0