data;horario;n_da_ocorrencia;tipo_de_ocorrencia;km;trecho;sentido;tipo_de_acidente;automovel;bicicleta;caminhao;moto;onibus;outros;tracao_animal;transporte_de_cargas_especiais;trator_maquinas;utilitarios;ilesos;levemente_feridos;moderadamente_feridos;gravemente_feridos;mortos
"16/03/2024";"09:12:00";"193";"Acidente c";"588";"BR-101/RJ";"Pista Sul";"Colisão traseira";2;0;0;0;0;0;0;0;0;0;9;1;0;0;0
"16/03/2024";"09:12:00";"214";"Acidente s";"216";"BR-116/SP";"Pista Norte";"Colisão traseira";2;0;0;0;0;0;0;0;0;0;2;0;0;0;0
"16/03/2024";"10:12:00";"237";"Acidente s";"419";"BR-101/RJ";"Pista Sul";"Engavetamento";3;0;0;0;0;0;0;0;0;0;3;0;0;0;0
"16/03/2024";"10:12:00";"241";"Acidente s";"218.9";"BR-116/RJ";"Pista Sul";"Engavetamento";3;0;0;0;0;0;0;0;0;0;2;0;0;0;0
"16/03/2024";"12:12:00";"24";"Acidente c";"574";"BR-101/RJ";"Pista Norte";"Colisão frontal";2;0;0;0;0;0;0;0;0;0;0;3;0;1;0
"16/03/2024";"12:12:00";"320";"Acidente c";"115.3";"BR-116/SP";"Pista Sul";"Capotamento";1;0;0;0;0;0;0;0;0;0;0;0;1;0;0
"16/03/2024";"12:12:00";"329";"Acidente c";"231";"BR-116/SP";"Pista Sul";"Queda de moto";0;0;0;1;0;0;0;0;0;0;0;1;0;0;0
"17/03/2024";"01:12:00";"40";"Acidente c";"216.2";"BR-116/SP";"Pista Norte";"Choque em barreira New Jersey";1;0;0;0;0;1;0;0;0;0;2;0;1;0;0
"17/03/2024";"02:12:00";"347";"Acidente c";"230.05";"BR-116/SP";"Pista Sul";"Colisão traseira";2;0;0;0;0;0;0;0;0;0;7;2;0;0;0
"17/03/2024";"02:12:00";"354";"Acidente s";"321";"BR-116/RJ";"Pista Norte";"Abalroamento longitudinal";1;0;1;0;0;0;0;0;0;0;5;0;0;0;0
"17/03/2024";"03:12:00";"391";"Acidente c";"227";"BR-116/SP";"Pista Norte";"Abalroamento longitudinal";1;0;0;1;0;0;0;0;0;0;2;1;0;0;0
"17/03/2024";"03:12:00";"392";"Acidente s";"225.4";"BR-116/SP";"Pista Sul";"Colisão frontal";2;0;0;0;0;0;0;0;0;0;3;0;0;0;0
"17/03/2024";"05:12:00";"465";"Acidente c";"103";"BR-116/SP";"Pista Norte";"Colisão traseira";0;0;0;2;0;0;0;0;0;0;0;1;1;2;0
"17/03/2024";"06:12:00";"76";"Acidente c";"445.6";"BR-101/RJ";"Pista Sul";"Colisão frontal";2;0;0;0;0;0;0;0;0;0;1;2;0;0;0
"17/03/2024";"06:12:00";"483";"Acidente s";"575.4";"BR-101/RJ";"Pista Sul";"Queda de ribanceira";1;0;0;0;0;0;0;0;0;0;2;0;0;0;0
"17/03/2024";"06:12:00";"492";"Acidente c";"482.3";"BR-101/RJ";"Pista Sul";"Colisão frontal";1;0;0;0;1;0;0;0;0;0;1;1;1;1;0
"17/03/2024";"07:12:00";"125";"Acidente c";"479";"BR-101/RJ";"Pista Sul";"Queda de moto";0;0;0;1;0;0;0;0;0;0;0;1;0;0;0
"17/03/2024";"07:12:00";"546";"Acidente s";"47.9";"BR-101/SP";"Pista Sul";"Choque em objeto fixo";1;0;0;0;0;0;0;0;0;0;0;0;0;0;0
"17/03/2024";"08:12:00";"571";"Acidente c";"205.3";"BR-116/SP";"Pista Sul";"Colisão traseira";1;0;0;1;0;0;0;0;0;0;2;1;0;0;0
"17/03/2024";"08:12:00";"584";"Acidente c";"169.5";"BR-116/SP";"Pista Sul";"Engavetamento";3;0;0;0;0;0;0;0;0;0;3;2;0;0;0
"17/03/2024";"09:12:00";"178";"Acidente c";"282.5";"BR-116/RJ";"Pista Sul";"Colisão traseira";0;0;0;2;0;0;0;0;0;0;1;0;0;1;0
"17/03/2024";"09:12:00";"617";"Acidente s";"38.8";"BR-116/SP";"Pista Sul";"Abalroamento longitudinal";1;0;1;0;0;0;0;0;0;0;0;0;0;0;0
"17/03/2024";"10:12:00";"648";"Acidente s";"117.6";"BR-116/SP";"Pista Norte";"Choque em objeto fixo";1;0;0;0;0;0;0;0;0;0;0;0;0;0;0
"17/03/2024";"11:12:00";"667";"Acidente c";"505";"BR-101/RJ";"Pista Sul";"Colisão frontal";2;0;0;0;0;0;0;0;0;0;0;2;0;0;0
"17/03/2024";"11:12:00";"676";"Acidente s";"440";"BR-101/RJ";"Pista Norte";"Abalroamento longitudinal";1;0;0;0;0;1;0;0;0;0;3;0;0;0;0
"17/03/2024";"12:12:00";"259";"Acidente s";"468";"BR-101/RJ";"Pista Sul";"Queda de moto";0;0;0;1;0;0;0;0;0;0;1;0;0;0;0
"17/03/2024";"12:12:00";"275";"Acidente c";"19";"BR-101/SP";"Pista Norte";"Abalroamento longitudinal";2;0;0;0;0;0;0;0;0;0;5;2;0;0;0
"18/03/2024";"01:12:00";"400";"Acidente c";"539";"BR-101/RJ";"Pista Sul";"Choque em objeto fixo";1;0;0;0;0;0;0;0;0;0;0;2;0;0;0
"18/03/2024";"03:12:00";"53";"Acidente c";"228.3";"BR-116/SP";"Pista Norte";"Colisão traseira";0;0;2;0;0;0;0;0;0;0;1;1;0;0;0
"18/03/2024";"03:12:00";"456";"Acidente c";"168.5";"BR-116/SP";"Pista Norte";"Colisão traseira";1;0;0;0;0;1;0;0;0;0;2;0;1;0;0
"18/03/2024";"03:12:00";"472";"Acidente c";"166.9";"BR-116/SP";"Pista Norte";"Colisão traseira";1;0;0;1;0;0;0;0;0;0;1;1;0;0;0
"18/03/2024";"05:12:00";"77";"Acidente s";"228";"BR-116/SP";"Pista Norte";"Colisão traseira";1;0;0;0;0;1;0;0;0;0;2;0;0;0;0
"18/03/2024";"05:12:00";"541";"Acidente s";"285.2";"BR-116/RJ";"Pista Sul";"Choque em barreira New Jersey";1;0;0;0;0;0;0;0;0;0;0;0;0;0;0
"18/03/2024";"06:12:00";"98";"Acidente c";"96";"BR-116/SP";"Pista Norte";"Capotamento";1;0;0;0;0;0;0;0;0;0;0;0;1;1;0
"18/03/2024";"06:12:00";"103";"Acidente s";"307.4";"BR-116/RJ";"Pista Sul";"Choque em defensa";1;0;0;0;0;0;0;0;0;0;1;0;0;0;0
"18/03/2024";"06:12:00";"126";"Acidente c";"218";"BR-116/SP";"Pista Sul";"Colisão traseira";1;0;0;1;0;0;0;0;0;0;1;2;0;0;0
"18/03/2024";"06:12:00";"545";"Acidente c";"220";"BR-116/SP";"Pista Sul";"Abalroamento longitudinal";1;0;0;1;0;0;0;0;0;0;1;1;0;0;0
"18/03/2024";"06:12:00";"572";"Acidente s";"570.2";"BR-101/RJ";"Pista Sul";"Choque em objeto fixo";1;0;0;0;0;0;0;0;0;0;1;0;0;0;0
"18/03/2024";"06:12:00";"578";"Acidente s";"212.05";"BR-116/SP";"Pista Sul";"Choque em objeto fixo";1;0;0;0;0;0;0;0;0;0;4;0;0;0;0
"18/03/2024";"07:12:00";"597";"Acidente s";"236.6";"BR-116/RJ";"Pista Sul";"Choque em objeto na pista";1;0;1;0;0;0;0;0;0;0;4;0;0;0;0
"18/03/2024";"08:12:00";"617";"Acidente c";"123.5";"BR-116/SP";"Pista Norte";"Colisão traseira";0;0;2;0;0;0;0;0;0;0;0;0;0;1;0
"18/03/2024";"08:12:00";"631";"Acidente s";"322";"BR-116/RJ";"Pista Norte";"Colisão frontal";2;0;0;0;0;0;0;0;0;0;0;0;0;0;0
"18/03/2024";"09:12:00";"649";"Acidente s";"282";"BR-116/RJ";"Pista Norte";"Abalroamento longitudinal";1;0;1;0;0;0;0;0;0;0;3;0;0;0;0
"18/03/2024";"09:12:00";"650";"Acidente c";"221";"BR-116/SP";"Pista Sul";"Abalroamento longitudinal";1;0;0;1;0;0;0;0;0;0;2;1;0;0;0
"18/03/2024";"10:12:00";"303";"Acidente s";"229";"BR-116/SP";"Pista Sul";"Engavetamento";1;0;0;0;0;1;0;0;0;1;3;0;0;0;0
"18/03/2024";"12:12:00";"361";"Acidente c";"225.7";"BR-116/RJ";"Pista Norte";"Tombamento";0;0;1;0;0;0;0;0;0;0;0;1;0;0;0
"19/03/2024";"03:12:00";"410";"Acidente c";"227";"BR-116/SP";"Pista Norte";"Queda de moto";0;0;0;1;0;0;0;0;0;0;1;1;0;0;0
"19/03/2024";"05:12:00";"443";"Acidente s";"225";"BR-116/SP";"Pista Norte";"Engavetamento";3;0;1;0;0;0;0;0;0;0;4;0;0;0;0
"19/03/2024";"06:12:00";"470";"Acidente s";"311.5";"BR-116/RJ";"Pista Norte";"Choque em barreira New Jersey";1;0;0;0;0;0;0;0;0;0;1;0;0;0;0
"19/03/2024";"06:12:00";"484";"Acidente c";"74.75";"BR-116/SP";"Pista Norte";"Choque em objeto na pista";0;0;1;1;0;0;0;0;0;0;1;1;0;0;0
"19/03/2024";"06:12:00";"491";"Acidente c";"311";"BR-116/RJ";"Pista Norte";"Colisão traseira";1;0;0;1;0;0;0;0;0;0;0;1;0;0;0
"19/03/2024";"07:12:00";"506";"Acidente s";"219";"BR-116/SP";"Pista Sul";"Colisão traseira";1;0;0;0;0;1;0;0;0;0;2;0;0;0;0
"19/03/2024";"08:12:00";"178";"Acidente s";"219.5";"BR-116/SP";"Pista Norte";"Colisão traseira";2;0;0;0;0;0;0;0;0;0;1;0;0;0;0
"19/03/2024";"09:12:00";"209";"Atropelame";"562";"BR-101/RJ";"Pista Sul";"Atropelamento de pedestre atravessando";1;1;0;0;0;0;0;0;0;0;1;1;0;0;0
"19/03/2024";"11:12:00";"291";"Acidente c";"229";"BR-116/SP";"Pista Sul";"Abalroamento longitudinal";1;0;1;1;0;0;0;0;0;0;2;1;0;0;0
"19/03/2024";"12:12:00";"28";"Acidente s";"271";"BR-116/RJ";"Pista Norte";"Colisão traseira";0;0;1;0;0;1;0;0;0;0;2;0;0;0;0
"19/03/2024";"12:12:00";"310";"Acidente c";"165.2";"BR-116/SP";"Pista Norte";"Choque em objeto fixo";0;0;0;1;0;0;0;0;0;0;0;0;2;0;0
"19/03/2024";"12:12:00";"317";"Acidente s";"248";"BR-116/RJ";"Pista Norte";"Abalroamento longitudinal";1;0;0;0;0;1;0;0;0;0;1;0;0;0;0
"19/03/2024";"12:12:00";"318";"Acidente s";"156.4";"BR-116/SP";"Pista Norte";"Colisão traseira";2;0;0;0;0;0;0;0;0;0;2;0;0;0;0
"20/03/2024";"01:12:00";"42";"Acidente s";"114.5";"BR-116/SP";"Pista Sul";"Colisão traseira";2;0;0;0;0;0;0;0;0;0;2;0;0;0;0
"20/03/2024";"02:12:00";"45";"Acidente s";"219.1";"BR-116/SP";"Pista Sul";"Abalroamento longitudinal";1;0;0;0;0;1;0;0;0;0;2;0;0;0;0
"20/03/2024";"02:12:00";"390";"Acidente c";"47";"BR-116/SP";"Pista Norte";"Engavetamento";0;0;3;0;0;0;0;0;0;0;2;1;0;0;0
"20/03/2024";"03:12:00";"58";"Acidente c";"122.1";"BR-116/SP";"Pista Sul";"Colisão traseira";0;0;2;0;0;0;0;0;0;0;1;0;0;1;0
"20/03/2024";"04:12:00";"457";"Acidente s";"109.45";"BR-116/SP";"Pista Norte";"Choque Talude";0;0;1;0;0;0;0;0;0;0;1;0;0;0;0
"20/03/2024";"06:12:00";"102";"Acidente s";"125.2";"BR-116/SP";"Pista Norte";"Atropelamento de animal";1;0;0;0;0;0;0;0;0;0;1;0;0;0;0
"20/03/2024";"06:12:00";"523";"Acidente s";"111";"BR-116/SP";"Pista Sul";"Engavetamento";0;0;3;0;0;0;0;0;0;0;3;0;0;0;0
"20/03/2024";"06:12:00";"528";"Acidente c";"164.4";"BR-116/SP";"Pista Norte";"Choque em defensa";0;0;1;0;0;0;0;0;0;0;0;1;0;0;0
"20/03/2024";"07:12:00";"176";"Acidente c";"75";"BR-116/SP";"Pista Sul";"Abalroamento longitudinal";1;0;0;1;0;0;0;0;0;0;1;1;0;0;0
"20/03/2024";"07:12:00";"544";"Acidente c";"229";"BR-116/SP";"Pista Norte";"Choque em barreira New Jersey";0;0;0;1;0;0;0;0;0;0;0;1;0;0;0
"20/03/2024";"08:12:00";"189";"Acidente s";"160";"BR-116/SP";"Pista Norte";"Abalroamento longitudinal";1;0;1;0;0;0;0;0;0;0;3;0;0;0;0
"20/03/2024";"08:12:00";"208";"Acidente c";"406.4";"BR-101/RJ";"Pista Norte";"Abalroamento longitudinal";0;0;2;1;0;0;0;0;0;0;2;0;0;1;0
"20/03/2024";"08:12:00";"591";"Acidente s";"276.85";"BR-116/RJ";"Pista Sul";"Abalroamento longitudinal";0;0;2;0;0;0;0;0;0;0;2;0;0;0;0
"20/03/2024";"11:12:00";"311";"Acidente c";"230.1";"BR-116/RJ";"Pista Norte";"Queda de moto";0;0;0;1;0;0;0;0;0;0;0;1;0;0;0
"20/03/2024";"11:12:00";"315";"Acidente s";"223.8";"BR-116/SP";"Pista Norte";"Abalroamento longitudinal";0;0;2;0;0;0;0;0;0;0;1;0;0;0;0
"21/03/2024";"01:12:00";"41";"Acidente c";"225";"BR-116/SP";"Pista Sul";"Queda de moto";0;0;0;1;0;0;0;0;0;0;0;1;0;0;0
"21/03/2024";"02:12:00";"450";"Acidente s";"280.54";"BR-116/RJ";"Pista Sul";"Abalroamento longitudinal";1;0;0;0;0;1;0;0;0;0;2;0;0;0;0
"21/03/2024";"02:12:00";"456";"Acidente c";"229.35";"BR-116/RJ";"Pista Norte";"Tombamento";0;0;1;0;0;0;0;0;0;0;0;0;1;0;0
"21/03/2024";"02:12:00";"470";"Acidente s";"136.4";"BR-116/SP";"Pista Norte";"Abalroamento longitudinal";1;0;1;0;0;0;0;0;0;0;2;0;0;0;0
"21/03/2024";"02:12:00";"473";"Acidente c";"47.3";"BR-116/SP";"Pista Norte";"Queda de moto";0;0;0;1;0;0;0;0;0;0;0;1;0;0;0
"21/03/2024";"04:12:00";"537";"Acidente s";"274.1";"BR-116/RJ";"Pista Norte";"Colisão traseira";1;0;1;0;0;0;0;0;0;0;0;0;0;0;0
"21/03/2024";"05:12:00";"83";"Acidente c";"230.1";"BR-116/SP";"Pista Sul";"Engavetamento";0;0;2;0;0;0;0;0;0;1;2;0;0;1;1
"21/03/2024";"05:12:00";"565";"Acidente c";"165.8";"BR-116/SP";"Pista Norte";"Colisão traseira";1;0;0;1;0;0;0;0;0;0;2;0;1;0;0
"21/03/2024";"05:12:00";"574";"Acidente s";"146";"BR-116/SP";"Pista Sul";"Abalroamento longitudinal";1;0;1;0;0;0;0;0;0;0;2;0;0;0;0
"21/03/2024";"06:12:00";"117";"Acidente c";"575";"BR-101/RJ";"Pista Sul";"Atropelamento de pedestre atravessando";0;1;0;1;0;0;0;0;0;0;0;2;0;0;0
"21/03/2024";"06:12:00";"125";"Acidente s";"233";"BR-116/RJ";"Pista Norte";"Colisão traseira";0;0;1;0;1;0;0;0;0;0;28;0;0;0;0
"21/03/2024";"07:12:00";"170";"Acidente c";"499";"BR-101/RJ";"Pista Norte";"Queda de moto";0;0;0;1;0;0;0;0;0;0;0;0;0;2;0
"21/03/2024";"07:12:00";"646";"Acidente s";"155";"BR-116/SP";"Pista Norte";"Colisão traseira";2;0;0;0;0;0;0;0;0;0;4;0;0;0;0
"21/03/2024";"07:12:00";"647";"Acidente s";"148";"BR-116/SP";"Pista Sul";"Engavetamento";2;0;0;0;0;1;0;0;0;0;3;0;0;0;0
"21/03/2024";"07:12:00";"652";"Acidente c";"108";"BR-116/SP";"Pista Norte";"Queda de moto";0;0;0;1;0;0;0;0;0;0;0;2;0;0;0
"21/03/2024";"08:12:00";"198";"Acidente c";"138.68";"BR-116/SP";"Pista Sul";"Colisão traseira";0;0;1;1;0;0;0;0;0;0;1;0;0;1;0
"21/03/2024";"08:12:00";"218";"Acidente c";"216.1";"BR-116/SP";"Pista Sul";"Abalroamento longitudinal";1;0;0;1;0;0;0;0;0;0;1;0;1;0;0
"21/03/2024";"08:12:00";"670";"Acidente s";"148.55";"BR-116/SP";"Pista Sul";"Colisão traseira";1;0;0;0;0;1;0;0;0;0;2;0;0;0;0
"21/03/2024";"08:12:00";"683";"Acidente s";"156.2";"BR-116/SP";"Pista Sul";"Colisão traseira";2;0;0;0;0;0;0;0;0;0;4;0;0;0;0
"21/03/2024";"08:12:00";"687";"Acidente c";"218.95";"BR-116/SP";"Pista Sul";"Queda de moto";0;0;0;1;0;0;0;0;0;0;0;1;0;0;0
"21/03/2024";"09:12:00";"269";"Acidente s";"44.4";"BR-116/SP";"Pista Sul";"Choque em defensa";0;0;1;0;0;0;0;0;0;0;1;0;0;0;0
"21/03/2024";"09:12:00";"280";"Acidente s";"151.7";"BR-116/SP";"Pista Sul";"Choque em objeto na pista";0;0;0;1;0;0;0;0;0;0;1;0;0;0;0
"21/03/2024";"10:12:00";"303";"Acidente s";"214.8";"BR-116/SP";"Pista Sul";"Engavetamento";4;0;0;0;0;0;0;0;0;0;5;0;0;0;0
"21/03/2024";"10:12:00";"318";"Acidente c";"150.7";"BR-116/SP";"Pista Sul";"Choque em defensa";1;0;0;0;0;0;0;0;0;0;0;1;0;0;0
"21/03/2024";"10:12:00";"319";"Acidente s";"157.4";"BR-116/SP";"Pista Norte";"Engavetamento";3;0;0;0;0;0;0;0;0;0;4;0;0;0;0
"21/03/2024";"10:12:00";"333";"Acidente c";"230.2";"BR-116/SP";"Pista Sul";"Colisão traseira";2;0;0;0;0;0;0;0;0;0;1;1;0;0;0
"21/03/2024";"11:12:00";"755";"Acidente c";"525";"BR-101/RJ";"Pista Sul";"Abalroamento longitudinal";2;0;0;0;0;0;0;0;0;0;1;1;0;0;0
"21/03/2024";"12:12:00";"32";"Acidente s";"29.6";"BR-116/SP";"Pista Norte";"Colisão traseira";1;0;1;0;0;0;0;0;0;0;2;0;0;0;0
"21/03/2024";"12:12:00";"409";"Acidente c";"210";"BR-116/SP";"Pista Sul";"Choque em objeto na pista";0;0;1;1;0;0;0;0;0;0;1;1;0;0;0
"22/03/2024";"01:12:00";"32";"Acidente c";"300.1";"BR-116/RJ";"Pista Sul";"Queda de moto";0;0;0;1;0;0;0;0;0;0;0;0;1;0;0
"22/03/2024";"01:12:00";"373";"Acidente c";"136.8";"BR-116/SP";"Pista Sul";"Capotamento";1;0;0;0;0;0;0;0;0;0;0;1;0;0;0
"22/03/2024";"02:12:00";"44";"Acidente s";"231";"BR-116/RJ";"Pista Norte";"Abalroamento longitudinal";1;0;0;0;0;0;0;0;0;0;2;0;0;0;0
"22/03/2024";"02:12:00";"387";"Acidente s";"424.1";"BR-101/RJ";"Pista Sul";"Abalroamento longitudinal";2;0;0;0;0;0;0;0;0;0;3;0;0;0;0
"22/03/2024";"02:12:00";"390";"Acidente s";"145.9";"BR-116/SP";"Pista Norte";"Choque em barreira New Jersey";0;0;1;0;0;0;0;0;0;0;1;0;0;0;0
"22/03/2024";"02:12:00";"395";"Acidente c";"219";"BR-116/RJ";"Pista Norte";"Choque em objeto fixo";1;0;0;0;0;0;0;0;0;0;0;1;0;0;0
"22/03/2024";"02:12:00";"407";"Acidente c";"224";"BR-116/SP";"Pista Sul";"Queda de moto";0;0;0;1;0;0;0;0;0;0;0;2;0;0;0
"22/03/2024";"02:12:00";"412";"Acidente s";"429";"BR-101/RJ";"Pista Norte";"Choque em objeto fixo";1;0;0;0;0;0;0;0;0;0;3;0;0;0;0
"22/03/2024";"03:12:00";"430";"Acidente s";"206";"BR-116/SP";"Pista Sul";"Abalroamento longitudinal";1;0;1;0;0;0;0;0;0;0;2;0;0;0;0
"22/03/2024";"03:12:00";"445";"Acidente s";"512";"BR-101/RJ";"Pista Norte";"Colisão traseira";1;0;1;0;0;0;0;0;0;0;5;0;0;0;0
"22/03/2024";"05:12:00";"87";"Acidente s";"23.4";"BR-116/SP";"Pista Sul";"Choque em barreira New Jersey";0;0;1;0;0;0;0;0;0;0;1;0;0;0;0
"22/03/2024";"05:12:00";"509";"Acidente s";"309.5";"BR-116/RJ";"Pista Norte";"Colisão traseira";2;0;0;0;0;0;0;0;0;0;2;0;0;0;0
"22/03/2024";"05:12:00";"512";"Acidente c";"223";"BR-116/SP";"Pista Norte";"Colisão traseira";1;0;0;1;0;0;0;0;0;0;1;1;0;0;0
"22/03/2024";"05:12:00";"516";"Acidente s";"232.8";"BR-116/RJ";"Pista Norte";"Choque em objeto fixo";1;0;0;0;0;0;0;0;0;0;1;0;0;0;0
"22/03/2024";"06:12:00";"101";"Acidente s";"314.3";"BR-116/RJ";"Pista Sul";"Choque em barreira New Jersey";1;0;0;0;0;0;0;0;0;0;2;0;0;0;0
"22/03/2024";"06:12:00";"123";"Acidente s";"26";"BR-116/SP";"Pista Sul";"Abalroamento longitudinal";1;0;1;0;0;0;0;0;0;0;3;0;0;0;0
"22/03/2024";"06:12:00";"128";"Acidente c";"292";"BR-116/RJ";"Pista Sul";"Choque em barreira New Jersey";1;0;0;0;0;0;0;0;0;0;0;1;0;0;0
"22/03/2024";"06:12:00";"131";"Acidente c";"206";"BR-116/SP";"Pista Norte";"Queda de moto";0;0;0;1;0;0;0;0;0;0;0;1;0;0;0
"22/03/2024";"06:12:00";"534";"Acidente c";"225.2";"BR-116/SP";"Pista Sul";"Abalroamento longitudinal";2;0;0;1;0;0;0;0;0;0;3;0;1;0;0
"22/03/2024";"06:12:00";"545";"Acidente c";"155";"BR-116/SP";"Pista Norte";"Colisão traseira";2;0;0;0;0;0;0;0;0;0;4;2;0;0;0
"22/03/2024";"07:12:00";"146";"Acidente s";"86.95";"BR-116/SP";"Pista Sul";"Abalroamento longitudinal";0;0;2;0;0;0;0;0;0;0;2;0;0;0;0
"22/03/2024";"07:12:00";"156";"Acidente c";"429";"BR-101/RJ";"Pista Norte";"Choque em objeto fixo";1;0;0;0;0;0;0;0;0;0;0;1;0;0;0
"22/03/2024";"07:12:00";"569";"Acidente c";"56";"BR-116/SP";"Pista Norte";"Queda de moto";0;0;0;1;0;1;0;0;0;0;1;0;1;0;0
"22/03/2024";"07:12:00";"570";"Acidente c";"24";"BR-101/SP";"Pista Norte";"Atropelamento de animal";1;0;0;0;0;0;0;0;0;0;0;1;0;0;0
"22/03/2024";"07:12:00";"574";"Acidente c";"304";"BR-116/RJ";"Pista Sul";"Colisão traseira";2;0;0;0;0;1;0;0;0;0;1;1;0;0;0
"22/03/2024";"07:12:00";"577";"Acidente c";"223";"BR-116/SP";"Pista Sul";"Abalroamento longitudinal";1;0;0;1;0;0;0;0;0;0;2;1;0;0;0
"22/03/2024";"08:12:00";"178";"Acidente c";"505";"BR-101/RJ";"Pista Norte";"Abalroamento transversal";0;0;1;1;0;0;0;0;0;0;1;0;1;0;0
"22/03/2024";"08:12:00";"212";"Acidente s";"234";"BR-116/RJ";"Pista Norte";"Choque Talude";1;0;0;0;0;0;0;0;0;0;1;0;0;0;0
"22/03/2024";"09:12:00";"225";"Acidente s";"469";"BR-101/RJ";"Pista Sul";"Choque em objeto fixo";1;0;0;0;0;0;0;0;0;0;1;0;0;0;0
"22/03/2024";"09:12:00";"227";"Acidente c";"157";"BR-116/SP";"Pista Norte";"Queda de moto";0;0;0;1;0;0;0;0;0;0;0;0;1;0;0
"22/03/2024";"09:12:00";"230";"Acidente s";"224.7";"BR-116/SP";"Pista Norte";"Colisão traseira";1;0;1;0;0;0;0;0;0;0;4;0;0;0;0
"22/03/2024";"09:12:00";"245";"Acidente c";"273.4";"BR-116/RJ";"Pista Sul";"Choque em defensa";1;0;0;0;0;0;0;0;0;0;0;1;0;0;0
"22/03/2024";"09:12:00";"246";"Acidente s";"197.95";"BR-116/SP";"Pista Norte";"Choque em barreira New Jersey";0;0;1;0;0;0;0;0;0;0;1;0;0;0;0
"22/03/2024";"09:12:00";"259";"Acidente s";"112.7";"BR-116/SP";"Pista Norte";"Choque Talude";1;0;0;0;0;0;0;0;0;0;2;0;0;0;0
"22/03/2024";"09:12:00";"618";"Acidente c";"452";"BR-101/RJ";"Pista Norte";"Choque Talude";1;0;0;0;0;0;0;0;0;0;0;1;0;0;0
"22/03/2024";"10:12:00";"265";"Acidente s";"231";"BR-116/RJ";"Pista Norte";"Abalroamento longitudinal";0;0;2;0;0;0;0;0;0;0;2;0;0;0;0
"22/03/2024";"10:12:00";"284";"Acidente s";"108";"BR-116/SP";"Pista Sul";"Colisão traseira";1;0;0;0;0;1;0;0;0;0;2;0;0;0;0
"22/03/2024";"10:12:00";"648";"Acidente s";"203";"BR-116/SP";"Pista Sul";"Colisão traseira";1;0;1;0;0;0;0;0;0;0;2;0;0;0;0
"22/03/2024";"10:12:00";"649";"Acidente s";"222";"BR-116/SP";"Pista Norte";"Engavetamento";3;0;0;0;0;0;0;0;0;0;5;0;0;0;0
"22/03/2024";"11:12:00";"285";"Acidente c";"226.3";"BR-116/SP";"Pista Norte";"Abalroamento longitudinal";1;0;1;0;0;0;0;0;0;0;1;1;0;0;0
"22/03/2024";"11:12:00";"303";"Acidente s";"116";"BR-116/SP";"Pista Norte";"Choque em barreira New Jersey";0;0;1;0;0;0;0;0;0;0;1;0;0;0;0
"22/03/2024";"11:12:00";"306";"Acidente s";"153";"BR-116/SP";"Pista Sul";"Colisão traseira";1;0;0;0;0;1;0;0;0;0;3;0;0;0;0
"22/03/2024";"11:12:00";"308";"Acidente s";"41";"BR-101/SP";"Pista Norte";"Queda de moto";0;0;0;1;0;0;0;0;0;0;1;0;0;0;0
"22/03/2024";"12:12:00";"329";"Acidente c";"223";"BR-116/SP";"Pista Norte";"Queda de moto";0;0;0;1;0;0;0;0;0;0;0;0;1;0;0
"23/03/2024";"01:12:00";"276";"Acidente s";"221.4";"BR-116/SP";"Pista Norte";"Colisão traseira";1;0;1;0;0;0;0;0;0;0;3;0;0;0;0
"23/03/2024";"02:12:00";"291";"Acidente c";"147.23";"BR-116/SP";"Pista Sul";"Abalroamento longitudinal";1;0;0;0;0;1;0;0;0;0;2;2;0;0;0
"23/03/2024";"05:12:00";"73";"Acidente s";"238";"BR-116/RJ";"Pista Norte";"Choque em objeto fixo";1;0;0;0;0;0;0;0;0;0;3;0;0;0;0
"23/03/2024";"05:12:00";"359";"Acidente s";"400";"BR-101/RJ";"Pista Sul";"Choque em barreira New Jersey";1;0;0;0;0;0;0;0;0;0;0;0;0;0;0
"23/03/2024";"05:12:00";"369";"Acidente c";"83.4";"BR-116/SP";"Pista Sul";"Capotamento";1;0;0;0;0;0;0;0;0;0;0;5;0;0;0
"23/03/2024";"06:12:00";"90";"Acidente s";"27";"BR-116/SP";"Pista Norte";"Choque em barreira New Jersey";0;0;1;0;0;0;0;0;0;0;1;0;0;0;0
"23/03/2024";"06:12:00";"101";"Acidente s";"297";"BR-116/RJ";"Pista Norte";"Colisão traseira";1;0;1;0;0;0;0;0;0;0;2;0;0;0;0
"23/03/2024";"06:12:00";"377";"Acidente s";"86.95";"BR-116/SP";"Pista Sul";"Engavetamento";4;0;0;0;0;0;0;0;0;0;7;0;0;0;0
"23/03/2024";"06:12:00";"381";"Acidente s";"65";"BR-116/SP";"Pista Norte";"Choque em barreira New Jersey";1;0;0;0;0;0;0;0;0;0;1;0;0;0;0
"23/03/2024";"06:12:00";"382";"Acidente s";"228.8";"BR-116/RJ";"Pista Norte";"Choque em barreira New Jersey";1;0;0;0;0;0;0;0;0;0;2;0;0;0;0
"23/03/2024";"07:12:00";"138";"Acidente s";"435.5";"BR-101/RJ";"Pista Norte";"Choque em objeto fixo";1;0;0;0;0;0;0;0;0;0;1;0;0;0;0