data;horario;n_da_ocorrencia;tipo_de_ocorrencia;km;trecho;sentido;tipo_de_acidente;automovel;bicicleta;caminhao;moto;onibus;outros;tracao_animal;transporte_de_cargas_especiais;trator_maquinas;utilitarios;ilesos;levemente_feridos;moderadamente_feridos;gravemente_feridos;mortos
"23/03/2024";"07:12:00";"146";"Acidente s";"154.2";"BR-116/SP";"Pista Sul";"Abalroamento longitudinal";1;0;1;0;0;0;0;0;0;0;0;0;0;0;0
"23/03/2024";"07:12:00";"406";"Acidente s";"596";"BR-101/RJ";"Pista Norte";"Choque em objeto fixo";1;0;0;0;0;0;0;0;0;0;0;0;0;0;0
"23/03/2024";"07:12:00";"420";"Acidente c";"49.45";"BR-101/SP";"Pista Sul";"Colisão traseira";3;0;0;0;0;0;0;0;0;0;4;0;1;0;0
"23/03/2024";"07:12:00";"422";"Acidente s";"121.2";"BR-116/SP";"Pista Sul";"Capotamento";1;0;0;0;0;0;0;0;0;0;0;0;0;0;0
"23/03/2024";"09:12:00";"438";"Acidente c";"225";"BR-116/SP";"Pista Norte";"Queda de moto";0;0;0;1;0;0;0;0;0;0;0;1;0;0;0
"23/03/2024";"10:12:00";"456";"Acidente s";"298.8";"BR-116/RJ";"Pista Norte";"Colisão traseira";1;0;1;0;0;0;0;0;0;0;2;0;0;0;0
"23/03/2024";"10:12:00";"198";"Acidente c";"261.5";"BR-116/RJ";"Pista Norte";"Capotamento";1;0;0;0;0;0;0;0;0;0;0;1;0;0;0
"23/03/2024";"10:12:00";"215";"Acidente s";"597";"BR-101/RJ";"Pista Sul";"Abalroamento longitudinal";2;0;0;0;0;0;0;0;0;0;2;0;0;0;0
"23/03/2024";"11:12:00";"472";"Acidente s";"251.6";"BR-116/RJ";"Pista Sul";"Choque em objeto fixo";1;0;0;0;0;0;0;0;0;0;2;0;0;0;0
"23/03/2024";"12:12:00";"24";"Acidente s";"116.2";"BR-116/SP";"Pista Sul";"Choque em objeto na pista";1;0;0;0;0;0;0;0;0;0;0;0;0;0;0
"23/03/2024";"12:12:00";"27";"Acidente s";"18";"BR-116/SP";"Pista Norte";"Choque em objeto fixo";0;0;0;0;0;0;0;0;0;1;0;0;0;0;0
"24/03/2024";"01:12:00";"222";"Acidente s";"136.1";"BR-116/SP";"Pista Sul";"Engavetamento";3;0;0;0;0;0;0;0;0;0;9;0;0;0;0
"24/03/2024";"01:12:00";"229";"Acidente c";"495";"BR-101/RJ";"Pista Sul";"Abalroamento longitudinal";1;0;0;1;0;0;0;0;0;0;1;0;1;0;0
"24/03/2024";"02:12:00";"247";"Acidente c";"216";"BR-116/SP";"Pista Sul";"Abalroamento longitudinal";1;0;0;1;0;0;0;0;0;0;1;1;0;0;0
"24/03/2024";"02:12:00";"251";"Acidente c";"215.9";"BR-116/SP";"Pista Sul";"Colisão traseira";1;0;0;1;0;0;0;0;0;0;1;0;1;0;0
"24/03/2024";"02:12:00";"262";"Acidente s";"54.1";"BR-116/SP";"Pista Sul";"Choque em objeto fixo";1;0;0;0;0;0;0;0;0;0;3;0;0;0;0
"24/03/2024";"03:12:00";"53";"Acidente c";"169.7";"BR-116/SP";"Pista Norte";"Choque em barreira New Jersey";1;0;0;0;0;0;0;0;0;0;0;1;0;0;0
"24/03/2024";"03:12:00";"282";"Acidente s";"521.5";"BR-101/RJ";"Pista Norte";"Choque em objeto fixo";1;0;0;0;0;0;0;0;0;0;1;0;0;0;0
"24/03/2024";"03:12:00";"285";"Acidente s";"109.3";"BR-116/SP";"Pista Norte";"Abalroamento longitudinal";0;0;2;0;0;0;0;0;0;0;2;0;0;0;0
"24/03/2024";"03:12:00";"292";"Acidente c";"334";"BR-116/RJ";"Pista Sul";"Capotamento";1;0;0;0;0;0;0;0;0;0;0;0;1;0;0
"24/03/2024";"04:12:00";"57";"Acidente c";"495";"BR-101/RJ";"Pista Norte";"Queda de moto";0;0;0;0;0;1;0;0;0;0;0;0;1;0;0
"24/03/2024";"04:12:00";"293";"Acidente c";"521";"BR-101/RJ";"Pista Norte";"Colisão traseira";1;0;1;0;0;0;0;0;0;0;1;0;1;0;0
"24/03/2024";"04:12:00";"302";"Acidente c";"51";"BR-116/SP";"Pista Norte";"Engavetamento";2;0;0;1;0;0;0;0;0;0;3;2;0;0;0
"24/03/2024";"05:12:00";"320";"Acidente s";"417.8";"BR-101/RJ";"Pista Norte";"Choque em objeto fixo";1;0;0;0;0;0;0;0;0;0;1;0;0;0;0
"24/03/2024";"06:12:00";"78";"Acidente c";"87.9";"BR-116/SP";"Pista Norte";"Colisão traseira";0;0;2;0;0;0;0;0;0;0;0;2;0;0;0
"24/03/2024";"06:12:00";"92";"Acidente s";"191.1";"BR-116/SP";"Pista Norte";"Queda de ribanceira";1;0;0;0;0;0;0;0;0;0;1;0;0;0;0
"24/03/2024";"06:12:00";"93";"Acidente s";"187.2";"BR-116/SP";"Pista Norte";"Choque em defensa";1;0;0;0;0;0;0;0;0;0;1;0;0;0;0
"24/03/2024";"06:12:00";"354";"Acidente s";"407";"BR-101/RJ";"Pista Norte";"Colisão traseira";1;0;0;0;0;1;0;0;0;0;2;0;0;0;0
"24/03/2024";"07:12:00";"109";"Acidente s";"224.95";"BR-116/RJ";"Pista Sul";"Choque em defensa";1;0;0;0;0;0;0;0;0;0;1;0;0;0;0
"24/03/2024";"07:12:00";"373";"Acidente s";"491.7";"BR-101/RJ";"Pista Sul";"Capotamento";1;0;0;0;0;0;0;0;0;0;1;0;0;0;0
"24/03/2024";"07:12:00";"374";"Acidente c";"596.7";"BR-101/RJ";"Pista Norte";"Capotamento";1;0;0;0;0;0;0;0;0;0;0;1;0;0;0
"24/03/2024";"07:12:00";"392";"Acidente c";"559.1";"BR-101/RJ";"Pista Sul";"Choque em objeto fixo";0;0;0;1;0;0;0;0;0;0;0;1;0;0;0
"24/03/2024";"08:12:00";"113";"Acidente s";"465";"BR-101/RJ";"Pista Sul";"Choque em objeto fixo";1;0;0;0;0;0;0;0;0;0;1;0;0;0;0
"24/03/2024";"08:12:00";"126";"Acidente c";"482.7";"BR-101/RJ";"Pista Sul";"Capotamento";1;0;0;0;0;0;0;0;0;0;0;1;1;0;0
"24/03/2024";"08:12:00";"132";"Acidente s";"201.3";"BR-116/SP";"Pista Norte";"Choque em objeto fixo";1;0;0;0;0;0;0;0;0;0;1;0;0;0;0
"24/03/2024";"08:12:00";"414";"Acidente s";"220.7";"BR-116/RJ";"Pista Norte";"Colisão traseira";2;0;0;0;0;0;0;0;0;0;6;0;0;0;0
"24/03/2024";"08:12:00";"416";"Acidente s";"276.7";"BR-116/RJ";"Pista Norte";"Choque em barreira New Jersey";1;0;0;0;0;0;0;0;0;0;1;0;0;0;0
"24/03/2024";"08:12:00";"417";"Acidente c";"483.15";"BR-101/RJ";"Pista Norte";"Engavetamento";3;0;0;0;0;0;0;0;0;2;3;2;1;0;0
"24/03/2024";"09:12:00";"425";"Acidente s";"437";"BR-101/RJ";"Pista Sul";"Choque em objeto fixo";1;0;0;0;0;0;0;0;0;0;1;0;0;0;0
"24/03/2024";"10:12:00";"444";"Acidente s";"425.5";"BR-101/RJ";"Pista Norte";"Colisão traseira";1;0;0;0;0;1;0;0;0;0;2;0;0;0;0
"24/03/2024";"10:12:00";"161";"Acidente s";"540";"BR-101/RJ";"Pista Sul";"Choque em objeto fixo";1;0;0;0;0;0;0;0;0;0;1;0;0;0;0
"24/03/2024";"11:12:00";"189";"Acidente s";"564";"BR-101/RJ";"Pista Norte";"Capotamento";1;0;0;0;0;0;0;0;0;0;3;0;0;0;0
"25/03/2024";"01:12:00";"37";"Acidente s";"146";"BR-116/SP";"Pista Norte";"Colisão traseira";2;0;0;0;0;0;0;0;0;0;2;0;0;0;0
"25/03/2024";"01:12:00";"40";"Acidente c";"527.2";"BR-101/RJ";"Pista Norte";"Choque em objeto fixo";1;0;0;0;0;0;0;0;0;0;0;1;0;0;0
"25/03/2024";"01:12:00";"43";"Acidente c";"170.1";"BR-116/SP";"Pista Sul";"Colisão traseira";0;0;2;0;0;0;0;0;0;0;1;1;0;0;0
"25/03/2024";"03:12:00";"448";"Acidente s";"307.2";"BR-116/RJ";"Pista Sul";"Abalroamento longitudinal";1;0;0;0;0;1;0;0;0;0;5;0;0;0;0
"25/03/2024";"03:12:00";"466";"Acidente s";"154.3";"BR-116/SP";"Pista Norte";"Abalroamento longitudinal";1;0;1;0;0;0;0;0;0;0;2;0;0;0;0
"25/03/2024";"05:12:00";"72";"Acidente c";"407";"BR-101/RJ";"Pista Sul";"Atropelamento de animal";0;0;0;0;0;0;0;0;0;1;1;1;0;0;0
"25/03/2024";"05:12:00";"85";"Acidente c";"19.7";"BR-116/SP";"Pista Sul";"Colisão traseira";0;0;2;0;0;0;0;0;0;0;0;2;0;0;0
"25/03/2024";"05:12:00";"526";"Acidente s";"125.1";"BR-116/SP";"Pista Sul";"Colisão traseira";2;0;0;0;0;0;0;0;0;0;1;0;0;0;0
"25/03/2024";"06:12:00";"102";"Acidente c";"54";"BR-116/SP";"Pista Sul";"Colisão traseira";1;0;0;0;0;1;0;0;0;0;2;1;0;0;0
"25/03/2024";"06:12:00";"112";"Acidente c";"190";"BR-116/SP";"Pista Norte";"Queda de ribanceira";1;0;0;0;0;0;0;0;0;0;0;1;0;0;0
"25/03/2024";"06:12:00";"127";"Acidente c";"251";"BR-116/RJ";"Pista Sul";"Tombamento";1;0;0;0;0;0;0;0;0;0;0;1;0;0;0
"25/03/2024";"06:12:00";"569";"Acidente c";"147.7";"BR-116/SP";"Pista Norte";"Colisão traseira";1;0;0;1;0;0;0;0;0;0;1;1;0;0;0
"25/03/2024";"06:12:00";"584";"Acidente c";"98";"BR-116/SP";"Pista Sul";"Queda de moto";0;0;0;1;0;0;0;0;0;0;0;1;0;0;0
"25/03/2024";"07:12:00";"175";"Acidente c";"214";"BR-116/SP";"Pista Norte";"Abalroamento longitudinal";1;0;0;1;0;0;0;0;0;0;1;1;0;0;0
"25/03/2024";"07:12:00";"616";"Atropelame";"487";"BR-101/RJ";"Pista Sul";"Atropelamento de pedestre atravessando";1;0;0;0;0;0;0;0;0;0;1;1;0;0;0
"25/03/2024";"08:12:00";"181";"Acidente s";"223";"BR-116/SP";"Pista Sul";"Colisão traseira";2;0;0;0;0;0;0;0;0;0;2;0;0;0;0
"25/03/2024";"08:12:00";"190";"Acidente c";"45.5";"BR-101/SP";"Pista Norte";"Abalroamento longitudinal";1;0;0;1;0;0;0;0;0;0;1;1;0;0;0
"25/03/2024";"08:12:00";"214";"Acidente s";"233.7";"BR-116/RJ";"Pista Norte";"Colisão traseira";0;0;2;0;0;0;0;0;0;0;2;0;0;0;0
"25/03/2024";"08:12:00";"629";"Acidente c";"83.5";"BR-116/SP";"Pista Norte";"Colisão traseira";1;0;0;1;0;0;0;0;0;0;1;1;0;0;0
"25/03/2024";"08:12:00";"653";"Acidente s";"496";"BR-101/RJ";"Pista Sul";"Choque em objeto fixo";1;0;0;0;0;0;0;0;0;0;0;0;0;0;0
"25/03/2024";"09:12:00";"671";"Atropelame";"597";"BR-101/RJ";"Pista Norte";"Atropelamento de pedestre atravessando";0;0;0;0;0;1;0;0;0;0;1;0;0;1;0
"25/03/2024";"09:12:00";"676";"Acidente s";"229.7";"BR-116/RJ";"Pista Norte";"Colisão traseira";1;0;0;0;0;1;0;0;0;0;4;0;0;0;0
"25/03/2024";"10:12:00";"300";"Acidente s";"160.2";"BR-116/SP";"Pista Norte";"Colisão traseira";0;0;1;0;1;0;0;0;0;0;2;0;0;0;0
"25/03/2024";"10:12:00";"693";"Acidente s";"127.1";"BR-116/SP";"Pista Norte";"Atropelamento de animal";1;0;0;0;0;0;0;0;0;0;1;0;0;0;0
"25/03/2024";"11:12:00";"322";"Acidente s";"472";"BR-101/RJ";"Pista Sul";"Colisão traseira";2;0;0;0;0;0;0;0;0;0;2;0;0;0;0
"25/03/2024";"11:12:00";"705";"Acidente c";"98.4";"BR-116/SP";"Pista Sul";"Queda de ribanceira";1;0;0;0;0;0;0;0;0;0;0;2;0;0;0
"25/03/2024";"11:12:00";"706";"Acidente s";"225.5";"BR-116/SP";"Pista Sul";"Abalroamento longitudinal";1;0;0;0;0;1;0;0;0;0;2;0;0;0;0
"26/03/2024";"01:12:00";"40";"Acidente c";"28.9";"BR-116/SP";"Pista Norte";"Colisão traseira";0;0;0;0;1;1;0;0;0;0;32;1;1;0;0
"26/03/2024";"01:12:00";"402";"Acidente c";"86.95";"BR-116/SP";"Pista Sul";"Choque em barreira New Jersey";1;0;0;0;0;0;0;0;0;0;1;1;0;0;0
"26/03/2024";"02:12:00";"46";"Acidente c";"313.8";"BR-116/RJ";"Pista Norte";"Choque em barreira New Jersey";1;0;0;0;0;0;0;0;0;0;0;1;0;0;0
"26/03/2024";"04:12:00";"519";"Acidente s";"204.3";"BR-116/SP";"Pista Norte";"Abalroamento longitudinal";1;0;1;0;0;0;0;0;0;0;3;0;0;0;0
"26/03/2024";"05:12:00";"544";"Acidente c";"209";"BR-116/SP";"Pista Norte";"Queda de moto";0;0;0;1;0;0;0;0;0;0;1;1;0;0;0
"26/03/2024";"06:12:00";"579";"Acidente s";"427.8";"BR-101/RJ";"Pista Sul";"Abalroamento longitudinal";3;0;0;0;0;0;0;0;0;0;3;0;0;0;0
"26/03/2024";"06:12:00";"600";"Acidente s";"3.4";"BR-116/SP";"Pista Sul";"Colisão traseira";1;0;0;0;0;1;0;0;0;0;3;0;0;0;0
"26/03/2024";"07:12:00";"610";"Acidente c";"387";"BR-101/RJ";"Pista Norte";"Queda de moto";0;0;0;1;0;0;0;0;0;0;1;0;1;0;0
"26/03/2024";"07:12:00";"626";"Acidente s";"220";"BR-116/SP";"Pista Norte";"Colisão traseira";2;0;0;0;0;0;0;0;0;0;5;0;0;0;0
"26/03/2024";"08:12:00";"204";"Acidente s";"279.1";"BR-116/RJ";"Pista Sul";"Engavetamento";2;0;1;0;0;0;0;0;0;0;5;0;0;0;0
"26/03/2024";"08:12:00";"198";"Acidente c";"210.2";"BR-116/SP";"Pista Norte";"Engavetamento";4;0;0;0;0;0;0;0;0;0;7;1;0;0;0
"26/03/2024";"09:12:00";"253";"Acidente s";"249";"BR-116/RJ";"Pista Sul";"Choque em barreira New Jersey";1;0;0;0;0;0;0;0;0;0;1;0;0;0;0
"26/03/2024";"10:12:00";"334";"Acidente s";"219.7";"BR-116/SP";"Pista Norte";"Abalroamento longitudinal";1;0;1;0;0;0;0;0;0;0;2;0;0;0;0
"26/03/2024";"10:12:00";"700";"Acidente s";"231";"BR-116/SP";"Pista Norte";"Abalroamento longitudinal";1;0;1;0;0;0;0;0;0;0;3;0;0;0;0
"26/03/2024";"12:12:00";"378";"Acidente s";"218.1";"BR-116/SP";"Pista Norte";"Abalroamento longitudinal";1;0;1;0;0;0;0;0;0;0;5;0;0;0;0
"26/03/2024";"12:12:00";"390";"Acidente c";"216";"BR-116/SP";"Pista Sul";"Choque em barreira New Jersey";1;0;0;0;0;0;0;0;0;0;0;1;0;0;0
"27/03/2024";"01:12:00";"424";"Acidente c";"26.4";"BR-116/SP";"Pista Sul";"Choque em barreira New Jersey";1;0;0;0;0;0;0;0;0;0;0;1;1;0;0
"27/03/2024";"01:12:00";"431";"Acidente s";"44";"BR-101/SP";"Pista Sul";"Capotamento";1;0;0;0;0;0;0;0;0;0;2;0;0;0;0
"27/03/2024";"02:12:00";"44";"Acidente s";"382";"BR-101/RJ";"Pista Norte";"Choque em objeto fixo";1;0;0;0;0;0;0;0;0;0;1;0;0;0;0
"27/03/2024";"02:12:00";"440";"Acidente s";"156.4";"BR-116/SP";"Pista Sul";"Colisão traseira";1;0;0;0;0;1;0;0;0;0;2;0;0;0;0
"27/03/2024";"02:12:00";"446";"Acidente s";"299";"BR-116/RJ";"Pista Norte";"Abalroamento longitudinal";2;0;0;0;0;0;0;0;0;0;6;0;0;0;0
"27/03/2024";"02:12:00";"455";"Acidente s";"299";"BR-116/RJ";"Pista Norte";"Colisão traseira";2;0;0;0;0;0;0;0;0;0;5;0;0;0;0
"27/03/2024";"02:12:00";"459";"Acidente c";"150.4";"BR-116/SP";"Pista Sul";"Colisão traseira";1;0;1;0;0;0;0;0;0;0;1;1;0;0;0
"27/03/2024";"03:12:00";"467";"Acidente c";"216.5";"BR-116/SP";"Pista Norte";"Abalroamento longitudinal";1;0;0;1;0;0;0;0;0;0;4;0;1;0;0
"27/03/2024";"03:12:00";"472";"Acidente c";"499";"BR-101/RJ";"Pista Norte";"Choque em objeto fixo";1;0;0;0;0;0;0;0;0;0;0;1;0;0;0
"27/03/2024";"03:12:00";"487";"Acidente c";"495";"BR-101/RJ";"Pista Sul";"Colisão frontal";1;0;1;1;0;0;0;0;0;0;0;1;1;1;0
"27/03/2024";"04:12:00";"512";"Acidente c";"107";"BR-116/SP";"Pista Norte";"Engavetamento";1;0;1;0;1;0;0;0;0;0;28;1;0;0;0
"27/03/2024";"04:12:00";"505";"Acidente c";"226";"BR-116/RJ";"Pista Norte";"Queda de moto";0;0;0;1;0;0;0;0;0;0;0;0;1;0;0
"27/03/2024";"05:12:00";"89";"Acidente c";"456";"BR-101/RJ";"Pista Sul";"Capotamento";1;0;0;0;0;0;0;0;0;0;0;1;0;0;0
"27/03/2024";"06:12:00";"555";"Acidente c";"218.5";"BR-116/SP";"Pista Sul";"Abalroamento longitudinal";1;0;0;2;0;0;0;0;0;0;1;3;0;0;0
"27/03/2024";"06:12:00";"114";"Acidente c";"227.2";"BR-116/SP";"Pista Sul";"Queda de moto";0;0;0;1;0;0;0;0;0;0;0;1;0;0;0
"27/03/2024";"06:12:00";"151";"Acidente c";"36.7";"BR-116/SP";"Pista Sul";"Engavetamento";3;0;0;0;0;1;0;0;0;0;6;1;0;0;0
"27/03/2024";"07:12:00";"168";"Acidente s";"22.1";"BR-116/SP";"Pista Sul";"Choque em barreira New Jersey";1;0;0;0;0;0;0;0;0;0;2;0;0;0;0
"27/03/2024";"07:12:00";"186";"Acidente c";"155.5";"BR-116/SP";"Pista Sul";"Abalroamento longitudinal";2;0;0;1;0;0;0;0;0;0;2;1;0;0;0
"27/03/2024";"07:12:00";"593";"Acidente c";"224.8";"BR-116/SP";"Pista Norte";"Abalroamento longitudinal";1;0;0;1;0;0;0;0;0;0;1;2;0;0;0
"27/03/2024";"07:12:00";"612";"Acidente s";"216.4";"BR-116/SP";"Pista Norte";"Engavetamento";1;0;1;0;0;0;0;0;0;1;3;0;0;0;0
"27/03/2024";"08:12:00";"633";"Acidente s";"146";"BR-116/SP";"Pista Norte";"Choque em objeto fixo";0;0;0;0;0;0;0;0;0;1;1;0;0;0;0
"27/03/2024";"10:12:00";"305";"Acidente c";"384";"BR-101/RJ";"Pista Norte";"Engavetamento";3;0;0;0;0;0;0;0;0;0;2;1;0;0;0
"27/03/2024";"10:12:00";"318";"Acidente c";"218.8";"BR-116/SP";"Pista Sul";"Colisão traseira";4;0;0;0;0;0;0;0;0;0;6;1;1;0;0
"27/03/2024";"10:12:00";"702";"Acidente s";"146.5";"BR-116/SP";"Pista Norte";"Engavetamento";4;0;0;0;0;0;0;0;0;1;21;0;0;0;0
"27/03/2024";"12:03:00";"23";"Acidente c";"35";"BR-116/SP";"Pista Sul";"Colisão traseira";0;0;2;0;0;0;0;0;0;0;0;1;0;0;0
"27/03/2024";"12:12:00";"386";"Acidente s";"155.4";"BR-116/SP";"Pista Sul";"Choque em barreira New Jersey";1;0;0;0;0;0;0;0;0;0;2;0;0;0;0
"28/03/2024";"01:12:00";"371";"Acidente c";"221.35";"BR-116/SP";"Pista Norte";"Colisão traseira";0;0;0;1;0;0;0;0;0;1;1;1;0;0;0
"28/03/2024";"01:12:00";"384";"Acidente s";"206";"BR-116/SP";"Pista Sul";"Engavetamento";4;0;0;0;0;0;0;0;0;0;4;0;0;0;0
"28/03/2024";"01:12:00";"394";"Acidente s";"225.8";"BR-116/RJ";"Pista Sul";"Choque em defensa";1;0;0;0;0;0;0;0;0;0;1;0;0;0;0
"28/03/2024";"02:12:00";"408";"Acidente s";"231";"BR-116/SP";"Pista Sul";"Choque em barreira New Jersey";1;0;0;0;0;0;0;0;0;0;1;0;0;0;0
"28/03/2024";"03:12:00";"56";"Acidente s";"492.3";"BR-101/RJ";"Pista Norte";"Choque em objeto fixo";1;0;0;0;0;0;0;0;0;0;1;0;0;0;0
"28/03/2024";"03:12:00";"58";"Acidente s";"93.5";"BR-116/SP";"Pista Norte";"Atropelamento de animal";0;0;0;0;1;0;0;0;0;0;0;0;0;0;0
"28/03/2024";"03:12:00";"429";"Acidente c";"476";"BR-101/RJ";"Pista Sul";"Abalroamento longitudinal";1;0;0;1;0;0;0;0;0;0;1;2;0;0;0
"28/03/2024";"03:12:00";"431";"Acidente s";"269.7";"BR-116/RJ";"Pista Norte";"Choque em objeto fixo";1;0;0;0;0;0;0;0;0;0;1;0;0;0;0
"28/03/2024";"03:12:00";"451";"Acidente s";"295";"BR-116/RJ";"Pista Sul";"Choque em defensa";1;0;0;0;0;0;0;0;0;0;1;0;0;0;0
"28/03/2024";"04:12:00";"505";"Atropelame";"489";"BR-101/RJ";"Pista Norte";"Atropelamento de pedestre atravessando";1;1;0;0;0;0;0;0;0;0;1;1;0;0;0
"28/03/2024";"04:12:00";"473";"Acidente s";"432.5";"BR-101/RJ";"Pista Norte";"Choque em objeto fixo";1;0;0;0;0;0;0;0;0;0;2;0;0;0;0
"28/03/2024";"04:12:00";"491";"Acidente s";"157";"BR-116/SP";"Pista Norte";"Colisão traseira";2;0;0;0;0;0;0;0;0;0;2;0;0;0;0
"28/03/2024";"04:12:00";"492";"Acidente s";"208";"BR-116/SP";"Pista Sul";"Abalroamento longitudinal";1;0;0;0;0;1;0;0;0;0;3;0;0;0;0
"28/03/2024";"05:12:00";"510";"Acidente s";"226";"BR-116/RJ";"Pista Norte";"Choque em defensa";1;0;0;0;0;0;0;0;0;0;1;0;0;0;0
"28/03/2024";"05:12:00";"514";"Acidente s";"293.7";"BR-116/RJ";"Pista Sul";"Choque em objeto fixo";0;0;1;0;0;0;0;0;0;0;1;0;0;0;0
"28/03/2024";"05:12:00";"528";"Acidente s";"43.5";"BR-101/SP";"Pista Sul";"Choque em objeto fixo";1;0;0;0;0;0;0;0;0;0;0;0;0;0;0
"28/03/2024";"05:12:00";"530";"Acidente s";"388.1";"BR-101/RJ";"Pista Sul";"Tombamento";0;0;1;0;0;0;0;0;0;0;1;0;0;0;0
"28/03/2024";"06:12:00";"114";"Acidente c";"204.3";"BR-116/SP";"Pista Norte";"Queda de moto";0;0;0;1;0;0;0;0;0;0;0;1;0;0;0
"28/03/2024";"06:12:00";"543";"Acidente s";"134";"BR-116/SP";"Pista Norte";"Colisão traseira";2;0;0;0;0;0;0;0;0;0;2;0;0;0;0
"28/03/2024";"06:12:00";"557";"Acidente s";"485";"BR-101/RJ";"Pista Sul";"Colisão traseira";1;0;0;1;0;0;0;0;0;0;4;0;0;0;0
"28/03/2024";"07:12:00";"145";"Acidente s";"103.9";"BR-116/SP";"Pista Norte";"Engavetamento";3;0;0;0;0;0;0;0;0;0;4;0;0;0;0
"28/03/2024";"07:12:00";"159";"Acidente c";"220";"BR-116/SP";"Pista Norte";"Engavetamento";2;0;0;1;0;0;0;0;0;0;2;1;0;0;0
"28/03/2024";"07:12:00";"179";"Acidente s";"101.2";"BR-116/SP";"Pista Norte";"Colisão traseira";1;0;0;0;0;1;0;0;0;0;2;0;0;0;0
"28/03/2024";"07:12:00";"618";"Acidente s";"88.5";"BR-116/SP";"Pista Norte";"Colisão traseira";1;0;0;0;0;1;0;0;0;0;2;0;0;0;0
"28/03/2024";"07:12:00";"624";"Acidente c";"164";"BR-116/SP";"Pista Norte";"Engavetamento";3;0;0;0;0;0;0;0;0;0;2;1;0;0;0
"28/03/2024";"08:12:00";"194";"Acidente c";"210";"BR-116/SP";"Pista Norte";"Engavetamento";0;0;0;1;0;2;0;0;0;1;3;0;1;0;0
"28/03/2024";"08:12:00";"217";"Acidente s";"135.1";"BR-116/SP";"Pista Sul";"Colisão traseira";1;0;1;0;0;0;0;0;0;0;2;0;0;0;0
"28/03/2024";"08:12:00";"654";"Acidente c";"224.3";"BR-116/SP";"Pista Norte";"Engavetamento";3;0;0;0;0;0;0;0;0;0;2;1;0;0;0
"28/03/2024";"09:12:00";"219";"Acidente s";"236";"BR-116/RJ";"Pista Norte";"Choque em barreira New Jersey";0;0;1;0;0;0;0;0;0;0;1;0;0;0;0
"28/03/2024";"09:12:00";"225";"Acidente c";"234";"BR-116/RJ";"Pista Norte";"Capotamento";1;0;0;0;0;0;0;0;0;0;0;2;0;0;0
"28/03/2024";"09:12:00";"252";"Acidente s";"201";"BR-116/SP";"Pista Sul";"Abalroamento longitudinal";1;0;1;0;0;0;0;0;0;0;0;0;0;0;0
"28/03/2024";"09:12:00";"681";"Acidente s";"261.67";"BR-116/RJ";"Pista Norte";"Colisão traseira";0;0;1;0;0;0;0;0;0;1;2;0;0;0;0
"28/03/2024";"09:12:00";"686";"Acidente c";"221.4";"BR-116/SP";"Pista Norte";"Abalroamento longitudinal";1;0;0;1;0;0;0;0;0;0;3;2;0;0;0
"28/03/2024";"09:12:00";"695";"Acidente s";"335.2";"BR-116/RJ";"Pista Norte";"Choque em barreira New Jersey";1;0;0;0;0;0;0;0;0;0;1;0;0;0;0
"28/03/2024";"09:12:00";"696";"Acidente s";"324";"BR-116/RJ";"Pista Norte";"Choque em barreira New Jersey";1;0;0;0;0;0;0;0;0;0;2;0;0;0;0
"28/03/2024";"09:12:00";"700";"Acidente s";"164.3";"BR-116/SP";"Pista Norte";"Abalroamento longitudinal";2;0;0;0;0;0;0;0;0;0;4;0;0;0;0
"28/03/2024";"10:12:00";"269";"Acidente s";"232.5";"BR-116/RJ";"Pista Norte";"Choque em objeto fixo";1;0;0;0;0;0;0;0;0;0;2;0;0;0;0
"28/03/2024";"10:12:00";"289";"Acidente s";"413.1";"BR-101/RJ";"Pista Norte";"Queda de ribanceira";1;0;0;0;0;0;0;0;0;0;1;0;0;0;0
"28/03/2024";"10:12:00";"290";"Acidente s";"101.5";"BR-116/SP";"Pista Sul";"Colisão traseira";1;0;1;0;0;0;0;0;0;0;4;0;0;0;0
"28/03/2024";"10:12:00";"291";"Acidente s";"137";"BR-116/SP";"Pista Sul";"Engavetamento";2;0;0;0;0;2;0;0;0;0;4;0;0;0;0
"28/03/2024";"10:12:00";"714";"Acidente c";"227.6";"BR-116/SP";"Pista Norte";"Colisão traseira";1;0;0;1;0;0;0;0;0;0;1;1;0;0;0
"28/03/2024";"11:12:00";"740";"Acidente s";"213.6";"BR-116/SP";"Pista Sul";"Choque em objeto fixo";1;0;0;0;0;0;0;0;0;0;1;0;0;0;0
"28/03/2024";"11:12:00";"742";"Acidente s";"64.9";"BR-116/SP";"Pista Norte";"Choque em barreira New Jersey";1;0;0;0;0;0;0;0;0;0;3;0;0;0;0
"28/03/2024";"12:12:00";"355";"Acidente s";"239.1";"BR-116/RJ";"Pista Norte";"Colisão traseira";0;0;2;0;0;0;0;0;0;0;2;0;0;0;0
"28/03/2024";"12:12:00";"357";"Acidente s";"69.3";"BR-116/SP";"Pista Sul";"Choque em barreira New Jersey";1;0;0;0;0;0;0;0;0;0;1;0;0;0;0
"29/03/2024";"01:12:00";"56";"Acidente s";"179.5";"BR-116/SP";"Pista Norte";"Choque em barreira New Jersey";1;0;1;0;0;0;0;0;0;1;4;0;0;0;0
"29/03/2024";"01:12:00";"62";"Acidente c";"485";"BR-101/RJ";"Pista Sul";"Choque em objeto fixo";1;0;0;0;0;0;0;0;0;0;1;0;1;0;0