data;horario;n_da_ocorrencia;tipo_de_ocorrencia;km;trecho;sentido;tipo_de_acidente;automovel;bicicleta;caminhao;moto;onibus;outros;tracao_animal;transporte_de_cargas_especiais;trator_maquinas;utilitarios;ilesos;levemente_feridos;moderadamente_feridos;gravemente_feridos;mortos
"29/03/2024";"02:12:00";"433";"Acidente s";"144.6";"BR-116/SP";"Pista Norte";"Colisão traseira";2;0;0;0;0;0;0;0;0;0;6;0;0;0;0
"29/03/2024";"02:12:00";"442";"Acidente s";"226";"BR-116/RJ";"Pista Norte";"Choque em barreira New Jersey";1;0;0;0;0;0;0;0;0;0;1;0;0;0;0
"29/03/2024";"02:12:00";"448";"Acidente s";"226";"BR-116/RJ";"Pista Norte";"Choque em barreira New Jersey";0;0;1;0;0;0;0;0;0;0;1;0;0;0;0
"29/03/2024";"03:12:00";"91";"Acidente s";"38";"BR-116/SP";"Pista Norte";"Choque em objeto fixo";1;0;0;0;0;0;0;0;0;0;2;0;0;0;0
"29/03/2024";"06:12:00";"565";"Acidente s";"145.3";"BR-116/SP";"Pista Sul";"Choque em objeto fixo";1;0;0;0;0;0;0;0;0;0;2;0;0;0;0
"29/03/2024";"07:12:00";"610";"Acidente s";"2.7";"BR-116/SP";"Pista Norte";"Choque em barreira New Jersey";1;0;0;0;0;0;0;0;0;0;1;0;0;0;0
"29/03/2024";"07:12:00";"612";"Acidente s";"62";"BR-116/SP";"Pista Sul";"Abalroamento longitudinal";1;0;0;0;1;0;0;0;0;0;55;0;0;0;0
"29/03/2024";"08:12:00";"226";"Acidente s";"117";"BR-116/SP";"Pista Norte";"Queda de moto";0;0;0;1;0;0;0;0;0;0;1;0;0;0;0
"29/03/2024";"08:12:00";"633";"Acidente s";"117.75";"BR-116/SP";"Pista Norte";"Choque em objeto fixo";1;0;0;0;0;0;0;0;0;0;2;0;0;0;0
"29/03/2024";"10:12:00";"658";"Acidente s";"539.4";"BR-101/RJ";"Pista Norte";"Choque em objeto fixo";1;0;0;0;0;0;0;0;0;0;3;0;0;0;0
"29/03/2024";"11:12:00";"684";"Acidente c";"552";"BR-101/RJ";"Pista Norte";"Colisão traseira";2;0;0;0;0;0;0;0;0;0;0;5;2;0;0
"29/03/2024";"12:12:00";"38";"Acidente c";"520.7";"BR-101/RJ";"Pista Sul";"Choque em objeto fixo";1;0;0;0;0;0;0;0;0;0;0;4;0;0;0
"30/03/2024";"02:12:00";"394";"Atropelame";"226.6";"BR-116/SP";"Pista Norte";"Atropelamento de pedestre atravessando";0;1;0;0;0;1;0;0;0;0;1;0;1;0;0
"30/03/2024";"02:12:00";"409";"Acidente s";"245";"BR-116/RJ";"Pista Norte";"Choque em barreira New Jersey";1;0;0;0;0;0;0;0;0;0;1;0;0;0;0
"30/03/2024";"03:12:00";"50";"Acidente s";"484.5";"BR-101/RJ";"Pista Norte";"Choque em objeto fixo";1;0;0;0;0;0;0;0;0;0;1;0;0;0;0
"30/03/2024";"03:12:00";"437";"Acidente s";"287";"BR-116/RJ";"Pista Norte";"Choque em objeto fixo";1;0;0;0;0;0;0;0;0;0;1;0;0;0;0
"30/03/2024";"04:12:00";"474";"Acidente s";"146";"BR-116/SP";"Pista Sul";"Engavetamento";3;0;0;0;0;0;0;0;0;0;3;0;0;0;0
"30/03/2024";"04:12:00";"486";"Acidente c";"43";"BR-101/SP";"Pista Sul";"Abalroamento longitudinal";1;0;0;1;0;0;0;0;0;0;2;1;0;0;0
"30/03/2024";"05:12:00";"73";"Acidente c";"195.8";"BR-116/SP";"Pista Sul";"Choque em barreira New Jersey";0;0;0;0;0;0;0;0;0;1;0;0;1;0;0
"30/03/2024";"05:12:00";"523";"Acidente s";"80.4";"BR-116/SP";"Pista Sul";"Abalroamento longitudinal";2;0;0;0;0;1;0;0;0;0;1;0;0;0;0
"30/03/2024";"05:12:00";"524";"Acidente s";"280.5";"BR-116/RJ";"Pista Sul";"Choque em barreira New Jersey";1;0;0;0;0;0;0;0;0;0;1;0;0;0;0
"30/03/2024";"06:12:00";"550";"Acidente s";"33.1";"BR-116/SP";"Pista Sul";"Atropelamento de animal";1;0;1;0;0;0;0;0;0;0;0;0;0;0;0
"30/03/2024";"06:12:00";"554";"Acidente c";"151";"BR-116/SP";"Pista Sul";"Abalroamento longitudinal";1;0;1;0;0;0;0;0;0;0;1;0;2;0;0
"30/03/2024";"07:12:00";"564";"Acidente c";"48.7";"BR-101/SP";"Pista Sul";"Abalroamento longitudinal";1;0;0;0;0;1;0;0;0;0;2;1;0;0;0
"30/03/2024";"07:12:00";"565";"Acidente s";"34";"BR-116/SP";"Pista Norte";"Choque Talude";0;0;1;0;0;0;0;0;0;0;0;0;0;0;0
"30/03/2024";"07:12:00";"580";"Acidente c";"209";"BR-116/SP";"Pista Norte";"Colisão traseira";1;0;0;1;0;0;0;0;0;0;1;0;1;0;0
"30/03/2024";"08:12:00";"183";"Acidente c";"386";"BR-101/RJ";"Pista Sul";"Abalroamento longitudinal";1;0;1;0;0;0;0;0;0;0;2;0;1;0;0
"30/03/2024";"08:12:00";"189";"Acidente s";"15.65";"BR-116/SP";"Pista Sul";"Choque em barreira New Jersey";0;0;1;0;0;0;0;0;0;0;1;0;0;0;0
"30/03/2024";"08:12:00";"612";"Acidente s";"158.5";"BR-116/SP";"Pista Sul";"Choque em defensa";1;0;0;0;0;1;0;0;0;0;2;0;0;0;0
"30/03/2024";"09:12:00";"631";"Acidente s";"243";"BR-116/RJ";"Pista Norte";"Abalroamento longitudinal";1;0;0;0;0;1;0;0;0;0;2;0;0;0;0
"30/03/2024";"10:12:00";"666";"Acidente s";"208";"BR-116/SP";"Pista Norte";"Choque em objeto fixo";1;0;0;0;0;0;0;0;0;0;0;0;0;0;0
"30/03/2024";"10:12:00";"673";"Acidente c";"51.7";"BR-101/SP";"Pista Sul";"Colisão frontal";1;0;0;1;0;0;0;0;0;0;3;1;0;0;0
"30/03/2024";"12:12:00";"332";"Acidente s";"213.5";"BR-116/SP";"Pista Norte";"Colisão traseira";1;0;0;0;0;0;0;0;0;1;2;0;0;0;0
"31/03/2024";"01:12:00";"294";"Acidente s";"171.5";"BR-116/SP";"Pista Norte";"Capotamento";0;0;1;0;0;0;0;0;0;0;2;0;0;0;0
"31/03/2024";"01:12:00";"295";"Acidente s";"210.5";"BR-116/SP";"Pista Sul";"Abalroamento longitudinal";1;0;0;1;0;0;0;0;0;0;2;0;0;0;0
"31/03/2024";"02:12:00";"46";"Acidente c";"147.7";"BR-116/SP";"Pista Sul";"Engavetamento";3;0;0;0;0;0;0;0;0;0;2;1;2;0;0
"31/03/2024";"02:12:00";"53";"Acidente s";"202";"BR-116/SP";"Pista Norte";"Choque em objeto fixo";1;0;0;0;0;0;0;0;0;0;1;0;0;0;0
"31/03/2024";"02:12:00";"326";"Acidente s";"101.4";"BR-116/SP";"Pista Sul";"Engavetamento";3;0;0;0;0;0;0;0;0;0;13;0;0;0;0
"31/03/2024";"02:12:00";"345";"Acidente s";"102.8";"BR-116/SP";"Pista Sul";"Engavetamento";1;0;0;0;0;4;0;0;0;0;7;0;0;0;0
"31/03/2024";"03:12:00";"352";"Acidente c";"99.2";"BR-116/SP";"Pista Sul";"Colisão traseira";0;0;0;1;0;1;0;0;0;0;1;0;2;0;0
"31/03/2024";"03:12:00";"372";"Acidente s";"99.2";"BR-116/SP";"Pista Sul";"Colisão traseira";2;0;0;0;0;0;0;0;0;0;2;0;0;0;0
"31/03/2024";"04:12:00";"73";"Atropelame";"424.9";"BR-101/RJ";"Pista Sul";"Atropelamento de pedestre caminhando";1;0;0;0;0;0;0;0;0;0;1;0;0;1;0
"31/03/2024";"04:12:00";"407";"Acidente s";"86.95";"BR-116/SP";"Pista Norte";"Colisão traseira";0;0;2;0;0;0;0;0;0;0;2;0;0;0;0
"31/03/2024";"04:12:00";"428";"Acidente c";"176";"BR-116/SP";"Pista Sul";"Capotamento";1;0;0;0;0;0;0;0;0;0;3;1;0;0;0
"31/03/2024";"04:12:00";"432";"Acidente s";"89.9";"BR-116/SP";"Pista Sul";"Colisão traseira";1;0;0;0;0;1;0;0;0;0;2;0;0;0;0
"31/03/2024";"05:12:00";"84";"Acidente c";"88";"BR-116/SP";"Pista Norte";"Colisão traseira";1;0;0;0;1;0;0;0;0;0;45;0;3;0;0
"31/03/2024";"05:12:00";"443";"Acidente s";"284.2";"BR-116/RJ";"Pista Sul";"Engavetamento";3;0;0;0;0;0;0;0;0;0;3;0;0;0;0
"31/03/2024";"05:12:00";"453";"Acidente c";"562";"BR-101/RJ";"Pista Sul";"Colisão frontal";3;0;0;0;0;0;0;0;0;0;5;1;0;0;0
"31/03/2024";"05:12:00";"457";"Acidente c";"151";"BR-116/SP";"Pista Sul";"Abalroamento longitudinal";1;0;0;1;0;0;0;0;0;0;3;2;0;0;0
"31/03/2024";"05:12:00";"468";"Acidente s";"90.5";"BR-116/SP";"Pista Sul";"Engavetamento";3;0;0;0;0;0;0;0;0;0;8;0;0;0;0
"31/03/2024";"06:12:00";"473";"Acidente s";"265.9";"BR-116/RJ";"Pista Norte";"Colisão traseira";1;0;0;0;0;1;0;0;0;0;2;0;0;0;0
"31/03/2024";"06:12:00";"489";"Acidente c";"425";"BR-101/RJ";"Pista Norte";"Abalroamento longitudinal";1;0;0;1;0;0;0;0;0;0;0;3;0;0;0
"31/03/2024";"07:12:00";"519";"Acidente s";"140.3";"BR-116/SP";"Pista Sul";"Colisão traseira";2;0;0;0;0;0;0;0;0;0;4;0;0;0;0
"31/03/2024";"07:12:00";"520";"Acidente c";"131";"BR-116/SP";"Pista Sul";"Engavetamento";1;0;0;1;0;1;0;0;0;0;6;1;0;0;0
"31/03/2024";"08:12:00";"161";"Acidente c";"153.4";"BR-116/SP";"Pista Norte";"Queda de moto";0;0;0;1;0;0;0;0;0;0;0;2;0;0;0
"31/03/2024";"08:12:00";"170";"Atropelame";"31.9";"BR-101/SP";"Pista Norte";"Atropelamento de pedestre atravessando";1;0;0;0;0;0;0;0;0;0;1;0;1;0;0
"31/03/2024";"09:12:00";"586";"Acidente c";"569";"BR-101/RJ";"Pista Sul";"Capotamento";1;0;0;0;0;0;0;0;0;0;0;1;0;0;0
"31/03/2024";"09:12:00";"589";"Acidente s";"63.3";"BR-116/SP";"Pista Norte";"Colisão traseira";1;0;1;0;0;0;0;0;0;0;3;0;0;0;0
"31/03/2024";"09:12:00";"600";"Acidente s";"206.5";"BR-116/SP";"Pista Sul";"Abalroamento longitudinal";1;0;1;0;0;0;0;0;0;0;5;0;0;0;0
"31/03/2024";"11:12:00";"241";"Acidente s";"211.2";"BR-116/SP";"Pista Sul";"Engavetamento";2;0;0;0;0;4;0;0;0;0;11;0;0;0;0
"31/03/2024";"12:12:00";"269";"Acidente s";"145.9";"BR-116/SP";"Pista Sul";"Engavetamento";5;0;0;0;0;0;0;0;0;0;13;0;0;0;0
"01/04/2024";"04:53:00";"205";"Com vítima";"107,000";"BR-116/SP";"Decrescente";"Queda de moto";0;0;0;1;0;0;0;0;0;0;0;0;0;0;0
"01/04/2024";"06:48:00";"299";"Sem vítima";"155,000";"BR-116/SP";"Crescente";"Colisão lateral em sentido contrário";1;0;1;0;0;0;0;0;0;0;2;0;0;0;0
"01/04/2024";"09:13:00";"387";"Sem vítima";"79,000";"BR-116/SP";"Crescente";"Colisão lateral em sentido contrário";1;0;0;0;0;0;0;0;0;0;2;0;0;0;0
"01/04/2024";"01:18:00";"540";"Sem vítima";"61,000";"BR-116/SP";"Crescente";"Colisão traseira";0;0;1;0;0;0;0;0;0;0;1;0;0;0;0
"01/04/2024";"04:35:00";"646";"Sem vítima";"142,000";"BR-116/SP";"Decrescente";"Engavetamento";3;0;0;0;0;0;0;0;0;0;4;0;0;0;0
"01/04/2024";"04:39:00";"650";"Com vítima";"544,000";"BR-101/SP";"Crescente";"Colisão traseira";2;0;0;0;0;0;0;0;0;0;0;0;0;0;0
"01/04/2024";"09:50:00";"34";"Com vítima";"298,000";"BR-116/SP";"Crescente";"Colisão traseira";0;0;1;0;0;0;0;0;0;0;0;0;0;0;0
"02/04/2024";"02:28:00";"91";"Com vítima";"304,000";"BR-116/SP";"Crescente";"Colisão traseira";1;0;1;0;0;0;0;0;0;0;0;0;0;0;0
"02/04/2024";"04:23:00";"156";"Com vítima";"65,000";"BR-116/SP";"Crescente";"Queda de moto";0;0;0;1;0;0;0;0;0;0;0;0;0;0;0
"02/04/2024";"05:07:00";"195";"Sem vítima";"157,000";"BR-116/SP";"Decrescente";"Colisão lateral em sentido contrário";1;0;0;0;0;0;0;0;0;0;2;0;0;0;0
"02/04/2024";"07:12:00";"295";"Sem vítima";"304,000";"BR-116/SP";"Crescente";"Colisão lateral em sentido contrário";0;0;2;0;0;0;0;0;0;0;2;0;0;0;0
"02/04/2024";"07:14:00";"296";"Sem vítima";"204,000";"BR-116/SP";"Crescente";"Colisão lateral em sentido contrário";1;0;0;0;0;0;0;0;0;0;2;0;0;0;0
"02/04/2024";"12:15:00";"461";"Com vítima";"526,000";"BR-101/SP";"Crescente";"Choque";1;0;0;0;0;0;0;0;0;0;1;0;0;0;0
"02/04/2024";"10:06:00";"40";"Sem vítima";"38,000";"BR-116/SP";"Crescente";"Colisão traseira";0;0;2;0;0;0;0;0;0;0;2;0;0;0;0
"02/04/2024";"10:27:00";"44";"Com vítima";"168,000";"BR-116/SP";"Decrescente";"Colisão traseira";1;0;0;0;0;0;0;0;0;0;0;0;0;0;0
"03/04/2024";"02:37:00";"82";"Sem vítima";"184,000";"BR-116/SP";"Crescente";"Choque";0;0;0;0;0;0;0;0;0;0;1;0;0;0;0
"03/04/2024";"10:35:00";"400";"Com vítima";"114,000";"BR-116/SP";"Decrescente";"Colisão traseira";0;0;0;1;0;0;0;0;0;1;1;0;0;0;0
"03/04/2024";"10:58:00";"415";"Sem vítima";"76,000";"BR-116/SP";"Decrescente";"Choque";1;0;0;0;0;0;0;0;0;0;1;0;0;0;0
"03/04/2024";"12:57:00";"485";"Com vítima";"339,000";"BR-116/SP";"Crescente";"Tombamento";0;0;1;0;0;0;0;0;0;0;0;0;0;0;0
"03/04/2024";"02:17:00";"532";"Com vítima";"35,000";"BR-116/SP";"Crescente";"Queda de moto";0;0;0;1;0;0;0;0;0;0;0;0;0;0;0
"03/04/2024";"04:52:00";"605";"Com vítima";"34,000";"BR-116/SP";"Crescente";"Queda de moto";0;0;0;1;0;0;0;0;0;0;0;0;0;0;0
"03/04/2024";"08:43:00";"691";"Sem vítima";"484,000";"BR-101/SP";"Crescente";"Choque";1;0;0;0;0;0;0;0;0;0;1;0;0;0;0
"04/04/2024";"02:05:00";"85";"Com vítima";"69,000";"BR-116/SP";"Crescente";"Choque";1;0;0;0;0;0;0;0;0;0;0;0;0;0;0
"04/04/2024";"03:47:00";"138";"Sem vítima";"386,000";"BR-101/SP";"Crescente";"Acidentes de outra natureza";1;0;0;0;0;0;0;0;0;0;0;0;0;0;0
"04/04/2024";"05:02:00";"222";"Com vítima";"233,000";"BR-116/SP";"Crescente";"Colisão traseira";1;0;1;0;0;0;0;0;0;0;1;0;0;0;0
"04/04/2024";"10:17:00";"452";"Sem vítima";"451,000";"BR-101/SP";"Crescente";"Choque";1;0;0;0;0;0;0;0;0;0;1;0;0;0;0
"04/04/2024";"11:57:00";"521";"Com vítima";"271,000";"BR-116/SP";"Crescente";"Engavetamento";1;0;3;0;0;0;0;0;0;0;4;0;0;0;2
"04/04/2024";"02:58:00";"606";"Sem vítima";"146,000";"BR-116/SP";"Decrescente";"Engavetamento";3;0;0;0;0;0;0;0;0;0;3;0;0;0;0
"04/04/2024";"05:28:00";"615";"Com vítima";"44,000";"BR-101/SP";"Crescente";"Colisão transversal";1;1;0;1;0;0;0;0;0;0;0;0;0;0;0
"04/04/2024";"05:39:00";"694";"Com vítima";"228,000";"BR-116/SP";"Crescente";"Atropelamento de pedestre";0;0;1;0;0;0;0;0;0;0;1;0;0;0;0
"04/04/2024";"09:00:00";"477";"Sem vítima";"273,000";"BR-116/SP";"Crescente";"Colisão lateral em sentido contrário";1;0;1;0;0;0;0;0;0;0;2;0;0;0;0
"05/04/2024";"01:12:00";"73";"Sem vítima";"22,000";"BR-116/SP";"Decrescente";"Choque";0;0;1;0;0;0;0;0;0;0;0;0;0;0;0
"05/04/2024";"03:33:00";"136";"Com vítima";"115,000";"BR-116/SP";"Decrescente";"Capotamento";1;0;0;0;0;0;0;0;0;0;0;0;0;0;0
"05/04/2024";"07:04:00";"347";"Com vítima";"103,000";"BR-116/SP";"Decrescente";"Queda de moto";0;0;0;1;0;0;0;0;0;0;0;0;0;0;0
"05/04/2024";"10:14:00";"448";"Sem vítima";"161,000";"BR-116/SP";"Decrescente";"Colisão traseira";0;0;1;0;0;0;0;0;0;1;3;0;0;0;0
"05/04/2024";"06:16:00";"721";"Com vítima";"470,000";"BR-101/SP";"Crescente";"Colisão lateral em sentido contrário";2;0;0;0;0;0;0;0;0;0;1;0;0;0;0
"05/04/2024";"08:22:00";"768";"Com vítima";"101,000";"BR-116/SP";"Decrescente";"Engavetamento";0;0;3;0;0;0;0;0;0;0;2;0;0;0;0
"06/04/2024";"05:01:00";"168";"Sem vítima";"81,000";"BR-116/SP";"Decrescente";"Colisão lateral em sentido contrário";0;0;2;0;0;0;0;0;0;0;5;0;0;0;0
"06/04/2024";"05:08:00";"171";"Sem vítima";"303,000";"BR-116/SP";"Crescente";"Colisão frontal";0;0;2;0;0;0;0;0;0;0;2;0;0;0;0
"06/04/2024";"05:23:00";"180";"Com vítima";"383,000";"BR-101/SP";"Crescente";"Atropelamento de pedestre";1;1;0;0;0;0;0;0;0;0;1;0;0;0;0
"06/04/2024";"05:56:00";"197";"Com vítima";"208,000";"BR-116/SP";"Crescente";"Engavetamento";1;0;1;0;0;0;0;0;0;0;2;0;0;0;0
"06/04/2024";"06:37:00";"224";"Sem vítima";"135,000";"BR-116/SP";"Crescente";"Colisão traseira";2;0;0;0;0;0;0;0;0;0;3;0;0;0;0
"06/04/2024";"07:39:00";"248";"Sem vítima";"210,000";"BR-116/SP";"Crescente";"Colisão traseira";2;0;0;0;0;0;0;0;0;0;3;0;0;0;0
"06/04/2024";"07:58:00";"260";"Sem vítima";"157,000";"BR-116/SP";"Decrescente";"Colisão traseira";2;0;0;0;0;0;0;0;0;0;2;0;0;0;0
"06/04/2024";"08:26:00";"269";"Sem vítima";"332,000";"BR-116/SP";"Decrescente";"Colisão traseira";1;0;1;0;0;0;0;0;0;0;2;0;0;0;0
"06/04/2024";"08:39:00";"277";"Com vítima";"147,000";"BR-116/SP";"Crescente";"Colisão lateral em sentido contrário";1;0;0;1;0;0;0;0;0;0;2;0;0;0;0
"06/04/2024";"08:50:00";"286";"Com vítima";"280,000";"BR-116/SP";"Decrescente";"Capotamento";1;0;0;0;0;0;0;0;0;0;0;0;0;0;0
"06/04/2024";"10:04:00";"308";"Com vítima";"269,000";"BR-116/SP";"Crescente";"Colisão lateral em sentido contrário";1;0;0;0;0;0;0;0;0;0;2;0;0;0;0
"06/04/2024";"11:35:00";"354";"Com vítima";"211,000";"BR-116/SP";"Crescente";"Engavetamento";4;0;0;0;0;0;0;0;0;0;4;0;0;0;0
"06/04/2024";"12:33:00";"375";"Com vítima";"209,000";"BR-116/SP";"Crescente";"Colisão lateral em sentido contrário";0;0;0;2;0;0;0;0;0;0;1;0;0;0;0
"06/04/2024";"01:12:00";"404";"Sem vítima";"122,000";"BR-116/SP";"Crescente";"Choque";1;0;0;0;0;0;0;0;0;0;2;0;0;0;0
"06/04/2024";"01:20:00";"410";"Com vítima";"242,000";"BR-116/SP";"Decrescente";"Colisão traseira";2;0;0;0;0;0;0;0;0;0;1;0;0;0;0
"06/04/2024";"02:38:00";"445";"Com vítima";"155,000";"BR-116/SP";"Crescente";"Engavetamento";2;0;0;0;0;0;0;0;0;0;3;0;0;0;0
"07/04/2024";"01:50:00";"82";"Com vítima";"119,000";"BR-116/SP";"Decrescente";"Colisão traseira";6;0;0;0;0;0;0;0;0;0;5;0;0;0;0
"07/04/2024";"03:35:00";"109";"Com vítima";"197,000";"BR-116/SP";"Decrescente";"Capotamento";1;0;0;0;0;0;0;0;0;0;0;0;0;0;0
"07/04/2024";"06:21:00";"194";"Sem vítima";"541,000";"BR-101/SP";"Crescente";"Choque";1;0;0;0;0;0;0;0;0;0;1;0;0;0;0
"07/04/2024";"06:59:00";"211";"Com vítima";"390,000";"BR-101/SP";"Crescente";"Choque";1;0;0;0;0;0;0;0;0;0;0;0;0;0;0
"07/04/2024";"11:08:00";"327";"Com vítima";"204,000";"BR-116/SP";"Crescente";"Colisão lateral em sentido contrário";0;0;0;2;0;0;0;0;0;0;0;0;0;0;0
"07/04/2024";"02:02:00";"422";"Sem vítima";"106,000";"BR-116/SP";"Crescente";"Colisão traseira";1;0;0;0;0;0;0;0;0;0;0;0;0;0;0
"07/04/2024";"03:06:00";"448";"Com vítima";"163,000";"BR-116/SP";"Crescente";"Colisão traseira";1;0;0;1;0;0;0;0;0;0;2;0;0;0;0
"07/04/2024";"03:15:00";"450";"Sem vítima";"431,000";"BR-101/SP";"Crescente";"Choque";0;0;0;0;0;0;0;0;0;0;0;0;0;0;0
"07/04/2024";"04:12:00";"480";"Com vítima";"77,000";"BR-116/SP";"Crescente";"Choque";1;0;0;0;0;0;0;0;0;0;0;0;0;0;0
"07/04/2024";"06:18:00";"534";"Sem vítima";"207,000";"BR-116/SP";"Crescente";"Colisão traseira";2;0;0;0;0;0;0;0;0;0;2;0;0;0;0
"07/04/2024";"06:20:00";"535";"Sem vítima";"86,000";"BR-116/SP";"Crescente";"Colisão traseira";0;0;0;0;0;0;0;0;0;0;0;0;0;0;0
"07/04/2024";"07:21:00";"551";"Sem vítima";"69,000";"BR-116/SP";"Decrescente";"Colisão traseira";0;0;1;0;0;0;0;0;0;0;3;0;0;0;0
"08/04/2024";"02:54:00";"94";"Sem vítima";"195,000";"BR-116/SP";"Crescente";"Engavetamento";0;0;0;0;0;0;0;0;0;0;0;0;0;0;0
"08/04/2024";"03:55:00";"126";"Com vítima";"335,000";"BR-116/SP";"Crescente";"Atropelamento de pedestre";0;1;0;0;0;0;0;0;0;0;0;0;0;0;0
"08/04/2024";"04:41:00";"174";"Sem vítima";"261,000";"BR-116/SP";"Crescente";"Colisão lateral em sentido contrário";0;0;0;0;0;0;0;0;0;0;0;0;0;0;0
"08/04/2024";"07:22:00";"295";"Com vítima";"279,000";"BR-116/SP";"Crescente";"Queda de moto";0;0;0;1;0;0;0;0;0;0;0;0;0;0;0
"08/04/2024";"08:56:00";"351";"Com vítima";"211,000";"BR-116/SP";"Crescente";"Colisão traseira";0;0;0;0;0;0;0;0;0;0;0;0;0;0;0
"08/04/2024";"12:22:00";"467";"Com vítima";"406,000";"BR-101/SP";"Crescente";"Colisão frontal";0;0;0;0;0;0;0;0;0;0;0;0;0;0;0
"08/04/2024";"03:34:00";"554";"Com vítima";"321,000";"BR-116/SP";"Decrescente";"Choque";0;0;1;0;0;0;0;0;0;0;0;0;0;0;0
"08/04/2024";"07:01:00";"638";"Sem vítima";"110,000";"BR-116/SP";"Crescente";"Colisão traseira";1;0;1;0;0;0;0;0;0;0;3;0;0;0;0
"08/04/2024";"07:05:00";"639";"Com vítima";"155,000";"BR-116/SP";"Crescente";"Choque";1;0;0;0;0;0;0;0;0;0;0;0;0;0;0
"09/04/2024";"01:46:00";"69";"Com vítima";"184,000";"BR-116/SP";"Crescente";"Colisão traseira";0;0;2;0;0;0;0;0;0;0;1;0;0;0;0
"09/04/2024";"03:47:00";"128";"Sem vítima";"140,000";"BR-116/SP";"Crescente";"Colisão traseira";1;0;1;0;0;0;0;0;0;0;3;0;0;0;0
"09/04/2024";"03:59:00";"134";"Sem vítima";"184,000";"BR-116/SP";"Crescente";"Colisão traseira";2;0;0;0;0;0;0;0;0;0;2;0;0;0;0
"09/04/2024";"04:37:00";"174";"Com vítima";"86,000";"BR-116/SP";"Crescente";"Choque";1;0;0;0;0;0;0;0;0;0;0;0;0;0;0
"09/04/2024";"05:10:00";"199";"Com vítima";"211,000";"BR-116/SP";"Crescente";"Colisão traseira";0;0;0;0;0;0;0;0;0;1;0;0;0;0;0
"09/04/2024";"06:15:00";"254";"Sem vítima";"211,000";"BR-116/SP";"Decrescente";"Colisão traseira";2;0;0;0;0;0;0;0;0;0;2;0;0;0;0
"09/04/2024";"06:45:00";"276";"Com vítima";"213,000";"BR-116/SP";"Decrescente";"Colisão traseira";0;0;1;1;0;0;0;0;0;0;1;0;0;0;0
"09/04/2024";"07:13:00";"290";"Sem vítima";"210,000";"BR-116/SP";"Decrescente";"Colisão traseira";0;0;1;0;0;0;0;0;0;1;1;0;0;0;0
"09/04/2024";"08:31:00";"341";"Com vítima";"28,000";"BR-116/SP";"Decrescente";"Colisão traseira";1;0;0;0;0;0;0;0;0;0;0;0;0;0;0
"09/04/2024";"11:19:00";"436";"Com vítima";"6,000";"BR-116/SP";"Crescente";"Capotamento";1;0;0;0;0;0;0;0;0;0;0;0;0;0;0
"09/04/2024";"01:49:00";"544";"Sem vítima";"296,000";"BR-116/SP";"Decrescente";"Engavetamento";4;0;1;0;0;0;0;0;0;0;0;0;0;0;0
"09/04/2024";"02:51:00";"572";"Com vítima";"302,000";"BR-116/SP";"Decrescente";"Queda de moto";0;0;0;1;0;0;0;0;0;0;0;0;0;0;0
"09/04/2024";"04:55:00";"625";"Sem vítima";"224,000";"BR-116/SP";"Decrescente";"Colisão traseira";2;0;0;0;0;0;0;0;0;0;2;0;0;0;0
"09/04/2024";"06:47:00";"663";"Com vítima";"229,000";"BR-116/SP";"Decrescente";"Choque";0;0;1;0;0;0;0;0;0;0;0;0;0;0;0
"10/04/2024";"01:35:00";"68";"Sem vítima";"447,000";"BR-101/SP";"Crescente";"Choque";1;0;0;0;0;0;0;0;0;0;1;0;0;0;0
"10/04/2024";"02:09:00";"81";"Sem vítima";"153,000";"BR-116/SP";"Decrescente";"Colisão lateral em sentido contrário";1;0;0;0;1;0;0;0;0;0;2;0;0;0;0
"10/04/2024";"02:42:00";"94";"Sem vítima";"77,000";"BR-116/SP";"Crescente";"Atropelamento de animal";1;0;0;0;0;0;0;0;0;0;1;0;0;0;0
"10/04/2024";"02:44:00";"95";"Com vítima";"232,000";"BR-116/SP";"Decrescente";"Colisão lateral em sentido contrário";0;0;0;1;0;0;0;0;0;0;0;0;0;0;0
"10/04/2024";"02:52:00";"100";"Com vítima";"17,000";"BR-116/SP";"Crescente";"Engavetamento";1;0;2;0;0;0;0;0;0;0;2;0;0;0;0
"10/04/2024";"03:16:00";"114";"Com vítima";"213,000";"BR-116/SP";"Decrescente";"Atropelamento de pedestre";0;0;0;0;0;0;0;0;0;0;0;0;0;0;0
"10/04/2024";"08:13:00";"367";"Sem vítima";"96,000";"BR-116/SP";"Crescente";"Choque";1;0;0;0;0;0;0;0;0;0;1;0;0;0;0
"10/04/2024";"09:14:00";"403";"Sem vítima";"247,000";"BR-116/SP";"Crescente";"Colisão lateral em sentido contrário";1;0;0;0;0;0;0;0;0;0;1;0;0;0;0