data;horario;n_da_ocorrencia;tipo_de_ocorrencia;km;trecho;sentido;tipo_de_acidente;automovel;bicicleta;caminhao;moto;onibus;outros;tracao_animal;transporte_de_cargas_especiais;trator_maquinas;utilitarios;ilesos;levemente_feridos;moderadamente_feridos;gravemente_feridos;mortos
"10/04/2024";"11:24:00";"486";"Sem vítima";"233,000";"BR-116/SP";"Decrescente";"Colisão traseira";1;0;0;0;0;0;0;0;0;0;0;0;0;0;0
"10/04/2024";"12:10:00";"510";"Com vítima";"195,000";"BR-116/SP";"Decrescente";"Engavetamento";0;0;3;0;0;0;0;0;0;0;2;0;0;0;0
"10/04/2024";"12:22:00";"518";"Sem vítima";"475,000";"BR-101/SP";"Crescente";"Choque";1;0;0;0;0;0;0;0;0;0;1;0;0;0;0
"10/04/2024";"01:53:00";"567";"Com vítima";"205,000";"BR-116/SP";"Crescente";"Colisão traseira";0;0;1;1;0;0;0;0;0;0;1;0;0;0;0
"10/04/2024";"02:22:00";"581";"Com vítima";"224,000";"BR-116/SP";"Crescente";"Queda de moto";0;0;0;1;0;0;0;0;0;0;0;0;0;0;0
"10/04/2024";"02:47:00";"591";"Com vítima";"34,000";"BR-116/SP";"Decrescente";"Choque";0;0;0;1;0;0;0;0;0;0;0;0;0;0;0
"10/04/2024";"07:07:00";"732";"Com vítima";"166,000";"BR-116/SP";"Crescente";"Colisão lateral em sentido contrário";0;0;1;0;0;0;0;0;0;0;0;0;0;0;0
"10/04/2024";"08:25:00";"747";"Sem vítima";"311,000";"BR-116/SP";"Crescente";"Colisão traseira";2;0;0;0;0;0;0;0;0;0;0;0;0;0;0
"11/04/2024";"12:40:00";"65";"Com vítima";"39,000";"BR-116/SP";"Decrescente";"Tombamento";0;0;1;0;0;0;0;0;0;0;0;0;0;0;0
"11/04/2024";"05:49:00";"227";"Sem vítima";"205,000";"BR-116/SP";"Crescente";"Acidentes de outra natureza";1;0;0;0;0;0;0;0;0;0;0;0;0;0;0
"11/04/2024";"05:55:00";"231";"Com vítima";"113,000";"BR-116/SP";"Crescente";"Queda de moto";0;0;0;1;0;0;0;0;0;0;0;0;0;0;0
"11/04/2024";"06:09:00";"242";"Sem vítima";"206,000";"BR-116/SP";"Crescente";"Colisão traseira";1;0;0;0;0;0;0;0;0;0;1;0;0;0;0
"11/04/2024";"06:27:00";"253";"Sem vítima";"228,000";"BR-116/SP";"Decrescente";"Colisão lateral em sentido contrário";0;0;2;0;0;0;0;0;0;0;3;0;0;0;0
"11/04/2024";"09:47:00";"34";"Sem vítima";"18,000";"BR-116/SP";"Decrescente";"Choque";1;0;0;0;0;0;0;0;0;0;1;0;0;0;0
"12/04/2024";"12:04:00";"62";"Com vítima";"30,000";"BR-116/SP";"Decrescente";"Colisão traseira";1;0;1;0;0;0;0;0;0;0;0;0;0;0;0
"12/04/2024";"01:21:00";"77";"Sem vítima";"6,000";"BR-116/SP";"Crescente";"Colisão traseira";0;0;2;0;0;0;0;0;0;0;2;0;0;0;0
"12/04/2024";"04:14:00";"145";"Com vítima";"161,000";"BR-116/SP";"Decrescente";"Colisão lateral em sentido contrário";1;0;0;1;0;0;0;0;0;0;2;0;0;0;0
"12/04/2024";"04:27:00";"162";"Sem vítima";"114,000";"BR-116/SP";"Crescente";"Colisão traseira";2;0;0;0;0;0;0;0;0;0;2;0;0;0;0
"12/04/2024";"08:48:00";"333";"Sem vítima";"229,000";"BR-116/SP";"Decrescente";"Colisão traseira";0;0;2;0;0;0;0;0;0;0;2;0;0;0;0
"12/04/2024";"10:31:00";"385";"Sem vítima";"60,000";"BR-116/SP";"Crescente";"Colisão lateral em sentido contrário";0;0;2;0;0;0;0;0;0;0;2;0;0;0;0
"12/04/2024";"12:24:00";"434";"Com vítima";"287,000";"BR-116/SP";"Crescente";"Engavetamento";0;0;0;0;0;0;0;0;0;0;2;0;0;0;0
"12/04/2024";"01:02:00";"455";"Com vítima";"209,000";"BR-116/SP";"Decrescente";"Queda de moto";0;0;0;1;0;0;0;0;0;0;1;0;0;0;0
"12/04/2024";"01:10:00";"463";"Sem vítima";"161,000";"BR-116/SP";"Decrescente";"Colisão traseira";1;0;0;0;0;0;0;0;0;0;2;0;0;0;0
"12/04/2024";"03:28:00";"530";"Sem vítima";"310,000";"BR-116/SP";"Crescente";"Choque";0;0;1;0;0;0;0;0;0;0;1;0;0;0;0
"12/04/2024";"05:22:00";"586";"Com vítima";"107,000";"BR-116/SP";"Decrescente";"Atropelamento de pedestre";1;0;0;0;0;0;0;0;0;0;1;0;0;0;0
"12/04/2024";"06:12:00";"608";"Sem vítima";"107,000";"BR-116/SP";"Decrescente";"Colisão traseira";2;0;0;0;0;0;0;0;0;0;3;0;0;0;0
"12/04/2024";"10:33:00";"50";"Sem vítima";"132,000";"BR-116/SP";"Decrescente";"Choque";1;0;0;0;0;0;0;0;0;0;1;0;0;0;0
"13/04/2024";"12:51:00";"76";"Com vítima";"206,000";"BR-116/SP";"Crescente";"Capotamento";1;0;0;0;0;0;0;0;0;0;0;0;0;0;0
"13/04/2024";"01:58:00";"95";"Sem vítima";"478,000";"BR-101/SP";"Crescente";"Capotamento";1;0;0;0;0;0;0;0;0;0;1;0;0;0;0
"13/04/2024";"03:41:00";"131";"Com vítima";"233,000";"BR-116/SP";"Decrescente";"Capotamento";1;0;0;0;0;0;0;0;0;0;1;0;0;0;0
"13/04/2024";"05:43:00";"222";"Sem vítima";"271,000";"BR-116/SP";"Crescente";"Colisão lateral em sentido contrário";1;0;0;0;0;0;0;0;0;0;1;0;0;0;0
"13/04/2024";"06:10:00";"236";"Sem vítima";"158,000";"BR-116/SP";"Decrescente";"Engavetamento";4;0;0;0;0;0;0;0;0;0;8;0;0;0;0
"13/04/2024";"08:39:00";"321";"Sem vítima";"158,000";"BR-116/SP";"Decrescente";"Engavetamento";4;0;0;0;0;0;0;0;0;0;7;0;0;0;0
"13/04/2024";"12:26:00";"427";"Sem vítima";"482,000";"BR-101/SP";"Crescente";"Colisão traseira";1;0;0;0;0;0;0;0;0;0;1;0;0;0;0
"13/04/2024";"03:40:00";"521";"Sem vítima";"34,000";"BR-116/SP";"Decrescente";"Colisão frontal";2;0;0;0;0;0;0;0;0;0;0;0;0;0;0
"13/04/2024";"04:06:00";"536";"Com vítima";"157,000";"BR-116/SP";"Decrescente";"Queda de moto";0;0;0;1;0;0;0;0;0;0;0;0;0;0;0
"13/04/2024";"04:56:00";"557";"Sem vítima";"132,000";"BR-116/SP";"Decrescente";"Colisão traseira";2;0;0;0;0;0;0;0;0;0;3;0;0;0;0
"13/04/2024";"11:21:00";"40";"Com vítima";"183,000";"BR-116/SP";"Crescente";"Queda de moto";1;0;0;1;0;0;0;0;0;0;2;0;0;0;0
"14/04/2024";"02:26:00";"67";"Sem vítima";"232,000";"BR-116/SP";"Decrescente";"Choque";1;0;0;0;0;0;0;0;0;0;1;0;0;0;0
"14/04/2024";"05:13:00";"130";"Sem vítima";"156,000";"BR-116/SP";"Decrescente";"Queda de moto";0;0;0;1;0;0;0;0;0;0;1;0;0;0;0
"14/04/2024";"07:25:00";"197";"Sem vítima";"119,000";"BR-116/SP";"Crescente";"Colisão traseira";1;0;1;0;0;0;0;0;0;0;6;0;0;0;0
"14/04/2024";"07:49:00";"209";"Sem vítima";"140,000";"BR-116/SP";"Crescente";"Choque";1;0;0;0;0;0;0;0;0;0;2;0;0;0;0
"14/04/2024";"08:47:00";"221";"Sem vítima";"211,000";"BR-116/SP";"Decrescente";"Colisão lateral em sentido contrário";1;0;1;0;0;0;0;0;0;0;3;0;0;0;0
"14/04/2024";"11:19:00";"289";"Sem vítima";"122,000";"BR-116/SP";"Crescente";"Engavetamento";2;0;0;0;0;0;0;0;0;0;4;0;0;0;0
"14/04/2024";"01:39:00";"368";"Sem vítima";"106,000";"BR-116/SP";"Crescente";"Engavetamento";5;0;0;0;0;0;0;0;0;0;0;0;0;0;0
"14/04/2024";"01:59:00";"377";"Sem vítima";"144,000";"BR-116/SP";"Decrescente";"Choque";1;0;0;0;0;0;0;0;0;0;1;0;0;0;0
"14/04/2024";"03:33:00";"425";"Com vítima";"208,000";"BR-116/SP";"Crescente";"Colisão lateral em sentido contrário";1;0;0;1;0;0;0;0;0;0;2;0;0;0;0
"14/04/2024";"05:12:00";"474";"Com vítima";"221,000";"BR-116/SP";"Crescente";"Queda de moto";0;0;0;1;0;0;0;0;0;0;0;0;0;0;0
"14/04/2024";"05:40:00";"490";"Com vítima";"322,000";"BR-116/SP";"Crescente";"Queda de moto";0;0;0;1;0;0;0;0;0;0;0;0;0;0;0
"14/04/2024";"07:46:00";"531";"Com vítima";"176,000";"BR-116/SP";"Crescente";"Colisão traseira";1;0;0;1;0;0;0;0;0;0;1;0;0;0;0
"14/04/2024";"09:00:00";"216";"Sem vítima";"249,000";"BR-116/SP";"Decrescente";"Colisão traseira";1;0;1;0;0;0;0;0;0;0;2;0;0;0;0
"15/04/2024";"12:39:00";"59";"Com vítima";"126,000";"BR-116/SP";"Decrescente";"Queda de moto";0;0;0;1;0;0;0;0;0;0;0;0;0;0;0
"15/04/2024";"02:04:00";"81";"Sem vítima";"212,000";"BR-116/SP";"Crescente";"Colisão traseira";2;0;0;0;0;1;0;0;0;0;2;0;0;0;0
"15/04/2024";"04:06:00";"145";"Com vítima";"387,000";"BR-101/SP";"Crescente";"Colisão traseira";0;0;2;0;0;0;0;0;0;0;1;0;0;0;0
"15/04/2024";"04:35:00";"173";"Com vítima";"162,000";"BR-116/SP";"Decrescente";"Engavetamento";0;0;4;0;0;0;0;0;0;0;5;0;0;0;0
"15/04/2024";"05:35:00";"218";"Com vítima";"157,000";"BR-116/SP";"Crescente";"Colisão lateral em sentido contrário";0;0;0;1;0;0;0;0;0;0;0;0;0;0;0
"15/04/2024";"08:44:00";"328";"Com vítima";"98,000";"BR-116/SP";"Crescente";"Acidentes de outra natureza";0;0;0;1;0;0;0;0;0;0;1;0;0;0;0
"15/04/2024";"08:50:00";"335";"Sem vítima";"158,000";"BR-116/SP";"Decrescente";"Colisão traseira";2;0;0;0;0;0;0;0;0;0;2;0;0;0;0
"15/04/2024";"11:03:00";"400";"Com vítima";"478,000";"BR-101/SP";"Crescente";"Colisão lateral em sentido contrário";1;0;0;1;0;0;0;0;0;0;0;0;0;0;0
"15/04/2024";"11:34:00";"416";"Sem vítima";"157,000";"BR-116/SP";"Crescente";"Choque";1;0;0;0;0;0;0;0;0;0;1;0;0;0;0
"15/04/2024";"11:53:00";"427";"Sem vítima";"248,000";"BR-116/SP";"Decrescente";"Colisão traseira";1;0;0;0;1;0;0;0;0;0;3;0;0;0;0
"15/04/2024";"12:26:00";"441";"Com vítima";"216,000";"BR-116/SP";"Crescente";"Colisão lateral em sentido contrário";0;0;1;0;1;0;0;0;0;0;3;0;0;0;0
"15/04/2024";"03:23:00";"538";"Sem vítima";"160,000";"BR-116/SP";"Decrescente";"Colisão lateral em sentido contrário";1;0;0;0;0;0;0;0;0;0;1;0;0;0;0
"15/04/2024";"07:38:00";"657";"Sem vítima";"286,000";"BR-116/SP";"Decrescente";"Colisão lateral em sentido contrário";1;0;1;0;0;0;0;0;0;0;0;0;0;0;0
"15/04/2024";"09:00:00";"315";"Sem vítima";"250,000";"BR-116/SP";"Decrescente";"Colisão traseira";1;0;1;0;0;0;0;0;0;0;2;0;0;0;0
"16/04/2024";"03:38:00";"117";"Sem vítima";"158,000";"BR-116/SP";"Decrescente";"Colisão traseira";1;0;1;0;0;0;0;0;0;0;3;0;0;0;0
"16/04/2024";"04:50:00";"181";"Sem vítima";"143,000";"BR-116/SP";"Crescente";"Engavetamento";3;0;0;0;0;0;0;0;0;0;5;0;0;0;0
"16/04/2024";"05:09:00";"201";"Sem vítima";"141,000";"BR-116/SP";"Crescente";"Colisão traseira";2;0;0;0;0;0;0;0;0;0;3;0;0;0;0
"16/04/2024";"05:16:00";"207";"Sem vítima";"141,000";"BR-116/SP";"Crescente";"Colisão traseira";1;0;1;0;0;0;0;0;0;0;2;0;0;0;0
"16/04/2024";"05:31:00";"222";"Sem vítima";"141,000";"BR-116/SP";"Decrescente";"Colisão traseira";2;0;0;0;0;0;0;0;0;0;0;0;0;0;0
"16/04/2024";"06:18:00";"250";"Sem vítima";"141,000";"BR-116/SP";"Crescente";"Colisão traseira";2;0;0;0;0;0;0;0;0;0;4;0;0;0;0
"16/04/2024";"06:28:00";"254";"Com vítima";"216,000";"BR-116/SP";"Crescente";"Colisão traseira";1;0;0;1;0;0;0;0;0;0;1;0;0;0;0
"16/04/2024";"08:47:00";"339";"Sem vítima";"250,000";"BR-116/SP";"Decrescente";"Colisão traseira";1;0;0;0;0;0;0;0;0;0;1;0;0;0;0
"16/04/2024";"09:40:00";"360";"Sem vítima";"217,000";"BR-116/SP";"Crescente";"Colisão traseira";1;0;0;0;0;0;0;0;0;0;1;0;0;0;0
"16/04/2024";"11:50:00";"416";"Sem vítima";"215,000";"BR-116/SP";"Crescente";"Engavetamento";3;0;0;0;0;0;0;0;0;0;3;0;0;0;0
"16/04/2024";"02:47:00";"509";"Sem vítima";"204,000";"BR-116/SP";"Decrescente";"Colisão lateral em sentido contrário";2;0;0;0;0;0;0;0;0;0;4;0;0;0;0
"16/04/2024";"03:46:00";"542";"Com vítima";"248,000";"BR-116/SP";"Decrescente";"Atropelamento de pedestre";0;0;0;1;0;0;0;0;0;0;1;0;0;0;0
"16/04/2024";"07:50:00";"645";"Sem vítima";"302,000";"BR-116/SP";"Decrescente";"Acidentes de outra natureza";0;0;0;0;0;0;0;0;0;1;1;0;0;0;0
"17/04/2024";"12:20:00";"61";"Com vítima";"32,000";"BR-116/SP";"Decrescente";"Colisão traseira";0;0;1;0;0;0;0;0;0;0;1;0;0;0;0
"17/04/2024";"03:13:00";"101";"Com vítima";"156,000";"BR-116/SP";"Crescente";"Colisão traseira";2;0;0;0;0;0;0;0;0;0;2;0;0;0;0
"17/04/2024";"03:56:00";"139";"Com vítima";"212,000";"BR-116/SP";"Crescente";"Colisão traseira";1;0;0;1;0;0;0;0;0;0;2;0;0;0;0
"17/04/2024";"04:31:00";"164";"Sem vítima";"316,000";"BR-116/SP";"Decrescente";"Choque";0;0;1;0;0;0;0;0;0;0;2;0;0;0;0
"17/04/2024";"04:38:00";"168";"Com vítima";"316,000";"BR-116/SP";"Decrescente";"Colisão lateral em sentido contrário";2;0;0;0;0;0;0;0;0;0;1;0;0;0;0
"17/04/2024";"04:59:00";"188";"Sem vítima";"154,000";"BR-116/SP";"Crescente";"Colisão traseira";1;0;0;0;0;0;0;0;0;0;1;0;0;0;0
"17/04/2024";"05:35:00";"222";"Sem vítima";"138,000";"BR-116/SP";"Crescente";"Colisão traseira";0;0;0;0;0;0;0;0;0;0;1;0;0;0;0
"17/04/2024";"06:26:00";"258";"Com vítima";"272,000";"BR-116/SP";"Crescente";"Choque";1;0;0;0;0;0;0;0;0;0;2;0;0;0;0
"17/04/2024";"06:42:00";"269";"Sem vítima";"272,000";"BR-116/SP";"Crescente";"Choque";1;0;0;0;0;0;0;0;0;0;0;0;0;0;0
"17/04/2024";"06:42:00";"270";"Com vítima";"272,000";"BR-116/SP";"Decrescente";"Choque";1;0;0;0;0;0;0;0;0;0;0;0;0;0;0
"17/04/2024";"11:45:00";"404";"Sem vítima";"576,000";"BR-101/SP";"Crescente";"Colisão lateral em sentido contrário";2;0;0;0;0;0;0;0;0;0;3;0;0;0;0
"17/04/2024";"12:18:00";"420";"Sem vítima";"96,000";"BR-116/SP";"Crescente";"Colisão lateral em sentido contrário";0;0;2;0;0;0;0;0;0;0;3;0;0;0;0
"17/04/2024";"01:47:00";"462";"Sem vítima";"104,000";"BR-116/SP";"Crescente";"Colisão lateral em sentido contrário";1;0;0;0;0;0;0;0;0;0;1;0;0;0;0
"17/04/2024";"01:50:00";"464";"Com vítima";"530,000";"BR-101/SP";"Crescente";"Capotamento";1;0;0;0;0;0;0;0;0;0;0;0;0;0;0
"17/04/2024";"03:07:00";"503";"Com vítima";"274,000";"BR-116/SP";"Crescente";"Engavetamento";2;0;0;0;0;0;0;0;0;0;1;0;0;0;0
"17/04/2024";"03:12:00";"504";"Sem vítima";"142,000";"BR-116/SP";"Decrescente";"Engavetamento";1;0;0;0;0;0;0;0;0;0;1;0;0;0;0
"17/04/2024";"05:42:00";"574";"Sem vítima";"252,000";"BR-116/SP";"Decrescente";"Colisão traseira";1;0;0;0;0;0;0;0;0;0;1;0;0;0;0
"17/04/2024";"05:54:00";"583";"Com vítima";"240,000";"BR-116/SP";"Decrescente";"Choque";0;0;0;0;1;0;0;0;0;0;0;0;0;0;0
"17/04/2024";"05:59:00";"585";"Sem vítima";"38,000";"BR-116/SP";"Crescente";"Choque";0;0;0;0;0;0;0;0;0;0;1;0;0;0;0
"17/04/2024";"06:43:00";"607";"Sem vítima";"28,000";"BR-116/SP";"Decrescente";"Choque";1;0;0;0;0;0;0;0;0;0;2;0;0;0;0
"17/04/2024";"11:08:00";"52";"Com vítima";"124,000";"BR-116/SP";"Decrescente";"Colisão traseira";0;0;2;0;0;0;0;0;0;0;1;0;0;0;0
"18/04/2024";"02:13:00";"93";"Sem vítima";"458,000";"BR-101/SP";"Crescente";"Choque";1;0;0;0;0;0;0;0;0;0;2;0;0;0;0
"18/04/2024";"02:29:00";"99";"Sem vítima";"276,000";"BR-116/SP";"Crescente";"Colisão lateral em sentido contrário";2;0;0;0;0;0;0;0;0;0;2;0;0;0;0
"18/04/2024";"02:45:00";"109";"Com vítima";"320,000";"BR-116/SP";"Decrescente";"Colisão traseira";1;0;0;0;1;0;0;0;0;0;1;0;0;0;0
"18/04/2024";"03:17:00";"123";"Com vítima";"172,000";"BR-116/SP";"Decrescente";"Colisão traseira";1;0;1;0;0;0;0;0;0;0;2;0;0;0;0
"18/04/2024";"04:12:00";"174";"Com vítima";"466,000";"BR-101/SP";"Crescente";"Acidentes de outra natureza";0;0;0;0;0;0;0;0;0;1;0;0;0;0;0
"18/04/2024";"04:23:00";"181";"Com vítima";"401,000";"BR-101/SP";"Crescente";"Engavetamento";3;0;0;0;0;0;0;0;0;0;0;0;0;0;0
"18/04/2024";"04:43:00";"191";"Sem vítima";"225,000";"BR-116/SP";"Decrescente";"Choque";1;0;0;0;0;0;0;0;0;0;0;0;0;0;0
"18/04/2024";"05:38:00";"247";"Com vítima";"591,000";"BR-101/SP";"Crescente";"Colisão lateral em sentido contrário";2;0;0;0;0;0;0;0;0;0;0;0;0;0;0
"18/04/2024";"07:27:00";"329";"Sem vítima";"528,000";"BR-101/SP";"Crescente";"Choque";1;0;0;0;0;0;0;0;0;0;2;0;0;0;0
"18/04/2024";"07:51:00";"350";"Com vítima";"544,000";"BR-101/SP";"Crescente";"Choque";0;0;1;0;0;0;0;0;0;0;0;0;0;0;0
"18/04/2024";"08:13:00";"361";"Sem vítima";"417,000";"BR-101/SP";"Crescente";"Choque";1;0;0;0;0;0;0;0;0;0;1;0;0;0;0
"18/04/2024";"08:28:00";"368";"Com vítima";"152,000";"BR-116/SP";"Decrescente";"Tombamento";0;0;1;0;0;0;0;0;0;0;0;0;0;0;0
"18/04/2024";"11:29:00";"448";"Sem vítima";"450,000";"BR-101/SP";"Crescente";"Choque";1;0;0;0;0;0;0;0;0;0;1;0;0;0;0
"18/04/2024";"03:02:00";"559";"Sem vítima";"152,000";"BR-116/SP";"Decrescente";"Colisão traseira";0;0;0;0;0;0;0;0;0;1;1;0;0;0;0
"19/04/2024";"02:56:00";"85";"Com vítima";"51,000";"BR-116/SP";"Crescente";"Atropelamento de animal";0;0;0;1;0;0;0;0;0;0;0;0;0;0;0
"19/04/2024";"03:49:00";"125";"Sem vítima";"330,000";"BR-116/SP";"Decrescente";"Colisão traseira";0;0;1;0;0;0;0;0;0;0;1;0;0;0;0
"19/04/2024";"04:43:00";"190";"Sem vítima";"214,000";"BR-116/SP";"Decrescente";"Colisão traseira";2;0;0;0;0;0;0;0;0;0;2;0;0;0;0
"19/04/2024";"04:58:00";"204";"Com vítima";"213,000";"BR-116/SP";"Crescente";"Colisão traseira";1;0;0;2;0;0;0;0;0;0;2;0;0;0;0
"19/04/2024";"05:54:00";"247";"Sem vítima";"142,000";"BR-116/SP";"Decrescente";"Colisão traseira";2;0;0;0;0;0;0;0;0;0;4;0;0;0;0
"19/04/2024";"07:51:00";"349";"Com vítima";"492,000";"BR-101/SP";"Crescente";"Queda de moto";0;0;0;1;0;0;0;0;0;0;0;0;0;0;0
"19/04/2024";"08:29:00";"371";"Sem vítima";"281,000";"BR-116/SP";"Crescente";"Engavetamento";2;0;1;0;0;0;0;0;0;0;7;0;0;0;0
"19/04/2024";"09:06:00";"386";"Sem vítima";"270,000";"BR-116/SP";"Decrescente";"Choque";1;0;0;0;0;0;0;0;0;0;1;0;0;0;0
"19/04/2024";"10:33:00";"424";"Sem vítima";"146,000";"BR-116/SP";"Crescente";"Engavetamento";2;0;0;0;0;0;0;0;0;0;2;0;0;0;0
"19/04/2024";"01:56:00";"526";"Sem vítima";"126,000";"BR-116/SP";"Decrescente";"Colisão lateral em sentido contrário";1;0;1;0;0;0;0;0;0;0;5;0;0;0;0
"19/04/2024";"02:24:00";"538";"Sem vítima";"475,000";"BR-101/SP";"Crescente";"Choque";1;0;0;0;0;0;0;0;0;0;1;0;0;0;0
"19/04/2024";"03:22:00";"558";"Com vítima";"228,000";"BR-116/SP";"Decrescente";"Colisão lateral em sentido contrário";0;0;1;1;0;0;0;0;0;0;1;0;0;0;0
"19/04/2024";"03:46:00";"579";"Sem vítima";"301,000";"BR-116/SP";"Crescente";"Colisão traseira";1;0;0;0;0;0;0;0;0;0;0;0;0;0;0
"19/04/2024";"05:22:00";"627";"Sem vítima";"389,000";"BR-101/SP";"Crescente";"Capotamento";1;0;0;0;0;0;0;0;0;0;1;0;0;0;0
"19/04/2024";"05:29:00";"631";"Sem vítima";"259,000";"BR-116/SP";"Decrescente";"Colisão traseira";1;0;0;0;0;0;0;0;0;0;2;0;0;0;0
"19/04/2024";"07:51:00";"671";"Com vítima";"48,000";"BR-101/SP";"Crescente";"Colisão lateral em sentido contrário";0;0;0;1;0;0;0;0;0;0;0;0;0;0;0
"19/04/2024";"09:41:00";"31";"Sem vítima";"206,000";"BR-116/SP";"Crescente";"Colisão traseira";2;0;0;0;0;0;0;0;0;0;2;0;0;0;0
"19/04/2024";"10:05:00";"35";"Com vítima";"229,000";"BR-116/SP";"Decrescente";"Tombamento";0;0;1;0;0;0;0;0;0;0;0;0;0;0;0
"19/04/2024";"11:28:00";"51";"Sem vítima";"65,000";"BR-116/SP";"Decrescente";"Choque";1;0;0;0;0;0;0;0;0;0;0;0;0;0;0
"20/04/2024";"12:29:00";"65";"Sem vítima";"65,000";"BR-116/SP";"Decrescente";"Colisão lateral em sentido contrário";1;0;0;0;0;0;0;0;0;0;0;0;0;0;0
"20/04/2024";"01:00:00";"84";"Sem vítima";"25,000";"BR-116/SP";"Crescente";"Choque";1;0;0;0;0;0;0;0;0;0;0;0;0;0;0
"20/04/2024";"02:16:00";"80";"Sem vítima";"157,000";"BR-116/SP";"Crescente";"Choque";1;0;0;0;0;0;0;0;0;0;1;0;0;0;0
"20/04/2024";"03:16:00";"100";"Sem vítima";"243,000";"BR-116/SP";"Decrescente";"Choque";1;0;0;0;0;0;0;0;0;0;1;0;0;0;0
"20/04/2024";"03:24:00";"105";"Sem vítima";"162,000";"BR-116/SP";"Decrescente";"Capotamento";1;0;0;0;0;0;0;0;0;0;1;0;0;0;0
"20/04/2024";"03:36:00";"114";"Sem vítima";"210,000";"BR-116/SP";"Crescente";"Engavetamento";3;0;1;0;1;0;0;0;0;0;9;0;0;0;0
"20/04/2024";"04:55:00";"161";"Com vítima";"158,000";"BR-116/SP";"Decrescente";"Colisão lateral em sentido contrário";0;0;0;1;0;0;0;0;0;0;0;0;0;0;0
"20/04/2024";"04:59:00";"163";"Sem vítima";"186,000";"BR-116/SP";"Crescente";"Colisão traseira";0;0;1;0;0;1;0;0;0;0;2;0;0;0;0
"20/04/2024";"05:18:00";"174";"Com vítima";"157,000";"BR-116/SP";"Decrescente";"Colisão traseira";0;0;1;1;0;0;0;0;0;0;1;0;0;0;0
"20/04/2024";"06:09:00";"208";"Sem vítima";"145,000";"BR-116/SP";"Crescente";"Colisão traseira";1;0;0;0;0;0;0;0;0;0;1;0;0;0;0
"20/04/2024";"09:37:00";"313";"Sem vítima";"134,000";"BR-116/SP";"Crescente";"Engavetamento";2;0;0;0;0;0;0;0;0;0;1;0;0;0;0
"20/04/2024";"09:50:00";"318";"Sem vítima";"171,000";"BR-116/SP";"Decrescente";"Colisão traseira";1;0;0;0;0;0;0;0;0;0;2;0;0;0;0
"20/04/2024";"11:04:00";"350";"Sem vítima";"411,000";"BR-101/SP";"Crescente";"Choque";1;0;0;0;0;0;0;0;0;0;2;0;0;0;0
"20/04/2024";"11:37:00";"362";"Sem vítima";"131,000";"BR-116/SP";"Decrescente";"Engavetamento";4;0;0;0;0;0;0;0;0;0;7;0;0;0;0
"20/04/2024";"12:12:00";"378";"Com vítima";"229,000";"BR-116/SP";"Decrescente";"Colisão traseira";0;0;2;0;0;0;0;0;0;0;1;0;0;0;0
"20/04/2024";"12:15:00";"381";"Sem vítima";"130,000";"BR-116/SP";"Crescente";"Engavetamento";4;0;0;0;0;0;0;0;0;0;0;0;0;0;0
"20/04/2024";"12:37:00";"391";"Sem vítima";"139,000";"BR-116/SP";"Crescente";"Colisão traseira";1;0;0;0;0;0;0;0;0;0;2;0;0;0;0
"20/04/2024";"12:58:00";"399";"Sem vítima";"157,000";"BR-116/SP";"Decrescente";"Engavetamento";3;0;0;0;1;0;0;0;0;0;5;0;0;0;0
"20/04/2024";"03:16:00";"442";"Sem vítima";"158,000";"BR-116/SP";"Decrescente";"Colisão lateral em sentido contrário";1;0;0;0;0;0;0;0;0;0;3;0;0;0;0
"20/04/2024";"03:34:00";"449";"Sem vítima";"207,000";"BR-116/SP";"Crescente";"Colisão traseira";2;0;0;0;0;0;0;0;0;0;2;0;0;0;0
"20/04/2024";"05:29:00";"501";"Sem vítima";"488,000";"BR-101/SP";"Crescente";"Colisão frontal";2;0;0;0;0;0;0;0;0;0;3;0;0;0;0
"20/04/2024";"05:45:00";"510";"Sem vítima";"229,000";"BR-116/SP";"Decrescente";"Choque";1;0;0;0;0;0;0;0;0;0;2;0;0;0;0
"20/04/2024";"06:23:00";"514";"Com vítima";"162,000";"BR-116/SP";"Crescente";"Atropelamento de animal";1;0;0;0;0;0;0;0;0;0;1;0;0;0;0
"20/04/2024";"07:11:00";"526";"Sem vítima";"34,000";"BR-116/SP";"Decrescente";"Choque";1;0;0;0;0;0;0;0;0;0;1;0;0;0;0
"20/04/2024";"09:01:00";"26";"Sem vítima";"211,000";"BR-116/SP";"Decrescente";"Colisão traseira";2;0;0;0;0;0;0;0;0;0;2;0;0;0;0