data;horario;n_da_ocorrencia;tipo_de_ocorrencia;km;trecho;sentido;tipo_de_acidente;automovel;bicicleta;caminhao;moto;onibus;outros;tracao_animal;transporte_de_cargas_especiais;trator_maquinas;utilitarios;ilesos;levemente_feridos;moderadamente_feridos;gravemente_feridos;mortos
"20/04/2024";"10:35:00";"42";"Sem vítima";"139,000";"BR-116/SP";"Decrescente";"Choque";1;0;0;0;0;0;0;0;0;0;1;0;0;0;0
"20/04/2024";"11:19:00";"45";"Com vítima";"26,000";"BR-116/SP";"Decrescente";"Colisão traseira";0;0;1;0;1;0;0;0;0;0;4;0;0;0;0
"20/04/2024";"11:24:00";"47";"Com vítima";"211,000";"BR-116/SP";"Crescente";"Choque";1;0;0;0;0;0;0;0;0;0;0;0;0;0;0
"21/04/2024";"01:01:00";"62";"Com vítima";"93,000";"BR-116/SP";"Decrescente";"Queda de moto";0;0;0;1;0;0;0;0;0;0;0;0;0;0;0
"21/04/2024";"01:34:00";"66";"Sem vítima";"145,000";"BR-116/SP";"Decrescente";"Colisão lateral em sentido contrário";3;0;0;0;0;0;0;0;0;0;5;0;0;0;0
"21/04/2024";"08:00:00";"226";"Com vítima";"131,000";"BR-116/SP";"Crescente";"Queda de moto";0;0;0;1;0;0;0;0;0;0;0;0;0;0;0
"21/04/2024";"09:00:00";"248";"Com vítima";"182,000";"BR-116/SP";"Decrescente";"Engavetamento";2;0;0;0;0;0;0;0;0;0;5;0;0;0;0
"21/04/2024";"09:06:00";"251";"Sem vítima";"299,000";"BR-116/SP";"Decrescente";"Colisão traseira";2;0;0;0;0;0;0;0;0;0;3;0;0;0;0
"21/04/2024";"11:12:00";"306";"Sem vítima";"99,000";"BR-116/SP";"Crescente";"Colisão traseira";1;0;0;0;0;0;0;0;0;0;1;0;0;0;0
"21/04/2024";"01:22:00";"368";"Sem vítima";"511,000";"BR-101/SP";"Crescente";"Acidentes de outra natureza";1;0;0;0;0;0;0;0;0;0;0;0;0;0;0
"21/04/2024";"01:22:00";"369";"Sem vítima";"106,000";"BR-116/SP";"Crescente";"Colisão traseira";1;0;0;0;0;0;0;0;0;0;2;0;0;0;0
"21/04/2024";"01:29:00";"374";"Sem vítima";"102,000";"BR-116/SP";"Crescente";"Colisão traseira";1;0;0;0;0;0;0;0;0;0;2;0;0;0;0
"21/04/2024";"01:38:00";"377";"Sem vítima";"465,000";"BR-101/SP";"Crescente";"Colisão traseira";2;0;0;0;0;0;0;0;0;0;1;0;0;0;0
"21/04/2024";"01:48:00";"382";"Com vítima";"84,000";"BR-116/SP";"Crescente";"Engavetamento";3;0;0;0;0;0;0;0;0;0;3;0;0;0;0
"21/04/2024";"02:11:00";"395";"Sem vítima";"165,000";"BR-116/SP";"Crescente";"Colisão lateral em sentido contrário";1;0;0;0;0;0;0;0;0;0;2;0;0;0;0
"21/04/2024";"02:57:00";"428";"Com vítima";"266,000";"BR-116/SP";"Crescente";"Choque";1;0;0;0;0;0;0;0;0;0;0;0;0;0;0
"21/04/2024";"03:14:00";"436";"Sem vítima";"125,000";"BR-116/SP";"Crescente";"Acidentes de outra natureza";0;0;0;1;0;0;0;0;0;0;0;0;0;0;0
"21/04/2024";"03:44:00";"457";"Sem vítima";"472,000";"BR-101/SP";"Crescente";"Engavetamento";3;0;0;0;0;0;0;0;0;0;5;0;0;0;0
"21/04/2024";"04:38:00";"499";"Sem vítima";"99,000";"BR-116/SP";"Crescente";"Engavetamento";2;0;0;0;0;0;0;0;0;0;3;0;0;0;0
"21/04/2024";"06:41:00";"543";"Com vítima";"59,000";"BR-116/SP";"Decrescente";"Atropelamento de animal";0;0;0;0;0;1;0;0;0;0;0;0;0;0;0
"21/04/2024";"08:17:00";"574";"Sem vítima";"547,000";"BR-101/SP";"Crescente";"Choque";1;0;0;0;0;0;0;0;0;0;2;0;0;0;0
"21/04/2024";"08:36:00";"579";"Sem vítima";"21,000";"BR-116/SP";"Crescente";"Colisão traseira";0;0;2;0;0;0;0;0;0;0;5;0;0;0;0
"22/04/2024";"03:55:00";"129";"Sem vítima";"224,000";"BR-116/SP";"Crescente";"Colisão traseira";1;0;0;0;0;0;0;0;0;0;2;0;0;0;0
"22/04/2024";"04:38:00";"161";"Sem vítima";"43,000";"BR-101/SP";"Crescente";"Colisão lateral em sentido contrário";2;0;0;0;0;0;0;0;0;0;3;0;0;0;0
"22/04/2024";"05:18:00";"184";"Com vítima";"128,000";"BR-116/SP";"Crescente";"Atropelamento de pedestre";0;0;0;0;0;0;0;0;0;0;0;0;0;0;0
"22/04/2024";"07:05:00";"258";"Sem vítima";"294,000";"BR-116/SP";"Crescente";"Engavetamento";2;0;1;0;1;0;0;0;0;0;7;0;0;0;0
"22/04/2024";"08:06:00";"288";"Com vítima";"105,000";"BR-116/SP";"Decrescente";"Colisão traseira";2;0;0;0;0;0;0;0;0;0;2;0;0;0;0
"22/04/2024";"08:16:00";"295";"Sem vítima";"161,000";"BR-116/SP";"Decrescente";"Colisão traseira";0;0;1;0;1;0;0;0;0;1;4;0;0;0;0
"22/04/2024";"08:42:00";"307";"Com vítima";"226,000";"BR-116/SP";"Crescente";"Tombamento";0;0;1;0;0;0;0;0;0;1;1;0;0;0;0
"22/04/2024";"09:25:00";"326";"Sem vítima";"100,000";"BR-116/SP";"Crescente";"Colisão traseira";1;0;0;0;0;0;0;0;0;0;2;0;0;0;0
"22/04/2024";"09:35:00";"330";"Com vítima";"324,000";"BR-116/SP";"Decrescente";"Queda de moto";0;0;0;1;0;0;0;0;0;0;0;0;0;0;0
"22/04/2024";"10:22:00";"349";"Com vítima";"478,000";"BR-101/SP";"Crescente";"Colisão traseira";1;0;0;1;0;0;0;0;0;0;1;0;0;0;0
"22/04/2024";"11:42:00";"306";"Sem vítima";"247,000";"BR-116/SP";"Crescente";"Choque";1;0;0;0;0;0;0;0;0;0;1;0;0;0;0
"22/04/2024";"01:40:00";"449";"Com vítima";"43,000";"BR-116/SP";"Decrescente";"Capotamento";1;0;0;0;0;0;0;0;0;0;0;0;0;0;0
"22/04/2024";"02:10:00";"466";"Sem vítima";"142,000";"BR-116/SP";"Decrescente";"Colisão traseira";2;0;0;0;0;0;0;0;0;0;2;0;0;0;0
"22/04/2024";"02:16:00";"469";"Com vítima";"106,000";"BR-116/SP";"Decrescente";"Capotamento";1;0;0;0;0;0;0;0;0;0;0;0;0;0;0
"22/04/2024";"02:22:00";"473";"Sem vítima";"106,000";"BR-116/SP";"Decrescente";"Acidentes de outra natureza";1;0;0;0;0;0;0;0;0;0;0;0;0;0;0
"22/04/2024";"07:16:00";"611";"Com vítima";"308,000";"BR-116/SP";"Crescente";"Queda de moto";0;0;0;1;0;0;0;0;0;0;0;0;0;0;0
"22/04/2024";"10:29:00";"44";"Sem vítima";"187,000";"BR-116/SP";"Decrescente";"Choque";1;0;0;0;0;0;0;0;0;0;1;0;0;0;0
"23/04/2024";"02:18:00";"75";"Com vítima";"399,000";"BR-101/SP";"Crescente";"Atropelamento de animal";0;0;1;1;0;0;0;0;0;0;1;0;0;0;0
"23/04/2024";"06:36:00";"245";"Sem vítima";"109,000";"BR-116/SP";"Crescente";"Colisão traseira";0;0;2;0;0;0;0;0;0;0;0;0;0;0;0
"23/04/2024";"06:49:00";"252";"Sem vítima";"205,000";"BR-116/SP";"Crescente";"Colisão lateral em sentido contrário";1;0;1;0;0;0;0;0;0;0;3;0;0;0;0
"23/04/2024";"11:33:00";"406";"Sem vítima";"191,000";"BR-116/SP";"Crescente";"Atropelamento de animal";0;0;1;0;0;0;0;0;0;0;2;0;0;0;0
"23/04/2024";"12:47:00";"453";"Sem vítima";"524,000";"BR-101/SP";"Crescente";"Colisão lateral em sentido contrário";1;0;0;0;1;0;0;0;0;0;13;0;0;0;0
"23/04/2024";"02:33:00";"506";"Com vítima";"90,000";"BR-116/SP";"Decrescente";"Colisão traseira";1;0;0;1;0;0;0;0;0;0;0;0;0;0;0
"23/04/2024";"03:58:00";"547";"Sem vítima";"162,000";"BR-116/SP";"Decrescente";"Colisão lateral em sentido contrário";1;0;0;0;0;0;0;0;0;0;1;0;0;0;0
"23/04/2024";"04:40:00";"568";"Com vítima";"407,000";"BR-101/SP";"Crescente";"Atropelamento de pedestre";1;1;0;0;0;0;0;0;0;0;0;0;0;0;0
"23/04/2024";"09:00:00";"422";"Com vítima";"281,000";"BR-116/SP";"Decrescente";"Colisão traseira";2;0;0;0;0;0;0;0;0;0;1;0;0;0;0
"24/04/2024";"02:49:00";"91";"Sem vítima";"157,000";"BR-116/SP";"Decrescente";"Colisão traseira";0;0;0;0;0;0;0;0;0;0;1;0;0;0;0
"24/04/2024";"03:48:00";"130";"Com vítima";"491,000";"BR-101/SP";"Crescente";"Colisão frontal";1;0;0;0;1;0;0;0;0;0;1;0;0;0;0
"24/04/2024";"05:09:00";"211";"Com vítima";"50,000";"BR-101/SP";"Crescente";"Atropelamento de pedestre";0;0;0;1;0;0;0;0;0;0;0;0;0;0;0
"24/04/2024";"05:34:00";"228";"Sem vítima";"298,000";"BR-116/SP";"Crescente";"Colisão lateral em sentido contrário";1;0;0;0;0;0;0;0;0;0;1;0;0;0;0
"24/04/2024";"05:38:00";"234";"Com vítima";"142,000";"BR-116/SP";"Decrescente";"Colisão lateral em sentido contrário";0;0;0;1;0;0;0;0;0;0;1;0;0;0;0
"24/04/2024";"07:14:00";"316";"Com vítima";"475,000";"BR-101/SP";"Crescente";"Colisão traseira";1;0;1;1;0;0;0;0;0;0;2;0;0;0;0
"24/04/2024";"09:12:00";"378";"Com vítima";"137,000";"BR-116/SP";"Decrescente";"Capotamento";1;0;0;0;0;0;0;0;0;1;0;0;0;0;0
"24/04/2024";"09:22:00";"383";"Com vítima";"50,000";"BR-101/SP";"Crescente";"Colisão frontal";1;0;0;1;0;0;0;0;0;0;1;0;0;0;0
"24/04/2024";"02:19:00";"532";"Sem vítima";"21,000";"BR-116/SP";"Crescente";"Queda de moto";0;0;0;1;0;0;0;0;0;0;1;0;0;0;0
"24/04/2024";"02:34:00";"543";"Sem vítima";"101,000";"BR-116/SP";"Decrescente";"Engavetamento";3;0;0;0;0;0;0;0;0;0;0;0;0;0;0
"24/04/2024";"03:20:00";"578";"Sem vítima";"273,000";"BR-116/SP";"Decrescente";"Choque";2;0;0;0;0;0;0;0;0;0;3;0;0;0;0
"24/04/2024";"04:30:00";"620";"Com vítima";"278,000";"BR-116/SP";"Crescente";"Colisão traseira";1;0;0;0;0;0;0;0;0;0;0;0;0;0;0
"24/04/2024";"06:05:00";"652";"Sem vítima";"271,000";"BR-116/SP";"Crescente";"Engavetamento";4;0;0;0;0;0;0;0;0;0;0;0;0;0;0
"25/04/2024";"03:09:00";"101";"Sem vítima";"209,000";"BR-116/SP";"Crescente";"Colisão lateral em sentido contrário";1;0;0;0;0;0;0;0;0;0;1;0;0;0;0
"25/04/2024";"03:48:00";"123";"Com vítima";"206,000";"BR-116/SP";"Crescente";"Engavetamento";0;0;1;0;1;0;0;0;0;0;5;0;0;0;0
"25/04/2024";"04:08:00";"136";"Com vítima";"208,000";"BR-116/SP";"Crescente";"Colisão traseira";0;0;1;1;0;0;0;0;0;0;1;0;0;0;1
"25/04/2024";"05:15:00";"198";"Com vítima";"284,000";"BR-116/SP";"Decrescente";"Choque";1;0;0;0;0;0;0;0;0;0;0;0;0;0;0
"25/04/2024";"05:15:00";"199";"Com vítima";"48,000";"BR-101/SP";"Crescente";"Queda de moto";0;0;0;1;0;0;0;0;0;0;0;0;0;0;0
"25/04/2024";"06:16:00";"240";"Com vítima";"146,000";"BR-116/SP";"Crescente";"Colisão traseira";0;0;1;1;0;0;0;0;0;0;2;0;0;0;0
"25/04/2024";"07:26:00";"279";"Com vítima";"500,000";"BR-101/SP";"Crescente";"Queda de moto";0;0;0;1;0;0;0;0;0;0;0;0;0;0;0
"25/04/2024";"07:37:00";"286";"Com vítima";"457,000";"BR-101/SP";"Crescente";"Atropelamento de pedestre";0;0;0;1;0;0;0;0;0;0;0;0;0;0;0
"25/04/2024";"08:00:00";"293";"Sem vítima";"254,000";"BR-116/SP";"Crescente";"Queda de moto";0;0;0;1;0;0;0;0;0;0;1;0;0;0;0
"25/04/2024";"09:32:00";"330";"Com vítima";"58,000";"BR-116/SP";"Crescente";"Colisão lateral em sentido contrário";2;0;0;0;0;0;0;0;0;0;2;0;0;0;0
"25/04/2024";"10:00:00";"339";"Sem vítima";"293,000";"BR-116/SP";"Crescente";"Choque";1;0;0;0;0;0;0;0;0;0;2;0;0;0;0
"25/04/2024";"03:04:00";"483";"Com vítima";"186,000";"BR-116/SP";"Crescente";"Colisão frontal";2;0;0;0;0;0;0;0;0;0;0;0;0;0;0
"25/04/2024";"04:06:00";"519";"Com vítima";"327,000";"BR-116/SP";"Crescente";"Colisão lateral em sentido contrário";0;0;0;0;0;0;0;0;0;1;5;0;0;0;0
"25/04/2024";"09:00:00";"201";"Sem vítima";"232,000";"BR-116/SP";"Decrescente";"Choque";1;0;0;0;0;0;0;0;0;0;2;0;0;0;0
"26/04/2024";"01:28:00";"60";"Sem vítima";"227,000";"BR-116/SP";"Crescente";"Choque";0;0;1;0;0;0;0;0;0;0;1;0;0;0;0
"26/04/2024";"03:14:00";"94";"Sem vítima";"230,000";"BR-116/SP";"Decrescente";"Colisão traseira";0;0;1;0;0;0;0;0;0;0;1;0;0;0;0
"26/04/2024";"03:29:00";"104";"Com vítima";"71,000";"BR-116/SP";"Crescente";"Queda de moto";0;0;0;1;0;0;0;0;0;0;0;0;0;0;0
"26/04/2024";"04:19:00";"152";"Com vítima";"313,000";"BR-116/SP";"Decrescente";"Colisão lateral em sentido contrário";1;0;0;1;0;0;0;0;0;0;2;0;0;0;0
"26/04/2024";"04:32:00";"164";"Sem vítima";"230,000";"BR-116/SP";"Crescente";"Acidentes de outra natureza";1;0;0;0;0;0;0;0;0;0;0;0;0;0;0
"26/04/2024";"04:46:00";"172";"Com vítima";"233,000";"BR-116/SP";"Crescente";"Choque";1;0;0;0;0;0;0;0;0;0;2;0;0;0;0
"26/04/2024";"08:28:00";"328";"Com vítima";"37,000";"BR-116/SP";"Crescente";"Colisão lateral em sentido contrário";2;0;0;0;0;0;0;0;0;0;8;0;0;0;0
"26/04/2024";"09:37:00";"353";"Sem vítima";"208,000";"BR-116/SP";"Decrescente";"Colisão traseira";2;0;0;0;0;0;0;0;0;0;2;0;0;0;0
"26/04/2024";"11:11:00";"400";"Com vítima";"206,000";"BR-116/SP";"Decrescente";"Queda de moto";0;0;0;1;0;0;0;0;0;0;0;0;0;0;0
"26/04/2024";"12:25:00";"443";"Sem vítima";"280,000";"BR-116/SP";"Crescente";"Choque";1;0;0;0;0;0;0;0;0;0;1;0;0;0;0
"26/04/2024";"12:39:00";"452";"Sem vítima";"333,000";"BR-116/SP";"Decrescente";"Choque";1;0;0;0;0;0;0;0;0;0;1;0;0;0;0
"26/04/2024";"01:04:00";"463";"Sem vítima";"285,000";"BR-116/SP";"Crescente";"Engavetamento";1;0;0;0;0;0;0;0;0;0;1;0;0;0;0
"26/04/2024";"01:16:00";"470";"Sem vítima";"225,000";"BR-116/SP";"Crescente";"Acidentes de outra natureza";1;0;0;0;0;0;0;0;0;0;0;0;0;0;0
"26/04/2024";"03:12:00";"539";"Com vítima";"107,000";"BR-116/SP";"Crescente";"Engavetamento";4;0;0;0;0;0;0;0;0;0;7;0;0;0;0
"26/04/2024";"03:21:00";"547";"Com vítima";"163,000";"BR-116/SP";"Decrescente";"Choque";0;0;0;1;0;0;0;0;0;0;1;0;0;0;0
"26/04/2024";"03:52:00";"565";"Com vítima";"320,000";"BR-116/SP";"Crescente";"Queda de moto";0;0;0;1;0;0;0;0;0;0;0;0;0;0;0
"26/04/2024";"07:14:00";"646";"Com vítima";"131,000";"BR-116/SP";"Crescente";"Atropelamento de animal";2;0;0;0;0;0;0;0;0;0;3;0;0;0;0
"26/04/2024";"10:09:00";"36";"Com vítima";"146,000";"BR-116/SP";"Decrescente";"Colisão traseira";1;0;0;1;0;0;0;0;0;0;1;0;0;0;0
"27/04/2024";"03:01:00";"89";"Com vítima";"93,000";"BR-116/SP";"Crescente";"Colisão traseira";0;0;2;0;0;0;0;0;0;0;1;0;0;0;0
"27/04/2024";"05:54:00";"191";"Com vítima";"160,000";"BR-116/SP";"Decrescente";"Colisão lateral em sentido contrário";2;0;0;1;0;0;0;0;0;0;3;0;0;0;0
"27/04/2024";"05:59:00";"195";"Com vítima";"43,000";"BR-116/SP";"Crescente";"Colisão traseira";0;0;1;1;0;0;0;0;0;0;1;0;0;0;0
"27/04/2024";"06:37:00";"213";"Sem vítima";"316,000";"BR-116/SP";"Crescente";"Colisão traseira";0;0;0;0;1;0;0;0;0;0;0;0;0;0;0
"27/04/2024";"09:21:00";"312";"Sem vítima";"131,000";"BR-116/SP";"Crescente";"Engavetamento";3;0;0;0;0;0;0;0;0;0;4;0;0;0;0
"27/04/2024";"10:09:00";"332";"Com vítima";"330,000";"BR-116/SP";"Crescente";"Choque";0;0;1;0;0;0;0;0;0;0;0;0;0;0;0
"27/04/2024";"02:50:00";"470";"Com vítima";"110,000";"BR-116/SP";"Crescente";"Queda de moto";0;0;0;1;0;0;0;0;0;0;0;0;0;0;0
"27/04/2024";"02:52:00";"472";"Com vítima";"42,000";"BR-116/SP";"Crescente";"Colisão traseira";1;0;0;0;0;0;0;0;0;1;0;0;0;0;0
"27/04/2024";"04:38:00";"512";"Com vítima";"103,000";"BR-116/SP";"Crescente";"Queda de moto";0;0;0;1;0;0;0;0;0;0;0;0;0;0;0
"27/04/2024";"05:16:00";"532";"Com vítima";"88,000";"BR-116/SP";"Crescente";"Colisão traseira";1;0;0;0;0;0;0;0;0;1;0;0;0;0;0
"27/04/2024";"05:45:00";"543";"Sem vítima";"162,000";"BR-116/SP";"Crescente";"Colisão lateral em sentido contrário";1;0;1;0;0;0;0;0;0;0;2;0;0;0;0
"27/04/2024";"11:52:00";"47";"Sem vítima";"47,000";"BR-101/SP";"Crescente";"Choque";1;0;0;0;0;0;0;0;0;0;1;0;0;0;0
"27/04/2024";"11:54:00";"48";"Sem vítima";"200,000";"BR-116/SP";"Crescente";"Choque";1;0;0;0;0;0;0;0;0;0;1;0;0;0;0
"28/04/2024";"02:54:00";"70";"Com vítima";"47,000";"BR-116/SP";"Decrescente";"Acidentes de outra natureza";0;0;1;0;0;0;0;0;0;0;0;0;0;0;0
"28/04/2024";"05:23:00";"132";"Sem vítima";"275,000";"BR-116/SP";"Decrescente";"Colisão lateral em sentido contrário";1;0;1;0;0;0;0;0;0;0;3;0;0;0;0
"28/04/2024";"05:27:00";"134";"Sem vítima";"103,000";"BR-116/SP";"Decrescente";"Engavetamento";3;0;0;0;0;0;0;0;0;0;9;0;0;0;0
"28/04/2024";"05:33:00";"135";"Sem vítima";"105,000";"BR-116/SP";"Decrescente";"Acidentes de outra natureza";1;0;0;0;0;0;0;0;0;0;0;0;0;0;0
"28/04/2024";"05:38:00";"141";"Com vítima";"104,000";"BR-116/SP";"Decrescente";"Engavetamento";4;0;0;0;0;0;0;0;0;0;6;0;0;0;0
"28/04/2024";"06:26:00";"163";"Sem vítima";"104,000";"BR-116/SP";"Decrescente";"Colisão traseira";1;0;0;0;0;0;0;0;0;0;1;0;0;0;0
"28/04/2024";"06:28:00";"165";"Com vítima";"98,000";"BR-116/SP";"Crescente";"Colisão traseira";0;0;0;1;0;0;0;0;0;0;0;0;0;0;0
"28/04/2024";"07:31:00";"175";"Sem vítima";"271,000";"BR-116/SP";"Crescente";"Choque";1;0;0;0;0;0;0;0;0;0;0;0;0;0;0
"28/04/2024";"07:39:00";"193";"Com vítima";"104,000";"BR-116/SP";"Decrescente";"Engavetamento";2;0;1;0;0;0;0;0;0;0;6;0;0;0;0
"28/04/2024";"08:01:00";"204";"Com vítima";"239,000";"BR-116/SP";"Decrescente";"Queda de moto";0;0;0;1;0;0;0;0;0;0;0;0;0;0;0
"28/04/2024";"09:19:00";"219";"Com vítima";"398,000";"BR-101/SP";"Crescente";"Colisão lateral em sentido contrário";0;0;0;1;0;0;0;0;0;0;0;0;0;0;0
"28/04/2024";"10:57:00";"276";"Com vítima";"108,000";"BR-116/SP";"Crescente";"Engavetamento";4;0;0;0;0;0;0;0;0;0;5;0;0;0;0
"28/04/2024";"11:08:00";"282";"Sem vítima";"89,000";"BR-116/SP";"Crescente";"Acidentes de outra natureza";1;0;0;0;0;0;0;0;0;0;0;0;0;0;0
"28/04/2024";"02:00:00";"380";"Sem vítima";"86,000";"BR-116/SP";"Crescente";"Colisão traseira";2;0;0;0;0;0;0;0;0;0;0;0;0;0;0
"28/04/2024";"02:04:00";"382";"Sem vítima";"100,000";"BR-116/SP";"Crescente";"Engavetamento";1;0;0;0;0;0;0;0;0;0;0;0;0;0;0
"28/04/2024";"02:05:00";"383";"Com vítima";"22,000";"BR-116/SP";"Decrescente";"Queda de moto";0;0;0;1;0;0;0;0;0;0;0;0;0;0;0
"28/04/2024";"02:47:00";"404";"Sem vítima";"205,000";"BR-116/SP";"Crescente";"Colisão traseira";1;0;0;0;0;0;0;0;0;0;1;0;0;0;0
"28/04/2024";"03:04:00";"418";"Com vítima";"207,000";"BR-116/SP";"Crescente";"Colisão lateral em sentido contrário";1;0;0;1;0;0;0;0;0;0;2;0;0;0;0
"28/04/2024";"03:08:00";"420";"Sem vítima";"109,000";"BR-116/SP";"Crescente";"Engavetamento";2;0;0;0;0;0;0;0;0;0;0;0;0;0;0
"28/04/2024";"03:40:00";"433";"Sem vítima";"146,000";"BR-116/SP";"Decrescente";"Engavetamento";2;0;0;0;0;0;0;0;0;0;4;0;0;0;0
"28/04/2024";"03:54:00";"441";"Com vítima";"279,000";"BR-116/SP";"Decrescente";"Queda de moto";0;0;0;1;0;0;0;0;0;0;0;0;0;0;0
"28/04/2024";"05:07:00";"494";"Sem vítima";"72,000";"BR-116/SP";"Decrescente";"Colisão traseira";1;0;0;0;0;0;0;0;0;0;0;0;0;0;0
"28/04/2024";"08:01:00";"564";"Com vítima";"106,000";"BR-116/SP";"Crescente";"Queda de moto";0;0;0;1;0;0;0;0;0;0;0;0;0;0;0
"28/04/2024";"09:00:00";"207";"Com vítima";"107,000";"BR-116/SP";"Crescente";"Engavetamento";3;0;0;0;0;0;0;0;0;0;4;0;0;0;0
"28/04/2024";"11:34:00";"56";"Com vítima";"157,000";"BR-116/SP";"Decrescente";"Colisão traseira";1;0;0;0;0;0;0;0;0;1;3;0;0;0;0
"29/04/2024";"04:54:00";"197";"Sem vítima";"108,000";"BR-116/SP";"Crescente";"Engavetamento";3;0;0;0;0;0;0;0;0;0;4;0;0;0;0
"29/04/2024";"05:47:00";"241";"Sem vítima";"47,000";"BR-101/SP";"Crescente";"Colisão traseira";1;0;0;0;0;0;0;0;0;1;2;0;0;0;0
"29/04/2024";"06:02:00";"257";"Com vítima";"206,000";"BR-116/SP";"Decrescente";"Colisão traseira";1;0;0;0;0;0;0;0;0;0;1;0;0;0;0
"29/04/2024";"06:06:00";"259";"Com vítima";"43,000";"BR-116/SP";"Crescente";"Queda de moto";0;0;0;1;0;0;0;0;0;0;0;0;0;0;0
"29/04/2024";"08:24:00";"350";"Sem vítima";"102,000";"BR-116/SP";"Crescente";"Engavetamento";1;0;2;0;0;1;0;0;0;0;4;0;0;0;0
"29/04/2024";"08:58:00";"360";"Com vítima";"197,000";"BR-116/SP";"Crescente";"Colisão traseira";0;0;1;1;0;0;0;0;0;0;2;0;0;0;0
"29/04/2024";"09:07:00";"365";"Com vítima";"99,000";"BR-116/SP";"Decrescente";"Engavetamento";3;0;0;0;0;0;0;0;0;0;2;0;0;0;0
"29/04/2024";"10:09:00";"392";"Sem vítima";"223,000";"BR-116/SP";"Decrescente";"Colisão traseira";2;0;0;0;0;0;0;0;0;0;4;0;0;0;0
"29/04/2024";"03:35:00";"562";"Sem vítima";"323,000";"BR-116/SP";"Crescente";"Colisão lateral em sentido contrário";1;0;1;0;0;0;0;0;0;0;0;0;0;0;0
"29/04/2024";"04:54:00";"604";"Sem vítima";"150,000";"BR-116/SP";"Decrescente";"Capotamento";1;0;0;0;0;0;0;0;0;0;1;0;0;0;0
"29/04/2024";"05:31:00";"625";"Com vítima";"150,000";"BR-116/SP";"Decrescente";"Engavetamento";3;0;0;0;0;0;0;0;0;0;3;0;0;0;0
"29/04/2024";"08:26:00";"659";"Sem vítima";"156,000";"BR-116/SP";"Crescente";"Colisão lateral em sentido contrário";1;0;0;0;0;0;0;0;0;0;3;0;0;0;0
"30/04/2024";"01:00:00";"73";"Com vítima";"216,000";"BR-116/SP";"Decrescente";"Colisão traseira";0;0;1;0;0;1;0;0;0;0;0;0;0;0;0
"30/04/2024";"02:31:00";"98";"Sem vítima";"184,000";"BR-116/SP";"Decrescente";"Acidentes de outra natureza";0;0;1;0;0;0;0;0;0;0;0;0;0;0;0
"30/04/2024";"04:23:00";"156";"Sem vítima";"248,000";"BR-116/SP";"Decrescente";"Acidentes de outra natureza";0;0;1;0;0;0;0;0;0;0;0;0;0;0;0
"30/04/2024";"04:36:00";"165";"Com vítima";"144,000";"BR-116/SP";"Crescente";"Colisão traseira";1;0;1;0;0;0;0;0;0;0;6;0;0;0;0
"30/04/2024";"05:46:00";"232";"Sem vítima";"137,000";"BR-116/SP";"Decrescente";"Acidentes de outra natureza";1;0;0;0;0;0;0;0;0;0;0;0;0;0;0
"30/04/2024";"06:13:00";"255";"Com vítima";"226,000";"BR-116/SP";"Crescente";"Tombamento";0;0;2;0;0;0;0;0;0;0;1;0;0;0;0
"30/04/2024";"08:44:00";"332";"Com vítima";"99,000";"BR-116/SP";"Crescente";"Colisão lateral em sentido contrário";1;0;0;1;0;0;0;0;0;0;1;0;0;0;0
"30/04/2024";"11:55:00";"432";"Com vítima";"132,000";"BR-116/SP";"Decrescente";"Colisão traseira";1;0;0;0;0;0;0;0;0;1;2;0;0;0;0
"30/04/2024";"12:04:00";"439";"Sem vítima";"545,000";"BR-101/SP";"Crescente";"Colisão traseira";2;0;0;0;0;0;0;0;0;0;3;0;0;0;0
"30/04/2024";"04:41:00";"570";"Sem vítima";"107,000";"BR-116/SP";"Crescente";"Colisão traseira";1;0;0;0;0;0;0;0;0;1;8;0;0;0;0
"30/04/2024";"09:00:00";"144";"Sem vítima";"41,000";"BR-116/SP";"Decrescente";"Choque";0;0;0;0;0;0;0;0;0;1;1;0;0;0;0
"30/04/2024";"10:17:00";"40";"Com vítima";"256,000";"BR-116/SP";"Crescente";"Colisão traseira";0;0;2;0;0;0;0;0;0;0;0;0;0;0;0
"30/04/2024";"10:43:00";"44";"Com vítima";"408,000";"BR-101/SP";"Crescente";"Colisão lateral em sentido contrário";1;0;0;1;0;0;0;0;0;0;1;0;0;0;0
"30/04/2024";"11:05:00";"47";"Sem vítima";"256,000";"BR-116/SP";"Crescente";"Colisão traseira";0;0;2;0;0;0;0;0;0;0;0;0;0;0;0